# This file is brought to you by Roblox Corporation
# Generated by Roblox Studio

mtllib centerPathgs.mtl

g Cube0081

v -45.0322 -0.100472 -48.652 
v -40 -0.4 -50 
v -45.0322 -0.4 -48.652 
v -45.0322 -0.100472 -48.652 
v -40 -0.100472 -50 
v -40 -0.4 -50 
v -48.652 -0.10047 -45.0322 
v -45.0322 -0.4 -48.652 
v -48.652 -0.399998 -45.0322 
v -40.4245 0.394836 -40.2827 
v -40 -0.100472 -40 
v -40.2827 0.394836 -40.4245 
v -40.5 0.394836 -40 
v -40 -0.100472 -40 
v -40.4245 0.394836 -40.2827 
v -40.2827 0.394836 -40.4245 
v -40 -0.100472 -40 
v -40 0.394836 -40.5 
v -50 -0.100471 -40 
v -48.219 0.394838 -44.7822 
v -48.652 -0.10047 -45.0322 
v -44.7822 0.394837 -48.219 
v -40 -0.100472 -50 
v -45.0322 -0.100472 -48.652 
v -50 -0.100471 -40 
v -49.5 0.394838 -40 
v -48.219 0.394838 -44.7822 
v -44.7822 0.394837 -48.219 
v -40 0.394836 -49.5 
v -40 -0.100472 -50 
v -48.652 -0.10047 -45.0322 
v -44.7822 0.394837 -48.219 
v -45.0322 -0.100472 -48.652 
v -48.652 -0.10047 -45.0322 
v -48.219 0.394838 -44.7822 
v -44.7822 0.394837 -48.219 
v -44.501 0.394837 -47.7319 
v -44.7822 0.394837 -48.219 
v -48.219 0.394838 -44.7822 
v -40.4245 0.394836 -40.2827 
v -40.2827 0.394836 -40.4245 
v -40.5639 0.394836 -40.9117 
v -44.501 0.394837 -47.7319 
v -40 0.394836 -48.9375 
v -40 0.394836 -49.5 
v -48.219 0.394838 -44.7822 
v -49.5 0.394838 -40 
v -47.7319 0.394838 -44.501 
v -49.5 0.394838 -40 
v -48.9375 0.394838 -40 
v -47.7319 0.394838 -44.501 
v -44.501 0.394837 -47.7319 
v -40 0.394836 -49.5 
v -44.7822 0.394837 -48.219 
v -48.219 0.394838 -44.7822 
v -47.7319 0.394838 -44.501 
v -44.501 0.394837 -47.7319 
v -40.2827 0.394836 -40.4245 
v -40 0.394836 -40.5 
v -40 0.394836 -41.0625 
v -40 0.394836 -41.0625 
v -40.5639 0.394836 -40.9117 
v -40.2827 0.394836 -40.4245 
v -40.5639 0.394836 -40.9117 
v -40.9117 0.394836 -40.5639 
v -40.4245 0.394836 -40.2827 
v -40.9117 0.394836 -40.5639 
v -41.0625 0.394836 -40 
v -40.4245 0.394836 -40.2827 
v -41.0625 0.394836 -40 
v -40.5 0.394836 -40 
v -40.4245 0.394836 -40.2827 
v -50 -0.100471 -40 
v -48.652 -0.399998 -45.0322 
v -50 -0.399998 -40 
v -50 -0.100471 -40 
v -48.652 -0.10047 -45.0322 
v -48.652 -0.399998 -45.0322 
v -48.652 -0.10047 -45.0322 
v -45.0322 -0.100472 -48.652 
v -45.0322 -0.4 -48.652 

vn -0.259843 0 -0.968504 
vn -0.259843 0 -0.968504 
vn -0.259843 0 -0.968504 
vn -0.259843 0 -0.968504 
vn -0.259843 0 -0.968504 
vn -0.259843 0 -0.968504 
vn -0.708661 0 -0.708661 
vn -0.708661 0 -0.708661 
vn -0.708661 0 -0.708661 
vn 0.496063 0.708661 0.496063 
vn 0.496063 0.708661 0.496063 
vn 0.496063 0.708661 0.496063 
vn 0.692913 0.700787 0.181102 
vn 0.692913 0.700787 0.181102 
vn 0.692913 0.700787 0.181102 
vn 0.181102 0.700787 0.692913 
vn 0.181102 0.700787 0.692913 
vn 0.181102 0.700787 0.692913 
vn -0.692913 0.700787 -0.188976 
vn -0.692913 0.700787 -0.188976 
vn -0.692913 0.700787 -0.188976 
vn -0.188976 0.700787 -0.692913 
vn -0.188976 0.700787 -0.692913 
vn -0.188976 0.700787 -0.692913 
vn -0.692913 0.700787 -0.188976 
vn -0.692913 0.700787 -0.188976 
vn -0.692913 0.700787 -0.188976 
vn -0.188976 0.700787 -0.692913 
vn -0.188976 0.700787 -0.692913 
vn -0.188976 0.700787 -0.692913 
vn -0.503937 0.700787 -0.503937 
vn -0.503937 0.700787 -0.503937 
vn -0.503937 0.700787 -0.503937 
vn -0.503937 0.700787 -0.503937 
vn -0.503937 0.700787 -0.503937 
vn -0.503937 0.700787 -0.503937 
vn 0 1 0 
vn 0 1 0 
vn 0 1 0 
vn 0 1 0 
vn 0 1 0 
vn 0 1 0 
vn 0 1 0 
vn 0 1 0 
vn 0 1 0 
vn 0 1 0 
vn 0 1 0 
vn 0 1 0 
vn 0 1 0 
vn 0 1 0 
vn 0 1 0 
vn 0 1 0 
vn 0 1 0 
vn 0 1 0 
vn 0 1 0 
vn 0 1 0 
vn 0 1 0 
vn 0 1 0 
vn 0 1 0 
vn 0 1 0 
vn 0 1 0 
vn 0 1 0 
vn 0 1 0 
vn 0 1 0 
vn 0 1 0 
vn 0 1 0 
vn 0 1 0 
vn 0 1 0 
vn 0 1 0 
vn 0 1 0 
vn 0 1 0 
vn 0 1 0 
vn -0.968504 0 -0.259843 
vn -0.968504 0 -0.259843 
vn -0.968504 0 -0.259843 
vn -0.968504 0 -0.259843 
vn -0.968504 0 -0.259843 
vn -0.968504 0 -0.259843 
vn -0.708661 0 -0.708661 
vn -0.708661 0 -0.708661 
vn -0.708661 0 -0.708661 

vt 62.004 -19.0122 
vt 61.375 -19.0497 
vt 62.004 -19.0497 
vt 62.004 -19.0122 
vt 61.375 -19.0122 
vt 61.375 -19.0497 
vt 62.4565 -19.0122 
vt 62.004 -19.0497 
vt 62.4565 -19.0497 
vt 62.5897 -18.4281 
vt 62.625 -18.375 
vt 62.5719 -18.4103 
vt 62.625 -18.4375 
vt 62.625 -18.375 
vt 62.5897 -18.4281 
vt 62.5719 -18.4103 
vt 62.625 -18.375 
vt 62.5625 -18.375 
vt 62.625 -19.625 
vt 62.0272 -19.4024 
vt 61.996 -19.4565 
vt 61.5976 -18.9728 
vt 61.375 -18.375 
vt 61.5435 -19.004 
vt 62.625 -19.625 
vt 62.625 -19.5625 
vt 62.0272 -19.4024 
vt 61.5976 -18.9728 
vt 61.4375 -18.375 
vt 61.375 -18.375 
vt 61.996 -19.4565 
vt 61.5976 -18.9728 
vt 61.5435 -19.004 
vt 61.996 -19.4565 
vt 62.0272 -19.4024 
vt 61.5976 -18.9728 
vt 61.6585 -18.9376 
vt 61.5976 -18.9728 
vt 62.0272 -19.4024 
vt 62.5897 -18.4281 
vt 62.5719 -18.4103 
vt 62.511 -18.4455 
vt 61.6585 -18.9376 
vt 61.5078 -18.375 
vt 61.4375 -18.375 
vt 62.0272 -19.4024 
vt 62.625 -19.5625 
vt 62.0624 -19.3415 
vt 62.625 -19.5625 
vt 62.625 -19.4922 
vt 62.0624 -19.3415 
vt 61.6585 -18.9376 
vt 61.4375 -18.375 
vt 61.5976 -18.9728 
vt 62.0272 -19.4024 
vt 62.0624 -19.3415 
vt 61.6585 -18.9376 
vt 62.5719 -18.4103 
vt 62.5625 -18.375 
vt 62.4922 -18.375 
vt 62.4922 -18.375 
vt 62.511 -18.4455 
vt 62.5719 -18.4103 
vt 62.511 -18.4455 
vt 62.5545 -18.489 
vt 62.5897 -18.4281 
vt 62.5545 -18.489 
vt 62.625 -18.5078 
vt 62.5897 -18.4281 
vt 62.625 -18.5078 
vt 62.625 -18.4375 
vt 62.5897 -18.4281 
vt 62.625 -19.0122 
vt 61.996 -19.0497 
vt 62.625 -19.0497 
vt 62.625 -19.0122 
vt 61.996 -19.0122 
vt 61.996 -19.0497 
vt 61.996 -19.0122 
vt 61.5435 -19.0122 
vt 61.5435 -19.0497 

usemtl Cube0081Mtl

f 1/1/1 2/2/2 3/3/3 
f 4/4/4 5/5/5 6/6/6 
f 7/7/7 8/8/8 9/9/9 
f 10/10/10 11/11/11 12/12/12 
f 13/13/13 14/14/14 15/15/15 
f 16/16/16 17/17/17 18/18/18 
f 19/19/19 20/20/20 21/21/21 
f 22/22/22 23/23/23 24/24/24 
f 25/25/25 26/26/26 27/27/27 
f 28/28/28 29/29/29 30/30/30 
f 31/31/31 32/32/32 33/33/33 
f 34/34/34 35/35/35 36/36/36 
f 37/37/37 38/38/38 39/39/39 
f 40/40/40 41/41/41 42/42/42 
f 43/43/43 44/44/44 45/45/45 
f 46/46/46 47/47/47 48/48/48 
f 49/49/49 50/50/50 51/51/51 
f 52/52/52 53/53/53 54/54/54 
f 55/55/55 56/56/56 57/57/57 
f 58/58/58 59/59/59 60/60/60 
f 61/61/61 62/62/62 63/63/63 
f 64/64/64 65/65/65 66/66/66 
f 67/67/67 68/68/68 69/69/69 
f 70/70/70 71/71/71 72/72/72 
f 73/73/73 74/74/74 75/75/75 
f 76/76/76 77/77/77 78/78/78 
f 79/79/79 80/80/80 81/81/81 

g Cube0061

v -47.2447 0.395837 -44.2197 
v -48.375 0.395649 -40 
v -41.3988 0.394212 -40.8451 
v -48.375 0.395649 -40 
v -41.625 0.394212 -40 
v -41.3988 0.394212 -40.8451 
v -41.3988 0.394212 -40.8451 
v -40.8451 0.393837 -41.3988 
v -44.2197 0.394275 -47.2447 
v -44.2197 0.394275 -47.2447 
v -47.2447 0.395837 -44.2197 
v -41.3988 0.394212 -40.8451 
v -40 0.3939 -48.375 
v -44.2197 0.394275 -47.2447 
v -40.8451 0.393837 -41.3988 
v -40.8451 0.393837 -41.3988 
v -40 0.3939 -41.625 
v -40 0.3939 -48.375 

vn 0 1 0 
vn 0 1 0 
vn 0 1 0 
vn 0 1 0 
vn 0 1 0 
vn 0 1 0 
vn 0 1 0 
vn 0 1 0 
vn 0 1 0 
vn 0 1 0 
vn 0 1 0 
vn 0 1 0 
vn 0 1 0 
vn 0 1 0 
vn 0 1 0 
vn 0 1 0 
vn 0 1 0 
vn 0 1 0 

vt 27.996 -51.3821 
vt 28.5234 -51.5234 
vt 28.4178 -50.6514 
vt 28.5234 -51.5234 
vt 28.5234 -50.6797 
vt 28.4178 -50.6514 
vt 28.4178 -50.6514 
vt 28.3486 -50.5822 
vt 27.6178 -51.004 
vt 27.6178 -51.004 
vt 27.996 -51.3821 
vt 28.4178 -50.6514 
vt 27.4766 -50.4766 
vt 27.6178 -51.004 
vt 28.3486 -50.5822 
vt 28.3486 -50.5822 
vt 28.3203 -50.4766 
vt 27.4766 -50.4766 

usemtl Cube0081Mtl

f 82/82/82 83/83/83 84/84/84 
f 85/85/85 86/86/86 87/87/87 
f 88/88/88 89/89/89 90/90/90 
f 91/91/91 92/92/92 93/93/93 
f 94/94/94 95/95/95 96/96/96 
f 97/97/97 98/98/98 99/99/99 

g Cube0011

v -48.6563 0.330427 -40 
v -47.2447 0.394836 -44.2197 
v -47.4883 0.330427 -44.3604 
v -44.2198 0.394835 -47.2447 
v -40 0.330426 -48.6563 
v -44.3604 0.330426 -47.4883 
v -48.6563 0.330427 -40 
v -48.375 0.394836 -40 
v -47.2447 0.394836 -44.2197 
v -44.2198 0.394835 -47.2447 
v -40 0.394835 -48.375 
v -40 0.330426 -48.6563 
v -47.2447 0.394836 -44.2197 
v -44.3604 0.330426 -47.4883 
v -47.4883 0.330427 -44.3604 
v -47.2447 0.394836 -44.2197 
v -44.2198 0.394835 -47.2447 
v -44.3604 0.330426 -47.4883 
v -41.1553 0.330426 -40.7045 
v -40.8451 0.394835 -41.3988 
v -41.3988 0.394835 -40.8451 
v -41.1553 0.330426 -40.7045 
v -40.7045 0.330426 -41.1553 
v -40.8451 0.394835 -41.3988 
v -41.625 0.394835 -40 
v -41.1553 0.330426 -40.7045 
v -41.3988 0.394835 -40.8451 
v -40.7045 0.330426 -41.1553 
v -40 0.394835 -41.625 
v -40.8451 0.394835 -41.3988 
v -41.625 0.394835 -40 
v -41.3438 0.330426 -40 
v -41.1553 0.330426 -40.7045 
v -40.7045 0.330426 -41.1553 
v -40 0.330426 -41.3438 
v -40 0.394835 -41.625 
v -41.3438 0.330426 -40 
v -40.9117 0.394835 -40.5639 
v -41.1553 0.330426 -40.7045 
v -40.5639 0.394835 -40.9117 
v -40 0.330426 -41.3438 
v -40.7045 0.330426 -41.1553 
v -41.3438 0.330426 -40 
v -41.0625 0.394835 -40 
v -40.9117 0.394835 -40.5639 
v -40.5639 0.394835 -40.9117 
v -40 0.394835 -41.0625 
v -40 0.330426 -41.3438 
v -41.1553 0.330426 -40.7045 
v -40.5639 0.394835 -40.9117 
v -40.7045 0.330426 -41.1553 
v -41.1553 0.330426 -40.7045 
v -40.9117 0.394835 -40.5639 
v -40.5639 0.394835 -40.9117 
v -47.7319 0.394837 -44.501 
v -44.3604 0.330426 -47.4883 
v -44.501 0.394835 -47.7319 
v -47.7319 0.394837 -44.501 
v -47.4883 0.330427 -44.3604 
v -44.3604 0.330426 -47.4883 
v -48.9375 0.394836 -40 
v -47.4883 0.330427 -44.3604 
v -47.7319 0.394837 -44.501 
v -44.3604 0.330426 -47.4883 
v -40 0.394835 -48.9375 
v -44.501 0.394835 -47.7319 
v -48.9375 0.394836 -40 
v -48.6563 0.330427 -40 
v -47.4883 0.330427 -44.3604 
v -44.3604 0.330426 -47.4883 
v -40 0.330426 -48.6563 
v -40 0.394835 -48.9375 

vn -0.220472 0.976378 -0.0629921 
vn -0.220472 0.976378 -0.0629921 
vn -0.220472 0.976378 -0.0629921 
vn -0.0629921 0.976378 -0.220472 
vn -0.0629921 0.976378 -0.220472 
vn -0.0629921 0.976378 -0.220472 
vn -0.220472 0.976378 -0.0629921 
vn -0.220472 0.976378 -0.0629921 
vn -0.220472 0.976378 -0.0629921 
vn -0.0629921 0.976378 -0.220472 
vn -0.0629921 0.976378 -0.220472 
vn -0.0629921 0.976378 -0.220472 
vn -0.165354 0.976378 -0.165354 
vn -0.165354 0.976378 -0.165354 
vn -0.165354 0.976378 -0.165354 
vn -0.165354 0.976378 -0.165354 
vn -0.165354 0.976378 -0.165354 
vn -0.165354 0.976378 -0.165354 
vn 0.165354 0.976378 0.165354 
vn 0.165354 0.976378 0.165354 
vn 0.165354 0.976378 0.165354 
vn 0.165354 0.976378 0.165354 
vn 0.165354 0.976378 0.165354 
vn 0.165354 0.976378 0.165354 
vn 0.220472 0.976378 0.0629921 
vn 0.220472 0.976378 0.0629921 
vn 0.220472 0.976378 0.0629921 
vn 0.0629921 0.976378 0.220472 
vn 0.0629921 0.976378 0.220472 
vn 0.0629921 0.976378 0.220472 
vn 0.220472 0.976378 0.0629921 
vn 0.220472 0.976378 0.0629921 
vn 0.220472 0.976378 0.0629921 
vn 0.0629921 0.976378 0.220472 
vn 0.0629921 0.976378 0.220472 
vn 0.0629921 0.976378 0.220472 
vn -0.220472 0.976378 -0.0629921 
vn -0.220472 0.976378 -0.0629921 
vn -0.220472 0.976378 -0.0629921 
vn -0.0629921 0.976378 -0.220472 
vn -0.0629921 0.976378 -0.220472 
vn -0.0629921 0.976378 -0.220472 
vn -0.220472 0.976378 -0.0629921 
vn -0.220472 0.976378 -0.0629921 
vn -0.220472 0.976378 -0.0629921 
vn -0.0629921 0.976378 -0.220472 
vn -0.0629921 0.976378 -0.220472 
vn -0.0629921 0.976378 -0.220472 
vn -0.165354 0.976378 -0.165354 
vn -0.165354 0.976378 -0.165354 
vn -0.165354 0.976378 -0.165354 
vn -0.165354 0.976378 -0.165354 
vn -0.165354 0.976378 -0.165354 
vn -0.165354 0.976378 -0.165354 
vn 0.165354 0.976378 0.165354 
vn 0.165354 0.976378 0.165354 
vn 0.165354 0.976378 0.165354 
vn 0.165354 0.976378 0.165354 
vn 0.165354 0.976378 0.165354 
vn 0.165354 0.976378 0.165354 
vn 0.220472 0.976378 0.0629921 
vn 0.220472 0.976378 0.0629921 
vn 0.220472 0.976378 0.0629921 
vn 0.0629921 0.976378 0.220472 
vn 0.0629921 0.976378 0.220472 
vn 0.0629921 0.976378 0.220472 
vn 0.220472 0.976378 0.0629921 
vn 0.220472 0.976378 0.0629921 
vn 0.220472 0.976378 0.0629921 
vn 0.0629921 0.976378 0.220472 
vn 0.0629921 0.976378 0.220472 
vn 0.0629921 0.976378 0.220472 

vt 10.5586 -29.5234 
vt 10.0311 -29.347 
vt 10.0135 -29.3774 
vt 9.65301 -28.9689 
vt 9.47656 -28.4414 
vt 9.62256 -28.9865 
vt 10.5586 -29.5234 
vt 10.5586 -29.4883 
vt 10.0311 -29.347 
vt 9.65301 -28.9689 
vt 9.51172 -28.4414 
vt 9.47656 -28.4414 
vt 10.0311 -29.347 
vt 9.62256 -28.9865 
vt 10.0135 -29.3774 
vt 10.0311 -29.347 
vt 9.65301 -28.9689 
vt 9.62256 -28.9865 
vt 10.4705 -28.5858 
vt 10.3837 -28.547 
vt 10.453 -28.6163 
vt 10.4705 -28.5858 
vt 10.4142 -28.5295 
vt 10.3837 -28.547 
vt 10.5586 -28.6445 
vt 10.4705 -28.5858 
vt 10.453 -28.6163 
vt 10.4142 -28.5295 
vt 10.3555 -28.4414 
vt 10.3837 -28.547 
vt 10.5586 -28.6445 
vt 10.5586 -28.6094 
vt 10.4705 -28.5858 
vt 10.4142 -28.5295 
vt 10.3906 -28.4414 
vt 10.3555 -28.4414 
vt 10.5586 -28.6094 
vt 10.4881 -28.5554 
vt 10.4705 -28.5858 
vt 10.4446 -28.5119 
vt 10.3906 -28.4414 
vt 10.4142 -28.5295 
vt 10.5586 -28.6094 
vt 10.5586 -28.5742 
vt 10.4881 -28.5554 
vt 10.4446 -28.5119 
vt 10.4258 -28.4414 
vt 10.3906 -28.4414 
vt 10.4705 -28.5858 
vt 10.4446 -28.5119 
vt 10.4142 -28.5295 
vt 10.4705 -28.5858 
vt 10.4881 -28.5554 
vt 10.4446 -28.5119 
vt 9.99597 -29.4079 
vt 9.62256 -28.9865 
vt 9.59211 -29.004 
vt 9.99597 -29.4079 
vt 10.0135 -29.3774 
vt 9.62256 -28.9865 
vt 10.5586 -29.5586 
vt 10.0135 -29.3774 
vt 9.99597 -29.4079 
vt 9.62256 -28.9865 
vt 9.44141 -28.4414 
vt 9.59211 -29.004 
vt 10.5586 -29.5586 
vt 10.5586 -29.5234 
vt 10.0135 -29.3774 
vt 9.62256 -28.9865 
vt 9.47656 -28.4414 
vt 9.44141 -28.4414 

usemtl Cube0081Mtl

f 100/100/100 101/101/101 102/102/102 
f 103/103/103 104/104/104 105/105/105 
f 106/106/106 107/107/107 108/108/108 
f 109/109/109 110/110/110 111/111/111 
f 112/112/112 113/113/113 114/114/114 
f 115/115/115 116/116/116 117/117/117 
f 118/118/118 119/119/119 120/120/120 
f 121/121/121 122/122/122 123/123/123 
f 124/124/124 125/125/125 126/126/126 
f 127/127/127 128/128/128 129/129/129 
f 130/130/130 131/131/131 132/132/132 
f 133/133/133 134/134/134 135/135/135 
f 136/136/136 137/137/137 138/138/138 
f 139/139/139 140/140/140 141/141/141 
f 142/142/142 143/143/143 144/144/144 
f 145/145/145 146/146/146 147/147/147 
f 148/148/148 149/149/149 150/150/150 
f 151/151/151 152/152/152 153/153/153 
f 154/154/154 155/155/155 156/156/156 
f 157/157/157 158/158/158 159/159/159 
f 160/160/160 161/161/161 162/162/162 
f 163/163/163 164/164/164 165/165/165 
f 166/166/166 167/167/167 168/168/168 
f 169/169/169 170/170/170 171/171/171 

g Cube0141

v -40 0.395839 -41.625 
v -5 0.393839 -48.375 
v -40 0.395839 -48.375 
v -5 0.393839 -41.625 

vn 0 1 0 
vn 0 1 0 
vn 0 1 0 
vn 0 1 0 

vt 7.8125 -15.4219 
vt 12.1875 -14.5781 
vt 7.8125 -14.5781 
vt 12.1875 -15.4219 

usemtl Cube0081Mtl

f 172/172/172 173/173/173 174/174/174 
f 172/172/172 175/175/175 173/173/173 

g Cube0121

v -40 -0.100471 -50 
v -5 0.394836 -49.5 
v -5 -0.100472 -50 
v -40 0.394838 -49.5 
v -5 0.394836 -40.5 
v -40 -0.100471 -40 
v -5 -0.100472 -40 
v -40 0.394838 -40.5 
v -5 0.394836 -49.5 
v -40 0.394838 -48.9375 
v -5 0.394836 -48.9375 
v -40 0.394838 -49.5 
v -40 0.394838 -41.0625 
v -5 0.394836 -40.5 
v -5 0.394836 -41.0625 
v -40 0.394838 -40.5 
v -40 -0.399998 -50 
v -5 -0.100472 -50 
v -5 -0.4 -50 
v -40 -0.100471 -50 
v -5 -0.100472 -40 
v -40 -0.399998 -40 
v -5 -0.4 -40 
v -40 -0.100471 -40 

vn 0 0.708661 -0.700787 
vn 0 0.708661 -0.700787 
vn 0 0.708661 -0.700787 
vn 0 0.708661 -0.700787 
vn 0 0.708661 0.700787 
vn 0 0.708661 0.700787 
vn 0 0.708661 0.700787 
vn 0 0.708661 0.700787 
vn 0 1 0 
vn 0 1 0 
vn 0 1 0 
vn 0 1 0 
vn 0 1 0 
vn 0 1 0 
vn 0 1 0 
vn 0 1 0 
vn 0 0 -1 
vn 0 0 -1 
vn 0 0 -1 
vn 0 0 -1 
vn 0 0 1 
vn 0 0 1 
vn 0 0 1 
vn 0 0 1 

vt 39.8125 -42.375 
vt 44.1875 -42.4375 
vt 44.1875 -42.375 
vt 39.8125 -42.4375 
vt 44.1875 -43.5625 
vt 39.8125 -43.625 
vt 44.1875 -43.625 
vt 39.8125 -43.5625 
vt 44.1875 -42.4375 
vt 39.8125 -42.5078 
vt 44.1875 -42.5078 
vt 39.8125 -42.4375 
vt 39.8125 -43.4922 
vt 44.1875 -43.5625 
vt 44.1875 -43.4922 
vt 39.8125 -43.5625 
vt 44.1875 -43.0497 
vt 39.8125 -43.0122 
vt 39.8125 -43.0497 
vt 44.1875 -43.0122 
vt 44.1875 -43.0122 
vt 39.8125 -43.0497 
vt 44.1875 -43.0497 
vt 39.8125 -43.0122 

usemtl Cube0081Mtl

f 176/176/176 177/177/177 178/178/178 
f 176/176/176 179/179/179 177/177/177 
f 180/180/180 181/181/181 182/182/182 
f 180/180/180 183/183/183 181/181/181 
f 184/184/184 185/185/185 186/186/186 
f 184/184/184 187/187/187 185/185/185 
f 188/188/188 189/189/189 190/190/190 
f 188/188/188 191/191/191 189/189/189 
f 192/192/192 193/193/193 194/194/194 
f 192/192/192 195/195/195 193/193/193 
f 196/196/196 197/197/197 198/198/198 
f 196/196/196 199/199/199 197/197/197 

g Cube0111

v -5 0.330427 -48.6562 
v -40 0.394838 -48.375 
v -5 0.394837 -48.375 
v -40 0.394838 -41.625 
v -5 0.330427 -41.3438 
v -5 0.394837 -41.625 
v -5 0.330427 -48.6562 
v -40 0.330429 -48.6562 
v -40 0.394838 -48.375 
v -40 0.394838 -41.625 
v -40 0.330429 -41.3438 
v -5 0.330427 -41.3438 
v -5 0.394837 -48.9375 
v -40 0.330429 -48.6562 
v -5 0.330427 -48.6562 
v -40 0.394838 -48.9375 
v -40 0.330429 -41.3438 
v -5 0.394837 -41.0625 
v -5 0.330427 -41.3438 
v -40 0.394838 -41.0625 

vn 0 0.976378 -0.220472 
vn 0 0.976378 -0.220472 
vn 0 0.976378 -0.220472 
vn 0 0.976378 0.220472 
vn 0 0.976378 0.220472 
vn 0 0.976378 0.220472 
vn 0 0.976378 -0.220472 
vn 0 0.976378 -0.220472 
vn 0 0.976378 -0.220472 
vn 0 0.976378 0.220472 
vn 0 0.976378 0.220472 
vn 0 0.976378 0.220472 
vn 0 0.976378 0.220472 
vn 0 0.976378 0.220472 
vn 0 0.976378 0.220472 
vn 0 0.976378 0.220472 
vn 0 0.976378 -0.220472 
vn 0 0.976378 -0.220472 
vn 0 0.976378 -0.220472 
vn 0 0.976378 -0.220472 

vt 50.1875 -20.543 
vt 45.8125 -20.5781 
vt 50.1875 -20.5781 
vt 45.8125 -21.4219 
vt 50.1875 -21.457 
vt 50.1875 -21.4219 
vt 50.1875 -20.543 
vt 45.8125 -20.543 
vt 45.8125 -20.5781 
vt 45.8125 -21.4219 
vt 45.8125 -21.457 
vt 50.1875 -21.457 
vt 50.1875 -20.5078 
vt 45.8125 -20.543 
vt 50.1875 -20.543 
vt 45.8125 -20.5078 
vt 45.8125 -21.457 
vt 50.1875 -21.4922 
vt 50.1875 -21.457 
vt 45.8125 -21.4922 

usemtl Cube0081Mtl

f 200/200/200 201/201/201 202/202/202 
f 203/203/203 204/204/204 205/205/205 
f 206/206/206 207/207/207 208/208/208 
f 209/209/209 210/210/210 211/211/211 
f 212/212/212 213/213/213 214/214/214 
f 212/212/212 215/215/215 213/213/213 
f 216/216/216 217/217/217 218/218/218 
f 216/216/216 219/219/219 217/217/217 

g Cube0142

v -48.375 0.395839 -40 
v -41.625 0.393839 -5 
v -41.625 0.395839 -40 
v -48.375 0.393839 -5 

vn 0 1 0 
vn 0 1 0 
vn 0 1 0 
vn 0 1 0 

vt 27.8125 -37.4219 
vt 32.1875 -36.5781 
vt 27.8125 -36.5781 
vt 32.1875 -37.4219 

usemtl Cube0081Mtl

f 220/220/220 221/221/221 222/222/222 
f 220/220/220 223/223/223 221/221/221 

g Cube0122

v -40 -0.100471 -40 
v -40.5 0.394836 -5 
v -40 -0.100472 -5 
v -40.5 0.394838 -40 
v -49.5 0.394836 -5 
v -50 -0.100471 -40 
v -50 -0.100472 -5 
v -49.5 0.394838 -40 
v -40.5 0.394836 -5 
v -41.0625 0.394838 -40 
v -41.0625 0.394836 -5 
v -40.5 0.394838 -40 
v -48.9375 0.394838 -40 
v -49.5 0.394836 -5 
v -48.9375 0.394836 -5 
v -49.5 0.394838 -40 
v -40 -0.399998 -40 
v -40 -0.100472 -5 
v -40 -0.4 -5 
v -40 -0.100471 -40 
v -50 -0.100472 -5 
v -50 -0.399998 -40 
v -50 -0.4 -5 
v -50 -0.100471 -40 

vn 0.700787 0.708661 0 
vn 0.700787 0.708661 0 
vn 0.700787 0.708661 0 
vn 0.700787 0.708661 0 
vn -0.700787 0.708661 0 
vn -0.700787 0.708661 0 
vn -0.700787 0.708661 0 
vn -0.700787 0.708661 0 
vn 0 1 0 
vn 0 1 0 
vn 0 1 0 
vn 0 1 0 
vn 0 1 0 
vn 0 1 0 
vn 0 1 0 
vn 0 1 0 
vn 1 0 0 
vn 1 0 0 
vn 1 0 0 
vn 1 0 0 
vn -1 0 0 
vn -1 0 0 
vn -1 0 0 
vn -1 0 0 

vt 55.8125 -34.375 
vt 60.1875 -34.4375 
vt 60.1875 -34.375 
vt 55.8125 -34.4375 
vt 60.1875 -35.5625 
vt 55.8125 -35.625 
vt 60.1875 -35.625 
vt 55.8125 -35.5625 
vt 60.1875 -34.4375 
vt 55.8125 -34.5078 
vt 60.1875 -34.5078 
vt 55.8125 -34.4375 
vt 55.8125 -35.4922 
vt 60.1875 -35.5625 
vt 60.1875 -35.4922 
vt 55.8125 -35.5625 
vt 60.1875 -35.0497 
vt 55.8125 -35.0122 
vt 55.8125 -35.0497 
vt 60.1875 -35.0122 
vt 60.1875 -35.0122 
vt 55.8125 -35.0497 
vt 60.1875 -35.0497 
vt 55.8125 -35.0122 

usemtl Cube0081Mtl

f 224/224/224 225/225/225 226/226/226 
f 224/224/224 227/227/227 225/225/225 
f 228/228/228 229/229/229 230/230/230 
f 228/228/228 231/231/231 229/229/229 
f 232/232/232 233/233/233 234/234/234 
f 232/232/232 235/235/235 233/233/233 
f 236/236/236 237/237/237 238/238/238 
f 236/236/236 239/239/239 237/237/237 
f 240/240/240 241/241/241 242/242/242 
f 240/240/240 243/243/243 241/241/241 
f 244/244/244 245/245/245 246/246/246 
f 244/244/244 247/247/247 245/245/245 

g Cube0112

v -41.3438 0.330428 -5 
v -41.625 0.394839 -40 
v -41.625 0.394837 -5 
v -48.375 0.394839 -40 
v -48.6562 0.330428 -5 
v -48.375 0.394837 -5 
v -41.3438 0.330428 -5 
v -41.3438 0.330429 -40 
v -41.625 0.394839 -40 
v -48.375 0.394839 -40 
v -48.6562 0.330429 -40 
v -48.6562 0.330428 -5 
v -41.0625 0.394837 -5 
v -41.3438 0.330429 -40 
v -41.3438 0.330428 -5 
v -41.0625 0.394839 -40 
v -48.6562 0.330429 -40 
v -48.9375 0.394837 -5 
v -48.6562 0.330428 -5 
v -48.9375 0.394839 -40 

vn 0.220472 0.976378 0 
vn 0.220472 0.976378 0 
vn 0.220472 0.976378 0 
vn -0.220472 0.976378 0 
vn -0.220472 0.976378 0 
vn -0.220472 0.976378 0 
vn 0.220472 0.976378 0 
vn 0.220472 0.976378 0 
vn 0.220472 0.976378 0 
vn -0.220472 0.976378 0 
vn -0.220472 0.976378 0 
vn -0.220472 0.976378 0 
vn -0.220472 0.976378 0 
vn -0.220472 0.976378 0 
vn -0.220472 0.976378 0 
vn -0.220472 0.976378 0 
vn 0.220472 0.976378 0 
vn 0.220472 0.976378 0 
vn 0.220472 0.976378 0 
vn 0.220472 0.976378 0 

vt 30.1875 -20.543 
vt 25.8125 -20.5781 
vt 30.1875 -20.5781 
vt 25.8125 -21.4219 
vt 30.1875 -21.457 
vt 30.1875 -21.4219 
vt 30.1875 -20.543 
vt 25.8125 -20.543 
vt 25.8125 -20.5781 
vt 25.8125 -21.4219 
vt 25.8125 -21.457 
vt 30.1875 -21.457 
vt 30.1875 -20.5078 
vt 25.8125 -20.543 
vt 30.1875 -20.543 
vt 25.8125 -20.5078 
vt 25.8125 -21.457 
vt 30.1875 -21.4922 
vt 30.1875 -21.457 
vt 25.8125 -21.4922 

usemtl Cube0081Mtl

f 248/248/248 249/249/249 250/250/250 
f 251/251/251 252/252/252 253/253/253 
f 254/254/254 255/255/255 256/256/256 
f 257/257/257 258/258/258 259/259/259 
f 260/260/260 261/261/261 262/262/262 
f 260/260/260 263/263/263 261/261/261 
f 264/264/264 265/265/265 266/266/266 
f 264/264/264 267/267/267 265/265/265 

g Cube0143

v 3.375 0.395839 -20 
v -3.375 0.393839 -40 
v -3.375 0.395839 -20 
v 3.375 0.393839 -40 

vn 0 1 0 
vn 0 1 0 
vn 0 1 0 
vn 0 1 0 

vt 6.75 -33.4219 
vt 9.25 -32.5781 
vt 6.75 -32.5781 
vt 9.25 -33.4219 

usemtl Cube0081Mtl

f 268/268/268 269/269/269 270/270/270 
f 268/268/268 271/271/271 269/269/269 

g Cube0123

v -5 -0.100471 -20 
v -4.5 0.394836 -40 
v -5 -0.100472 -40 
v -4.5 0.394838 -20 
v 4.5 0.394836 -40 
v 5 -0.100471 -20 
v 5 -0.100472 -40 
v 4.5 0.394838 -20 
v -4.5 0.394836 -40 
v -3.9375 0.394838 -20 
v -3.9375 0.394836 -40 
v -4.5 0.394838 -20 
v 3.9375 0.394838 -20 
v 4.5 0.394836 -40 
v 3.9375 0.394836 -40 
v 4.5 0.394838 -20 
v -5 -0.399998 -20 
v -5 -0.100472 -40 
v -5 -0.4 -40 
v -5 -0.100471 -20 
v 5 -0.100472 -40 
v 5 -0.399998 -20 
v 5 -0.4 -40 
v 5 -0.100471 -20 

vn -0.700787 0.708661 0 
vn -0.700787 0.708661 0 
vn -0.700787 0.708661 0 
vn -0.700787 0.708661 0 
vn 0.700787 0.708661 0 
vn 0.700787 0.708661 0 
vn 0.700787 0.708661 0 
vn 0.700787 0.708661 0 
vn 0 1 0 
vn 0 1 0 
vn 0 1 0 
vn 0 1 0 
vn 0 1 0 
vn 0 1 0 
vn 0 1 0 
vn 0 1 0 
vn -1 0 0 
vn -1 0 0 
vn -1 0 0 
vn -1 0 0 
vn 1 0 0 
vn 1 0 0 
vn 1 0 0 
vn 1 0 0 

vt 54.75 -32.375 
vt 57.25 -32.4375 
vt 57.25 -32.375 
vt 54.75 -32.4375 
vt 57.25 -33.5625 
vt 54.75 -33.625 
vt 57.25 -33.625 
vt 54.75 -33.5625 
vt 57.25 -32.4375 
vt 54.75 -32.5078 
vt 57.25 -32.5078 
vt 54.75 -32.4375 
vt 54.75 -33.4922 
vt 57.25 -33.5625 
vt 57.25 -33.4922 
vt 54.75 -33.5625 
vt 57.25 -33.0497 
vt 54.75 -33.0122 
vt 54.75 -33.0497 
vt 57.25 -33.0122 
vt 57.25 -33.0122 
vt 54.75 -33.0497 
vt 57.25 -33.0497 
vt 54.75 -33.0122 

usemtl Cube0081Mtl

f 272/272/272 273/273/273 274/274/274 
f 272/272/272 275/275/275 273/273/273 
f 276/276/276 277/277/277 278/278/278 
f 276/276/276 279/279/279 277/277/277 
f 280/280/280 281/281/281 282/282/282 
f 280/280/280 283/283/283 281/281/281 
f 284/284/284 285/285/285 286/286/286 
f 284/284/284 287/287/287 285/285/285 
f 288/288/288 289/289/289 290/290/290 
f 288/288/288 291/291/291 289/289/289 
f 292/292/292 293/293/293 294/294/294 
f 292/292/292 295/295/295 293/293/293 

g Cube0113

v -3.65625 0.330427 -40 
v -3.375 0.394838 -20 
v -3.375 0.394837 -40 
v 3.375 0.394838 -20 
v 3.65625 0.330427 -40 
v 3.375 0.394837 -40 
v -3.65625 0.330427 -40 
v -3.65625 0.330429 -20 
v -3.375 0.394838 -20 
v 3.375 0.394838 -20 
v 3.65625 0.330429 -20 
v 3.65625 0.330427 -40 
v -3.9375 0.394837 -40 
v -3.65625 0.330429 -20 
v -3.65625 0.330427 -40 
v -3.9375 0.394838 -20 
v 3.65625 0.330429 -20 
v 3.9375 0.394837 -40 
v 3.65625 0.330427 -40 
v 3.9375 0.394838 -20 

vn -0.220472 0.976378 0 
vn -0.220472 0.976378 0 
vn -0.220472 0.976378 0 
vn 0.220472 0.976378 0 
vn 0.220472 0.976378 0 
vn 0.220472 0.976378 0 
vn -0.220472 0.976378 0 
vn -0.220472 0.976378 0 
vn -0.220472 0.976378 0 
vn 0.220472 0.976378 0 
vn 0.220472 0.976378 0 
vn 0.220472 0.976378 0 
vn 0.220472 0.976378 0 
vn 0.220472 0.976378 0 
vn 0.220472 0.976378 0 
vn 0.220472 0.976378 0 
vn -0.220472 0.976378 0 
vn -0.220472 0.976378 0 
vn -0.220472 0.976378 0 
vn -0.220472 0.976378 0 

vt 39.25 -2.54297 
vt 36.75 -2.57812 
vt 39.25 -2.57812 
vt 36.75 -3.42188 
vt 39.25 -3.45703 
vt 39.25 -3.42188 
vt 39.25 -2.54297 
vt 36.75 -2.54297 
vt 36.75 -2.57812 
vt 36.75 -3.42188 
vt 36.75 -3.45703 
vt 39.25 -3.45703 
vt 39.25 -2.50781 
vt 36.75 -2.54297 
vt 39.25 -2.54297 
vt 36.75 -2.50781 
vt 36.75 -3.45703 
vt 39.25 -3.49219 
vt 39.25 -3.45703 
vt 36.75 -3.49219 

usemtl Cube0081Mtl

f 296/296/296 297/297/297 298/298/298 
f 299/299/299 300/300/300 301/301/301 
f 302/302/302 303/303/303 304/304/304 
f 305/305/305 306/306/306 307/307/307 
f 308/308/308 309/309/309 310/310/310 
f 308/308/308 311/311/311 309/309/309 
f 312/312/312 313/313/313 314/314/314 
f 312/312/312 315/315/315 313/313/313 

g Cube0131

v -5 0.394838 -49.5 
v 5 -0.100472 -50 
v -5 -0.100471 -50 
v 5 0.394836 -49.5 
v -5 -0.100471 -40 
v -4.5 0.394838 -40 
v -4.5 0.394838 -40.5 
v 5 -0.100472 -40 
v 4.5 0.394836 -40.5 
v 4.5 0.394836 -40 
v -4.5 0.394838 -40.5 
v -5 0.394838 -40.5 
v -5 -0.100471 -40 
v 4.5 0.394836 -40.5 
v 5 -0.100472 -40 
v 5 0.394836 -40.5 
v -4.5 0.394838 -40.5 
v -4.5 0.394838 -40 
v -3.9375 0.394838 -40 
v 4.5 0.394836 -40.5 
v 5 0.394836 -40.5 
v 5 0.394836 -41.0625 
v 3.9375 0.394836 -40 
v 4.5 0.394836 -40 
v 3.9375 0.394836 -41.0625 
v -5 0.394838 -48.9375 
v 5 0.394836 -49.5 
v -5 0.394838 -49.5 
v 5 0.394836 -48.9375 
v -3.9375 0.394838 -40 
v -3.9375 0.394838 -41.0625 
v -4.5 0.394838 -40.5 
v -5 0.394838 -41.0625 
v -5 0.394838 -40.5 
v -3.9375 0.394838 -41.0625 
v -5 0.394838 -41.0625 
v -4.5 0.394838 -40.5 
v 5 0.394836 -41.0625 
v 3.9375 0.394836 -41.0625 
v 4.5 0.394836 -40.5 
v -5 -0.100471 -50 
v 5 -0.4 -50 
v -5 -0.399998 -50 
v 5 -0.100472 -50 

vn 0 0.708661 -0.700787 
vn 0 0.708661 -0.700787 
vn 0 0.708661 -0.700787 
vn 0 0.708661 -0.700787 
vn -0.700787 0.708661 0 
vn -0.700787 0.708661 0 
vn -0.700787 0.708661 0 
vn 0.700787 0.708661 0 
vn 0.700787 0.708661 0 
vn 0.700787 0.708661 0 
vn 0 0.708661 0.700787 
vn 0 0.708661 0.700787 
vn 0 0.708661 0.700787 
vn 0 0.708661 0.700787 
vn 0 0.708661 0.700787 
vn 0 0.708661 0.700787 
vn 0 1 0 
vn 0 1 0 
vn 0 1 0 
vn 0 1 0 
vn 0 1 0 
vn 0 1 0 
vn 0 1 0 
vn 0 1 0 
vn 0 1 0 
vn 0 1 0 
vn 0 1 0 
vn 0 1 0 
vn 0 1 0 
vn 0 1 0 
vn 0 1 0 
vn 0 1 0 
vn 0 1 0 
vn 0 1 0 
vn 0 1 0 
vn 0 1 0 
vn 0 1 0 
vn 0 1 0 
vn 0 1 0 
vn 0 1 0 
vn 0 0 -1 
vn 0 0 -1 
vn 0 0 -1 
vn 0 0 -1 

vt -0.625 -60.4375 
vt 0.625 -60.375 
vt -0.625 -60.375 
vt 0.625 -60.4375 
vt -0.625 -61.625 
vt -0.5625 -61.625 
vt -0.5625 -61.5625 
vt 0.625 -61.625 
vt 0.5625 -61.5625 
vt 0.5625 -61.625 
vt -0.5625 -61.5625 
vt -0.625 -61.5625 
vt -0.625 -61.625 
vt 0.5625 -61.5625 
vt 0.625 -61.625 
vt 0.625 -61.5625 
vt -0.5625 -61.5625 
vt -0.5625 -61.625 
vt -0.492187 -61.625 
vt 0.5625 -61.5625 
vt 0.625 -61.5625 
vt 0.625 -61.4922 
vt 0.492188 -61.625 
vt 0.5625 -61.625 
vt 0.492188 -61.4922 
vt -0.625 -60.5078 
vt 0.625 -60.4375 
vt -0.625 -60.4375 
vt 0.625 -60.5078 
vt -0.492187 -61.625 
vt -0.492187 -61.4922 
vt -0.5625 -61.5625 
vt -0.625 -61.4922 
vt -0.625 -61.5625 
vt -0.492187 -61.4922 
vt -0.625 -61.4922 
vt -0.5625 -61.5625 
vt 0.625 -61.4922 
vt 0.492188 -61.4922 
vt 0.5625 -61.5625 
vt 0.625 -61.0122 
vt -0.625 -61.0497 
vt 0.625 -61.0497 
vt -0.625 -61.0122 

usemtl Cube0081Mtl

f 316/316/316 317/317/317 318/318/318 
f 316/316/316 319/319/319 317/317/317 
f 320/320/320 321/321/321 322/322/322 
f 323/323/323 324/324/324 325/325/325 
f 326/326/326 327/327/327 328/328/328 
f 329/329/329 330/330/330 331/331/331 
f 332/332/332 333/333/333 334/334/334 
f 335/335/335 336/336/336 337/337/337 
f 338/338/338 339/339/339 335/335/335 
f 340/340/340 338/338/338 335/335/335 
f 341/341/341 342/342/342 343/343/343 
f 341/341/341 344/344/344 342/342/342 
f 345/345/345 346/346/346 347/347/347 
f 348/348/348 349/349/349 347/347/347 
f 350/350/350 351/351/351 352/352/352 
f 353/353/353 354/354/354 355/355/355 
f 356/356/356 357/357/357 358/358/358 
f 356/356/356 359/359/359 357/357/357 

g Cube0151

v -5 0.394838 -48.375 
v 5 0.330427 -48.6563 
v -5 0.330429 -48.6563 
v 5 0.394837 -48.375 
v -3.375 0.394838 -40 
v -3.65625 0.330429 -41.3438 
v -3.65625 0.330429 -40 
v 3.375 0.394837 -40 
v 3.65625 0.330428 -41.3438 
v 3.375 0.394837 -41.625 
v -3.375 0.394838 -40 
v -3.375 0.394838 -41.625 
v -3.65625 0.330429 -41.3438 
v 3.375 0.394837 -40 
v 3.65625 0.330428 -40 
v 3.65625 0.330428 -41.3438 
v -5 0.394838 -41.625 
v -3.65625 0.330429 -41.3438 
v -3.375 0.394838 -41.625 
v 3.65625 0.330428 -41.3438 
v 5 0.394837 -41.625 
v 3.375 0.394837 -41.625 
v -5 0.394838 -41.625 
v -5 0.330429 -41.3438 
v -3.65625 0.330429 -41.3438 
v 3.65625 0.330428 -41.3438 
v 5 0.330427 -41.3438 
v 5 0.394837 -41.625 
v -5 0.330429 -41.3438 
v -3.9375 0.394838 -41.0625 
v -3.65625 0.330429 -41.3438 
v 3.9375 0.394837 -41.0625 
v 5 0.330427 -41.3438 
v 3.65625 0.330428 -41.3438 
v -5 0.330429 -41.3438 
v -5 0.394838 -41.0625 
v -3.9375 0.394838 -41.0625 
v 3.9375 0.394837 -41.0625 
v 5 0.394837 -41.0625 
v 5 0.330427 -41.3438 
v 3.9375 0.394837 -41.0625 
v 3.65625 0.330428 -40 
v 3.9375 0.394837 -40 
v -3.65625 0.330429 -40 
v -3.9375 0.394838 -41.0625 
v -3.9375 0.394838 -40 
v 3.9375 0.394837 -41.0625 
v 3.65625 0.330428 -41.3438 
v 3.65625 0.330428 -40 
v -3.65625 0.330429 -40 
v -3.65625 0.330429 -41.3438 
v -3.9375 0.394838 -41.0625 
v 5 0.330427 -48.6563 
v -5 0.394838 -48.9375 
v -5 0.330429 -48.6563 
v 5 0.394837 -48.9375 

vn 0 0.976378 -0.220472 
vn 0 0.976378 -0.220472 
vn 0 0.976378 -0.220472 
vn 0 0.976378 -0.220472 
vn -0.220472 0.976378 0 
vn -0.220472 0.976378 0 
vn -0.220472 0.976378 0 
vn 0.220472 0.976378 0 
vn 0.220472 0.976378 0 
vn 0.220472 0.976378 0 
vn -0.220472 0.976378 0 
vn -0.220472 0.976378 0 
vn -0.220472 0.976378 0 
vn 0.220472 0.976378 0 
vn 0.220472 0.976378 0 
vn 0.220472 0.976378 0 
vn 0 0.976378 0.220472 
vn 0 0.976378 0.220472 
vn 0 0.976378 0.220472 
vn 0 0.976378 0.220472 
vn 0 0.976378 0.220472 
vn 0 0.976378 0.220472 
vn 0 0.976378 0.220472 
vn 0 0.976378 0.220472 
vn 0 0.976378 0.220472 
vn 0 0.976378 0.220472 
vn 0 0.976378 0.220472 
vn 0 0.976378 0.220472 
vn 0 0.976378 -0.220472 
vn 0 0.976378 -0.220472 
vn 0 0.976378 -0.220472 
vn 0 0.976378 -0.220472 
vn 0 0.976378 -0.220472 
vn 0 0.976378 -0.220472 
vn 0 0.976378 -0.220472 
vn 0 0.976378 -0.220472 
vn 0 0.976378 -0.220472 
vn 0 0.976378 -0.220472 
vn 0 0.976378 -0.220472 
vn 0 0.976378 -0.220472 
vn -0.220472 0.976378 0 
vn -0.220472 0.976378 0 
vn -0.220472 0.976378 0 
vn 0.220472 0.976378 0 
vn 0.220472 0.976378 0 
vn 0.220472 0.976378 0 
vn -0.220472 0.976378 0 
vn -0.220472 0.976378 0 
vn -0.220472 0.976378 0 
vn 0.220472 0.976378 0 
vn 0.220472 0.976378 0 
vn 0.220472 0.976378 0 
vn 0 0.976378 0.220472 
vn 0 0.976378 0.220472 
vn 0 0.976378 0.220472 
vn 0 0.976378 0.220472 

vt 13.375 -4.51172 
vt 14.625 -4.47656 
vt 13.375 -4.47656 
vt 14.625 -4.51172 
vt 13.5781 -5.55859 
vt 13.543 -5.39062 
vt 13.543 -5.55859 
vt 14.4219 -5.55859 
vt 14.457 -5.39062 
vt 14.4219 -5.35547 
vt 13.5781 -5.55859 
vt 13.5781 -5.35547 
vt 13.543 -5.39062 
vt 14.4219 -5.55859 
vt 14.457 -5.55859 
vt 14.457 -5.39062 
vt 13.375 -5.35547 
vt 13.543 -5.39062 
vt 13.5781 -5.35547 
vt 14.457 -5.39062 
vt 14.625 -5.35547 
vt 14.4219 -5.35547 
vt 13.375 -5.35547 
vt 13.375 -5.39062 
vt 13.543 -5.39062 
vt 14.457 -5.39062 
vt 14.625 -5.39062 
vt 14.625 -5.35547 
vt 13.375 -5.39062 
vt 13.5078 -5.42578 
vt 13.543 -5.39062 
vt 14.4922 -5.42578 
vt 14.625 -5.39062 
vt 14.457 -5.39062 
vt 13.375 -5.39062 
vt 13.375 -5.42578 
vt 13.5078 -5.42578 
vt 14.4922 -5.42578 
vt 14.625 -5.42578 
vt 14.625 -5.39062 
vt 14.4922 -5.42578 
vt 14.457 -5.55859 
vt 14.4922 -5.55859 
vt 13.543 -5.55859 
vt 13.5078 -5.42578 
vt 13.5078 -5.55859 
vt 14.4922 -5.42578 
vt 14.457 -5.39062 
vt 14.457 -5.55859 
vt 13.543 -5.55859 
vt 13.543 -5.39062 
vt 13.5078 -5.42578 
vt 14.625 -4.47656 
vt 13.375 -4.44141 
vt 13.375 -4.47656 
vt 14.625 -4.44141 

usemtl Cube0081Mtl

f 360/360/360 361/361/361 362/362/362 
f 360/360/360 363/363/363 361/361/361 
f 364/364/364 365/365/365 366/366/366 
f 367/367/367 368/368/368 369/369/369 
f 370/370/370 371/371/371 372/372/372 
f 373/373/373 374/374/374 375/375/375 
f 376/376/376 377/377/377 378/378/378 
f 379/379/379 380/380/380 381/381/381 
f 382/382/382 383/383/383 384/384/384 
f 385/385/385 386/386/386 387/387/387 
f 388/388/388 389/389/389 390/390/390 
f 391/391/391 392/392/392 393/393/393 
f 394/394/394 395/395/395 396/396/396 
f 397/397/397 398/398/398 399/399/399 
f 400/400/400 401/401/401 402/402/402 
f 403/403/403 404/404/404 405/405/405 
f 406/406/406 407/407/407 408/408/408 
f 409/409/409 410/410/410 411/411/411 
f 412/412/412 413/413/413 414/414/414 
f 412/412/412 415/415/415 413/413/413 

g Cube0161

v -3.375 0.395543 -41.625 
v 3.375 0.394131 -40 
v 3.375 0.394131 -41.625 
v 3.375 0.394131 -41.625 
v -5 0.395837 -48.375 
v -3.375 0.395543 -41.625 
v -3.375 0.395543 -41.625 
v -3.375 0.395543 -40 
v 3.375 0.394131 -40 
v -5 0.395837 -48.375 
v -5 0.395837 -41.625 
v 3.375 0.394131 -41.625 
v 5 0.393837 -48.375 
v 5 0.393837 -41.625 

vn 0 1 0 
vn 0 1 0 
vn 0 1 0 
vn 0 1 0 
vn 0 1 0 
vn 0 1 0 
vn 0 1 0 
vn 0 1 0 
vn 0 1 0 
vn 0 1 0 
vn 0 1 0 
vn 0 1 0 
vn 0 1 0 
vn 0 1 0 

vt 31.5781 -45.3203 
vt 32.4219 -45.5234 
vt 32.4219 -45.3203 
vt 32.4219 -45.3203 
vt 31.375 -44.4766 
vt 31.5781 -45.3203 
vt 31.5781 -45.3203 
vt 31.5781 -45.5234 
vt 32.4219 -45.5234 
vt 31.375 -44.4766 
vt 31.375 -45.3203 
vt 32.4219 -45.3203 
vt 32.625 -44.4766 
vt 32.625 -45.3203 

usemtl Cube0081Mtl

f 416/416/416 417/417/417 418/418/418 
f 419/419/419 420/420/420 421/421/421 
f 422/422/422 423/423/423 424/424/424 
f 425/425/425 426/426/426 422/422/422 
f 427/427/427 428/428/428 425/425/425 
f 427/427/427 429/429/429 428/428/428 

g Cube0144

v 40 0.395839 -48.375 
v 5 0.393839 -41.625 
v 40 0.395839 -41.625 
v 5 0.393839 -48.375 

vn 0 1 0 
vn 0 1 0 
vn 0 1 0 
vn 0 1 0 

vt 13.8125 -61.4219 
vt 18.1875 -60.5781 
vt 13.8125 -60.5781 
vt 18.1875 -61.4219 

usemtl Cube0081Mtl

f 430/430/430 431/431/431 432/432/432 
f 430/430/430 433/433/433 431/431/431 

g Cube0124

v 40 -0.100471 -40 
v 5 0.394836 -40.5 
v 5 -0.100472 -40 
v 40 0.394838 -40.5 
v 5 0.394836 -49.5 
v 40 -0.100471 -50 
v 5 -0.100472 -50 
v 40 0.394838 -49.5 
v 5 0.394836 -40.5 
v 40 0.394838 -41.0625 
v 5 0.394836 -41.0625 
v 40 0.394838 -40.5 
v 40 0.394838 -48.9375 
v 5 0.394836 -49.5 
v 5 0.394836 -48.9375 
v 40 0.394838 -49.5 
v 40 -0.399998 -40 
v 5 -0.100472 -40 
v 5 -0.4 -40 
v 40 -0.100471 -40 
v 5 -0.100472 -50 
v 40 -0.399998 -50 
v 5 -0.4 -50 
v 40 -0.100471 -50 

vn 0 0.708661 0.700787 
vn 0 0.708661 0.700787 
vn 0 0.708661 0.700787 
vn 0 0.708661 0.700787 
vn 0 0.708661 -0.700787 
vn 0 0.708661 -0.700787 
vn 0 0.708661 -0.700787 
vn 0 0.708661 -0.700787 
vn 0 1 0 
vn 0 1 0 
vn 0 1 0 
vn 0 1 0 
vn 0 1 0 
vn 0 1 0 
vn 0 1 0 
vn 0 1 0 
vn 0 0 1 
vn 0 0 1 
vn 0 0 1 
vn 0 0 1 
vn 0 0 -1 
vn 0 0 -1 
vn 0 0 -1 
vn 0 0 -1 

vt 45.8125 -56.375 
vt 50.1875 -56.4375 
vt 50.1875 -56.375 
vt 45.8125 -56.4375 
vt 50.1875 -57.5625 
vt 45.8125 -57.625 
vt 50.1875 -57.625 
vt 45.8125 -57.5625 
vt 50.1875 -56.4375 
vt 45.8125 -56.5078 
vt 50.1875 -56.5078 
vt 45.8125 -56.4375 
vt 45.8125 -57.4922 
vt 50.1875 -57.5625 
vt 50.1875 -57.4922 
vt 45.8125 -57.5625 
vt 50.1875 -57.0497 
vt 45.8125 -57.0122 
vt 45.8125 -57.0497 
vt 50.1875 -57.0122 
vt 50.1875 -57.0122 
vt 45.8125 -57.0497 
vt 50.1875 -57.0497 
vt 45.8125 -57.0122 

usemtl Cube0081Mtl

f 434/434/434 435/435/435 436/436/436 
f 434/434/434 437/437/437 435/435/435 
f 438/438/438 439/439/439 440/440/440 
f 438/438/438 441/441/441 439/439/439 
f 442/442/442 443/443/443 444/444/444 
f 442/442/442 445/445/445 443/443/443 
f 446/446/446 447/447/447 448/448/448 
f 446/446/446 449/449/449 447/447/447 
f 450/450/450 451/451/451 452/452/452 
f 450/450/450 453/453/453 451/451/451 
f 454/454/454 455/455/455 456/456/456 
f 454/454/454 457/457/457 455/455/455 

g Cube0114

v 5 0.330427 -41.3438 
v 40 0.394838 -41.625 
v 5 0.394837 -41.625 
v 40 0.394838 -48.375 
v 5 0.330427 -48.6562 
v 5 0.394837 -48.375 
v 5 0.330427 -41.3438 
v 40 0.330429 -41.3438 
v 40 0.394838 -41.625 
v 40 0.394838 -48.375 
v 40 0.330429 -48.6562 
v 5 0.330427 -48.6562 
v 5 0.394837 -41.0625 
v 40 0.330429 -41.3438 
v 5 0.330427 -41.3438 
v 40 0.394838 -41.0625 
v 40 0.330429 -48.6562 
v 5 0.394837 -48.9375 
v 5 0.330427 -48.6562 
v 40 0.394838 -48.9375 

vn 0 0.976378 0.220472 
vn 0 0.976378 0.220472 
vn 0 0.976378 0.220472 
vn 0 0.976378 -0.220472 
vn 0 0.976378 -0.220472 
vn 0 0.976378 -0.220472 
vn 0 0.976378 0.220472 
vn 0 0.976378 0.220472 
vn 0 0.976378 0.220472 
vn 0 0.976378 -0.220472 
vn 0 0.976378 -0.220472 
vn 0 0.976378 -0.220472 
vn 0 0.976378 -0.220472 
vn 0 0.976378 -0.220472 
vn 0 0.976378 -0.220472 
vn 0 0.976378 -0.220472 
vn 0 0.976378 0.220472 
vn 0 0.976378 0.220472 
vn 0 0.976378 0.220472 
vn 0 0.976378 0.220472 

vt 56.1875 -0.542969 
vt 51.8125 -0.578125 
vt 56.1875 -0.578125 
vt 51.8125 -1.42188 
vt 56.1875 -1.45703 
vt 56.1875 -1.42188 
vt 56.1875 -0.542969 
vt 51.8125 -0.542969 
vt 51.8125 -0.578125 
vt 51.8125 -1.42188 
vt 51.8125 -1.45703 
vt 56.1875 -1.45703 
vt 56.1875 -0.507812 
vt 51.8125 -0.542969 
vt 56.1875 -0.542969 
vt 51.8125 -0.507812 
vt 51.8125 -1.45703 
vt 56.1875 -1.49219 
vt 56.1875 -1.45703 
vt 51.8125 -1.49219 

usemtl Cube0081Mtl

f 458/458/458 459/459/459 460/460/460 
f 461/461/461 462/462/462 463/463/463 
f 464/464/464 465/465/465 466/466/466 
f 467/467/467 468/468/468 469/469/469 
f 470/470/470 471/471/471 472/472/472 
f 470/470/470 473/473/473 471/471/471 
f 474/474/474 475/475/475 476/476/476 
f 474/474/474 477/477/477 475/475/475 

g Cube0082

v 48.652 -0.100472 -45.0322 
v 50 -0.4 -40 
v 48.652 -0.4 -45.0322 
v 48.652 -0.100472 -45.0322 
v 50 -0.100472 -40 
v 50 -0.4 -40 
v 45.0322 -0.10047 -48.652 
v 48.652 -0.4 -45.0322 
v 45.0322 -0.399998 -48.652 
v 40.2827 0.394836 -40.4245 
v 40 -0.100472 -40 
v 40.4245 0.394836 -40.2827 
v 40 0.394836 -40.5 
v 40 -0.100472 -40 
v 40.2827 0.394836 -40.4245 
v 40.4245 0.394836 -40.2827 
v 40 -0.100472 -40 
v 40.5 0.394836 -40 
v 40 -0.100471 -50 
v 44.7822 0.394838 -48.219 
v 45.0322 -0.10047 -48.652 
v 48.219 0.394837 -44.7822 
v 50 -0.100472 -40 
v 48.652 -0.100472 -45.0322 
v 40 -0.100471 -50 
v 40 0.394838 -49.5 
v 44.7822 0.394838 -48.219 
v 48.219 0.394837 -44.7822 
v 49.5 0.394836 -40 
v 50 -0.100472 -40 
v 45.0322 -0.10047 -48.652 
v 48.219 0.394837 -44.7822 
v 48.652 -0.100472 -45.0322 
v 45.0322 -0.10047 -48.652 
v 44.7822 0.394838 -48.219 
v 48.219 0.394837 -44.7822 
v 47.7319 0.394837 -44.501 
v 48.219 0.394837 -44.7822 
v 44.7822 0.394838 -48.219 
v 40.2827 0.394836 -40.4245 
v 40.4245 0.394836 -40.2827 
v 40.9117 0.394836 -40.5639 
v 47.7319 0.394837 -44.501 
v 48.9375 0.394836 -40 
v 49.5 0.394836 -40 
v 44.7822 0.394838 -48.219 
v 40 0.394838 -49.5 
v 44.501 0.394838 -47.7319 
v 40 0.394838 -49.5 
v 40 0.394838 -48.9375 
v 44.501 0.394838 -47.7319 
v 47.7319 0.394837 -44.501 
v 49.5 0.394836 -40 
v 48.219 0.394837 -44.7822 
v 44.7822 0.394838 -48.219 
v 44.501 0.394838 -47.7319 
v 47.7319 0.394837 -44.501 
v 40.4245 0.394836 -40.2827 
v 40.5 0.394836 -40 
v 41.0625 0.394836 -40 
v 41.0625 0.394836 -40 
v 40.9117 0.394836 -40.5639 
v 40.4245 0.394836 -40.2827 
v 40.9117 0.394836 -40.5639 
v 40.5639 0.394836 -40.9117 
v 40.2827 0.394836 -40.4245 
v 40.5639 0.394836 -40.9117 
v 40 0.394837 -41.0625 
v 40.2827 0.394836 -40.4245 
v 40 0.394837 -41.0625 
v 40 0.394836 -40.5 
v 40.2827 0.394836 -40.4245 
v 40 -0.100471 -50 
v 45.0322 -0.399998 -48.652 
v 40 -0.399998 -50 
v 40 -0.100471 -50 
v 45.0322 -0.10047 -48.652 
v 45.0322 -0.399998 -48.652 
v 45.0322 -0.10047 -48.652 
v 48.652 -0.100472 -45.0322 
v 48.652 -0.4 -45.0322 

vn 0.968504 0 -0.259843 
vn 0.968504 0 -0.259843 
vn 0.968504 0 -0.259843 
vn 0.968504 0 -0.259843 
vn 0.968504 0 -0.259843 
vn 0.968504 0 -0.259843 
vn 0.708661 0 -0.708661 
vn 0.708661 0 -0.708661 
vn 0.708661 0 -0.708661 
vn -0.496063 0.708661 0.496063 
vn -0.496063 0.708661 0.496063 
vn -0.496063 0.708661 0.496063 
vn -0.181102 0.700787 0.692913 
vn -0.181102 0.700787 0.692913 
vn -0.181102 0.700787 0.692913 
vn -0.692913 0.700787 0.181102 
vn -0.692913 0.700787 0.181102 
vn -0.692913 0.700787 0.181102 
vn 0.188976 0.700787 -0.692913 
vn 0.188976 0.700787 -0.692913 
vn 0.188976 0.700787 -0.692913 
vn 0.692913 0.700787 -0.188976 
vn 0.692913 0.700787 -0.188976 
vn 0.692913 0.700787 -0.188976 
vn 0.188976 0.700787 -0.692913 
vn 0.188976 0.700787 -0.692913 
vn 0.188976 0.700787 -0.692913 
vn 0.692913 0.700787 -0.188976 
vn 0.692913 0.700787 -0.188976 
vn 0.692913 0.700787 -0.188976 
vn 0.503937 0.700787 -0.503937 
vn 0.503937 0.700787 -0.503937 
vn 0.503937 0.700787 -0.503937 
vn 0.503937 0.700787 -0.503937 
vn 0.503937 0.700787 -0.503937 
vn 0.503937 0.700787 -0.503937 
vn 0 1 0 
vn 0 1 0 
vn 0 1 0 
vn 0 1 0 
vn 0 1 0 
vn 0 1 0 
vn 0 1 0 
vn 0 1 0 
vn 0 1 0 
vn 0 1 0 
vn 0 1 0 
vn 0 1 0 
vn 0 1 0 
vn 0 1 0 
vn 0 1 0 
vn 0 1 0 
vn 0 1 0 
vn 0 1 0 
vn 0 1 0 
vn 0 1 0 
vn 0 1 0 
vn 0 1 0 
vn 0 1 0 
vn 0 1 0 
vn 0 1 0 
vn 0 1 0 
vn 0 1 0 
vn 0 1 0 
vn 0 1 0 
vn 0 1 0 
vn 0 1 0 
vn 0 1 0 
vn 0 1 0 
vn 0 1 0 
vn 0 1 0 
vn 0 1 0 
vn 0.259843 0 -0.968504 
vn 0.259843 0 -0.968504 
vn 0.259843 0 -0.968504 
vn 0.259843 0 -0.968504 
vn 0.259843 0 -0.968504 
vn 0.259843 0 -0.968504 
vn 0.708661 0 -0.708661 
vn 0.708661 0 -0.708661 
vn 0.708661 0 -0.708661 

vt 62.004 -37.0122 
vt 61.375 -37.0497 
vt 62.004 -37.0497 
vt 62.004 -37.0122 
vt 61.375 -37.0122 
vt 61.375 -37.0497 
vt 62.4565 -37.0122 
vt 62.004 -37.0497 
vt 62.4565 -37.0497 
vt 62.5897 -36.4281 
vt 62.625 -36.375 
vt 62.5719 -36.4103 
vt 62.625 -36.4375 
vt 62.625 -36.375 
vt 62.5897 -36.4281 
vt 62.5719 -36.4103 
vt 62.625 -36.375 
vt 62.5625 -36.375 
vt 62.625 -37.625 
vt 62.0272 -37.4024 
vt 61.996 -37.4565 
vt 61.5976 -36.9728 
vt 61.375 -36.375 
vt 61.5435 -37.004 
vt 62.625 -37.625 
vt 62.625 -37.5625 
vt 62.0272 -37.4024 
vt 61.5976 -36.9728 
vt 61.4375 -36.375 
vt 61.375 -36.375 
vt 61.996 -37.4565 
vt 61.5976 -36.9728 
vt 61.5435 -37.004 
vt 61.996 -37.4565 
vt 62.0272 -37.4024 
vt 61.5976 -36.9728 
vt 61.6585 -36.9376 
vt 61.5976 -36.9728 
vt 62.0272 -37.4024 
vt 62.5897 -36.4281 
vt 62.5719 -36.4103 
vt 62.511 -36.4455 
vt 61.6585 -36.9376 
vt 61.5078 -36.375 
vt 61.4375 -36.375 
vt 62.0272 -37.4024 
vt 62.625 -37.5625 
vt 62.0624 -37.3415 
vt 62.625 -37.5625 
vt 62.625 -37.4922 
vt 62.0624 -37.3415 
vt 61.6585 -36.9376 
vt 61.4375 -36.375 
vt 61.5976 -36.9728 
vt 62.0272 -37.4024 
vt 62.0624 -37.3415 
vt 61.6585 -36.9376 
vt 62.5719 -36.4103 
vt 62.5625 -36.375 
vt 62.4922 -36.375 
vt 62.4922 -36.375 
vt 62.511 -36.4455 
vt 62.5719 -36.4103 
vt 62.511 -36.4455 
vt 62.5545 -36.489 
vt 62.5897 -36.4281 
vt 62.5545 -36.489 
vt 62.625 -36.5078 
vt 62.5897 -36.4281 
vt 62.625 -36.5078 
vt 62.625 -36.4375 
vt 62.5897 -36.4281 
vt 62.625 -37.0122 
vt 61.996 -37.0497 
vt 62.625 -37.0497 
vt 62.625 -37.0122 
vt 61.996 -37.0122 
vt 61.996 -37.0497 
vt 61.996 -37.0122 
vt 61.5435 -37.0122 
vt 61.5435 -37.0497 

usemtl Cube0081Mtl

f 478/478/478 479/479/479 480/480/480 
f 481/481/481 482/482/482 483/483/483 
f 484/484/484 485/485/485 486/486/486 
f 487/487/487 488/488/488 489/489/489 
f 490/490/490 491/491/491 492/492/492 
f 493/493/493 494/494/494 495/495/495 
f 496/496/496 497/497/497 498/498/498 
f 499/499/499 500/500/500 501/501/501 
f 502/502/502 503/503/503 504/504/504 
f 505/505/505 506/506/506 507/507/507 
f 508/508/508 509/509/509 510/510/510 
f 511/511/511 512/512/512 513/513/513 
f 514/514/514 515/515/515 516/516/516 
f 517/517/517 518/518/518 519/519/519 
f 520/520/520 521/521/521 522/522/522 
f 523/523/523 524/524/524 525/525/525 
f 526/526/526 527/527/527 528/528/528 
f 529/529/529 530/530/530 531/531/531 
f 532/532/532 533/533/533 534/534/534 
f 535/535/535 536/536/536 537/537/537 
f 538/538/538 539/539/539 540/540/540 
f 541/541/541 542/542/542 543/543/543 
f 544/544/544 545/545/545 546/546/546 
f 547/547/547 548/548/548 549/549/549 
f 550/550/550 551/551/551 552/552/552 
f 553/553/553 554/554/554 555/555/555 
f 556/556/556 557/557/557 558/558/558 

g Cube0062

v 44.2197 0.395837 -47.2447 
v 40 0.39565 -48.375 
v 40.8451 0.394212 -41.3988 
v 40 0.39565 -48.375 
v 40 0.394212 -41.625 
v 40.8451 0.394212 -41.3988 
v 40.8451 0.394212 -41.3988 
v 41.3988 0.393837 -40.8451 
v 47.2447 0.394275 -44.2197 
v 47.2447 0.394275 -44.2197 
v 44.2197 0.395837 -47.2447 
v 40.8451 0.394212 -41.3988 
v 48.375 0.3939 -40 
v 47.2447 0.394275 -44.2197 
v 41.3988 0.393837 -40.8451 
v 41.3988 0.393837 -40.8451 
v 41.625 0.3939 -40 
v 48.375 0.3939 -40 

vn 0 1 0 
vn 0 1 0 
vn 0 1 0 
vn 0 1 0 
vn 0 1 0 
vn 0 1 0 
vn 0 1 0 
vn 0 1 0 
vn 0 1 0 
vn 0 1 0 
vn 0 1 0 
vn 0 1 0 
vn 0 1 0 
vn 0 1 0 
vn 0 1 0 
vn 0 1 0 
vn 0 1 0 
vn 0 1 0 

vt 15.996 -7.38215 
vt 16.5234 -7.52344 
vt 16.4178 -6.65142 
vt 16.5234 -7.52344 
vt 16.5234 -6.67969 
vt 16.4178 -6.65142 
vt 16.4178 -6.65142 
vt 16.3486 -6.5822 
vt 15.6178 -7.00403 
vt 15.6178 -7.00403 
vt 15.996 -7.38215 
vt 16.4178 -6.65142 
vt 15.4766 -6.47656 
vt 15.6178 -7.00403 
vt 16.3486 -6.5822 
vt 16.3486 -6.5822 
vt 16.3203 -6.47656 
vt 15.4766 -6.47656 

usemtl Cube0081Mtl

f 559/559/559 560/560/560 561/561/561 
f 562/562/562 563/563/563 564/564/564 
f 565/565/565 566/566/566 567/567/567 
f 568/568/568 569/569/569 570/570/570 
f 571/571/571 572/572/572 573/573/573 
f 574/574/574 575/575/575 576/576/576 

g Cube0012

v 40 0.330427 -48.6563 
v 44.2197 0.394837 -47.2447 
v 44.3604 0.330427 -47.4883 
v 47.2447 0.394835 -44.2198 
v 48.6563 0.330426 -40 
v 47.4883 0.330426 -44.3604 
v 40 0.330427 -48.6563 
v 40 0.394836 -48.375 
v 44.2197 0.394837 -47.2447 
v 47.2447 0.394835 -44.2198 
v 48.375 0.394835 -40 
v 48.6563 0.330426 -40 
v 44.2197 0.394837 -47.2447 
v 47.4883 0.330426 -44.3604 
v 44.3604 0.330427 -47.4883 
v 44.2197 0.394837 -47.2447 
v 47.2447 0.394835 -44.2198 
v 47.4883 0.330426 -44.3604 
v 40.7045 0.330426 -41.1553 
v 41.3988 0.394835 -40.8451 
v 40.8451 0.394835 -41.3988 
v 40.7045 0.330426 -41.1553 
v 41.1553 0.330426 -40.7045 
v 41.3988 0.394835 -40.8451 
v 40 0.394835 -41.625 
v 40.7045 0.330426 -41.1553 
v 40.8451 0.394835 -41.3988 
v 41.1553 0.330426 -40.7045 
v 41.625 0.394835 -40 
v 41.3988 0.394835 -40.8451 
v 40 0.394835 -41.625 
v 40 0.330426 -41.3438 
v 40.7045 0.330426 -41.1553 
v 41.1553 0.330426 -40.7045 
v 41.3438 0.330426 -40 
v 41.625 0.394835 -40 
v 40 0.330426 -41.3438 
v 40.5639 0.394835 -40.9117 
v 40.7045 0.330426 -41.1553 
v 40.9117 0.394835 -40.5639 
v 41.3438 0.330426 -40 
v 41.1553 0.330426 -40.7045 
v 40 0.330426 -41.3438 
v 40 0.394835 -41.0625 
v 40.5639 0.394835 -40.9117 
v 40.9117 0.394835 -40.5639 
v 41.0625 0.394835 -40 
v 41.3438 0.330426 -40 
v 40.7045 0.330426 -41.1553 
v 40.9117 0.394835 -40.5639 
v 41.1553 0.330426 -40.7045 
v 40.7045 0.330426 -41.1553 
v 40.5639 0.394835 -40.9117 
v 40.9117 0.394835 -40.5639 
v 44.501 0.394837 -47.7319 
v 47.4883 0.330426 -44.3604 
v 47.7319 0.394835 -44.501 
v 44.501 0.394837 -47.7319 
v 44.3604 0.330427 -47.4883 
v 47.4883 0.330426 -44.3604 
v 40 0.394837 -48.9375 
v 44.3604 0.330427 -47.4883 
v 44.501 0.394837 -47.7319 
v 47.4883 0.330426 -44.3604 
v 48.9375 0.394835 -40 
v 47.7319 0.394835 -44.501 
v 40 0.394837 -48.9375 
v 40 0.330427 -48.6563 
v 44.3604 0.330427 -47.4883 
v 47.4883 0.330426 -44.3604 
v 48.6563 0.330426 -40 
v 48.9375 0.394835 -40 

vn 0.0629921 0.976378 -0.220472 
vn 0.0629921 0.976378 -0.220472 
vn 0.0629921 0.976378 -0.220472 
vn 0.220472 0.976378 -0.0629921 
vn 0.220472 0.976378 -0.0629921 
vn 0.220472 0.976378 -0.0629921 
vn 0.0629921 0.976378 -0.220472 
vn 0.0629921 0.976378 -0.220472 
vn 0.0629921 0.976378 -0.220472 
vn 0.220472 0.976378 -0.0629921 
vn 0.220472 0.976378 -0.0629921 
vn 0.220472 0.976378 -0.0629921 
vn 0.165354 0.976378 -0.165354 
vn 0.165354 0.976378 -0.165354 
vn 0.165354 0.976378 -0.165354 
vn 0.165354 0.976378 -0.165354 
vn 0.165354 0.976378 -0.165354 
vn 0.165354 0.976378 -0.165354 
vn -0.165354 0.976378 0.165354 
vn -0.165354 0.976378 0.165354 
vn -0.165354 0.976378 0.165354 
vn -0.165354 0.976378 0.165354 
vn -0.165354 0.976378 0.165354 
vn -0.165354 0.976378 0.165354 
vn -0.0629921 0.976378 0.220472 
vn -0.0629921 0.976378 0.220472 
vn -0.0629921 0.976378 0.220472 
vn -0.220472 0.976378 0.0629921 
vn -0.220472 0.976378 0.0629921 
vn -0.220472 0.976378 0.0629921 
vn -0.0629921 0.976378 0.220472 
vn -0.0629921 0.976378 0.220472 
vn -0.0629921 0.976378 0.220472 
vn -0.220472 0.976378 0.0629921 
vn -0.220472 0.976378 0.0629921 
vn -0.220472 0.976378 0.0629921 
vn 0.0629921 0.976378 -0.220472 
vn 0.0629921 0.976378 -0.220472 
vn 0.0629921 0.976378 -0.220472 
vn 0.220472 0.976378 -0.0629921 
vn 0.220472 0.976378 -0.0629921 
vn 0.220472 0.976378 -0.0629921 
vn 0.0629921 0.976378 -0.220472 
vn 0.0629921 0.976378 -0.220472 
vn 0.0629921 0.976378 -0.220472 
vn 0.220472 0.976378 -0.0629921 
vn 0.220472 0.976378 -0.0629921 
vn 0.220472 0.976378 -0.0629921 
vn 0.165354 0.976378 -0.165354 
vn 0.165354 0.976378 -0.165354 
vn 0.165354 0.976378 -0.165354 
vn 0.165354 0.976378 -0.165354 
vn 0.165354 0.976378 -0.165354 
vn 0.165354 0.976378 -0.165354 
vn -0.165354 0.976378 0.165354 
vn -0.165354 0.976378 0.165354 
vn -0.165354 0.976378 0.165354 
vn -0.165354 0.976378 0.165354 
vn -0.165354 0.976378 0.165354 
vn -0.165354 0.976378 0.165354 
vn -0.0629921 0.976378 0.220472 
vn -0.0629921 0.976378 0.220472 
vn -0.0629921 0.976378 0.220472 
vn -0.220472 0.976378 0.0629921 
vn -0.220472 0.976378 0.0629921 
vn -0.220472 0.976378 0.0629921 
vn -0.0629921 0.976378 0.220472 
vn -0.0629921 0.976378 0.220472 
vn -0.0629921 0.976378 0.220472 
vn -0.220472 0.976378 0.0629921 
vn -0.220472 0.976378 0.0629921 
vn -0.220472 0.976378 0.0629921 

vt 44.5586 -41.5234 
vt 44.0311 -41.347 
vt 44.0135 -41.3774 
vt 43.653 -40.9689 
vt 43.4766 -40.4414 
vt 43.6226 -40.9865 
vt 44.5586 -41.5234 
vt 44.5586 -41.4883 
vt 44.0311 -41.347 
vt 43.653 -40.9689 
vt 43.5117 -40.4414 
vt 43.4766 -40.4414 
vt 44.0311 -41.347 
vt 43.6226 -40.9865 
vt 44.0135 -41.3774 
vt 44.0311 -41.347 
vt 43.653 -40.9689 
vt 43.6226 -40.9865 
vt 44.4705 -40.5858 
vt 44.3837 -40.547 
vt 44.453 -40.6163 
vt 44.4705 -40.5858 
vt 44.4142 -40.5295 
vt 44.3837 -40.547 
vt 44.5586 -40.6445 
vt 44.4705 -40.5858 
vt 44.453 -40.6163 
vt 44.4142 -40.5295 
vt 44.3555 -40.4414 
vt 44.3837 -40.547 
vt 44.5586 -40.6445 
vt 44.5586 -40.6094 
vt 44.4705 -40.5858 
vt 44.4142 -40.5295 
vt 44.3906 -40.4414 
vt 44.3555 -40.4414 
vt 44.5586 -40.6094 
vt 44.4881 -40.5554 
vt 44.4705 -40.5858 
vt 44.4446 -40.5119 
vt 44.3906 -40.4414 
vt 44.4142 -40.5295 
vt 44.5586 -40.6094 
vt 44.5586 -40.5742 
vt 44.4881 -40.5554 
vt 44.4446 -40.5119 
vt 44.4258 -40.4414 
vt 44.3906 -40.4414 
vt 44.4705 -40.5858 
vt 44.4446 -40.5119 
vt 44.4142 -40.5295 
vt 44.4705 -40.5858 
vt 44.4881 -40.5554 
vt 44.4446 -40.5119 
vt 43.996 -41.4079 
vt 43.6226 -40.9865 
vt 43.5921 -41.004 
vt 43.996 -41.4079 
vt 44.0135 -41.3774 
vt 43.6226 -40.9865 
vt 44.5586 -41.5586 
vt 44.0135 -41.3774 
vt 43.996 -41.4079 
vt 43.6226 -40.9865 
vt 43.4414 -40.4414 
vt 43.5921 -41.004 
vt 44.5586 -41.5586 
vt 44.5586 -41.5234 
vt 44.0135 -41.3774 
vt 43.6226 -40.9865 
vt 43.4766 -40.4414 
vt 43.4414 -40.4414 

usemtl Cube0081Mtl

f 577/577/577 578/578/578 579/579/579 
f 580/580/580 581/581/581 582/582/582 
f 583/583/583 584/584/584 585/585/585 
f 586/586/586 587/587/587 588/588/588 
f 589/589/589 590/590/590 591/591/591 
f 592/592/592 593/593/593 594/594/594 
f 595/595/595 596/596/596 597/597/597 
f 598/598/598 599/599/599 600/600/600 
f 601/601/601 602/602/602 603/603/603 
f 604/604/604 605/605/605 606/606/606 
f 607/607/607 608/608/608 609/609/609 
f 610/610/610 611/611/611 612/612/612 
f 613/613/613 614/614/614 615/615/615 
f 616/616/616 617/617/617 618/618/618 
f 619/619/619 620/620/620 621/621/621 
f 622/622/622 623/623/623 624/624/624 
f 625/625/625 626/626/626 627/627/627 
f 628/628/628 629/629/629 630/630/630 
f 631/631/631 632/632/632 633/633/633 
f 634/634/634 635/635/635 636/636/636 
f 637/637/637 638/638/638 639/639/639 
f 640/640/640 641/641/641 642/642/642 
f 643/643/643 644/644/644 645/645/645 
f 646/646/646 647/647/647 648/648/648 

g Cube0132

v -49.5 0.394838 5 
v -50 -0.100472 -5 
v -50 -0.100471 5 
v -49.5 0.394836 -5 
v -40 -0.100471 5 
v -40 0.394838 4.5 
v -40.5 0.394838 4.5 
v -40 -0.100472 -5 
v -40.5 0.394836 -4.5 
v -40 0.394836 -4.5 
v -40.5 0.394838 4.5 
v -40.5 0.394838 5 
v -40 -0.100471 5 
v -40.5 0.394836 -4.5 
v -40 -0.100472 -5 
v -40.5 0.394836 -5 
v -40.5 0.394838 4.5 
v -40 0.394838 4.5 
v -40 0.394838 3.9375 
v -40.5 0.394836 -4.5 
v -40.5 0.394836 -5 
v -41.0625 0.394836 -5 
v -40 0.394837 -3.9375 
v -40 0.394836 -4.5 
v -41.0625 0.394837 -3.9375 
v -48.9375 0.394838 5 
v -49.5 0.394836 -5 
v -49.5 0.394838 5 
v -48.9375 0.394836 -5 
v -40 0.394838 3.9375 
v -41.0625 0.394838 3.9375 
v -40.5 0.394838 4.5 
v -41.0625 0.394838 5 
v -40.5 0.394838 5 
v -41.0625 0.394838 3.9375 
v -41.0625 0.394838 5 
v -40.5 0.394838 4.5 
v -41.0625 0.394836 -5 
v -41.0625 0.394837 -3.9375 
v -40.5 0.394836 -4.5 
v -50 -0.100471 5 
v -50 -0.4 -5 
v -50 -0.399998 5 
v -50 -0.100472 -5 

vn -0.700787 0.708661 0 
vn -0.700787 0.708661 0 
vn -0.700787 0.708661 0 
vn -0.700787 0.708661 0 
vn 0 0.708661 0.700787 
vn 0 0.708661 0.700787 
vn 0 0.708661 0.700787 
vn 0 0.708661 -0.700787 
vn 0 0.708661 -0.700787 
vn 0 0.708661 -0.700787 
vn 0.700787 0.708661 0 
vn 0.700787 0.708661 0 
vn 0.700787 0.708661 0 
vn 0.700787 0.708661 0 
vn 0.700787 0.708661 0 
vn 0.700787 0.708661 0 
vn 0 1 0 
vn 0 1 0 
vn 0 1 0 
vn 0 1 0 
vn 0 1 0 
vn 0 1 0 
vn 0 1 0 
vn 0 1 0 
vn 0 1 0 
vn 0 1 0 
vn 0 1 0 
vn 0 1 0 
vn 0 1 0 
vn 0 1 0 
vn 0 1 0 
vn 0 1 0 
vn 0 1 0 
vn 0 1 0 
vn 0 1 0 
vn 0 1 0 
vn 0 1 0 
vn 0 1 0 
vn 0 1 0 
vn 0 1 0 
vn -1 0 0 
vn -1 0 0 
vn -1 0 0 
vn -1 0 0 

vt 41.375 -26.4375 
vt 42.625 -26.375 
vt 41.375 -26.375 
vt 42.625 -26.4375 
vt 41.375 -27.625 
vt 41.4375 -27.625 
vt 41.4375 -27.5625 
vt 42.625 -27.625 
vt 42.5625 -27.5625 
vt 42.5625 -27.625 
vt 41.4375 -27.5625 
vt 41.375 -27.5625 
vt 41.375 -27.625 
vt 42.5625 -27.5625 
vt 42.625 -27.625 
vt 42.625 -27.5625 
vt 41.4375 -27.5625 
vt 41.4375 -27.625 
vt 41.5078 -27.625 
vt 42.5625 -27.5625 
vt 42.625 -27.5625 
vt 42.625 -27.4922 
vt 42.4922 -27.625 
vt 42.5625 -27.625 
vt 42.4922 -27.4922 
vt 41.375 -26.5078 
vt 42.625 -26.4375 
vt 41.375 -26.4375 
vt 42.625 -26.5078 
vt 41.5078 -27.625 
vt 41.5078 -27.4922 
vt 41.4375 -27.5625 
vt 41.375 -27.4922 
vt 41.375 -27.5625 
vt 41.5078 -27.4922 
vt 41.375 -27.4922 
vt 41.4375 -27.5625 
vt 42.625 -27.4922 
vt 42.4922 -27.4922 
vt 42.5625 -27.5625 
vt 42.625 -27.0122 
vt 41.375 -27.0497 
vt 42.625 -27.0497 
vt 41.375 -27.0122 

usemtl Cube0081Mtl

f 649/649/649 650/650/650 651/651/651 
f 649/649/649 652/652/652 650/650/650 
f 653/653/653 654/654/654 655/655/655 
f 656/656/656 657/657/657 658/658/658 
f 659/659/659 660/660/660 661/661/661 
f 662/662/662 663/663/663 664/664/664 
f 665/665/665 666/666/666 667/667/667 
f 668/668/668 669/669/669 670/670/670 
f 671/671/671 672/672/672 668/668/668 
f 673/673/673 671/671/671 668/668/668 
f 674/674/674 675/675/675 676/676/676 
f 674/674/674 677/677/677 675/675/675 
f 678/678/678 679/679/679 680/680/680 
f 681/681/681 682/682/682 680/680/680 
f 683/683/683 684/684/684 685/685/685 
f 686/686/686 687/687/687 688/688/688 
f 689/689/689 690/690/690 691/691/691 
f 689/689/689 692/692/692 690/690/690 

g Cube0152

v -48.375 0.394839 5 
v -48.6563 0.330427 -5 
v -48.6563 0.330429 5 
v -48.375 0.394837 -5 
v -40 0.394838 3.375 
v -41.3438 0.330429 3.65625 
v -40 0.330429 3.65625 
v -40 0.394837 -3.375 
v -41.3438 0.330428 -3.65625 
v -41.625 0.394837 -3.375 
v -40 0.394838 3.375 
v -41.625 0.394838 3.375 
v -41.3438 0.330429 3.65625 
v -40 0.394837 -3.375 
v -40 0.330428 -3.65625 
v -41.3438 0.330428 -3.65625 
v -41.625 0.394839 5 
v -41.3438 0.330429 3.65625 
v -41.625 0.394838 3.375 
v -41.3438 0.330428 -3.65625 
v -41.625 0.394837 -5 
v -41.625 0.394837 -3.375 
v -41.625 0.394839 5 
v -41.3438 0.330429 5 
v -41.3438 0.330429 3.65625 
v -41.3438 0.330428 -3.65625 
v -41.3438 0.330427 -5 
v -41.625 0.394837 -5 
v -41.3438 0.330429 5 
v -41.0625 0.394838 3.9375 
v -41.3438 0.330429 3.65625 
v -41.0625 0.394837 -3.9375 
v -41.3438 0.330427 -5 
v -41.3438 0.330428 -3.65625 
v -41.3438 0.330429 5 
v -41.0625 0.394839 5 
v -41.0625 0.394838 3.9375 
v -41.0625 0.394837 -3.9375 
v -41.0625 0.394837 -5 
v -41.3438 0.330427 -5 
v -41.0625 0.394837 -3.9375 
v -40 0.330428 -3.65625 
v -40 0.394837 -3.9375 
v -40 0.330429 3.65625 
v -41.0625 0.394838 3.9375 
v -40 0.394838 3.9375 
v -41.0625 0.394837 -3.9375 
v -41.3438 0.330428 -3.65625 
v -40 0.330428 -3.65625 
v -40 0.330429 3.65625 
v -41.3438 0.330429 3.65625 
v -41.0625 0.394838 3.9375 
v -48.6563 0.330427 -5 
v -48.9375 0.394839 5 
v -48.6563 0.330429 5 
v -48.9375 0.394837 -5 

vn -0.220472 0.976378 0 
vn -0.220472 0.976378 0 
vn -0.220472 0.976378 0 
vn -0.220472 0.976378 0 
vn 0 0.976378 0.220472 
vn 0 0.976378 0.220472 
vn 0 0.976378 0.220472 
vn 0 0.976378 -0.220472 
vn 0 0.976378 -0.220472 
vn 0 0.976378 -0.220472 
vn 0 0.976378 0.220472 
vn 0 0.976378 0.220472 
vn 0 0.976378 0.220472 
vn 0 0.976378 -0.220472 
vn 0 0.976378 -0.220472 
vn 0 0.976378 -0.220472 
vn 0.220472 0.976378 0 
vn 0.220472 0.976378 0 
vn 0.220472 0.976378 0 
vn 0.220472 0.976378 0 
vn 0.220472 0.976378 0 
vn 0.220472 0.976378 0 
vn 0.220472 0.976378 0 
vn 0.220472 0.976378 0 
vn 0.220472 0.976378 0 
vn 0.220472 0.976378 0 
vn 0.220472 0.976378 0 
vn 0.220472 0.976378 0 
vn -0.220472 0.976378 0 
vn -0.220472 0.976378 0 
vn -0.220472 0.976378 0 
vn -0.220472 0.976378 0 
vn -0.220472 0.976378 0 
vn -0.220472 0.976378 0 
vn -0.220472 0.976378 0 
vn -0.220472 0.976378 0 
vn -0.220472 0.976378 0 
vn -0.220472 0.976378 0 
vn -0.220472 0.976378 0 
vn -0.220472 0.976378 0 
vn 0 0.976378 0.220472 
vn 0 0.976378 0.220472 
vn 0 0.976378 0.220472 
vn 0 0.976378 -0.220472 
vn 0 0.976378 -0.220472 
vn 0 0.976378 -0.220472 
vn 0 0.976378 0.220472 
vn 0 0.976378 0.220472 
vn 0 0.976378 0.220472 
vn 0 0.976378 -0.220472 
vn 0 0.976378 -0.220472 
vn 0 0.976378 -0.220472 
vn 0.220472 0.976378 0 
vn 0.220472 0.976378 0 
vn 0.220472 0.976378 0 
vn 0.220472 0.976378 0 

vt 15.375 -54.5117 
vt 16.625 -54.4766 
vt 15.375 -54.4766 
vt 16.625 -54.5117 
vt 15.5781 -55.5586 
vt 15.543 -55.3906 
vt 15.543 -55.5586 
vt 16.4219 -55.5586 
vt 16.457 -55.3906 
vt 16.4219 -55.3555 
vt 15.5781 -55.5586 
vt 15.5781 -55.3555 
vt 15.543 -55.3906 
vt 16.4219 -55.5586 
vt 16.457 -55.5586 
vt 16.457 -55.3906 
vt 15.375 -55.3555 
vt 15.543 -55.3906 
vt 15.5781 -55.3555 
vt 16.457 -55.3906 
vt 16.625 -55.3555 
vt 16.4219 -55.3555 
vt 15.375 -55.3555 
vt 15.375 -55.3906 
vt 15.543 -55.3906 
vt 16.457 -55.3906 
vt 16.625 -55.3906 
vt 16.625 -55.3555 
vt 15.375 -55.3906 
vt 15.5078 -55.4258 
vt 15.543 -55.3906 
vt 16.4922 -55.4258 
vt 16.625 -55.3906 
vt 16.457 -55.3906 
vt 15.375 -55.3906 
vt 15.375 -55.4258 
vt 15.5078 -55.4258 
vt 16.4922 -55.4258 
vt 16.625 -55.4258 
vt 16.625 -55.3906 
vt 16.4922 -55.4258 
vt 16.457 -55.5586 
vt 16.4922 -55.5586 
vt 15.543 -55.5586 
vt 15.5078 -55.4258 
vt 15.5078 -55.5586 
vt 16.4922 -55.4258 
vt 16.457 -55.3906 
vt 16.457 -55.5586 
vt 15.543 -55.5586 
vt 15.543 -55.3906 
vt 15.5078 -55.4258 
vt 16.625 -54.4766 
vt 15.375 -54.4414 
vt 15.375 -54.4766 
vt 16.625 -54.4414 

usemtl Cube0081Mtl

f 693/693/693 694/694/694 695/695/695 
f 693/693/693 696/696/696 694/694/694 
f 697/697/697 698/698/698 699/699/699 
f 700/700/700 701/701/701 702/702/702 
f 703/703/703 704/704/704 705/705/705 
f 706/706/706 707/707/707 708/708/708 
f 709/709/709 710/710/710 711/711/711 
f 712/712/712 713/713/713 714/714/714 
f 715/715/715 716/716/716 717/717/717 
f 718/718/718 719/719/719 720/720/720 
f 721/721/721 722/722/722 723/723/723 
f 724/724/724 725/725/725 726/726/726 
f 727/727/727 728/728/728 729/729/729 
f 730/730/730 731/731/731 732/732/732 
f 733/733/733 734/734/734 735/735/735 
f 736/736/736 737/737/737 738/738/738 
f 739/739/739 740/740/740 741/741/741 
f 742/742/742 743/743/743 744/744/744 
f 745/745/745 746/746/746 747/747/747 
f 745/745/745 748/748/748 746/746/746 

g Cube0162

v -41.625 0.395543 3.375 
v -40 0.394131 -3.375 
v -41.625 0.394131 -3.375 
v -41.625 0.394131 -3.375 
v -48.375 0.395837 5 
v -41.625 0.395543 3.375 
v -41.625 0.395543 3.375 
v -40 0.395543 3.375 
v -40 0.394131 -3.375 
v -48.375 0.395837 5 
v -41.625 0.395837 5 
v -41.625 0.394131 -3.375 
v -48.375 0.393837 -5 
v -41.625 0.393837 -5 

vn 0 1 0 
vn 0 1 0 
vn 0 1 0 
vn 0 1 0 
vn 0 1 0 
vn 0 1 0 
vn 0 1 0 
vn 0 1 0 
vn 0 1 0 
vn 0 1 0 
vn 0 1 0 
vn 0 1 0 
vn 0 1 0 
vn 0 1 0 

vt 29.5781 -55.3203 
vt 30.4219 -55.5234 
vt 30.4219 -55.3203 
vt 30.4219 -55.3203 
vt 29.375 -54.4766 
vt 29.5781 -55.3203 
vt 29.5781 -55.3203 
vt 29.5781 -55.5234 
vt 30.4219 -55.5234 
vt 29.375 -54.4766 
vt 29.375 -55.3203 
vt 30.4219 -55.3203 
vt 30.625 -54.4766 
vt 30.625 -55.3203 

usemtl Cube0081Mtl

f 749/749/749 750/750/750 751/751/751 
f 752/752/752 753/753/753 754/754/754 
f 755/755/755 756/756/756 757/757/757 
f 758/758/758 759/759/759 755/755/755 
f 760/760/760 761/761/761 758/758/758 
f 760/760/760 762/762/762 761/761/761 

g Cube0145

v 41.625 0.395839 -40 
v 48.375 0.393839 -5 
v 48.375 0.395839 -40 
v 41.625 0.393839 -5 

vn 0 1 0 
vn 0 1 0 
vn 0 1 0 
vn 0 1 0 

vt 23.8125 -37.4219 
vt 28.1875 -36.5781 
vt 23.8125 -36.5781 
vt 28.1875 -37.4219 

usemtl Cube0081Mtl

f 763/763/763 764/764/764 765/765/765 
f 763/763/763 766/766/766 764/764/764 

g Cube0125

v 50 -0.100471 -40 
v 49.5 0.394836 -5 
v 50 -0.100472 -5 
v 49.5 0.394838 -40 
v 40.5 0.394836 -5 
v 40 -0.100471 -40 
v 40 -0.100472 -5 
v 40.5 0.394838 -40 
v 49.5 0.394836 -5 
v 48.9375 0.394838 -40 
v 48.9375 0.394836 -5 
v 49.5 0.394838 -40 
v 41.0625 0.394838 -40 
v 40.5 0.394836 -5 
v 41.0625 0.394836 -5 
v 40.5 0.394838 -40 
v 50 -0.399998 -40 
v 50 -0.100472 -5 
v 50 -0.4 -5 
v 50 -0.100471 -40 
v 40 -0.100472 -5 
v 40 -0.399998 -40 
v 40 -0.4 -5 
v 40 -0.100471 -40 

vn 0.700787 0.708661 0 
vn 0.700787 0.708661 0 
vn 0.700787 0.708661 0 
vn 0.700787 0.708661 0 
vn -0.700787 0.708661 0 
vn -0.700787 0.708661 0 
vn -0.700787 0.708661 0 
vn -0.700787 0.708661 0 
vn 0 1 0 
vn 0 1 0 
vn 0 1 0 
vn 0 1 0 
vn 0 1 0 
vn 0 1 0 
vn 0 1 0 
vn 0 1 0 
vn 1 0 0 
vn 1 0 0 
vn 1 0 0 
vn 1 0 0 
vn -1 0 0 
vn -1 0 0 
vn -1 0 0 
vn -1 0 0 

vt 15.8125 -40.375 
vt 20.1875 -40.4375 
vt 20.1875 -40.375 
vt 15.8125 -40.4375 
vt 20.1875 -41.5625 
vt 15.8125 -41.625 
vt 20.1875 -41.625 
vt 15.8125 -41.5625 
vt 20.1875 -40.4375 
vt 15.8125 -40.5078 
vt 20.1875 -40.5078 
vt 15.8125 -40.4375 
vt 15.8125 -41.4922 
vt 20.1875 -41.5625 
vt 20.1875 -41.4922 
vt 15.8125 -41.5625 
vt 20.1875 -41.0497 
vt 15.8125 -41.0122 
vt 15.8125 -41.0497 
vt 20.1875 -41.0122 
vt 20.1875 -41.0122 
vt 15.8125 -41.0497 
vt 20.1875 -41.0497 
vt 15.8125 -41.0122 

usemtl Cube0081Mtl

f 767/767/767 768/768/768 769/769/769 
f 767/767/767 770/770/770 768/768/768 
f 771/771/771 772/772/772 773/773/773 
f 771/771/771 774/774/774 772/772/772 
f 775/775/775 776/776/776 777/777/777 
f 775/775/775 778/778/778 776/776/776 
f 779/779/779 780/780/780 781/781/781 
f 779/779/779 782/782/782 780/780/780 
f 783/783/783 784/784/784 785/785/785 
f 783/783/783 786/786/786 784/784/784 
f 787/787/787 788/788/788 789/789/789 
f 787/787/787 790/790/790 788/788/788 

g Cube0115

v 48.6562 0.330428 -5 
v 48.375 0.394839 -40 
v 48.375 0.394837 -5 
v 41.625 0.394839 -40 
v 41.3438 0.330428 -5 
v 41.625 0.394837 -5 
v 48.6562 0.330428 -5 
v 48.6562 0.330429 -40 
v 48.375 0.394839 -40 
v 41.625 0.394839 -40 
v 41.3438 0.330429 -40 
v 41.3438 0.330428 -5 
v 48.9375 0.394837 -5 
v 48.6562 0.330429 -40 
v 48.6562 0.330428 -5 
v 48.9375 0.394839 -40 
v 41.3438 0.330429 -40 
v 41.0625 0.394837 -5 
v 41.3438 0.330428 -5 
v 41.0625 0.394839 -40 

vn 0.220472 0.976378 0 
vn 0.220472 0.976378 0 
vn 0.220472 0.976378 0 
vn -0.220472 0.976378 0 
vn -0.220472 0.976378 0 
vn -0.220472 0.976378 0 
vn 0.220472 0.976378 0 
vn 0.220472 0.976378 0 
vn 0.220472 0.976378 0 
vn -0.220472 0.976378 0 
vn -0.220472 0.976378 0 
vn -0.220472 0.976378 0 
vn -0.220472 0.976378 0 
vn -0.220472 0.976378 0 
vn -0.220472 0.976378 0 
vn -0.220472 0.976378 0 
vn 0.220472 0.976378 0 
vn 0.220472 0.976378 0 
vn 0.220472 0.976378 0 
vn 0.220472 0.976378 0 

vt 10.1875 -22.543 
vt 5.8125 -22.5781 
vt 10.1875 -22.5781 
vt 5.8125 -23.4219 
vt 10.1875 -23.457 
vt 10.1875 -23.4219 
vt 10.1875 -22.543 
vt 5.8125 -22.543 
vt 5.8125 -22.5781 
vt 5.8125 -23.4219 
vt 5.8125 -23.457 
vt 10.1875 -23.457 
vt 10.1875 -22.5078 
vt 5.8125 -22.543 
vt 10.1875 -22.543 
vt 5.8125 -22.5078 
vt 5.8125 -23.457 
vt 10.1875 -23.4922 
vt 10.1875 -23.457 
vt 5.8125 -23.4922 

usemtl Cube0081Mtl

f 791/791/791 792/792/792 793/793/793 
f 794/794/794 795/795/795 796/796/796 
f 797/797/797 798/798/798 799/799/799 
f 800/800/800 801/801/801 802/802/802 
f 803/803/803 804/804/804 805/805/805 
f 803/803/803 806/806/806 804/804/804 
f 807/807/807 808/808/808 809/809/809 
f 807/807/807 810/810/810 808/808/808 

g Cube0133

v 49.5 0.394838 -5 
v 50 -0.100472 5 
v 50 -0.100471 -5 
v 49.5 0.394836 5 
v 40 -0.100471 -5 
v 40 0.394838 -4.5 
v 40.5 0.394838 -4.5 
v 40 -0.100472 5 
v 40.5 0.394836 4.5 
v 40 0.394836 4.5 
v 40.5 0.394838 -4.5 
v 40.5 0.394838 -5 
v 40 -0.100471 -5 
v 40.5 0.394836 4.5 
v 40 -0.100472 5 
v 40.5 0.394836 5 
v 40.5 0.394838 -4.5 
v 40 0.394838 -4.5 
v 40 0.394838 -3.9375 
v 40.5 0.394836 4.5 
v 40.5 0.394836 5 
v 41.0625 0.394836 5 
v 40 0.394837 3.9375 
v 40 0.394836 4.5 
v 41.0625 0.394837 3.9375 
v 48.9375 0.394838 -5 
v 49.5 0.394836 5 
v 49.5 0.394838 -5 
v 48.9375 0.394836 5 
v 40 0.394838 -3.9375 
v 41.0625 0.394838 -3.9375 
v 40.5 0.394838 -4.5 
v 41.0625 0.394838 -5 
v 40.5 0.394838 -5 
v 41.0625 0.394838 -3.9375 
v 41.0625 0.394838 -5 
v 40.5 0.394838 -4.5 
v 41.0625 0.394836 5 
v 41.0625 0.394837 3.9375 
v 40.5 0.394836 4.5 
v 50 -0.100471 -5 
v 50 -0.4 5 
v 50 -0.399998 -5 
v 50 -0.100472 5 

vn 0.700787 0.708661 0 
vn 0.700787 0.708661 0 
vn 0.700787 0.708661 0 
vn 0.700787 0.708661 0 
vn 0 0.708661 -0.700787 
vn 0 0.708661 -0.700787 
vn 0 0.708661 -0.700787 
vn 0 0.708661 0.700787 
vn 0 0.708661 0.700787 
vn 0 0.708661 0.700787 
vn -0.700787 0.708661 0 
vn -0.700787 0.708661 0 
vn -0.700787 0.708661 0 
vn -0.700787 0.708661 0 
vn -0.700787 0.708661 0 
vn -0.700787 0.708661 0 
vn 0 1 0 
vn 0 1 0 
vn 0 1 0 
vn 0 1 0 
vn 0 1 0 
vn 0 1 0 
vn 0 1 0 
vn 0 1 0 
vn 0 1 0 
vn 0 1 0 
vn 0 1 0 
vn 0 1 0 
vn 0 1 0 
vn 0 1 0 
vn 0 1 0 
vn 0 1 0 
vn 0 1 0 
vn 0 1 0 
vn 0 1 0 
vn 0 1 0 
vn 0 1 0 
vn 0 1 0 
vn 0 1 0 
vn 0 1 0 
vn 1 0 0 
vn 1 0 0 
vn 1 0 0 
vn 1 0 0 

vt 45.375 -32.4375 
vt 46.625 -32.375 
vt 45.375 -32.375 
vt 46.625 -32.4375 
vt 45.375 -33.625 
vt 45.4375 -33.625 
vt 45.4375 -33.5625 
vt 46.625 -33.625 
vt 46.5625 -33.5625 
vt 46.5625 -33.625 
vt 45.4375 -33.5625 
vt 45.375 -33.5625 
vt 45.375 -33.625 
vt 46.5625 -33.5625 
vt 46.625 -33.625 
vt 46.625 -33.5625 
vt 45.4375 -33.5625 
vt 45.4375 -33.625 
vt 45.5078 -33.625 
vt 46.5625 -33.5625 
vt 46.625 -33.5625 
vt 46.625 -33.4922 
vt 46.4922 -33.625 
vt 46.5625 -33.625 
vt 46.4922 -33.4922 
vt 45.375 -32.5078 
vt 46.625 -32.4375 
vt 45.375 -32.4375 
vt 46.625 -32.5078 
vt 45.5078 -33.625 
vt 45.5078 -33.4922 
vt 45.4375 -33.5625 
vt 45.375 -33.4922 
vt 45.375 -33.5625 
vt 45.5078 -33.4922 
vt 45.375 -33.4922 
vt 45.4375 -33.5625 
vt 46.625 -33.4922 
vt 46.4922 -33.4922 
vt 46.5625 -33.5625 
vt 46.625 -33.0122 
vt 45.375 -33.0497 
vt 46.625 -33.0497 
vt 45.375 -33.0122 

usemtl Cube0081Mtl

f 811/811/811 812/812/812 813/813/813 
f 811/811/811 814/814/814 812/812/812 
f 815/815/815 816/816/816 817/817/817 
f 818/818/818 819/819/819 820/820/820 
f 821/821/821 822/822/822 823/823/823 
f 824/824/824 825/825/825 826/826/826 
f 827/827/827 828/828/828 829/829/829 
f 830/830/830 831/831/831 832/832/832 
f 833/833/833 834/834/834 830/830/830 
f 835/835/835 833/833/833 830/830/830 
f 836/836/836 837/837/837 838/838/838 
f 836/836/836 839/839/839 837/837/837 
f 840/840/840 841/841/841 842/842/842 
f 843/843/843 844/844/844 842/842/842 
f 845/845/845 846/846/846 847/847/847 
f 848/848/848 849/849/849 850/850/850 
f 851/851/851 852/852/852 853/853/853 
f 851/851/851 854/854/854 852/852/852 

g Cube0153

v 48.375 0.394839 -5 
v 48.6563 0.330427 5 
v 48.6563 0.330429 -5 
v 48.375 0.394837 5 
v 40 0.394838 -3.375 
v 41.3438 0.330429 -3.65625 
v 40 0.330429 -3.65625 
v 40 0.394837 3.375 
v 41.3438 0.330428 3.65625 
v 41.625 0.394837 3.375 
v 40 0.394838 -3.375 
v 41.625 0.394838 -3.375 
v 41.3438 0.330429 -3.65625 
v 40 0.394837 3.375 
v 40 0.330428 3.65625 
v 41.3438 0.330428 3.65625 
v 41.625 0.394839 -5 
v 41.3438 0.330429 -3.65625 
v 41.625 0.394838 -3.375 
v 41.3438 0.330428 3.65625 
v 41.625 0.394837 5 
v 41.625 0.394837 3.375 
v 41.625 0.394839 -5 
v 41.3438 0.330429 -5 
v 41.3438 0.330429 -3.65625 
v 41.3438 0.330428 3.65625 
v 41.3438 0.330427 5 
v 41.625 0.394837 5 
v 41.3438 0.330429 -5 
v 41.0625 0.394838 -3.9375 
v 41.3438 0.330429 -3.65625 
v 41.0625 0.394837 3.9375 
v 41.3438 0.330427 5 
v 41.3438 0.330428 3.65625 
v 41.3438 0.330429 -5 
v 41.0625 0.394839 -5 
v 41.0625 0.394838 -3.9375 
v 41.0625 0.394837 3.9375 
v 41.0625 0.394837 5 
v 41.3438 0.330427 5 
v 41.0625 0.394837 3.9375 
v 40 0.330428 3.65625 
v 40 0.394837 3.9375 
v 40 0.330429 -3.65625 
v 41.0625 0.394838 -3.9375 
v 40 0.394838 -3.9375 
v 41.0625 0.394837 3.9375 
v 41.3438 0.330428 3.65625 
v 40 0.330428 3.65625 
v 40 0.330429 -3.65625 
v 41.3438 0.330429 -3.65625 
v 41.0625 0.394838 -3.9375 
v 48.6563 0.330427 5 
v 48.9375 0.394839 -5 
v 48.6563 0.330429 -5 
v 48.9375 0.394837 5 

vn 0.220472 0.976378 0 
vn 0.220472 0.976378 0 
vn 0.220472 0.976378 0 
vn 0.220472 0.976378 0 
vn 0 0.976378 -0.220472 
vn 0 0.976378 -0.220472 
vn 0 0.976378 -0.220472 
vn 0 0.976378 0.220472 
vn 0 0.976378 0.220472 
vn 0 0.976378 0.220472 
vn 0 0.976378 -0.220472 
vn 0 0.976378 -0.220472 
vn 0 0.976378 -0.220472 
vn 0 0.976378 0.220472 
vn 0 0.976378 0.220472 
vn 0 0.976378 0.220472 
vn -0.220472 0.976378 0 
vn -0.220472 0.976378 0 
vn -0.220472 0.976378 0 
vn -0.220472 0.976378 0 
vn -0.220472 0.976378 0 
vn -0.220472 0.976378 0 
vn -0.220472 0.976378 0 
vn -0.220472 0.976378 0 
vn -0.220472 0.976378 0 
vn -0.220472 0.976378 0 
vn -0.220472 0.976378 0 
vn -0.220472 0.976378 0 
vn 0.220472 0.976378 0 
vn 0.220472 0.976378 0 
vn 0.220472 0.976378 0 
vn 0.220472 0.976378 0 
vn 0.220472 0.976378 0 
vn 0.220472 0.976378 0 
vn 0.220472 0.976378 0 
vn 0.220472 0.976378 0 
vn 0.220472 0.976378 0 
vn 0.220472 0.976378 0 
vn 0.220472 0.976378 0 
vn 0.220472 0.976378 0 
vn 0 0.976378 -0.220472 
vn 0 0.976378 -0.220472 
vn 0 0.976378 -0.220472 
vn 0 0.976378 0.220472 
vn 0 0.976378 0.220472 
vn 0 0.976378 0.220472 
vn 0 0.976378 -0.220472 
vn 0 0.976378 -0.220472 
vn 0 0.976378 -0.220472 
vn 0 0.976378 0.220472 
vn 0 0.976378 0.220472 
vn 0 0.976378 0.220472 
vn -0.220472 0.976378 0 
vn -0.220472 0.976378 0 
vn -0.220472 0.976378 0 
vn -0.220472 0.976378 0 

vt 21.375 -22.5117 
vt 22.625 -22.4766 
vt 21.375 -22.4766 
vt 22.625 -22.5117 
vt 21.5781 -23.5586 
vt 21.543 -23.3906 
vt 21.543 -23.5586 
vt 22.4219 -23.5586 
vt 22.457 -23.3906 
vt 22.4219 -23.3555 
vt 21.5781 -23.5586 
vt 21.5781 -23.3555 
vt 21.543 -23.3906 
vt 22.4219 -23.5586 
vt 22.457 -23.5586 
vt 22.457 -23.3906 
vt 21.375 -23.3555 
vt 21.543 -23.3906 
vt 21.5781 -23.3555 
vt 22.457 -23.3906 
vt 22.625 -23.3555 
vt 22.4219 -23.3555 
vt 21.375 -23.3555 
vt 21.375 -23.3906 
vt 21.543 -23.3906 
vt 22.457 -23.3906 
vt 22.625 -23.3906 
vt 22.625 -23.3555 
vt 21.375 -23.3906 
vt 21.5078 -23.4258 
vt 21.543 -23.3906 
vt 22.4922 -23.4258 
vt 22.625 -23.3906 
vt 22.457 -23.3906 
vt 21.375 -23.3906 
vt 21.375 -23.4258 
vt 21.5078 -23.4258 
vt 22.4922 -23.4258 
vt 22.625 -23.4258 
vt 22.625 -23.3906 
vt 22.4922 -23.4258 
vt 22.457 -23.5586 
vt 22.4922 -23.5586 
vt 21.543 -23.5586 
vt 21.5078 -23.4258 
vt 21.5078 -23.5586 
vt 22.4922 -23.4258 
vt 22.457 -23.3906 
vt 22.457 -23.5586 
vt 21.543 -23.5586 
vt 21.543 -23.3906 
vt 21.5078 -23.4258 
vt 22.625 -22.4766 
vt 21.375 -22.4414 
vt 21.375 -22.4766 
vt 22.625 -22.4414 

usemtl Cube0081Mtl

f 855/855/855 856/856/856 857/857/857 
f 855/855/855 858/858/858 856/856/856 
f 859/859/859 860/860/860 861/861/861 
f 862/862/862 863/863/863 864/864/864 
f 865/865/865 866/866/866 867/867/867 
f 868/868/868 869/869/869 870/870/870 
f 871/871/871 872/872/872 873/873/873 
f 874/874/874 875/875/875 876/876/876 
f 877/877/877 878/878/878 879/879/879 
f 880/880/880 881/881/881 882/882/882 
f 883/883/883 884/884/884 885/885/885 
f 886/886/886 887/887/887 888/888/888 
f 889/889/889 890/890/890 891/891/891 
f 892/892/892 893/893/893 894/894/894 
f 895/895/895 896/896/896 897/897/897 
f 898/898/898 899/899/899 900/900/900 
f 901/901/901 902/902/902 903/903/903 
f 904/904/904 905/905/905 906/906/906 
f 907/907/907 908/908/908 909/909/909 
f 907/907/907 910/910/910 908/908/908 

g Cube0163

v 41.625 0.395543 -3.375 
v 40 0.394131 3.375 
v 41.625 0.394131 3.375 
v 41.625 0.394131 3.375 
v 48.375 0.395837 -5 
v 41.625 0.395543 -3.375 
v 41.625 0.395543 -3.375 
v 40 0.395543 -3.375 
v 40 0.394131 3.375 
v 48.375 0.395837 -5 
v 41.625 0.395837 -5 
v 41.625 0.394131 3.375 
v 48.375 0.393837 5 
v 41.625 0.393837 5 

vn 0 1 0 
vn 0 1 0 
vn 0 1 0 
vn 0 1 0 
vn 0 1 0 
vn 0 1 0 
vn 0 1 0 
vn 0 1 0 
vn 0 1 0 
vn 0 1 0 
vn 0 1 0 
vn 0 1 0 
vn 0 1 0 
vn 0 1 0 

vt 11.5781 -3.32031 
vt 12.4219 -3.52344 
vt 12.4219 -3.32031 
vt 12.4219 -3.32031 
vt 11.375 -2.47656 
vt 11.5781 -3.32031 
vt 11.5781 -3.32031 
vt 11.5781 -3.52344 
vt 12.4219 -3.52344 
vt 11.375 -2.47656 
vt 11.375 -3.32031 
vt 12.4219 -3.32031 
vt 12.625 -2.47656 
vt 12.625 -3.32031 

usemtl Cube0081Mtl

f 911/911/911 912/912/912 913/913/913 
f 914/914/914 915/915/915 916/916/916 
f 917/917/917 918/918/918 919/919/919 
f 920/920/920 921/921/921 917/917/917 
f 922/922/922 923/923/923 920/920/920 
f 922/922/922 924/924/924 923/923/923 

g Cube0146

v 48.375 0.395839 40 
v 41.625 0.393839 5 
v 41.625 0.395839 40 
v 48.375 0.393839 5 

vn 0 1 0 
vn 0 1 0 
vn 0 1 0 
vn 0 1 0 

vt 43.8125 -13.4219 
vt 48.1875 -12.5781 
vt 43.8125 -12.5781 
vt 48.1875 -13.4219 

usemtl Cube0081Mtl

f 925/925/925 926/926/926 927/927/927 
f 925/925/925 928/928/928 926/926/926 

g Cube0126

v 40 -0.100471 40 
v 40.5 0.394836 5 
v 40 -0.100472 5 
v 40.5 0.394838 40 
v 49.5 0.394836 5 
v 50 -0.100471 40 
v 50 -0.100472 5 
v 49.5 0.394838 40 
v 40.5 0.394836 5 
v 41.0625 0.394838 40 
v 41.0625 0.394836 5 
v 40.5 0.394838 40 
v 48.9375 0.394838 40 
v 49.5 0.394836 5 
v 48.9375 0.394836 5 
v 49.5 0.394838 40 
v 40 -0.399998 40 
v 40 -0.100472 5 
v 40 -0.4 5 
v 40 -0.100471 40 
v 50 -0.100472 5 
v 50 -0.399998 40 
v 50 -0.4 5 
v 50 -0.100471 40 

vn -0.700787 0.708661 0 
vn -0.700787 0.708661 0 
vn -0.700787 0.708661 0 
vn -0.700787 0.708661 0 
vn 0.700787 0.708661 0 
vn 0.700787 0.708661 0 
vn 0.700787 0.708661 0 
vn 0.700787 0.708661 0 
vn 0 1 0 
vn 0 1 0 
vn 0 1 0 
vn 0 1 0 
vn 0 1 0 
vn 0 1 0 
vn 0 1 0 
vn 0 1 0 
vn -1 0 0 
vn -1 0 0 
vn -1 0 0 
vn -1 0 0 
vn 1 0 0 
vn 1 0 0 
vn 1 0 0 
vn 1 0 0 

vt 33.8125 -22.375 
vt 38.1875 -22.4375 
vt 38.1875 -22.375 
vt 33.8125 -22.4375 
vt 38.1875 -23.5625 
vt 33.8125 -23.625 
vt 38.1875 -23.625 
vt 33.8125 -23.5625 
vt 38.1875 -22.4375 
vt 33.8125 -22.5078 
vt 38.1875 -22.5078 
vt 33.8125 -22.4375 
vt 33.8125 -23.4922 
vt 38.1875 -23.5625 
vt 38.1875 -23.4922 
vt 33.8125 -23.5625 
vt 38.1875 -23.0497 
vt 33.8125 -23.0122 
vt 33.8125 -23.0497 
vt 38.1875 -23.0122 
vt 38.1875 -23.0122 
vt 33.8125 -23.0497 
vt 38.1875 -23.0497 
vt 33.8125 -23.0122 

usemtl Cube0081Mtl

f 929/929/929 930/930/930 931/931/931 
f 929/929/929 932/932/932 930/930/930 
f 933/933/933 934/934/934 935/935/935 
f 933/933/933 936/936/936 934/934/934 
f 937/937/937 938/938/938 939/939/939 
f 937/937/937 940/940/940 938/938/938 
f 941/941/941 942/942/942 943/943/943 
f 941/941/941 944/944/944 942/942/942 
f 945/945/945 946/946/946 947/947/947 
f 945/945/945 948/948/948 946/946/946 
f 949/949/949 950/950/950 951/951/951 
f 949/949/949 952/952/952 950/950/950 

g Cube0116

v 41.3438 0.330428 5 
v 41.625 0.394839 40 
v 41.625 0.394837 5 
v 48.375 0.394839 40 
v 48.6562 0.330428 5 
v 48.375 0.394837 5 
v 41.3438 0.330428 5 
v 41.3438 0.330429 40 
v 41.625 0.394839 40 
v 48.375 0.394839 40 
v 48.6562 0.330429 40 
v 48.6562 0.330428 5 
v 41.0625 0.394837 5 
v 41.3438 0.330429 40 
v 41.3438 0.330428 5 
v 41.0625 0.394839 40 
v 48.6562 0.330429 40 
v 48.9375 0.394837 5 
v 48.6562 0.330428 5 
v 48.9375 0.394839 40 

vn -0.220472 0.976378 0 
vn -0.220472 0.976378 0 
vn -0.220472 0.976378 0 
vn 0.220472 0.976378 0 
vn 0.220472 0.976378 0 
vn 0.220472 0.976378 0 
vn -0.220472 0.976378 0 
vn -0.220472 0.976378 0 
vn -0.220472 0.976378 0 
vn 0.220472 0.976378 0 
vn 0.220472 0.976378 0 
vn 0.220472 0.976378 0 
vn 0.220472 0.976378 0 
vn 0.220472 0.976378 0 
vn 0.220472 0.976378 0 
vn 0.220472 0.976378 0 
vn -0.220472 0.976378 0 
vn -0.220472 0.976378 0 
vn -0.220472 0.976378 0 
vn -0.220472 0.976378 0 

vt 56.1875 -14.543 
vt 51.8125 -14.5781 
vt 56.1875 -14.5781 
vt 51.8125 -15.4219 
vt 56.1875 -15.457 
vt 56.1875 -15.4219 
vt 56.1875 -14.543 
vt 51.8125 -14.543 
vt 51.8125 -14.5781 
vt 51.8125 -15.4219 
vt 51.8125 -15.457 
vt 56.1875 -15.457 
vt 56.1875 -14.5078 
vt 51.8125 -14.543 
vt 56.1875 -14.543 
vt 51.8125 -14.5078 
vt 51.8125 -15.457 
vt 56.1875 -15.4922 
vt 56.1875 -15.457 
vt 51.8125 -15.4922 

usemtl Cube0081Mtl

f 953/953/953 954/954/954 955/955/955 
f 956/956/956 957/957/957 958/958/958 
f 959/959/959 960/960/960 961/961/961 
f 962/962/962 963/963/963 964/964/964 
f 965/965/965 966/966/966 967/967/967 
f 965/965/965 968/968/968 966/966/966 
f 969/969/969 970/970/970 971/971/971 
f 969/969/969 972/972/972 970/970/970 

g Cube0147

v 20 0.395839 3.375 
v 40 0.393839 -3.375 
v 20 0.395839 -3.375 
v 40 0.393839 3.375 

vn 0 1 0 
vn 0 1 0 
vn 0 1 0 
vn 0 1 0 

vt 20.75 -39.4219 
vt 23.25 -38.5781 
vt 20.75 -38.5781 
vt 23.25 -39.4219 

usemtl Cube0081Mtl

f 973/973/973 974/974/974 975/975/975 
f 973/973/973 976/976/976 974/974/974 

g Cube0127

v 20 -0.100471 -5 
v 40 0.394836 -4.5 
v 40 -0.100472 -5 
v 20 0.394838 -4.5 
v 40 0.394836 4.5 
v 20 -0.100471 5 
v 40 -0.100472 5 
v 20 0.394838 4.5 
v 40 0.394836 -4.5 
v 20 0.394838 -3.9375 
v 40 0.394836 -3.9375 
v 20 0.394838 -4.5 
v 20 0.394838 3.9375 
v 40 0.394836 4.5 
v 40 0.394836 3.9375 
v 20 0.394838 4.5 
v 20 -0.399998 -5 
v 40 -0.100472 -5 
v 40 -0.4 -5 
v 20 -0.100471 -5 
v 40 -0.100472 5 
v 20 -0.399998 5 
v 40 -0.4 5 
v 20 -0.100471 5 

vn 0 0.708661 -0.700787 
vn 0 0.708661 -0.700787 
vn 0 0.708661 -0.700787 
vn 0 0.708661 -0.700787 
vn 0 0.708661 0.700787 
vn 0 0.708661 0.700787 
vn 0 0.708661 0.700787 
vn 0 0.708661 0.700787 
vn 0 1 0 
vn 0 1 0 
vn 0 1 0 
vn 0 1 0 
vn 0 1 0 
vn 0 1 0 
vn 0 1 0 
vn 0 1 0 
vn 0 0 -1 
vn 0 0 -1 
vn 0 0 -1 
vn 0 0 -1 
vn 0 0 1 
vn 0 0 1 
vn 0 0 1 
vn 0 0 1 

vt 2.75 -20.375 
vt 5.25 -20.4375 
vt 5.25 -20.375 
vt 2.75 -20.4375 
vt 5.25 -21.5625 
vt 2.75 -21.625 
vt 5.25 -21.625 
vt 2.75 -21.5625 
vt 5.25 -20.4375 
vt 2.75 -20.5078 
vt 5.25 -20.5078 
vt 2.75 -20.4375 
vt 2.75 -21.4922 
vt 5.25 -21.5625 
vt 5.25 -21.4922 
vt 2.75 -21.5625 
vt 5.25 -21.0497 
vt 2.75 -21.0122 
vt 2.75 -21.0497 
vt 5.25 -21.0122 
vt 5.25 -21.0122 
vt 2.75 -21.0497 
vt 5.25 -21.0497 
vt 2.75 -21.0122 

usemtl Cube0081Mtl

f 977/977/977 978/978/978 979/979/979 
f 977/977/977 980/980/980 978/978/978 
f 981/981/981 982/982/982 983/983/983 
f 981/981/981 984/984/984 982/982/982 
f 985/985/985 986/986/986 987/987/987 
f 985/985/985 988/988/988 986/986/986 
f 989/989/989 990/990/990 991/991/991 
f 989/989/989 992/992/992 990/990/990 
f 993/993/993 994/994/994 995/995/995 
f 993/993/993 996/996/996 994/994/994 
f 997/997/997 998/998/998 999/999/999 
f 997/997/997 1000/1000/1000 998/998/998 

g Cube0117

v 40 0.330428 -3.65625 
v 20 0.394839 -3.375 
v 40 0.394837 -3.375 
v 20 0.394839 3.375 
v 40 0.330428 3.65625 
v 40 0.394837 3.375 
v 40 0.330428 -3.65625 
v 20 0.330429 -3.65625 
v 20 0.394839 -3.375 
v 20 0.394839 3.375 
v 20 0.330429 3.65625 
v 40 0.330428 3.65625 
v 40 0.394837 -3.9375 
v 20 0.330429 -3.65625 
v 40 0.330428 -3.65625 
v 20 0.394839 -3.9375 
v 20 0.330429 3.65625 
v 40 0.394837 3.9375 
v 40 0.330428 3.65625 
v 20 0.394839 3.9375 

vn 0 0.976378 -0.220472 
vn 0 0.976378 -0.220472 
vn 0 0.976378 -0.220472 
vn 0 0.976378 0.220472 
vn 0 0.976378 0.220472 
vn 0 0.976378 0.220472 
vn 0 0.976378 -0.220472 
vn 0 0.976378 -0.220472 
vn 0 0.976378 -0.220472 
vn 0 0.976378 0.220472 
vn 0 0.976378 0.220472 
vn 0 0.976378 0.220472 
vn 0 0.976378 0.220472 
vn 0 0.976378 0.220472 
vn 0 0.976378 0.220472 
vn 0 0.976378 0.220472 
vn 0 0.976378 -0.220472 
vn 0 0.976378 -0.220472 
vn 0 0.976378 -0.220472 
vn 0 0.976378 -0.220472 

vt 55.25 -20.543 
vt 52.75 -20.5781 
vt 55.25 -20.5781 
vt 52.75 -21.4219 
vt 55.25 -21.457 
vt 55.25 -21.4219 
vt 55.25 -20.543 
vt 52.75 -20.543 
vt 52.75 -20.5781 
vt 52.75 -21.4219 
vt 52.75 -21.457 
vt 55.25 -21.457 
vt 55.25 -20.5078 
vt 52.75 -20.543 
vt 55.25 -20.543 
vt 52.75 -20.5078 
vt 52.75 -21.457 
vt 55.25 -21.4922 
vt 55.25 -21.457 
vt 52.75 -21.4922 

usemtl Cube0081Mtl

f 1001/1001/1001 1002/1002/1002 1003/1003/1003 
f 1004/1004/1004 1005/1005/1005 1006/1006/1006 
f 1007/1007/1007 1008/1008/1008 1009/1009/1009 
f 1010/1010/1010 1011/1011/1011 1012/1012/1012 
f 1013/1013/1013 1014/1014/1014 1015/1015/1015 
f 1013/1013/1013 1016/1016/1016 1014/1014/1014 
f 1017/1017/1017 1018/1018/1018 1019/1019/1019 
f 1017/1017/1017 1020/1020/1020 1018/1018/1018 

g Cube0148

v -20 0.395839 -3.375 
v -40 0.393839 3.375 
v -20 0.395839 3.375 
v -40 0.393839 -3.375 

vn 0 1 0 
vn 0 1 0 
vn 0 1 0 
vn 0 1 0 

vt 34.75 -41.4219 
vt 37.25 -40.5781 
vt 34.75 -40.5781 
vt 37.25 -41.4219 

usemtl Cube0081Mtl

f 1021/1021/1021 1022/1022/1022 1023/1023/1023 
f 1021/1021/1021 1024/1024/1024 1022/1022/1022 

g Cube0128

v -20 -0.100471 5 
v -40 0.394836 4.5 
v -40 -0.100472 5 
v -20 0.394838 4.5 
v -40 0.394836 -4.5 
v -20 -0.100471 -5 
v -40 -0.100472 -5 
v -20 0.394838 -4.5 
v -40 0.394836 4.5 
v -20 0.394838 3.9375 
v -40 0.394836 3.9375 
v -20 0.394838 4.5 
v -20 0.394838 -3.9375 
v -40 0.394836 -4.5 
v -40 0.394836 -3.9375 
v -20 0.394838 -4.5 
v -20 -0.399998 5 
v -40 -0.100472 5 
v -40 -0.4 5 
v -20 -0.100471 5 
v -40 -0.100472 -5 
v -20 -0.399998 -5 
v -40 -0.4 -5 
v -20 -0.100471 -5 

vn 0 0.708661 0.700787 
vn 0 0.708661 0.700787 
vn 0 0.708661 0.700787 
vn 0 0.708661 0.700787 
vn 0 0.708661 -0.700787 
vn 0 0.708661 -0.700787 
vn 0 0.708661 -0.700787 
vn 0 0.708661 -0.700787 
vn 0 1 0 
vn 0 1 0 
vn 0 1 0 
vn 0 1 0 
vn 0 1 0 
vn 0 1 0 
vn 0 1 0 
vn 0 1 0 
vn 0 0 1 
vn 0 0 1 
vn 0 0 1 
vn 0 0 1 
vn 0 0 -1 
vn 0 0 -1 
vn 0 0 -1 
vn 0 0 -1 

vt 24.75 -28.375 
vt 27.25 -28.4375 
vt 27.25 -28.375 
vt 24.75 -28.4375 
vt 27.25 -29.5625 
vt 24.75 -29.625 
vt 27.25 -29.625 
vt 24.75 -29.5625 
vt 27.25 -28.4375 
vt 24.75 -28.5078 
vt 27.25 -28.5078 
vt 24.75 -28.4375 
vt 24.75 -29.4922 
vt 27.25 -29.5625 
vt 27.25 -29.4922 
vt 24.75 -29.5625 
vt 27.25 -29.0497 
vt 24.75 -29.0122 
vt 24.75 -29.0497 
vt 27.25 -29.0122 
vt 27.25 -29.0122 
vt 24.75 -29.0497 
vt 27.25 -29.0497 
vt 24.75 -29.0122 

usemtl Cube0081Mtl

f 1025/1025/1025 1026/1026/1026 1027/1027/1027 
f 1025/1025/1025 1028/1028/1028 1026/1026/1026 
f 1029/1029/1029 1030/1030/1030 1031/1031/1031 
f 1029/1029/1029 1032/1032/1032 1030/1030/1030 
f 1033/1033/1033 1034/1034/1034 1035/1035/1035 
f 1033/1033/1033 1036/1036/1036 1034/1034/1034 
f 1037/1037/1037 1038/1038/1038 1039/1039/1039 
f 1037/1037/1037 1040/1040/1040 1038/1038/1038 
f 1041/1041/1041 1042/1042/1042 1043/1043/1043 
f 1041/1041/1041 1044/1044/1044 1042/1042/1042 
f 1045/1045/1045 1046/1046/1046 1047/1047/1047 
f 1045/1045/1045 1048/1048/1048 1046/1046/1046 

g Cube0118

v -40 0.330428 3.65625 
v -20 0.394839 3.375 
v -40 0.394837 3.375 
v -20 0.394839 -3.375 
v -40 0.330428 -3.65625 
v -40 0.394837 -3.375 
v -40 0.330428 3.65625 
v -20 0.330429 3.65625 
v -20 0.394839 3.375 
v -20 0.394839 -3.375 
v -20 0.330429 -3.65625 
v -40 0.330428 -3.65625 
v -40 0.394837 3.9375 
v -20 0.330429 3.65625 
v -40 0.330428 3.65625 
v -20 0.394839 3.9375 
v -20 0.330429 -3.65625 
v -40 0.394837 -3.9375 
v -40 0.330428 -3.65625 
v -20 0.394839 -3.9375 

vn 0 0.976378 0.220472 
vn 0 0.976378 0.220472 
vn 0 0.976378 0.220472 
vn 0 0.976378 -0.220472 
vn 0 0.976378 -0.220472 
vn 0 0.976378 -0.220472 
vn 0 0.976378 0.220472 
vn 0 0.976378 0.220472 
vn 0 0.976378 0.220472 
vn 0 0.976378 -0.220472 
vn 0 0.976378 -0.220472 
vn 0 0.976378 -0.220472 
vn 0 0.976378 -0.220472 
vn 0 0.976378 -0.220472 
vn 0 0.976378 -0.220472 
vn 0 0.976378 -0.220472 
vn 0 0.976378 0.220472 
vn 0 0.976378 0.220472 
vn 0 0.976378 0.220472 
vn 0 0.976378 0.220472 

vt 1.25 -40.543 
vt -1.25 -40.5781 
vt 1.25 -40.5781 
vt -1.25 -41.4219 
vt 1.25 -41.457 
vt 1.25 -41.4219 
vt 1.25 -40.543 
vt -1.25 -40.543 
vt -1.25 -40.5781 
vt -1.25 -41.4219 
vt -1.25 -41.457 
vt 1.25 -41.457 
vt 1.25 -40.5078 
vt -1.25 -40.543 
vt 1.25 -40.543 
vt -1.25 -40.5078 
vt -1.25 -41.457 
vt 1.25 -41.4922 
vt 1.25 -41.457 
vt -1.25 -41.4922 

usemtl Cube0081Mtl

f 1049/1049/1049 1050/1050/1050 1051/1051/1051 
f 1052/1052/1052 1053/1053/1053 1054/1054/1054 
f 1055/1055/1055 1056/1056/1056 1057/1057/1057 
f 1058/1058/1058 1059/1059/1059 1060/1060/1060 
f 1061/1061/1061 1062/1062/1062 1063/1063/1063 
f 1061/1061/1061 1064/1064/1064 1062/1062/1062 
f 1065/1065/1065 1066/1066/1066 1067/1067/1067 
f 1065/1065/1065 1068/1068/1068 1066/1066/1066 

g Cube0149

v -41.625 0.395839 40 
v -48.375 0.393839 5 
v -48.375 0.395839 40 
v -41.625 0.393839 5 

vn 0 1 0 
vn 0 1 0 
vn 0 1 0 
vn 0 1 0 

vt 33.8125 -9.42188 
vt 38.1875 -8.57812 
vt 33.8125 -8.57812 
vt 38.1875 -9.42188 

usemtl Cube0081Mtl

f 1069/1069/1069 1070/1070/1070 1071/1071/1071 
f 1069/1069/1069 1072/1072/1072 1070/1070/1070 

g Cube0129

v -50 -0.100471 40 
v -49.5 0.394836 5 
v -50 -0.100472 5 
v -49.5 0.394838 40 
v -40.5 0.394836 5 
v -40 -0.100471 40 
v -40 -0.100472 5 
v -40.5 0.394838 40 
v -49.5 0.394836 5 
v -48.9375 0.394838 40 
v -48.9375 0.394836 5 
v -49.5 0.394838 40 
v -41.0625 0.394838 40 
v -40.5 0.394836 5 
v -41.0625 0.394836 5 
v -40.5 0.394838 40 
v -50 -0.399998 40 
v -50 -0.100472 5 
v -50 -0.4 5 
v -50 -0.100471 40 
v -40 -0.100472 5 
v -40 -0.399998 40 
v -40 -0.4 5 
v -40 -0.100471 40 

vn -0.700787 0.708661 0 
vn -0.700787 0.708661 0 
vn -0.700787 0.708661 0 
vn -0.700787 0.708661 0 
vn 0.700787 0.708661 0 
vn 0.700787 0.708661 0 
vn 0.700787 0.708661 0 
vn 0.700787 0.708661 0 
vn 0 1 0 
vn 0 1 0 
vn 0 1 0 
vn 0 1 0 
vn 0 1 0 
vn 0 1 0 
vn 0 1 0 
vn 0 1 0 
vn -1 0 0 
vn -1 0 0 
vn -1 0 0 
vn -1 0 0 
vn 1 0 0 
vn 1 0 0 
vn 1 0 0 
vn 1 0 0 

vt 41.8125 1.625 
vt 46.1875 1.5625 
vt 46.1875 1.625 
vt 41.8125 1.5625 
vt 46.1875 0.4375 
vt 41.8125 0.375 
vt 46.1875 0.375 
vt 41.8125 0.4375 
vt 46.1875 1.5625 
vt 41.8125 1.49219 
vt 46.1875 1.49219 
vt 41.8125 1.5625 
vt 41.8125 0.507812 
vt 46.1875 0.4375 
vt 46.1875 0.507812 
vt 41.8125 0.4375 
vt 46.1875 0.950323 
vt 41.8125 0.987764 
vt 41.8125 0.950323 
vt 46.1875 0.987764 
vt 46.1875 0.987764 
vt 41.8125 0.950323 
vt 46.1875 0.950323 
vt 41.8125 0.987764 

usemtl Cube0081Mtl

f 1073/1073/1073 1074/1074/1074 1075/1075/1075 
f 1073/1073/1073 1076/1076/1076 1074/1074/1074 
f 1077/1077/1077 1078/1078/1078 1079/1079/1079 
f 1077/1077/1077 1080/1080/1080 1078/1078/1078 
f 1081/1081/1081 1082/1082/1082 1083/1083/1083 
f 1081/1081/1081 1084/1084/1084 1082/1082/1082 
f 1085/1085/1085 1086/1086/1086 1087/1087/1087 
f 1085/1085/1085 1088/1088/1088 1086/1086/1086 
f 1089/1089/1089 1090/1090/1090 1091/1091/1091 
f 1089/1089/1089 1092/1092/1092 1090/1090/1090 
f 1093/1093/1093 1094/1094/1094 1095/1095/1095 
f 1093/1093/1093 1096/1096/1096 1094/1094/1094 

g Cube0119

v -48.6562 0.330427 5 
v -48.375 0.394838 40 
v -48.375 0.394837 5 
v -41.625 0.394838 40 
v -41.3438 0.330427 5 
v -41.625 0.394837 5 
v -48.6562 0.330427 5 
v -48.6562 0.330429 40 
v -48.375 0.394838 40 
v -41.625 0.394838 40 
v -41.3438 0.330429 40 
v -41.3438 0.330427 5 
v -48.9375 0.394837 5 
v -48.6562 0.330429 40 
v -48.6562 0.330427 5 
v -48.9375 0.394838 40 
v -41.3438 0.330429 40 
v -41.0625 0.394837 5 
v -41.3438 0.330427 5 
v -41.0625 0.394838 40 

vn -0.220472 0.976378 0 
vn -0.220472 0.976378 0 
vn -0.220472 0.976378 0 
vn 0.220472 0.976378 0 
vn 0.220472 0.976378 0 
vn 0.220472 0.976378 0 
vn -0.220472 0.976378 0 
vn -0.220472 0.976378 0 
vn -0.220472 0.976378 0 
vn 0.220472 0.976378 0 
vn 0.220472 0.976378 0 
vn 0.220472 0.976378 0 
vn 0.220472 0.976378 0 
vn 0.220472 0.976378 0 
vn 0.220472 0.976378 0 
vn 0.220472 0.976378 0 
vn -0.220472 0.976378 0 
vn -0.220472 0.976378 0 
vn -0.220472 0.976378 0 
vn -0.220472 0.976378 0 

vt 36.1875 -44.543 
vt 31.8125 -44.5781 
vt 36.1875 -44.5781 
vt 31.8125 -45.4219 
vt 36.1875 -45.457 
vt 36.1875 -45.4219 
vt 36.1875 -44.543 
vt 31.8125 -44.543 
vt 31.8125 -44.5781 
vt 31.8125 -45.4219 
vt 31.8125 -45.457 
vt 36.1875 -45.457 
vt 36.1875 -44.5078 
vt 31.8125 -44.543 
vt 36.1875 -44.543 
vt 31.8125 -44.5078 
vt 31.8125 -45.457 
vt 36.1875 -45.4922 
vt 36.1875 -45.457 
vt 31.8125 -45.4922 

usemtl Cube0081Mtl

f 1097/1097/1097 1098/1098/1098 1099/1099/1099 
f 1100/1100/1100 1101/1101/1101 1102/1102/1102 
f 1103/1103/1103 1104/1104/1104 1105/1105/1105 
f 1106/1106/1106 1107/1107/1107 1108/1108/1108 
f 1109/1109/1109 1110/1110/1110 1111/1111/1111 
f 1109/1109/1109 1112/1112/1112 1110/1110/1110 
f 1113/1113/1113 1114/1114/1114 1115/1115/1115 
f 1113/1113/1113 1116/1116/1116 1114/1114/1114 

g Cube0083

v 45.0322 -0.100472 48.652 
v 40 -0.4 50 
v 45.0322 -0.4 48.652 
v 45.0322 -0.100472 48.652 
v 40 -0.100472 50 
v 40 -0.4 50 
v 48.652 -0.10047 45.0322 
v 45.0322 -0.4 48.652 
v 48.652 -0.399998 45.0322 
v 40.4245 0.394836 40.2827 
v 40 -0.100472 40 
v 40.2827 0.394836 40.4245 
v 40.5 0.394836 40 
v 40 -0.100472 40 
v 40.4245 0.394836 40.2827 
v 40.2827 0.394836 40.4245 
v 40 -0.100472 40 
v 40 0.394836 40.5 
v 50 -0.100471 40 
v 48.219 0.394838 44.7822 
v 48.652 -0.10047 45.0322 
v 44.7822 0.394837 48.219 
v 40 -0.100472 50 
v 45.0322 -0.100472 48.652 
v 50 -0.100471 40 
v 49.5 0.394838 40 
v 48.219 0.394838 44.7822 
v 44.7822 0.394837 48.219 
v 40 0.394836 49.5 
v 40 -0.100472 50 
v 48.652 -0.10047 45.0322 
v 44.7822 0.394837 48.219 
v 45.0322 -0.100472 48.652 
v 48.652 -0.10047 45.0322 
v 48.219 0.394838 44.7822 
v 44.7822 0.394837 48.219 
v 44.501 0.394837 47.7319 
v 44.7822 0.394837 48.219 
v 48.219 0.394838 44.7822 
v 40.4245 0.394836 40.2827 
v 40.2827 0.394836 40.4245 
v 40.5639 0.394836 40.9117 
v 44.501 0.394837 47.7319 
v 40 0.394836 48.9375 
v 40 0.394836 49.5 
v 48.219 0.394838 44.7822 
v 49.5 0.394838 40 
v 47.7319 0.394838 44.501 
v 49.5 0.394838 40 
v 48.9375 0.394838 40 
v 47.7319 0.394838 44.501 
v 44.501 0.394837 47.7319 
v 40 0.394836 49.5 
v 44.7822 0.394837 48.219 
v 48.219 0.394838 44.7822 
v 47.7319 0.394838 44.501 
v 44.501 0.394837 47.7319 
v 40.2827 0.394836 40.4245 
v 40 0.394836 40.5 
v 40 0.394836 41.0625 
v 40 0.394836 41.0625 
v 40.5639 0.394836 40.9117 
v 40.2827 0.394836 40.4245 
v 40.5639 0.394836 40.9117 
v 40.9117 0.394836 40.5639 
v 40.4245 0.394836 40.2827 
v 40.9117 0.394836 40.5639 
v 41.0625 0.394836 40 
v 40.4245 0.394836 40.2827 
v 41.0625 0.394836 40 
v 40.5 0.394836 40 
v 40.4245 0.394836 40.2827 
v 50 -0.100471 40 
v 48.652 -0.399998 45.0322 
v 50 -0.399998 40 
v 50 -0.100471 40 
v 48.652 -0.10047 45.0322 
v 48.652 -0.399998 45.0322 
v 48.652 -0.10047 45.0322 
v 45.0322 -0.100472 48.652 
v 45.0322 -0.4 48.652 

vn 0.259843 0 0.968504 
vn 0.259843 0 0.968504 
vn 0.259843 0 0.968504 
vn 0.259843 0 0.968504 
vn 0.259843 0 0.968504 
vn 0.259843 0 0.968504 
vn 0.708661 0 0.708661 
vn 0.708661 0 0.708661 
vn 0.708661 0 0.708661 
vn -0.496063 0.708661 -0.496063 
vn -0.496063 0.708661 -0.496063 
vn -0.496063 0.708661 -0.496063 
vn -0.692913 0.700787 -0.181102 
vn -0.692913 0.700787 -0.181102 
vn -0.692913 0.700787 -0.181102 
vn -0.181102 0.700787 -0.692913 
vn -0.181102 0.700787 -0.692913 
vn -0.181102 0.700787 -0.692913 
vn 0.692913 0.700787 0.188976 
vn 0.692913 0.700787 0.188976 
vn 0.692913 0.700787 0.188976 
vn 0.188976 0.700787 0.692913 
vn 0.188976 0.700787 0.692913 
vn 0.188976 0.700787 0.692913 
vn 0.692913 0.700787 0.188976 
vn 0.692913 0.700787 0.188976 
vn 0.692913 0.700787 0.188976 
vn 0.188976 0.700787 0.692913 
vn 0.188976 0.700787 0.692913 
vn 0.188976 0.700787 0.692913 
vn 0.503937 0.700787 0.503937 
vn 0.503937 0.700787 0.503937 
vn 0.503937 0.700787 0.503937 
vn 0.503937 0.700787 0.503937 
vn 0.503937 0.700787 0.503937 
vn 0.503937 0.700787 0.503937 
vn 0 1 0 
vn 0 1 0 
vn 0 1 0 
vn 0 1 0 
vn 0 1 0 
vn 0 1 0 
vn 0 1 0 
vn 0 1 0 
vn 0 1 0 
vn 0 1 0 
vn 0 1 0 
vn 0 1 0 
vn 0 1 0 
vn 0 1 0 
vn 0 1 0 
vn 0 1 0 
vn 0 1 0 
vn 0 1 0 
vn 0 1 0 
vn 0 1 0 
vn 0 1 0 
vn 0 1 0 
vn 0 1 0 
vn 0 1 0 
vn 0 1 0 
vn 0 1 0 
vn 0 1 0 
vn 0 1 0 
vn 0 1 0 
vn 0 1 0 
vn 0 1 0 
vn 0 1 0 
vn 0 1 0 
vn 0 1 0 
vn 0 1 0 
vn 0 1 0 
vn 0.968504 0 0.259843 
vn 0.968504 0 0.259843 
vn 0.968504 0 0.259843 
vn 0.968504 0 0.259843 
vn 0.968504 0 0.259843 
vn 0.968504 0 0.259843 
vn 0.708661 0 0.708661 
vn 0.708661 0 0.708661 
vn 0.708661 0 0.708661 

vt 40.004 -61.0122 
vt 39.375 -61.0497 
vt 40.004 -61.0497 
vt 40.004 -61.0122 
vt 39.375 -61.0122 
vt 39.375 -61.0497 
vt 40.4565 -61.0122 
vt 40.004 -61.0497 
vt 40.4565 -61.0497 
vt 40.5897 -60.4281 
vt 40.625 -60.375 
vt 40.5719 -60.4103 
vt 40.625 -60.4375 
vt 40.625 -60.375 
vt 40.5897 -60.4281 
vt 40.5719 -60.4103 
vt 40.625 -60.375 
vt 40.5625 -60.375 
vt 40.625 -61.625 
vt 40.0272 -61.4024 
vt 39.996 -61.4565 
vt 39.5976 -60.9728 
vt 39.375 -60.375 
vt 39.5435 -61.004 
vt 40.625 -61.625 
vt 40.625 -61.5625 
vt 40.0272 -61.4024 
vt 39.5976 -60.9728 
vt 39.4375 -60.375 
vt 39.375 -60.375 
vt 39.996 -61.4565 
vt 39.5976 -60.9728 
vt 39.5435 -61.004 
vt 39.996 -61.4565 
vt 40.0272 -61.4024 
vt 39.5976 -60.9728 
vt 39.6585 -60.9376 
vt 39.5976 -60.9728 
vt 40.0272 -61.4024 
vt 40.5897 -60.4281 
vt 40.5719 -60.4103 
vt 40.511 -60.4455 
vt 39.6585 -60.9376 
vt 39.5078 -60.375 
vt 39.4375 -60.375 
vt 40.0272 -61.4024 
vt 40.625 -61.5625 
vt 40.0624 -61.3415 
vt 40.625 -61.5625 
vt 40.625 -61.4922 
vt 40.0624 -61.3415 
vt 39.6585 -60.9376 
vt 39.4375 -60.375 
vt 39.5976 -60.9728 
vt 40.0272 -61.4024 
vt 40.0624 -61.3415 
vt 39.6585 -60.9376 
vt 40.5719 -60.4103 
vt 40.5625 -60.375 
vt 40.4922 -60.375 
vt 40.4922 -60.375 
vt 40.511 -60.4455 
vt 40.5719 -60.4103 
vt 40.511 -60.4455 
vt 40.5545 -60.489 
vt 40.5897 -60.4281 
vt 40.5545 -60.489 
vt 40.625 -60.5078 
vt 40.5897 -60.4281 
vt 40.625 -60.5078 
vt 40.625 -60.4375 
vt 40.5897 -60.4281 
vt 40.625 -61.0122 
vt 39.996 -61.0497 
vt 40.625 -61.0497 
vt 40.625 -61.0122 
vt 39.996 -61.0122 
vt 39.996 -61.0497 
vt 39.996 -61.0122 
vt 39.5435 -61.0122 
vt 39.5435 -61.0497 

usemtl Cube0081Mtl

f 1117/1117/1117 1118/1118/1118 1119/1119/1119 
f 1120/1120/1120 1121/1121/1121 1122/1122/1122 
f 1123/1123/1123 1124/1124/1124 1125/1125/1125 
f 1126/1126/1126 1127/1127/1127 1128/1128/1128 
f 1129/1129/1129 1130/1130/1130 1131/1131/1131 
f 1132/1132/1132 1133/1133/1133 1134/1134/1134 
f 1135/1135/1135 1136/1136/1136 1137/1137/1137 
f 1138/1138/1138 1139/1139/1139 1140/1140/1140 
f 1141/1141/1141 1142/1142/1142 1143/1143/1143 
f 1144/1144/1144 1145/1145/1145 1146/1146/1146 
f 1147/1147/1147 1148/1148/1148 1149/1149/1149 
f 1150/1150/1150 1151/1151/1151 1152/1152/1152 
f 1153/1153/1153 1154/1154/1154 1155/1155/1155 
f 1156/1156/1156 1157/1157/1157 1158/1158/1158 
f 1159/1159/1159 1160/1160/1160 1161/1161/1161 
f 1162/1162/1162 1163/1163/1163 1164/1164/1164 
f 1165/1165/1165 1166/1166/1166 1167/1167/1167 
f 1168/1168/1168 1169/1169/1169 1170/1170/1170 
f 1171/1171/1171 1172/1172/1172 1173/1173/1173 
f 1174/1174/1174 1175/1175/1175 1176/1176/1176 
f 1177/1177/1177 1178/1178/1178 1179/1179/1179 
f 1180/1180/1180 1181/1181/1181 1182/1182/1182 
f 1183/1183/1183 1184/1184/1184 1185/1185/1185 
f 1186/1186/1186 1187/1187/1187 1188/1188/1188 
f 1189/1189/1189 1190/1190/1190 1191/1191/1191 
f 1192/1192/1192 1193/1193/1193 1194/1194/1194 
f 1195/1195/1195 1196/1196/1196 1197/1197/1197 

g Cube0063

v 47.2447 0.395837 44.2197 
v 48.375 0.395649 40 
v 41.3988 0.394212 40.8451 
v 48.375 0.395649 40 
v 41.625 0.394212 40 
v 41.3988 0.394212 40.8451 
v 41.3988 0.394212 40.8451 
v 40.8451 0.393837 41.3988 
v 44.2197 0.394275 47.2447 
v 44.2197 0.394275 47.2447 
v 47.2447 0.395837 44.2197 
v 41.3988 0.394212 40.8451 
v 40 0.3939 48.375 
v 44.2197 0.394275 47.2447 
v 40.8451 0.393837 41.3988 
v 40.8451 0.393837 41.3988 
v 40 0.3939 41.625 
v 40 0.3939 48.375 

vn 0 1 0 
vn 0 1 0 
vn 0 1 0 
vn 0 1 0 
vn 0 1 0 
vn 0 1 0 
vn 0 1 0 
vn 0 1 0 
vn 0 1 0 
vn 0 1 0 
vn 0 1 0 
vn 0 1 0 
vn 0 1 0 
vn 0 1 0 
vn 0 1 0 
vn 0 1 0 
vn 0 1 0 
vn 0 1 0 

vt 61.996 -47.3821 
vt 62.5234 -47.5234 
vt 62.4178 -46.6514 
vt 62.5234 -47.5234 
vt 62.5234 -46.6797 
vt 62.4178 -46.6514 
vt 62.4178 -46.6514 
vt 62.3486 -46.5822 
vt 61.6179 -47.004 
vt 61.6179 -47.004 
vt 61.996 -47.3821 
vt 62.4178 -46.6514 
vt 61.4766 -46.4766 
vt 61.6179 -47.004 
vt 62.3486 -46.5822 
vt 62.3486 -46.5822 
vt 62.3203 -46.4766 
vt 61.4766 -46.4766 

usemtl Cube0081Mtl

f 1198/1198/1198 1199/1199/1199 1200/1200/1200 
f 1201/1201/1201 1202/1202/1202 1203/1203/1203 
f 1204/1204/1204 1205/1205/1205 1206/1206/1206 
f 1207/1207/1207 1208/1208/1208 1209/1209/1209 
f 1210/1210/1210 1211/1211/1211 1212/1212/1212 
f 1213/1213/1213 1214/1214/1214 1215/1215/1215 

g Cube0013

v 48.6563 0.330427 40 
v 47.2447 0.394836 44.2197 
v 47.4883 0.330427 44.3604 
v 44.2198 0.394835 47.2447 
v 40 0.330426 48.6563 
v 44.3604 0.330426 47.4883 
v 48.6563 0.330427 40 
v 48.375 0.394836 40 
v 47.2447 0.394836 44.2197 
v 44.2198 0.394835 47.2447 
v 40 0.394835 48.375 
v 40 0.330426 48.6563 
v 47.2447 0.394836 44.2197 
v 44.3604 0.330426 47.4883 
v 47.4883 0.330427 44.3604 
v 47.2447 0.394836 44.2197 
v 44.2198 0.394835 47.2447 
v 44.3604 0.330426 47.4883 
v 41.1553 0.330426 40.7045 
v 40.8451 0.394835 41.3988 
v 41.3988 0.394835 40.8451 
v 41.1553 0.330426 40.7045 
v 40.7045 0.330426 41.1553 
v 40.8451 0.394835 41.3988 
v 41.625 0.394835 40 
v 41.1553 0.330426 40.7045 
v 41.3988 0.394835 40.8451 
v 40.7045 0.330426 41.1553 
v 40 0.394835 41.625 
v 40.8451 0.394835 41.3988 
v 41.625 0.394835 40 
v 41.3438 0.330426 40 
v 41.1553 0.330426 40.7045 
v 40.7045 0.330426 41.1553 
v 40 0.330426 41.3438 
v 40 0.394835 41.625 
v 41.3438 0.330426 40 
v 40.9117 0.394835 40.5639 
v 41.1553 0.330426 40.7045 
v 40.5639 0.394835 40.9117 
v 40 0.330426 41.3438 
v 40.7045 0.330426 41.1553 
v 41.3438 0.330426 40 
v 41.0625 0.394835 40 
v 40.9117 0.394835 40.5639 
v 40.5639 0.394835 40.9117 
v 40 0.394835 41.0625 
v 40 0.330426 41.3438 
v 41.1553 0.330426 40.7045 
v 40.5639 0.394835 40.9117 
v 40.7045 0.330426 41.1553 
v 41.1553 0.330426 40.7045 
v 40.9117 0.394835 40.5639 
v 40.5639 0.394835 40.9117 
v 47.7319 0.394837 44.501 
v 44.3604 0.330426 47.4883 
v 44.501 0.394835 47.7319 
v 47.7319 0.394837 44.501 
v 47.4883 0.330427 44.3604 
v 44.3604 0.330426 47.4883 
v 48.9375 0.394836 40 
v 47.4883 0.330427 44.3604 
v 47.7319 0.394837 44.501 
v 44.3604 0.330426 47.4883 
v 40 0.394835 48.9375 
v 44.501 0.394835 47.7319 
v 48.9375 0.394836 40 
v 48.6563 0.330427 40 
v 47.4883 0.330427 44.3604 
v 44.3604 0.330426 47.4883 
v 40 0.330426 48.6563 
v 40 0.394835 48.9375 

vn 0.220472 0.976378 0.0629921 
vn 0.220472 0.976378 0.0629921 
vn 0.220472 0.976378 0.0629921 
vn 0.0629921 0.976378 0.220472 
vn 0.0629921 0.976378 0.220472 
vn 0.0629921 0.976378 0.220472 
vn 0.220472 0.976378 0.0629921 
vn 0.220472 0.976378 0.0629921 
vn 0.220472 0.976378 0.0629921 
vn 0.0629921 0.976378 0.220472 
vn 0.0629921 0.976378 0.220472 
vn 0.0629921 0.976378 0.220472 
vn 0.165354 0.976378 0.165354 
vn 0.165354 0.976378 0.165354 
vn 0.165354 0.976378 0.165354 
vn 0.165354 0.976378 0.165354 
vn 0.165354 0.976378 0.165354 
vn 0.165354 0.976378 0.165354 
vn -0.165354 0.976378 -0.165354 
vn -0.165354 0.976378 -0.165354 
vn -0.165354 0.976378 -0.165354 
vn -0.165354 0.976378 -0.165354 
vn -0.165354 0.976378 -0.165354 
vn -0.165354 0.976378 -0.165354 
vn -0.220472 0.976378 -0.0629921 
vn -0.220472 0.976378 -0.0629921 
vn -0.220472 0.976378 -0.0629921 
vn -0.0629921 0.976378 -0.220472 
vn -0.0629921 0.976378 -0.220472 
vn -0.0629921 0.976378 -0.220472 
vn -0.220472 0.976378 -0.0629921 
vn -0.220472 0.976378 -0.0629921 
vn -0.220472 0.976378 -0.0629921 
vn -0.0629921 0.976378 -0.220472 
vn -0.0629921 0.976378 -0.220472 
vn -0.0629921 0.976378 -0.220472 
vn 0.220472 0.976378 0.0629921 
vn 0.220472 0.976378 0.0629921 
vn 0.220472 0.976378 0.0629921 
vn 0.0629921 0.976378 0.220472 
vn 0.0629921 0.976378 0.220472 
vn 0.0629921 0.976378 0.220472 
vn 0.220472 0.976378 0.0629921 
vn 0.220472 0.976378 0.0629921 
vn 0.220472 0.976378 0.0629921 
vn 0.0629921 0.976378 0.220472 
vn 0.0629921 0.976378 0.220472 
vn 0.0629921 0.976378 0.220472 
vn 0.165354 0.976378 0.165354 
vn 0.165354 0.976378 0.165354 
vn 0.165354 0.976378 0.165354 
vn 0.165354 0.976378 0.165354 
vn 0.165354 0.976378 0.165354 
vn 0.165354 0.976378 0.165354 
vn -0.165354 0.976378 -0.165354 
vn -0.165354 0.976378 -0.165354 
vn -0.165354 0.976378 -0.165354 
vn -0.165354 0.976378 -0.165354 
vn -0.165354 0.976378 -0.165354 
vn -0.165354 0.976378 -0.165354 
vn -0.220472 0.976378 -0.0629921 
vn -0.220472 0.976378 -0.0629921 
vn -0.220472 0.976378 -0.0629921 
vn -0.0629921 0.976378 -0.220472 
vn -0.0629921 0.976378 -0.220472 
vn -0.0629921 0.976378 -0.220472 
vn -0.220472 0.976378 -0.0629921 
vn -0.220472 0.976378 -0.0629921 
vn -0.220472 0.976378 -0.0629921 
vn -0.0629921 0.976378 -0.220472 
vn -0.0629921 0.976378 -0.220472 
vn -0.0629921 0.976378 -0.220472 

vt 2.55859 -7.52344 
vt 2.03113 -7.34699 
vt 2.01355 -7.37744 
vt 1.65301 -6.96887 
vt 1.47656 -6.44141 
vt 1.62256 -6.98645 
vt 2.55859 -7.52344 
vt 2.55859 -7.48828 
vt 2.03113 -7.34699 
vt 1.65301 -6.96887 
vt 1.51172 -6.44141 
vt 1.47656 -6.44141 
vt 2.03113 -7.34699 
vt 1.62256 -6.98645 
vt 2.01355 -7.37744 
vt 2.03113 -7.34699 
vt 1.65301 -6.96887 
vt 1.62256 -6.98645 
vt 2.47053 -6.58581 
vt 2.38374 -6.54704 
vt 2.45296 -6.61626 
vt 2.47053 -6.58581 
vt 2.41419 -6.52947 
vt 2.38374 -6.54704 
vt 2.55859 -6.64453 
vt 2.47053 -6.58581 
vt 2.45296 -6.61626 
vt 2.41419 -6.52947 
vt 2.35547 -6.44141 
vt 2.38374 -6.54704 
vt 2.55859 -6.64453 
vt 2.55859 -6.60938 
vt 2.47053 -6.58581 
vt 2.41419 -6.52947 
vt 2.39062 -6.44141 
vt 2.35547 -6.44141 
vt 2.55859 -6.60938 
vt 2.48811 -6.55537 
vt 2.47053 -6.58581 
vt 2.44463 -6.51189 
vt 2.39062 -6.44141 
vt 2.41419 -6.52947 
vt 2.55859 -6.60938 
vt 2.55859 -6.57422 
vt 2.48811 -6.55537 
vt 2.44463 -6.51189 
vt 2.42578 -6.44141 
vt 2.39062 -6.44141 
vt 2.47053 -6.58581 
vt 2.44463 -6.51189 
vt 2.41419 -6.52947 
vt 2.47053 -6.58581 
vt 2.48811 -6.55537 
vt 2.44463 -6.51189 
vt 1.99597 -7.40789 
vt 1.62256 -6.98645 
vt 1.59211 -7.00403 
vt 1.99597 -7.40789 
vt 2.01355 -7.37744 
vt 1.62256 -6.98645 
vt 2.55859 -7.55859 
vt 2.01355 -7.37744 
vt 1.99597 -7.40789 
vt 1.62256 -6.98645 
vt 1.44141 -6.44141 
vt 1.59211 -7.00403 
vt 2.55859 -7.55859 
vt 2.55859 -7.52344 
vt 2.01355 -7.37744 
vt 1.62256 -6.98645 
vt 1.47656 -6.44141 
vt 1.44141 -6.44141 

usemtl Cube0081Mtl

f 1216/1216/1216 1217/1217/1217 1218/1218/1218 
f 1219/1219/1219 1220/1220/1220 1221/1221/1221 
f 1222/1222/1222 1223/1223/1223 1224/1224/1224 
f 1225/1225/1225 1226/1226/1226 1227/1227/1227 
f 1228/1228/1228 1229/1229/1229 1230/1230/1230 
f 1231/1231/1231 1232/1232/1232 1233/1233/1233 
f 1234/1234/1234 1235/1235/1235 1236/1236/1236 
f 1237/1237/1237 1238/1238/1238 1239/1239/1239 
f 1240/1240/1240 1241/1241/1241 1242/1242/1242 
f 1243/1243/1243 1244/1244/1244 1245/1245/1245 
f 1246/1246/1246 1247/1247/1247 1248/1248/1248 
f 1249/1249/1249 1250/1250/1250 1251/1251/1251 
f 1252/1252/1252 1253/1253/1253 1254/1254/1254 
f 1255/1255/1255 1256/1256/1256 1257/1257/1257 
f 1258/1258/1258 1259/1259/1259 1260/1260/1260 
f 1261/1261/1261 1262/1262/1262 1263/1263/1263 
f 1264/1264/1264 1265/1265/1265 1266/1266/1266 
f 1267/1267/1267 1268/1268/1268 1269/1269/1269 
f 1270/1270/1270 1271/1271/1271 1272/1272/1272 
f 1273/1273/1273 1274/1274/1274 1275/1275/1275 
f 1276/1276/1276 1277/1277/1277 1278/1278/1278 
f 1279/1279/1279 1280/1280/1280 1281/1281/1281 
f 1282/1282/1282 1283/1283/1283 1284/1284/1284 
f 1285/1285/1285 1286/1286/1286 1287/1287/1287 

g Cube0021

v -20.3544 0.830381 8.85399 
v -19.4511 0.830252 11.0805 
v -11.0805 0.829994 19.4511 
v 20.3544 0.830381 8.85399 
v 8.85399 0.829994 20.3544 
v 19.4511 0.830252 11.0805 
v -8.85399 0.831494 -20.3544 
v -11.0805 0.831413 -19.4511 
v -19.4511 0.831075 -11.0805 
v 11.0805 0.831413 -19.4511 
v 8.85399 0.831494 -20.3544 
v 20.3544 0.831026 -8.85399 
v -19.4511 0.831075 -11.0805 
v -20.3544 0.831026 -8.85399 
v -8.85399 0.831494 -20.3544 
v 20.3544 0.831026 -8.85399 
v 19.4511 0.831075 -11.0805 
v 11.0805 0.831413 -19.4511 
v -11.0805 0.829994 19.4511 
v -8.85399 0.829994 20.3544 
v -20.3544 0.830381 8.85399 
v 8.85399 0.829994 20.3544 
v 11.0805 0.829994 19.4511 
v 19.4511 0.830252 11.0805 
v 20.3544 0.830381 8.85399 
v 20.3544 0.831026 -8.85399 
v -8.85399 0.831494 -20.3544 
v -20.3544 0.831026 -8.85399 
v -20.3544 0.830381 8.85399 
v 8.85399 0.829994 20.3544 
v -8.85399 0.831494 -20.3544 
v -20.3544 0.831026 -8.85399 
v 20.3544 0.830381 8.85399 
v 8.85399 0.829994 20.3544 
v 20.3544 0.830381 8.85399 
v -20.3544 0.831026 -8.85399 
v -8.85399 0.829994 20.3544 
v 8.85399 0.829994 20.3544 
v -20.3544 0.830381 8.85399 
v 8.85399 0.831494 -20.3544 
v -8.85399 0.831494 -20.3544 
v 20.3544 0.831026 -8.85399 

vn 0 1 0 
vn 0 1 0 
vn 0 1 0 
vn 0 1 0 
vn 0 1 0 
vn 0 1 0 
vn 0 1 0 
vn 0 1 0 
vn 0 1 0 
vn 0 1 0 
vn 0 1 0 
vn 0 1 0 
vn 0 1 0 
vn 0 1 0 
vn 0 1 0 
vn 0 1 0 
vn 0 1 0 
vn 0 1 0 
vn 0 1 0 
vn 0 1 0 
vn 0 1 0 
vn 0 1 0 
vn 0 1 0 
vn 0 1 0 
vn 0 1 0 
vn 0 1 0 
vn 0 1 0 
vn 0 1 0 
vn 0 1 0 
vn 0 1 0 
vn 0 1 0 
vn 0 1 0 
vn 0 1 0 
vn 0 1 0 
vn 0 1 0 
vn 0 1 0 
vn 0 1 0 
vn 0 1 0 
vn 0 1 0 
vn 0 1 0 
vn 0 1 0 
vn 0 1 0 

vt 24.5443 -55.8932 
vt 24.4314 -55.6149 
vt 23.3851 -54.5686 
vt 19.4557 -55.8932 
vt 20.8933 -54.4557 
vt 19.5686 -55.6149 
vt 23.1067 -59.5443 
vt 23.3851 -59.4314 
vt 24.4314 -58.3851 
vt 20.6149 -59.4314 
vt 20.8933 -59.5443 
vt 19.4557 -58.1068 
vt 24.4314 -58.3851 
vt 24.5443 -58.1068 
vt 23.1067 -59.5443 
vt 19.4557 -58.1068 
vt 19.5686 -58.3851 
vt 20.6149 -59.4314 
vt 23.3851 -54.5686 
vt 23.1067 -54.4557 
vt 24.5443 -55.8932 
vt 20.8933 -54.4557 
vt 20.6149 -54.5686 
vt 19.5686 -55.6149 
vt 19.4557 -55.8932 
vt 19.4557 -58.1068 
vt 23.1067 -59.5443 
vt 24.5443 -58.1068 
vt 24.5443 -55.8932 
vt 20.8933 -54.4557 
vt 23.1067 -59.5443 
vt 24.5443 -58.1068 
vt 19.4557 -55.8932 
vt 20.8933 -54.4557 
vt 19.4557 -55.8932 
vt 24.5443 -58.1068 
vt 23.1067 -54.4557 
vt 20.8933 -54.4557 
vt 24.5443 -55.8932 
vt 20.8933 -59.5443 
vt 23.1067 -59.5443 
vt 19.4557 -58.1068 

usemtl Cube0081Mtl

f 1288/1288/1288 1289/1289/1289 1290/1290/1290 
f 1291/1291/1291 1292/1292/1292 1293/1293/1293 
f 1294/1294/1294 1295/1295/1295 1296/1296/1296 
f 1297/1297/1297 1298/1298/1298 1299/1299/1299 
f 1300/1300/1300 1301/1301/1301 1302/1302/1302 
f 1303/1303/1303 1304/1304/1304 1305/1305/1305 
f 1306/1306/1306 1307/1307/1307 1308/1308/1308 
f 1309/1309/1309 1310/1310/1310 1311/1311/1311 
f 1312/1312/1312 1313/1313/1313 1314/1314/1314 
f 1315/1315/1315 1316/1316/1316 1317/1317/1317 
f 1318/1318/1318 1319/1319/1319 1320/1320/1320 
f 1321/1321/1321 1322/1322/1322 1323/1323/1323 
f 1324/1324/1324 1325/1325/1325 1326/1326/1326 
f 1327/1327/1327 1328/1328/1328 1329/1329/1329 

g Cube0031

v 11.0805 0.830755 -19.4511 
v 20.1272 0.455754 -11.4181 
v 11.4181 0.455755 -20.1272 
v -20.1272 0.455754 -11.4181 
v -11.0805 0.830755 -19.4511 
v -11.4181 0.455755 -20.1272 
v 20.1272 0.45575 11.4181 
v 11.0805 0.830749 19.4511 
v 11.4181 0.455749 20.1272 
v -11.0805 0.830749 19.4511 
v -20.1272 0.45575 11.4181 
v -11.4181 0.455749 20.1272 
v 11.0805 0.830755 -19.4511 
v 19.4511 0.830754 -11.0805 
v 20.1272 0.455754 -11.4181 
v -20.1272 0.455754 -11.4181 
v -19.4511 0.830754 -11.0805 
v -11.0805 0.830755 -19.4511 
v 20.1272 0.45575 11.4181 
v 19.4511 0.83075 11.0805 
v 11.0805 0.830749 19.4511 
v -11.0805 0.830749 19.4511 
v -19.4511 0.83075 11.0805 
v -20.1272 0.45575 11.4181 
v 9.19291 0.455755 -21.0302 
v 11.0805 0.830755 -19.4511 
v 11.4181 0.455755 -20.1272 
v 9.19291 0.455749 21.0302 
v 11.0805 0.830749 19.4511 
v 8.85399 0.830749 20.3544 
v 19.4511 0.83075 11.0805 
v 21.0302 0.45575 9.19291 
v 20.3544 0.83075 8.85399 
v -9.19291 0.455749 21.0302 
v -11.0805 0.830749 19.4511 
v -11.4181 0.455749 20.1272 
v -21.0302 0.45575 9.19291 
v -19.4511 0.83075 11.0805 
v -20.3544 0.83075 8.85399 
v 21.0302 0.455753 -9.19291 
v 20.1272 0.455754 -11.4181 
v 19.4511 0.830754 -11.0805 
v -9.19291 0.455755 -21.0302 
v -11.4181 0.455755 -20.1272 
v -11.0805 0.830755 -19.4511 
v -19.4511 0.830754 -11.0805 
v -20.1272 0.455754 -11.4181 
v -21.0302 0.455753 -9.19291 
v 9.19291 0.455749 21.0302 
v 11.4181 0.455749 20.1272 
v 11.0805 0.830749 19.4511 
v 19.4511 0.83075 11.0805 
v 20.1272 0.45575 11.4181 
v 21.0302 0.45575 9.19291 
v -9.19291 0.455749 21.0302 
v -8.85399 0.830749 20.3544 
v -11.0805 0.830749 19.4511 
v -21.0302 0.45575 9.19291 
v -20.1272 0.45575 11.4181 
v -19.4511 0.83075 11.0805 
v 21.0302 0.455753 -9.19291 
v 19.4511 0.830754 -11.0805 
v 20.3544 0.830753 -8.85399 
v -9.19291 0.455755 -21.0302 
v -11.0805 0.830755 -19.4511 
v -8.85399 0.830755 -20.3544 
v -19.4511 0.830754 -11.0805 
v -21.0302 0.455753 -9.19291 
v -20.3544 0.830753 -8.85399 
v -8.85399 0.830749 20.3544 
v 9.19291 0.455749 21.0302 
v 8.85399 0.830749 20.3544 
v 9.19291 0.455755 -21.0302 
v 8.85399 0.830755 -20.3544 
v 11.0805 0.830755 -19.4511 
v -8.85399 0.830749 20.3544 
v -9.19291 0.455749 21.0302 
v 9.19291 0.455749 21.0302 
v -9.19291 0.455755 -21.0302 
v 8.85399 0.830755 -20.3544 
v 9.19291 0.455755 -21.0302 
v 21.0302 0.455753 -9.19291 
v 20.3544 0.83075 8.85399 
v 21.0302 0.45575 9.19291 
v -20.3544 0.83075 8.85399 
v -21.0302 0.455753 -9.19291 
v -21.0302 0.45575 9.19291 
v -9.19291 0.455755 -21.0302 
v -8.85399 0.830755 -20.3544 
v 8.85399 0.830755 -20.3544 
v 21.0302 0.455753 -9.19291 
v 20.3544 0.830753 -8.85399 
v 20.3544 0.83075 8.85399 
v -20.3544 0.83075 8.85399 
v -20.3544 0.830753 -8.85399 
v -21.0302 0.455753 -9.19291 

vn 0.330709 0.889764 -0.330709 
vn 0.330709 0.889764 -0.330709 
vn 0.330709 0.889764 -0.330709 
vn -0.330709 0.889764 -0.330709 
vn -0.330709 0.889764 -0.330709 
vn -0.330709 0.889764 -0.330709 
vn 0.330709 0.889764 0.330709 
vn 0.330709 0.889764 0.330709 
vn 0.330709 0.889764 0.330709 
vn -0.330709 0.889764 0.330709 
vn -0.330709 0.889764 0.330709 
vn -0.330709 0.889764 0.330709 
vn 0.330709 0.889764 -0.330709 
vn 0.330709 0.889764 -0.330709 
vn 0.330709 0.889764 -0.330709 
vn -0.330709 0.889764 -0.330709 
vn -0.330709 0.889764 -0.330709 
vn -0.330709 0.889764 -0.330709 
vn 0.330709 0.889764 0.330709 
vn 0.330709 0.889764 0.330709 
vn 0.330709 0.889764 0.330709 
vn -0.330709 0.889764 0.330709 
vn -0.330709 0.889764 0.330709 
vn -0.330709 0.889764 0.330709 
vn 0.165354 0.897638 -0.409449 
vn 0.165354 0.897638 -0.409449 
vn 0.165354 0.897638 -0.409449 
vn 0.165354 0.897638 0.409449 
vn 0.165354 0.897638 0.409449 
vn 0.165354 0.897638 0.409449 
vn 0.409449 0.897638 0.165354 
vn 0.409449 0.897638 0.165354 
vn 0.409449 0.897638 0.165354 
vn -0.165354 0.897638 0.409449 
vn -0.165354 0.897638 0.409449 
vn -0.165354 0.897638 0.409449 
vn -0.409449 0.897638 0.165354 
vn -0.409449 0.897638 0.165354 
vn -0.409449 0.897638 0.165354 
vn 0.409449 0.897638 -0.165354 
vn 0.409449 0.897638 -0.165354 
vn 0.409449 0.897638 -0.165354 
vn -0.165354 0.897638 -0.409449 
vn -0.165354 0.897638 -0.409449 
vn -0.165354 0.897638 -0.409449 
vn -0.409449 0.897638 -0.165354 
vn -0.409449 0.897638 -0.165354 
vn -0.409449 0.897638 -0.165354 
vn 0.165354 0.897638 0.409449 
vn 0.165354 0.897638 0.409449 
vn 0.165354 0.897638 0.409449 
vn 0.409449 0.897638 0.165354 
vn 0.409449 0.897638 0.165354 
vn 0.409449 0.897638 0.165354 
vn -0.165354 0.897638 0.409449 
vn -0.165354 0.897638 0.409449 
vn -0.165354 0.897638 0.409449 
vn -0.409449 0.897638 0.165354 
vn -0.409449 0.897638 0.165354 
vn -0.409449 0.897638 0.165354 
vn 0.409449 0.897638 -0.165354 
vn 0.409449 0.897638 -0.165354 
vn 0.409449 0.897638 -0.165354 
vn -0.165354 0.897638 -0.409449 
vn -0.165354 0.897638 -0.409449 
vn -0.165354 0.897638 -0.409449 
vn -0.409449 0.897638 -0.165354 
vn -0.409449 0.897638 -0.165354 
vn -0.409449 0.897638 -0.165354 
vn 0 0.874016 0.488189 
vn 0 0.874016 0.488189 
vn 0 0.874016 0.488189 
vn 0.165354 0.897638 -0.409449 
vn 0.165354 0.897638 -0.409449 
vn 0.165354 0.897638 -0.409449 
vn 0 0.874016 0.488189 
vn 0 0.874016 0.488189 
vn 0 0.874016 0.488189 
vn 0 0.874016 -0.488189 
vn 0 0.874016 -0.488189 
vn 0 0.874016 -0.488189 
vn 0.488189 0.874016 0 
vn 0.488189 0.874016 0 
vn 0.488189 0.874016 0 
vn -0.488189 0.874016 0 
vn -0.488189 0.874016 0 
vn -0.488189 0.874016 0 
vn 0 0.874016 -0.488189 
vn 0 0.874016 -0.488189 
vn 0 0.874016 -0.488189 
vn 0.488189 0.874016 0 
vn 0.488189 0.874016 0 
vn 0.488189 0.874016 0 
vn -0.488189 0.874016 0 
vn -0.488189 0.874016 0 
vn -0.488189 0.874016 0 

vt 4.61494 -47.4314 
vt 3.48411 -46.4273 
vt 4.57274 -47.5159 
vt 8.51589 -46.4273 
vt 7.38506 -47.4314 
vt 7.42726 -47.5159 
vt 3.48411 -43.5727 
vt 4.61494 -42.5686 
vt 4.57274 -42.4841 
vt 7.38506 -42.5686 
vt 8.51589 -43.5727 
vt 7.42726 -42.4841 
vt 4.61494 -47.4314 
vt 3.56862 -46.3851 
vt 3.48411 -46.4273 
vt 8.51589 -46.4273 
vt 8.43138 -46.3851 
vt 7.38506 -47.4314 
vt 3.48411 -43.5727 
vt 3.56862 -43.6149 
vt 4.61494 -42.5686 
vt 7.38506 -42.5686 
vt 8.43138 -43.6149 
vt 8.51589 -43.5727 
vt 4.85089 -47.6288 
vt 4.61494 -47.4314 
vt 4.57274 -47.5159 
vt 4.85089 -42.3712 
vt 4.61494 -42.5686 
vt 4.89325 -42.4557 
vt 3.56862 -43.6149 
vt 3.37123 -43.8509 
vt 3.4557 -43.8932 
vt 7.14911 -42.3712 
vt 7.38506 -42.5686 
vt 7.42726 -42.4841 
vt 8.62877 -43.8509 
vt 8.43138 -43.6149 
vt 8.5443 -43.8932 
vt 3.37123 -46.1491 
vt 3.48411 -46.4273 
vt 3.56862 -46.3851 
vt 7.14911 -47.6288 
vt 7.42726 -47.5159 
vt 7.38506 -47.4314 
vt 8.43138 -46.3851 
vt 8.51589 -46.4273 
vt 8.62877 -46.1491 
vt 4.85089 -42.3712 
vt 4.57274 -42.4841 
vt 4.61494 -42.5686 
vt 3.56862 -43.6149 
vt 3.48411 -43.5727 
vt 3.37123 -43.8509 
vt 7.14911 -42.3712 
vt 7.10675 -42.4557 
vt 7.38506 -42.5686 
vt 8.62877 -43.8509 
vt 8.51589 -43.5727 
vt 8.43138 -43.6149 
vt 3.37123 -46.1491 
vt 3.56862 -46.3851 
vt 3.4557 -46.1068 
vt 7.14911 -47.6288 
vt 7.38506 -47.4314 
vt 7.10675 -47.5443 
vt 8.43138 -46.3851 
vt 8.62877 -46.1491 
vt 8.5443 -46.1068 
vt 7.10675 -42.4557 
vt 4.85089 -42.3712 
vt 4.89325 -42.4557 
vt 4.85089 -47.6288 
vt 4.89325 -47.5443 
vt 4.61494 -47.4314 
vt 7.10675 -42.4557 
vt 7.14911 -42.3712 
vt 4.85089 -42.3712 
vt 7.14911 -47.6288 
vt 4.89325 -47.5443 
vt 4.85089 -47.6288 
vt 3.37123 -46.1491 
vt 3.4557 -43.8932 
vt 3.37123 -43.8509 
vt 8.5443 -43.8932 
vt 8.62877 -46.1491 
vt 8.62877 -43.8509 
vt 7.14911 -47.6288 
vt 7.10675 -47.5443 
vt 4.89325 -47.5443 
vt 3.37123 -46.1491 
vt 3.4557 -46.1068 
vt 3.4557 -43.8932 
vt 8.5443 -43.8932 
vt 8.5443 -46.1068 
vt 8.62877 -46.1491 

usemtl Cube0081Mtl

f 1330/1330/1330 1331/1331/1331 1332/1332/1332 
f 1333/1333/1333 1334/1334/1334 1335/1335/1335 
f 1336/1336/1336 1337/1337/1337 1338/1338/1338 
f 1339/1339/1339 1340/1340/1340 1341/1341/1341 
f 1342/1342/1342 1343/1343/1343 1344/1344/1344 
f 1345/1345/1345 1346/1346/1346 1347/1347/1347 
f 1348/1348/1348 1349/1349/1349 1350/1350/1350 
f 1351/1351/1351 1352/1352/1352 1353/1353/1353 
f 1354/1354/1354 1355/1355/1355 1356/1356/1356 
f 1357/1357/1357 1358/1358/1358 1359/1359/1359 
f 1360/1360/1360 1361/1361/1361 1362/1362/1362 
f 1363/1363/1363 1364/1364/1364 1365/1365/1365 
f 1366/1366/1366 1367/1367/1367 1368/1368/1368 
f 1369/1369/1369 1370/1370/1370 1371/1371/1371 
f 1372/1372/1372 1373/1373/1373 1374/1374/1374 
f 1375/1375/1375 1376/1376/1376 1377/1377/1377 
f 1378/1378/1378 1379/1379/1379 1380/1380/1380 
f 1381/1381/1381 1382/1382/1382 1383/1383/1383 
f 1384/1384/1384 1385/1385/1385 1386/1386/1386 
f 1387/1387/1387 1388/1388/1388 1389/1389/1389 
f 1390/1390/1390 1391/1391/1391 1392/1392/1392 
f 1393/1393/1393 1394/1394/1394 1395/1395/1395 
f 1396/1396/1396 1397/1397/1397 1398/1398/1398 
f 1399/1399/1399 1400/1400/1400 1401/1401/1401 
f 1402/1402/1402 1403/1403/1403 1404/1404/1404 
f 1405/1405/1405 1406/1406/1406 1407/1407/1407 
f 1408/1408/1408 1409/1409/1409 1410/1410/1410 
f 1411/1411/1411 1412/1412/1412 1413/1413/1413 
f 1414/1414/1414 1415/1415/1415 1416/1416/1416 
f 1417/1417/1417 1418/1418/1418 1419/1419/1419 
f 1420/1420/1420 1421/1421/1421 1422/1422/1422 
f 1423/1423/1423 1424/1424/1424 1425/1425/1425 

g Cube0041

v 22.5 -0.294247 -9.95075 
v 21.6035 -0.0696003 -12.1465 
v 22.5 -0.0696006 -9.94822 
v 21.6035 -0.0696042 12.1465 
v 22.5 -0.29425 9.95075 
v 22.5 -0.0696038 9.94823 
v 22.5 -0.294247 -9.95075 
v 21.6044 -0.294246 -12.1456 
v 21.6035 -0.0696003 -12.1465 
v 21.6035 -0.0696042 12.1465 
v 21.6044 -0.29425 12.1456 
v 22.5 -0.29425 9.95075 
v 12.1456 -0.294252 21.6044 
v 21.6035 -0.0696042 12.1465 
v 12.1465 -0.0696058 21.6035 
v 22.5 -0.294247 -9.95075 
v 22.5 -0.0696038 9.94823 
v 22.5 -0.29425 9.95075 
v 22.5 -0.0696006 -9.94822 
v 21.4519 0.301881 -12.0743 
v 22.5 -0.0696006 -9.94822 
v 21.6035 -0.0696003 -12.1465 
v 22.5 -0.0696038 9.94823 
v 21.4519 0.301877 12.0743 
v 21.6035 -0.0696042 12.1465 
v 21.4519 0.301881 -12.0743 
v 22.3508 0.301881 -9.8665 
v 22.5 -0.0696006 -9.94822 
v 22.5 -0.0696038 9.94823 
v 22.3508 0.301878 9.86651 
v 21.4519 0.301877 12.0743 
v 22.5 -0.0696038 9.94823 
v 22.3508 0.301881 -9.8665 
v 22.3508 0.301878 9.86651 
v 22.5 -0.0696038 9.94823 
v 22.5 -0.0696006 -9.94822 
v 22.3508 0.301881 -9.8665 
v 21.4519 0.301881 -12.0743 
v -12.0743 0.301883 -21.4519 
v -21.4519 0.301881 -12.0743 
v 12.0743 0.301876 21.4519 
v 21.4519 0.301877 12.0743 
v -21.4519 0.301877 12.0743 
v 12.0743 0.301883 -21.4519 
v -12.0743 0.301876 21.4519 
v 9.8665 0.301883 -22.3508 
v 22.3508 0.301881 -9.8665 
v -9.8665 0.301883 -22.3508 
v -22.3508 0.301881 -9.8665 
v -9.8665 0.301876 22.3508 
v 9.8665 0.301876 22.3508 
v 22.3508 0.301878 9.86651 
v -22.3508 0.301878 9.86651 
v 21.089 0.455754 -11.8969 
v 12.0743 0.301883 -21.4519 
v 11.8969 0.455755 -21.089 
v -12.0743 0.301883 -21.4519 
v -21.089 0.455754 -11.8969 
v -11.8969 0.455755 -21.089 
v 12.0743 0.301876 21.4519 
v 21.089 0.45575 11.8969 
v 11.8969 0.455748 21.089 
v -21.089 0.45575 11.8969 
v -12.0743 0.301876 21.4519 
v -11.8969 0.455748 21.089 
v 21.089 0.455754 -11.8969 
v 21.4519 0.301881 -12.0743 
v 12.0743 0.301883 -21.4519 
v -12.0743 0.301883 -21.4519 
v -21.4519 0.301881 -12.0743 
v -21.089 0.455754 -11.8969 
v 12.0743 0.301876 21.4519 
v 21.4519 0.301877 12.0743 
v 21.089 0.45575 11.8969 
v -21.089 0.45575 11.8969 
v -21.4519 0.301877 12.0743 
v -12.0743 0.301876 21.4519 
v -9.8665 0.301883 -22.3508 
v 9.67771 0.455755 -21.9905 
v 9.8665 0.301883 -22.3508 
v -21.9906 0.455753 -9.67771 
v -22.3508 0.301878 9.86651 
v -21.9906 0.45575 9.67771 
v 22.3508 0.301878 9.86651 
v 21.9906 0.455753 -9.67771 
v 21.9906 0.45575 9.67771 
v -9.67771 0.455748 21.9906 
v 9.8665 0.301876 22.3508 
v 9.67771 0.455748 21.9906 
v -9.8665 0.301883 -22.3508 
v -9.67771 0.455755 -21.9905 
v 9.67771 0.455755 -21.9905 
v -21.9906 0.455753 -9.67771 
v -22.3508 0.301881 -9.8665 
v -22.3508 0.301878 9.86651 
v 22.3508 0.301878 9.86651 
v 22.3508 0.301881 -9.8665 
v 21.9906 0.455753 -9.67771 
v -9.67771 0.455748 21.9906 
v -9.8665 0.301876 22.3508 
v 9.8665 0.301876 22.3508 
v 21.089 0.455754 -11.8969 
v 22.3508 0.301881 -9.8665 
v 21.4519 0.301881 -12.0743 
v -11.8969 0.455755 -21.089 
v -9.8665 0.301883 -22.3508 
v -12.0743 0.301883 -21.4519 
v -22.3508 0.301881 -9.8665 
v -21.089 0.455754 -11.8969 
v -21.4519 0.301881 -12.0743 
v 11.8969 0.455748 21.089 
v 9.8665 0.301876 22.3508 
v 12.0743 0.301876 21.4519 
v 22.3508 0.301878 9.86651 
v 21.089 0.45575 11.8969 
v 21.4519 0.301877 12.0743 
v -21.089 0.45575 11.8969 
v -22.3508 0.301878 9.86651 
v -21.4519 0.301877 12.0743 
v 11.8969 0.455755 -21.089 
v 12.0743 0.301883 -21.4519 
v 9.8665 0.301883 -22.3508 
v -11.8969 0.455748 21.089 
v -12.0743 0.301876 21.4519 
v -9.8665 0.301876 22.3508 
v 11.8969 0.455755 -21.089 
v 9.8665 0.301883 -22.3508 
v 9.67771 0.455755 -21.9905 
v -11.8969 0.455748 21.089 
v -9.8665 0.301876 22.3508 
v -9.67771 0.455748 21.9906 
v 21.089 0.455754 -11.8969 
v 21.9906 0.455753 -9.67771 
v 22.3508 0.301881 -9.8665 
v -11.8969 0.455755 -21.089 
v -9.67771 0.455755 -21.9905 
v -9.8665 0.301883 -22.3508 
v -22.3508 0.301881 -9.8665 
v -21.9906 0.455753 -9.67771 
v -21.089 0.455754 -11.8969 
v 11.8969 0.455748 21.089 
v 9.67771 0.455748 21.9906 
v 9.8665 0.301876 22.3508 
v 22.3508 0.301878 9.86651 
v 21.9906 0.45575 9.67771 
v 21.089 0.45575 11.8969 
v -21.089 0.45575 11.8969 
v -21.9906 0.45575 9.67771 
v -22.3508 0.301878 9.86651 
v 20.1272 0.45575 11.4181 
v 21.9906 0.45575 9.67771 
v 21.0302 0.45575 9.19291 
v -21.9906 0.455753 -9.67771 
v -21.0302 0.455753 -9.19291 
v -20.1272 0.455754 -11.4181 
v 20.1272 0.45575 11.4181 
v 21.089 0.45575 11.8969 
v 21.9906 0.45575 9.67771 
v 21.0302 0.455753 -9.19291 
v 21.0302 0.45575 9.19291 
v 21.9906 0.45575 9.67771 
v 21.9906 0.45575 9.67771 
v 21.9906 0.455753 -9.67771 
v 21.0302 0.455753 -9.19291 
v 21.9906 0.455753 -9.67771 
v 21.089 0.455754 -11.8969 
v 20.1272 0.455754 -11.4181 
v 21.0302 0.455753 -9.19291 
v 21.9906 0.455753 -9.67771 
v 20.1272 0.455754 -11.4181 
v 21.089 0.455754 -11.8969 
v 11.8969 0.455755 -21.089 
v 20.1272 0.455754 -11.4181 
v 11.8969 0.455755 -21.089 
v 9.67771 0.455755 -21.9905 
v 11.4181 0.455755 -20.1272 
v 20.1272 0.455754 -11.4181 
v 11.8969 0.455755 -21.089 
v 11.4181 0.455755 -20.1272 
v 9.67771 0.455755 -21.9905 
v -9.67771 0.455755 -21.9905 
v -9.19291 0.455755 -21.0302 
v 9.19291 0.455755 -21.0302 
v -9.67771 0.455755 -21.9905 
v -11.8969 0.455755 -21.089 
v -11.4181 0.455755 -20.1272 
v -9.19291 0.455755 -21.0302 
v -9.67771 0.455755 -21.9905 
v -11.4181 0.455755 -20.1272 
v -11.8969 0.455755 -21.089 
v -21.089 0.455754 -11.8969 
v -11.4181 0.455755 -20.1272 
v -21.089 0.455754 -11.8969 
v -21.9906 0.455753 -9.67771 
v -20.1272 0.455754 -11.4181 
v -11.4181 0.455755 -20.1272 
v -21.089 0.455754 -11.8969 
v -20.1272 0.455754 -11.4181 
v -21.9906 0.455753 -9.67771 
v -21.9906 0.45575 9.67771 
v -21.0302 0.455753 -9.19291 
v -21.9906 0.45575 9.67771 
v -21.089 0.45575 11.8969 
v -20.1272 0.45575 11.4181 
v -21.0302 0.455753 -9.19291 
v -21.9906 0.45575 9.67771 
v -21.0302 0.45575 9.19291 
v -21.089 0.45575 11.8969 
v -11.8969 0.455748 21.089 
v -11.4181 0.455749 20.1272 
v -11.8969 0.455748 21.089 
v -9.67771 0.455748 21.9906 
v -11.4181 0.455749 20.1272 
v -9.67771 0.455748 21.9906 
v 9.67771 0.455748 21.9906 
v -9.19291 0.455748 21.0302 
v 9.67771 0.455748 21.9906 
v 11.8969 0.455748 21.089 
v 11.4181 0.455749 20.1272 
v -9.19291 0.455748 21.0302 
v 9.67771 0.455748 21.9906 
v 9.19291 0.455748 21.0302 
v 11.8969 0.455748 21.089 
v 21.089 0.45575 11.8969 
v 20.1272 0.45575 11.4181 
v 11.8969 0.455748 21.089 
v 20.1272 0.45575 11.4181 
v 11.4181 0.455749 20.1272 
v 11.4181 0.455749 20.1272 
v 9.19291 0.455748 21.0302 
v 9.67771 0.455748 21.9906 
v -9.67771 0.455748 21.9906 
v -9.19291 0.455748 21.0302 
v -11.4181 0.455749 20.1272 
v 9.19291 0.455755 -21.0302 
v 11.4181 0.455755 -20.1272 
v 9.67771 0.455755 -21.9905 
v -21.089 0.45575 11.8969 
v -11.4181 0.455749 20.1272 
v -20.1272 0.45575 11.4181 
v -20.1272 0.45575 11.4181 
v -21.0302 0.45575 9.19291 
v -21.9906 0.45575 9.67771 
v 9.95075 -0.294252 22.5 
v 12.1465 -0.0696058 21.6035 
v 9.94822 -0.0696059 22.5 
v 21.6035 -0.0696042 12.1465 
v -9.95075 -0.294252 22.5 
v -12.1465 -0.0696058 21.6035 
v -12.1456 -0.294252 21.6044 
v 9.95075 -0.294252 22.5 
v 12.1456 -0.294252 21.6044 
v 12.1465 -0.0696058 21.6035 
v -9.95075 -0.294252 22.5 
v -9.94822 -0.0696059 22.5 
v -12.1465 -0.0696058 21.6035 
v -12.1465 -0.0696058 21.6035 
v -21.6044 -0.29425 12.1456 
v -12.1456 -0.294252 21.6044 
v 12.1456 -0.294252 21.6044 
v 21.6044 -0.29425 12.1456 
v 21.6035 -0.0696042 12.1465 
v -9.94822 -0.0696059 22.5 
v 9.95075 -0.294252 22.5 
v 9.94822 -0.0696059 22.5 
v -9.94822 -0.0696059 22.5 
v -9.95075 -0.294252 22.5 
v 9.95075 -0.294252 22.5 
v 12.0743 0.301876 21.4519 
v 9.94822 -0.0696059 22.5 
v 12.1465 -0.0696058 21.6035 
v 21.4519 0.301877 12.0743 
v -12.0743 0.301876 21.4519 
v -12.1465 -0.0696058 21.6035 
v -9.94822 -0.0696059 22.5 
v -12.0743 0.301876 21.4519 
v -9.94822 -0.0696059 22.5 
v -9.8665 0.301876 22.3508 
v 12.0743 0.301876 21.4519 
v 9.8665 0.301876 22.3508 
v 9.94822 -0.0696059 22.5 
v 12.0743 0.301876 21.4519 
v 21.6035 -0.0696042 12.1465 
v 21.4519 0.301877 12.0743 
v 12.0743 0.301876 21.4519 
v 12.1465 -0.0696058 21.6035 
v 21.6035 -0.0696042 12.1465 
v -9.8665 0.301876 22.3508 
v 9.94822 -0.0696059 22.5 
v 9.8665 0.301876 22.3508 
v -9.8665 0.301876 22.3508 
v -9.94822 -0.0696059 22.5 
v 9.94822 -0.0696059 22.5 
v -12.1465 -0.0695988 -21.6035 
v -21.6035 -0.0696003 -12.1465 
v -22.5 -0.294247 -9.95075 
v -22.5 -0.0696006 -9.94822 
v -12.1465 -0.0696058 21.6035 
v -22.5 -0.29425 9.95075 
v -21.6035 -0.0696042 12.1465 
v -22.5 -0.0696038 9.94823 
v -21.6035 -0.0696003 -12.1465 
v -21.6044 -0.294246 -12.1456 
v -22.5 -0.294247 -9.95075 
v -22.5 -0.29425 9.95075 
v -21.6044 -0.29425 12.1456 
v -21.6035 -0.0696042 12.1465 
v -12.1456 -0.294245 -21.6044 
v -21.6035 -0.0696003 -12.1465 
v -12.1465 -0.0695988 -21.6035 
v -12.1465 -0.0696058 21.6035 
v -21.6035 -0.0696042 12.1465 
v -21.6044 -0.29425 12.1456 
v -22.5 -0.29425 9.95075 
v -22.5 -0.0696006 -9.94822 
v -22.5 -0.294247 -9.95075 
v -22.5 -0.0696038 9.94823 
v -12.0743 0.301883 -21.4519 
v -22.5 -0.0696006 -9.94822 
v -21.4519 0.301881 -12.0743 
v -21.6035 -0.0696003 -12.1465 
v -21.4519 0.301877 12.0743 
v -22.5 -0.0696038 9.94823 
v -21.6035 -0.0696042 12.1465 
v -12.0743 0.301876 21.4519 
v -22.5 -0.0696006 -9.94822 
v -22.3508 0.301881 -9.8665 
v -21.4519 0.301881 -12.0743 
v -21.4519 0.301877 12.0743 
v -22.3508 0.301878 9.86651 
v -22.5 -0.0696038 9.94823 
v -12.0743 0.301883 -21.4519 
v -21.6035 -0.0696003 -12.1465 
v -21.4519 0.301881 -12.0743 
v -12.0743 0.301876 21.4519 
v -21.6035 -0.0696042 12.1465 
v -12.1465 -0.0696058 21.6035 
v -12.0743 0.301883 -21.4519 
v -12.1465 -0.0695988 -21.6035 
v -21.6035 -0.0696003 -12.1465 
v -12.0743 0.301876 21.4519 
v -21.4519 0.301877 12.0743 
v -21.6035 -0.0696042 12.1465 
v -22.3508 0.301881 -9.8665 
v -22.5 -0.0696038 9.94823 
v -22.3508 0.301878 9.86651 
v -22.3508 0.301881 -9.8665 
v -22.5 -0.0696006 -9.94822 
v -22.5 -0.0696038 9.94823 
v 9.95075 -0.294245 -22.5 
v 12.1465 -0.0695988 -21.6035 
v 12.1456 -0.294245 -21.6044 
v 21.6035 -0.0696003 -12.1465 
v -9.95075 -0.294245 -22.5 
v -12.1465 -0.0695988 -21.6035 
v -9.94822 -0.0695986 -22.5 
v 9.95075 -0.294245 -22.5 
v 9.94822 -0.0695986 -22.5 
v 12.1465 -0.0695988 -21.6035 
v -9.95075 -0.294245 -22.5 
v -12.1456 -0.294245 -21.6044 
v -12.1465 -0.0695988 -21.6035 
v 12.1465 -0.0695988 -21.6035 
v 21.6044 -0.294246 -12.1456 
v 12.1456 -0.294245 -21.6044 
v 12.1465 -0.0695988 -21.6035 
v 21.6035 -0.0696003 -12.1465 
v 21.6044 -0.294246 -12.1456 
v -12.1456 -0.294245 -21.6044 
v -21.6044 -0.294246 -12.1456 
v -21.6035 -0.0696003 -12.1465 
v -9.95075 -0.294245 -22.5 
v 9.94822 -0.0695986 -22.5 
v 9.95075 -0.294245 -22.5 
v -9.95075 -0.294245 -22.5 
v -9.94822 -0.0695986 -22.5 
v 9.94822 -0.0695986 -22.5 
v 21.4519 0.301881 -12.0743 
v -12.0743 0.301883 -21.4519 
v -9.94822 -0.0695986 -22.5 
v -12.1465 -0.0695988 -21.6035 
v 12.0743 0.301883 -21.4519 
v 12.1465 -0.0695988 -21.6035 
v 9.94822 -0.0695986 -22.5 
v 12.0743 0.301883 -21.4519 
v 9.94822 -0.0695986 -22.5 
v 9.8665 0.301883 -22.3508 
v -12.0743 0.301883 -21.4519 
v -9.8665 0.301883 -22.3508 
v -9.94822 -0.0695986 -22.5 
v 12.0743 0.301883 -21.4519 
v 21.6035 -0.0696003 -12.1465 
v 12.1465 -0.0695988 -21.6035 
v 12.0743 0.301883 -21.4519 
v 21.4519 0.301881 -12.0743 
v 21.6035 -0.0696003 -12.1465 
v -9.94822 -0.0695986 -22.5 
v 9.8665 0.301883 -22.3508 
v 9.94822 -0.0695986 -22.5 
v -9.94822 -0.0695986 -22.5 
v -9.8665 0.301883 -22.3508 
v 9.8665 0.301883 -22.3508 

vn 0.929134 0 -0.377953 
vn 0.929134 0 -0.377953 
vn 0.929134 0 -0.377953 
vn 0.929134 0 0.377953 
vn 0.929134 0 0.377953 
vn 0.929134 0 0.377953 
vn 0.929134 0 -0.377953 
vn 0.929134 0 -0.377953 
vn 0.929134 0 -0.377953 
vn 0.929134 0 0.377953 
vn 0.929134 0 0.377953 
vn 0.929134 0 0.377953 
vn 0.708661 0 0.708661 
vn 0.708661 0 0.708661 
vn 0.708661 0 0.708661 
vn 1 0 0 
vn 1 0 0 
vn 1 0 0 
vn 1 0 0 
vn 0.84252 0.409449 -0.346457 
vn 0.84252 0.409449 -0.346457 
vn 0.84252 0.409449 -0.346457 
vn 0.84252 0.409449 0.346457 
vn 0.84252 0.409449 0.346457 
vn 0.84252 0.409449 0.346457 
vn 0.84252 0.417323 -0.346457 
vn 0.84252 0.417323 -0.346457 
vn 0.84252 0.417323 -0.346457 
vn 0.84252 0.417323 0.346457 
vn 0.84252 0.417323 0.346457 
vn 0.84252 0.417323 0.346457 
vn 0.929134 0.370079 0 
vn 0.929134 0.370079 0 
vn 0.929134 0.370079 0 
vn 0.929134 0.370079 0 
vn 0.929134 0.370079 0 
vn 0.929134 0.370079 0 
vn 0.84252 0.409449 -0.346457 
vn -0.346457 0.409449 -0.84252 
vn -0.84252 0.409449 -0.346457 
vn 0.346457 0.409449 0.84252 
vn 0.84252 0.409449 0.346457 
vn -0.84252 0.409449 0.346457 
vn 0.346457 0.409449 -0.84252 
vn -0.346457 0.409449 0.84252 
vn 0.346457 0.417323 -0.84252 
vn 0.84252 0.417323 -0.346457 
vn -0.346457 0.417323 -0.84252 
vn -0.84252 0.417323 -0.346457 
vn -0.346457 0.417323 0.84252 
vn 0.346457 0.417323 0.84252 
vn 0.84252 0.417323 0.346457 
vn -0.84252 0.417323 0.346457 
vn 0.267717 0.929134 -0.267717 
vn 0.267717 0.929134 -0.267717 
vn 0.267717 0.929134 -0.267717 
vn -0.267717 0.929134 -0.267717 
vn -0.267717 0.929134 -0.267717 
vn -0.267717 0.929134 -0.267717 
vn 0.267717 0.929134 0.267717 
vn 0.267717 0.929134 0.267717 
vn 0.267717 0.929134 0.267717 
vn -0.267717 0.929134 0.267717 
vn -0.267717 0.929134 0.267717 
vn -0.267717 0.929134 0.267717 
vn 0.267717 0.929134 -0.267717 
vn 0.267717 0.929134 -0.267717 
vn 0.267717 0.929134 -0.267717 
vn -0.267717 0.929134 -0.267717 
vn -0.267717 0.929134 -0.267717 
vn -0.267717 0.929134 -0.267717 
vn 0.267717 0.929134 0.267717 
vn 0.267717 0.929134 0.267717 
vn 0.267717 0.929134 0.267717 
vn -0.267717 0.929134 0.267717 
vn -0.267717 0.929134 0.267717 
vn -0.267717 0.929134 0.267717 
vn 0 0.92126 -0.393701 
vn 0 0.92126 -0.393701 
vn 0 0.92126 -0.393701 
vn -0.393701 0.92126 0 
vn -0.393701 0.92126 0 
vn -0.393701 0.92126 0 
vn 0.393701 0.92126 0 
vn 0.393701 0.92126 0 
vn 0.393701 0.92126 0 
vn 0 0.92126 0.393701 
vn 0 0.92126 0.393701 
vn 0 0.92126 0.393701 
vn 0 0.92126 -0.393701 
vn 0 0.92126 -0.393701 
vn 0 0.92126 -0.393701 
vn -0.393701 0.92126 0 
vn -0.393701 0.92126 0 
vn -0.393701 0.92126 0 
vn 0.393701 0.92126 0 
vn 0.393701 0.92126 0 
vn 0.393701 0.92126 0 
vn 0 0.92126 0.393701 
vn 0 0.92126 0.393701 
vn 0 0.92126 0.393701 
vn 0.330709 0.937008 -0.133858 
vn 0.330709 0.937008 -0.133858 
vn 0.330709 0.937008 -0.133858 
vn -0.133858 0.937008 -0.330709 
vn -0.133858 0.937008 -0.330709 
vn -0.133858 0.937008 -0.330709 
vn -0.330709 0.937008 -0.133858 
vn -0.330709 0.937008 -0.133858 
vn -0.330709 0.937008 -0.133858 
vn 0.133858 0.937008 0.330709 
vn 0.133858 0.937008 0.330709 
vn 0.133858 0.937008 0.330709 
vn 0.330709 0.937008 0.133858 
vn 0.330709 0.937008 0.133858 
vn 0.330709 0.937008 0.133858 
vn -0.330709 0.937008 0.133858 
vn -0.330709 0.937008 0.133858 
vn -0.330709 0.937008 0.133858 
vn 0.133858 0.937008 -0.330709 
vn 0.133858 0.937008 -0.330709 
vn 0.133858 0.937008 -0.330709 
vn -0.133858 0.937008 0.330709 
vn -0.133858 0.937008 0.330709 
vn -0.133858 0.937008 0.330709 
vn 0.133858 0.937008 -0.330709 
vn 0.133858 0.937008 -0.330709 
vn 0.133858 0.937008 -0.330709 
vn -0.133858 0.937008 0.330709 
vn -0.133858 0.937008 0.330709 
vn -0.133858 0.937008 0.330709 
vn 0.330709 0.937008 -0.133858 
vn 0.330709 0.937008 -0.133858 
vn 0.330709 0.937008 -0.133858 
vn -0.133858 0.937008 -0.330709 
vn -0.133858 0.937008 -0.330709 
vn -0.133858 0.937008 -0.330709 
vn -0.330709 0.937008 -0.133858 
vn -0.330709 0.937008 -0.133858 
vn -0.330709 0.937008 -0.133858 
vn 0.133858 0.937008 0.330709 
vn 0.133858 0.937008 0.330709 
vn 0.133858 0.937008 0.330709 
vn 0.330709 0.937008 0.133858 
vn 0.330709 0.937008 0.133858 
vn 0.330709 0.937008 0.133858 
vn -0.330709 0.937008 0.133858 
vn -0.330709 0.937008 0.133858 
vn -0.330709 0.937008 0.133858 
vn 0 1 0 
vn 0 1 0 
vn 0 1 0 
vn 0 1 0 
vn 0 1 0 
vn 0 1 0 
vn 0 1 0 
vn 0 1 0 
vn 0 1 0 
vn 0 1 0 
vn 0 1 0 
vn 0 1 0 
vn 0 1 0 
vn 0 1 0 
vn 0 1 0 
vn 0 1 0 
vn 0 1 0 
vn 0 1 0 
vn 0 1 0 
vn 0 1 0 
vn 0 1 0 
vn 0 1 0 
vn 0 1 0 
vn 0 1 0 
vn 0 1 0 
vn 0 1 0 
vn 0 1 0 
vn 0 1 0 
vn 0 1 0 
vn 0 1 0 
vn 0 1 0 
vn 0 1 0 
vn 0 1 0 
vn 0 1 0 
vn 0 1 0 
vn 0 1 0 
vn 0 1 0 
vn 0 1 0 
vn 0 1 0 
vn 0 1 0 
vn 0 1 0 
vn 0 1 0 
vn 0 1 0 
vn 0 1 0 
vn 0 1 0 
vn 0 1 0 
vn 0 1 0 
vn 0 1 0 
vn 0 1 0 
vn 0 1 0 
vn 0 1 0 
vn 0 1 0 
vn 0 1 0 
vn 0 1 0 
vn 0 1 0 
vn 0 1 0 
vn 0 1 0 
vn 0 1 0 
vn 0 1 0 
vn 0 1 0 
vn 0 1 0 
vn 0 1 0 
vn 0 1 0 
vn 0 1 0 
vn 0 1 0 
vn 0 1 0 
vn 0 1 0 
vn 0 1 0 
vn 0 1 0 
vn 0 1 0 
vn 0 1 0 
vn 0 1 0 
vn 0 1 0 
vn 0 1 0 
vn 0 1 0 
vn 0 1 0 
vn 0 1 0 
vn 0 1 0 
vn 0 1 0 
vn 0 1 0 
vn 0 1 0 
vn 0 1 0 
vn 0 1 0 
vn 0 1 0 
vn 0 1 0 
vn 0 1 0 
vn 0 1 0 
vn 0 1 0 
vn 0 1 0 
vn 0 1 0 
vn 0 1 0 
vn 0 1 0 
vn 0 1 0 
vn 0 1 0 
vn 0.377953 0 0.929134 
vn 0.377953 0 0.929134 
vn 0.377953 0 0.929134 
vn 0.929134 0 0.377953 
vn -0.377953 0 0.929134 
vn -0.377953 0 0.929134 
vn -0.377953 0 0.929134 
vn 0.377953 0 0.929134 
vn 0.377953 0 0.929134 
vn 0.377953 0 0.929134 
vn -0.377953 0 0.929134 
vn -0.377953 0 0.929134 
vn -0.377953 0 0.929134 
vn -0.708661 0 0.708661 
vn -0.708661 0 0.708661 
vn -0.708661 0 0.708661 
vn 0.708661 0 0.708661 
vn 0.708661 0 0.708661 
vn 0.708661 0 0.708661 
vn 0 0 1 
vn 0 0 1 
vn 0 0 1 
vn 0 0 1 
vn 0 0 1 
vn 0 0 1 
vn 0.346457 0.409449 0.84252 
vn 0.346457 0.409449 0.84252 
vn 0.346457 0.409449 0.84252 
vn 0.84252 0.409449 0.346457 
vn -0.346457 0.409449 0.84252 
vn -0.346457 0.409449 0.84252 
vn -0.346457 0.409449 0.84252 
vn -0.346457 0.417323 0.84252 
vn -0.346457 0.417323 0.84252 
vn -0.346457 0.417323 0.84252 
vn 0.346457 0.417323 0.84252 
vn 0.346457 0.417323 0.84252 
vn 0.346457 0.417323 0.84252 
vn 0.653543 0.393701 0.653543 
vn 0.653543 0.393701 0.653543 
vn 0.653543 0.393701 0.653543 
vn 0.653543 0.393701 0.653543 
vn 0.653543 0.393701 0.653543 
vn 0.653543 0.393701 0.653543 
vn 0 0.370079 0.929134 
vn 0 0.370079 0.929134 
vn 0 0.370079 0.929134 
vn 0 0.370079 0.929134 
vn 0 0.370079 0.929134 
vn 0 0.370079 0.929134 
vn -0.377953 0 -0.929134 
vn -0.929134 0 -0.377953 
vn -0.929134 0 -0.377953 
vn -0.929134 0 -0.377953 
vn -0.377953 0 0.929134 
vn -0.929134 0 0.377953 
vn -0.929134 0 0.377953 
vn -0.929134 0 0.377953 
vn -0.929134 0 -0.377953 
vn -0.929134 0 -0.377953 
vn -0.929134 0 -0.377953 
vn -0.929134 0 0.377953 
vn -0.929134 0 0.377953 
vn -0.929134 0 0.377953 
vn -0.708661 0 -0.708661 
vn -0.708661 0 -0.708661 
vn -0.708661 0 -0.708661 
vn -0.708661 0 0.708661 
vn -0.708661 0 0.708661 
vn -0.708661 0 0.708661 
vn -1 0 0 
vn -1 0 0 
vn -1 0 0 
vn -1 0 0 
vn -0.346457 0.409449 -0.84252 
vn -0.84252 0.409449 -0.346457 
vn -0.84252 0.409449 -0.346457 
vn -0.84252 0.409449 -0.346457 
vn -0.84252 0.409449 0.346457 
vn -0.84252 0.409449 0.346457 
vn -0.84252 0.409449 0.346457 
vn -0.346457 0.409449 0.84252 
vn -0.84252 0.417323 -0.346457 
vn -0.84252 0.417323 -0.346457 
vn -0.84252 0.417323 -0.346457 
vn -0.84252 0.417323 0.346457 
vn -0.84252 0.417323 0.346457 
vn -0.84252 0.417323 0.346457 
vn -0.653543 0.393701 -0.653543 
vn -0.653543 0.393701 -0.653543 
vn -0.653543 0.393701 -0.653543 
vn -0.653543 0.393701 0.653543 
vn -0.653543 0.393701 0.653543 
vn -0.653543 0.393701 0.653543 
vn -0.653543 0.393701 -0.653543 
vn -0.653543 0.393701 -0.653543 
vn -0.653543 0.393701 -0.653543 
vn -0.653543 0.393701 0.653543 
vn -0.653543 0.393701 0.653543 
vn -0.653543 0.393701 0.653543 
vn -0.929134 0.370079 0 
vn -0.929134 0.370079 0 
vn -0.929134 0.370079 0 
vn -0.929134 0.370079 0 
vn -0.929134 0.370079 0 
vn -0.929134 0.370079 0 
vn 0.377953 0 -0.929134 
vn 0.377953 0 -0.929134 
vn 0.377953 0 -0.929134 
vn 0.929134 0 -0.377953 
vn -0.377953 0 -0.929134 
vn -0.377953 0 -0.929134 
vn -0.377953 0 -0.929134 
vn 0.377953 0 -0.929134 
vn 0.377953 0 -0.929134 
vn 0.377953 0 -0.929134 
vn -0.377953 0 -0.929134 
vn -0.377953 0 -0.929134 
vn -0.377953 0 -0.929134 
vn 0.708661 0 -0.708661 
vn 0.708661 0 -0.708661 
vn 0.708661 0 -0.708661 
vn 0.708661 0 -0.708661 
vn 0.708661 0 -0.708661 
vn 0.708661 0 -0.708661 
vn -0.708661 0 -0.708661 
vn -0.708661 0 -0.708661 
vn -0.708661 0 -0.708661 
vn 0 0 -1 
vn 0 0 -1 
vn 0 0 -1 
vn 0 0 -1 
vn 0 0 -1 
vn 0 0 -1 
vn 0.84252 0.409449 -0.346457 
vn -0.346457 0.409449 -0.84252 
vn -0.346457 0.409449 -0.84252 
vn -0.346457 0.409449 -0.84252 
vn 0.346457 0.409449 -0.84252 
vn 0.346457 0.409449 -0.84252 
vn 0.346457 0.409449 -0.84252 
vn 0.346457 0.417323 -0.84252 
vn 0.346457 0.417323 -0.84252 
vn 0.346457 0.417323 -0.84252 
vn -0.346457 0.417323 -0.84252 
vn -0.346457 0.417323 -0.84252 
vn -0.346457 0.417323 -0.84252 
vn 0.653543 0.393701 -0.653543 
vn 0.653543 0.393701 -0.653543 
vn 0.653543 0.393701 -0.653543 
vn 0.653543 0.393701 -0.653543 
vn 0.653543 0.393701 -0.653543 
vn 0.653543 0.393701 -0.653543 
vn 0 0.370079 -0.929134 
vn 0 0.370079 -0.929134 
vn 0 0.370079 -0.929134 
vn 0 0.370079 -0.929134 
vn 0 0.370079 -0.929134 
vn 0 0.370079 -0.929134 

vt 33.2438 -15.0469 
vt 33.5183 -15.0188 
vt 33.2435 -15.0188 
vt 30.4817 -15.0188 
vt 30.7562 -15.0469 
vt 30.7565 -15.0188 
vt 33.2438 -15.0469 
vt 33.5182 -15.0469 
vt 33.5183 -15.0188 
vt 30.4817 -15.0188 
vt 30.4818 -15.0469 
vt 30.7562 -15.0469 
vt 29.2995 -15.0469 
vt 30.4817 -15.0188 
vt 29.2996 -15.0188 
vt 33.2438 -15.0469 
vt 30.7565 -15.0188 
vt 30.7562 -15.0469 
vt 33.2435 -15.0188 
vt 33.5093 -14.9724 
vt 33.2435 -15.0188 
vt 33.5183 -15.0188 
vt 30.7565 -15.0188 
vt 30.4907 -14.9724 
vt 30.4817 -15.0188 
vt 33.5093 -14.9724 
vt 33.2333 -14.9724 
vt 33.2435 -15.0188 
vt 30.7565 -15.0188 
vt 30.7667 -14.9724 
vt 30.4907 -14.9724 
vt 30.7565 -15.0188 
vt 33.2333 -14.9724 
vt 30.7667 -14.9724 
vt 30.7565 -15.0188 
vt 33.2435 -15.0188 
vt 33.2333 -14.9724 
vt 29.3185 -16.5093 
vt 33.5093 -17.6815 
vt 34.6815 -16.5093 
vt 30.4907 -12.3185 
vt 29.3185 -13.4907 
vt 34.6815 -13.4907 
vt 30.4907 -17.6815 
vt 33.5093 -12.3185 
vt 30.7667 -17.7938 
vt 29.2062 -16.2333 
vt 33.2333 -17.7938 
vt 34.7938 -16.2333 
vt 33.2333 -12.2062 
vt 30.7667 -12.2062 
vt 29.2062 -13.7667 
vt 34.7938 -13.7667 
vt 29.3639 -16.4871 
vt 30.4907 -17.6815 
vt 30.5129 -17.6361 
vt 33.5093 -17.6815 
vt 34.6361 -16.4871 
vt 33.4871 -17.6361 
vt 30.4907 -12.3185 
vt 29.3639 -13.5129 
vt 30.5129 -12.3639 
vt 34.6361 -13.5129 
vt 33.5093 -12.3185 
vt 33.4871 -12.3639 
vt 29.3639 -16.4871 
vt 29.3185 -16.5093 
vt 30.4907 -17.6815 
vt 33.5093 -17.6815 
vt 34.6815 -16.5093 
vt 34.6361 -16.4871 
vt 30.4907 -12.3185 
vt 29.3185 -13.4907 
vt 29.3639 -13.5129 
vt 34.6361 -13.5129 
vt 34.6815 -13.4907 
vt 33.5093 -12.3185 
vt 33.2333 -17.7938 
vt 30.7903 -17.7488 
vt 30.7667 -17.7938 
vt 34.7488 -16.2097 
vt 34.7938 -13.7667 
vt 34.7488 -13.7903 
vt 29.2062 -13.7667 
vt 29.2512 -16.2097 
vt 29.2512 -13.7903 
vt 33.2097 -12.2512 
vt 30.7667 -12.2062 
vt 30.7903 -12.2512 
vt 33.2333 -17.7938 
vt 33.2097 -17.7488 
vt 30.7903 -17.7488 
vt 34.7488 -16.2097 
vt 34.7938 -16.2333 
vt 34.7938 -13.7667 
vt 29.2062 -13.7667 
vt 29.2062 -16.2333 
vt 29.2512 -16.2097 
vt 33.2097 -12.2512 
vt 33.2333 -12.2062 
vt 30.7667 -12.2062 
vt 29.3639 -16.4871 
vt 29.2062 -16.2333 
vt 29.3185 -16.5093 
vt 33.4871 -17.6361 
vt 33.2333 -17.7938 
vt 33.5093 -17.6815 
vt 34.7938 -16.2333 
vt 34.6361 -16.4871 
vt 34.6815 -16.5093 
vt 30.5129 -12.3639 
vt 30.7667 -12.2062 
vt 30.4907 -12.3185 
vt 29.2062 -13.7667 
vt 29.3639 -13.5129 
vt 29.3185 -13.4907 
vt 34.6361 -13.5129 
vt 34.7938 -13.7667 
vt 34.6815 -13.4907 
vt 30.5129 -17.6361 
vt 30.4907 -17.6815 
vt 30.7667 -17.7938 
vt 33.4871 -12.3639 
vt 33.5093 -12.3185 
vt 33.2333 -12.2062 
vt 30.5129 -17.6361 
vt 30.7667 -17.7938 
vt 30.7903 -17.7488 
vt 33.4871 -12.3639 
vt 33.2333 -12.2062 
vt 33.2097 -12.2512 
vt 29.3639 -16.4871 
vt 29.2512 -16.2097 
vt 29.2062 -16.2333 
vt 33.4871 -17.6361 
vt 33.2097 -17.7488 
vt 33.2333 -17.7938 
vt 34.7938 -16.2333 
vt 34.7488 -16.2097 
vt 34.6361 -16.4871 
vt 30.5129 -12.3639 
vt 30.7903 -12.2512 
vt 30.7667 -12.2062 
vt 29.2062 -13.7667 
vt 29.2512 -13.7903 
vt 29.3639 -13.5129 
vt 34.6361 -13.5129 
vt 34.7488 -13.7903 
vt 34.7938 -13.7667 
vt 29.4841 -13.5727 
vt 29.2512 -13.7903 
vt 29.3712 -13.8509 
vt 34.7488 -16.2097 
vt 34.6288 -16.1491 
vt 34.5159 -16.4273 
vt 29.4841 -13.5727 
vt 29.3639 -13.5129 
vt 29.2512 -13.7903 
vt 29.3712 -16.1491 
vt 29.3712 -13.8509 
vt 29.2512 -13.7903 
vt 29.2512 -13.7903 
vt 29.2512 -16.2097 
vt 29.3712 -16.1491 
vt 29.2512 -16.2097 
vt 29.3639 -16.4871 
vt 29.4841 -16.4273 
vt 29.3712 -16.1491 
vt 29.2512 -16.2097 
vt 29.4841 -16.4273 
vt 29.3639 -16.4871 
vt 30.5129 -17.6361 
vt 29.4841 -16.4273 
vt 30.5129 -17.6361 
vt 30.7903 -17.7488 
vt 30.5727 -17.5159 
vt 29.4841 -16.4273 
vt 30.5129 -17.6361 
vt 30.5727 -17.5159 
vt 30.7903 -17.7488 
vt 33.2097 -17.7488 
vt 33.1491 -17.6288 
vt 30.8509 -17.6288 
vt 33.2097 -17.7488 
vt 33.4871 -17.6361 
vt 33.4273 -17.5159 
vt 33.1491 -17.6288 
vt 33.2097 -17.7488 
vt 33.4273 -17.5159 
vt 33.4871 -17.6361 
vt 34.6361 -16.4871 
vt 33.4273 -17.5159 
vt 34.6361 -16.4871 
vt 34.7488 -16.2097 
vt 34.5159 -16.4273 
vt 33.4273 -17.5159 
vt 34.6361 -16.4871 
vt 34.5159 -16.4273 
vt 34.7488 -16.2097 
vt 34.7488 -13.7903 
vt 34.6288 -16.1491 
vt 34.7488 -13.7903 
vt 34.6361 -13.5129 
vt 34.5159 -13.5727 
vt 34.6288 -16.1491 
vt 34.7488 -13.7903 
vt 34.6288 -13.8509 
vt 34.6361 -13.5129 
vt 33.4871 -12.3639 
vt 33.4273 -12.4841 
vt 33.4871 -12.3639 
vt 33.2097 -12.2512 
vt 33.4273 -12.4841 
vt 33.2097 -12.2512 
vt 30.7903 -12.2512 
vt 33.1491 -12.3712 
vt 30.7903 -12.2512 
vt 30.5129 -12.3639 
vt 30.5727 -12.4841 
vt 33.1491 -12.3712 
vt 30.7903 -12.2512 
vt 30.8509 -12.3712 
vt 30.5129 -12.3639 
vt 29.3639 -13.5129 
vt 29.4841 -13.5727 
vt 30.5129 -12.3639 
vt 29.4841 -13.5727 
vt 30.5727 -12.4841 
vt 30.5727 -12.4841 
vt 30.8509 -12.3712 
vt 30.7903 -12.2512 
vt 33.2097 -12.2512 
vt 33.1491 -12.3712 
vt 33.4273 -12.4841 
vt 30.8509 -17.6288 
vt 30.5727 -17.5159 
vt 30.7903 -17.7488 
vt 34.6361 -13.5129 
vt 33.4273 -12.4841 
vt 34.5159 -13.5727 
vt 34.5159 -13.5727 
vt 34.6288 -13.8509 
vt 34.7488 -13.7903 
vt 33.2438 -15.0469 
vt 33.5183 -15.0188 
vt 33.2435 -15.0188 
vt 34.7004 -15.0188 
vt 30.7562 -15.0469 
vt 30.4817 -15.0188 
vt 30.4818 -15.0469 
vt 33.2438 -15.0469 
vt 33.5182 -15.0469 
vt 33.5183 -15.0188 
vt 30.7562 -15.0469 
vt 30.7565 -15.0188 
vt 30.4817 -15.0188 
vt 30.4817 -15.0188 
vt 29.2995 -15.0469 
vt 30.4818 -15.0469 
vt 33.5182 -15.0469 
vt 34.7005 -15.0469 
vt 34.7004 -15.0188 
vt 30.7565 -15.0188 
vt 33.2438 -15.0469 
vt 33.2435 -15.0188 
vt 30.7565 -15.0188 
vt 30.7562 -15.0469 
vt 33.2438 -15.0469 
vt 33.5093 -14.9724 
vt 33.2435 -15.0188 
vt 33.5183 -15.0188 
vt 34.6815 -14.9724 
vt 30.4907 -14.9724 
vt 30.4817 -15.0188 
vt 30.7565 -15.0188 
vt 30.4907 -14.9724 
vt 30.7565 -15.0188 
vt 30.7667 -14.9724 
vt 33.5093 -14.9724 
vt 33.2333 -14.9724 
vt 33.2435 -15.0188 
vt 33.5093 -14.9724 
vt 34.7004 -15.0188 
vt 34.6815 -14.9724 
vt 33.5093 -14.9724 
vt 33.5183 -15.0188 
vt 34.7004 -15.0188 
vt 30.7667 -14.9724 
vt 33.2435 -15.0188 
vt 33.2333 -14.9724 
vt 30.7667 -14.9724 
vt 30.7565 -15.0188 
vt 33.2435 -15.0188 
vt 29.2996 -15.0188 
vt 30.4817 -15.0188 
vt 30.7562 -15.0469 
vt 30.7565 -15.0188 
vt 34.7004 -15.0188 
vt 33.2438 -15.0469 
vt 33.5183 -15.0188 
vt 33.2435 -15.0188 
vt 30.4817 -15.0188 
vt 30.4818 -15.0469 
vt 30.7562 -15.0469 
vt 33.2438 -15.0469 
vt 33.5182 -15.0469 
vt 33.5183 -15.0188 
vt 29.2995 -15.0469 
vt 30.4817 -15.0188 
vt 29.2996 -15.0188 
vt 34.7004 -15.0188 
vt 33.5183 -15.0188 
vt 33.5182 -15.0469 
vt 33.2438 -15.0469 
vt 30.7565 -15.0188 
vt 30.7562 -15.0469 
vt 33.2435 -15.0188 
vt 29.3185 -14.9724 
vt 30.7565 -15.0188 
vt 30.4907 -14.9724 
vt 30.4817 -15.0188 
vt 33.5093 -14.9724 
vt 33.2435 -15.0188 
vt 33.5183 -15.0188 
vt 34.6815 -14.9724 
vt 30.7565 -15.0188 
vt 30.7667 -14.9724 
vt 30.4907 -14.9724 
vt 33.5093 -14.9724 
vt 33.2333 -14.9724 
vt 33.2435 -15.0188 
vt 29.3185 -14.9724 
vt 30.4817 -15.0188 
vt 30.4907 -14.9724 
vt 34.6815 -14.9724 
vt 33.5183 -15.0188 
vt 34.7004 -15.0188 
vt 29.3185 -14.9724 
vt 29.2996 -15.0188 
vt 30.4817 -15.0188 
vt 34.6815 -14.9724 
vt 33.5093 -14.9724 
vt 33.5183 -15.0188 
vt 30.7667 -14.9724 
vt 33.2435 -15.0188 
vt 33.2333 -14.9724 
vt 30.7667 -14.9724 
vt 30.7565 -15.0188 
vt 33.2435 -15.0188 
vt 30.7562 -15.0469 
vt 30.4817 -15.0188 
vt 30.4818 -15.0469 
vt 29.2996 -15.0188 
vt 33.2438 -15.0469 
vt 33.5183 -15.0188 
vt 33.2435 -15.0188 
vt 30.7562 -15.0469 
vt 30.7565 -15.0188 
vt 30.4817 -15.0188 
vt 33.2438 -15.0469 
vt 33.5182 -15.0469 
vt 33.5183 -15.0188 
vt 30.4817 -15.0188 
vt 29.2995 -15.0469 
vt 30.4818 -15.0469 
vt 30.4817 -15.0188 
vt 29.2996 -15.0188 
vt 29.2995 -15.0469 
vt 33.5182 -15.0469 
vt 34.7005 -15.0469 
vt 34.7004 -15.0188 
vt 33.2438 -15.0469 
vt 30.7565 -15.0188 
vt 30.7562 -15.0469 
vt 33.2438 -15.0469 
vt 33.2435 -15.0188 
vt 30.7565 -15.0188 
vt 29.3185 -14.9724 
vt 33.5093 -14.9724 
vt 33.2435 -15.0188 
vt 33.5183 -15.0188 
vt 30.4907 -14.9724 
vt 30.4817 -15.0188 
vt 30.7565 -15.0188 
vt 30.4907 -14.9724 
vt 30.7565 -15.0188 
vt 30.7667 -14.9724 
vt 33.5093 -14.9724 
vt 33.2333 -14.9724 
vt 33.2435 -15.0188 
vt 30.4907 -14.9724 
vt 29.2996 -15.0188 
vt 30.4817 -15.0188 
vt 30.4907 -14.9724 
vt 29.3185 -14.9724 
vt 29.2996 -15.0188 
vt 33.2435 -15.0188 
vt 30.7667 -14.9724 
vt 30.7565 -15.0188 
vt 33.2435 -15.0188 
vt 33.2333 -14.9724 
vt 30.7667 -14.9724 

usemtl Cube0081Mtl

f 1426/1426/1426 1427/1427/1427 1428/1428/1428 
f 1429/1429/1429 1430/1430/1430 1431/1431/1431 
f 1432/1432/1432 1433/1433/1433 1434/1434/1434 
f 1435/1435/1435 1436/1436/1436 1437/1437/1437 
f 1438/1438/1438 1439/1439/1439 1440/1440/1440 
f 1441/1441/1441 1442/1442/1442 1443/1443/1443 
f 1441/1441/1441 1444/1444/1444 1442/1442/1442 
f 1445/1445/1445 1446/1446/1446 1447/1447/1447 
f 1448/1448/1448 1449/1449/1449 1450/1450/1450 
f 1451/1451/1451 1452/1452/1452 1453/1453/1453 
f 1454/1454/1454 1455/1455/1455 1456/1456/1456 
f 1457/1457/1457 1458/1458/1458 1459/1459/1459 
f 1460/1460/1460 1461/1461/1461 1462/1462/1462 
f 1479/1479/1479 1480/1480/1480 1481/1481/1481 
f 1482/1482/1482 1483/1483/1483 1484/1484/1484 
f 1485/1485/1485 1486/1486/1486 1487/1487/1487 
f 1488/1488/1488 1489/1489/1489 1490/1490/1490 
f 1491/1491/1491 1492/1492/1492 1493/1493/1493 
f 1494/1494/1494 1495/1495/1495 1496/1496/1496 
f 1497/1497/1497 1498/1498/1498 1499/1499/1499 
f 1500/1500/1500 1501/1501/1501 1502/1502/1502 
f 1503/1503/1503 1504/1504/1504 1505/1505/1505 
f 1506/1506/1506 1507/1507/1507 1508/1508/1508 
f 1509/1509/1509 1510/1510/1510 1511/1511/1511 
f 1512/1512/1512 1513/1513/1513 1514/1514/1514 
f 1515/1515/1515 1516/1516/1516 1517/1517/1517 
f 1518/1518/1518 1519/1519/1519 1520/1520/1520 
f 1521/1521/1521 1522/1522/1522 1523/1523/1523 
f 1524/1524/1524 1525/1525/1525 1526/1526/1526 
f 1527/1527/1527 1528/1528/1528 1529/1529/1529 
f 1530/1530/1530 1531/1531/1531 1532/1532/1532 
f 1533/1533/1533 1534/1534/1534 1535/1535/1535 
f 1536/1536/1536 1537/1537/1537 1538/1538/1538 
f 1539/1539/1539 1540/1540/1540 1541/1541/1541 
f 1542/1542/1542 1543/1543/1543 1544/1544/1544 
f 1545/1545/1545 1546/1546/1546 1547/1547/1547 
f 1548/1548/1548 1549/1549/1549 1550/1550/1550 
f 1551/1551/1551 1552/1552/1552 1553/1553/1553 
f 1554/1554/1554 1555/1555/1555 1556/1556/1556 
f 1557/1557/1557 1558/1558/1558 1559/1559/1559 
f 1560/1560/1560 1561/1561/1561 1562/1562/1562 
f 1563/1563/1563 1564/1564/1564 1565/1565/1565 
f 1566/1566/1566 1567/1567/1567 1568/1568/1568 
f 1569/1569/1569 1570/1570/1570 1571/1571/1571 
f 1572/1572/1572 1573/1573/1573 1574/1574/1574 
f 1575/1575/1575 1576/1576/1576 1577/1577/1577 
f 1578/1578/1578 1579/1579/1579 1580/1580/1580 
f 1581/1581/1581 1582/1582/1582 1583/1583/1583 
f 1584/1584/1584 1585/1585/1585 1586/1586/1586 
f 1587/1587/1587 1588/1588/1588 1589/1589/1589 
f 1590/1590/1590 1591/1591/1591 1592/1592/1592 
f 1593/1593/1593 1594/1594/1594 1595/1595/1595 
f 1596/1596/1596 1597/1597/1597 1598/1598/1598 
f 1599/1599/1599 1600/1600/1600 1601/1601/1601 
f 1602/1602/1602 1603/1603/1603 1604/1604/1604 
f 1605/1605/1605 1606/1606/1606 1607/1607/1607 
f 1607/1607/1607 1608/1608/1608 1605/1605/1605 
f 1609/1609/1609 1610/1610/1610 1611/1611/1611 
f 1612/1612/1612 1613/1613/1613 1614/1614/1614 
f 1615/1615/1615 1616/1616/1616 1617/1617/1617 
f 1618/1618/1618 1619/1619/1619 1620/1620/1620 
f 1621/1621/1621 1622/1622/1622 1623/1623/1623 
f 1624/1624/1624 1625/1625/1625 1626/1626/1626 
f 1627/1627/1627 1628/1628/1628 1629/1629/1629 
f 1630/1630/1630 1631/1631/1631 1632/1632/1632 
f 1633/1633/1633 1634/1634/1634 1635/1635/1635 
f 1636/1636/1636 1637/1637/1637 1638/1638/1638 
f 1639/1639/1639 1640/1640/1640 1641/1641/1641 
f 1642/1642/1642 1643/1643/1643 1644/1644/1644 
f 1645/1645/1645 1646/1646/1646 1647/1647/1647 
f 1648/1648/1648 1649/1649/1649 1650/1650/1650 
f 1651/1651/1651 1652/1652/1652 1653/1653/1653 
f 1654/1654/1654 1655/1655/1655 1656/1656/1656 
f 1657/1657/1657 1658/1658/1658 1659/1659/1659 
f 1660/1660/1660 1661/1661/1661 1662/1662/1662 
f 1663/1663/1663 1664/1664/1664 1665/1665/1665 
f 1666/1666/1666 1667/1667/1667 1668/1668/1668 
f 1669/1669/1669 1670/1670/1670 1671/1671/1671 
f 1673/1673/1673 1674/1674/1674 1675/1675/1675 
f 1676/1676/1676 1677/1677/1677 1678/1678/1678 
f 1679/1679/1679 1680/1680/1680 1681/1681/1681 
f 1682/1682/1682 1683/1683/1683 1684/1684/1684 
f 1685/1685/1685 1686/1686/1686 1687/1687/1687 
f 1688/1688/1688 1689/1689/1689 1690/1690/1690 
f 1691/1691/1691 1692/1692/1692 1693/1693/1693 
f 1694/1694/1694 1695/1695/1695 1696/1696/1696 
f 1698/1698/1698 1699/1699/1699 1700/1700/1700 
f 1701/1701/1701 1702/1702/1702 1703/1703/1703 
f 1704/1704/1704 1705/1705/1705 1706/1706/1706 
f 1707/1707/1707 1708/1708/1708 1709/1709/1709 
f 1710/1710/1710 1711/1711/1711 1712/1712/1712 
f 1713/1713/1713 1714/1714/1714 1715/1715/1715 
f 1716/1716/1716 1717/1717/1717 1718/1718/1718 
f 1720/1720/1720 1721/1721/1721 1722/1722/1722 
f 1724/1724/1724 1725/1725/1725 1726/1726/1726 
f 1727/1727/1727 1728/1728/1728 1729/1729/1729 
f 1730/1730/1730 1731/1731/1731 1732/1732/1732 
f 1733/1733/1733 1734/1734/1734 1735/1735/1735 
f 1736/1736/1736 1737/1737/1737 1738/1738/1738 
f 1739/1739/1739 1740/1740/1740 1741/1741/1741 
f 1739/1739/1739 1742/1742/1742 1740/1740/1740 
f 1744/1744/1744 1745/1745/1745 1746/1746/1746 
f 1747/1747/1747 1748/1748/1748 1749/1749/1749 
f 1751/1751/1751 1752/1752/1752 1753/1753/1753 
f 1754/1754/1754 1755/1755/1755 1756/1756/1756 
f 1757/1757/1757 1758/1758/1758 1759/1759/1759 
f 1760/1760/1760 1761/1761/1761 1762/1762/1762 
f 1763/1763/1763 1764/1764/1764 1765/1765/1765 
f 1766/1766/1766 1767/1767/1767 1768/1768/1768 
f 1769/1769/1769 1770/1770/1770 1771/1771/1771 
f 1772/1772/1772 1773/1773/1773 1774/1774/1774 
f 1775/1775/1775 1776/1776/1776 1777/1777/1777 
f 1779/1779/1779 1780/1780/1780 1781/1781/1781 
f 1782/1782/1782 1783/1783/1783 1784/1784/1784 
f 1785/1785/1785 1786/1786/1786 1787/1787/1787 
f 1788/1788/1788 1789/1789/1789 1790/1790/1790 
f 1791/1791/1791 1792/1792/1792 1793/1793/1793 
f 1794/1794/1794 1795/1795/1795 1796/1796/1796 
f 1797/1797/1797 1798/1798/1798 1799/1799/1799 
f 1800/1800/1800 1801/1801/1801 1802/1802/1802 
f 1804/1804/1804 1805/1805/1805 1806/1806/1806 
f 1807/1807/1807 1808/1808/1808 1809/1809/1809 
f 1810/1810/1810 1811/1811/1811 1812/1812/1812 
f 1813/1813/1813 1814/1814/1814 1815/1815/1815 
f 1816/1816/1816 1817/1817/1817 1818/1818/1818 
f 1819/1819/1819 1820/1820/1820 1821/1821/1821 
f 1822/1822/1822 1823/1823/1823 1824/1824/1824 
f 1825/1825/1825 1826/1826/1826 1827/1827/1827 

g Cube01410

v 40 0.395839 41.625 
v 5 0.393839 48.375 
v 40 0.395839 48.375 
v 5 0.393839 41.625 

vn 0 1 0 
vn 0 1 0 
vn 0 1 0 
vn 0 1 0 

vt 35.8125 0.578125 
vt 40.1875 1.42188 
vt 35.8125 1.42188 
vt 40.1875 0.578125 

usemtl Cube0081Mtl

f 1828/1828/1828 1829/1829/1829 1830/1830/1830 
f 1828/1828/1828 1831/1831/1831 1829/1829/1829 

g Cube01210

v 40 -0.100471 50 
v 5 0.394836 49.5 
v 5 -0.100472 50 
v 40 0.394838 49.5 
v 5 0.394836 40.5 
v 40 -0.100471 40 
v 5 -0.100472 40 
v 40 0.394838 40.5 
v 5 0.394836 49.5 
v 40 0.394838 48.9375 
v 5 0.394836 48.9375 
v 40 0.394838 49.5 
v 40 0.394838 41.0625 
v 5 0.394836 40.5 
v 5 0.394836 41.0625 
v 40 0.394838 40.5 
v 40 -0.399998 50 
v 5 -0.100472 50 
v 5 -0.4 50 
v 40 -0.100471 50 
v 5 -0.100472 40 
v 40 -0.399998 40 
v 5 -0.4 40 
v 40 -0.100471 40 

vn 0 0.708661 0.700787 
vn 0 0.708661 0.700787 
vn 0 0.708661 0.700787 
vn 0 0.708661 0.700787 
vn 0 0.708661 -0.700787 
vn 0 0.708661 -0.700787 
vn 0 0.708661 -0.700787 
vn 0 0.708661 -0.700787 
vn 0 1 0 
vn 0 1 0 
vn 0 1 0 
vn 0 1 0 
vn 0 1 0 
vn 0 1 0 
vn 0 1 0 
vn 0 1 0 
vn 0 0 1 
vn 0 0 1 
vn 0 0 1 
vn 0 0 1 
vn 0 0 -1 
vn 0 0 -1 
vn 0 0 -1 
vn 0 0 -1 

vt 31.8125 -34.375 
vt 36.1875 -34.4375 
vt 36.1875 -34.375 
vt 31.8125 -34.4375 
vt 36.1875 -35.5625 
vt 31.8125 -35.625 
vt 36.1875 -35.625 
vt 31.8125 -35.5625 
vt 36.1875 -34.4375 
vt 31.8125 -34.5078 
vt 36.1875 -34.5078 
vt 31.8125 -34.4375 
vt 31.8125 -35.4922 
vt 36.1875 -35.5625 
vt 36.1875 -35.4922 
vt 31.8125 -35.5625 
vt 36.1875 -35.0497 
vt 31.8125 -35.0122 
vt 31.8125 -35.0497 
vt 36.1875 -35.0122 
vt 36.1875 -35.0122 
vt 31.8125 -35.0497 
vt 36.1875 -35.0497 
vt 31.8125 -35.0122 

usemtl Cube0081Mtl

f 1832/1832/1832 1833/1833/1833 1834/1834/1834 
f 1832/1832/1832 1835/1835/1835 1833/1833/1833 
f 1836/1836/1836 1837/1837/1837 1838/1838/1838 
f 1836/1836/1836 1839/1839/1839 1837/1837/1837 
f 1840/1840/1840 1841/1841/1841 1842/1842/1842 
f 1840/1840/1840 1843/1843/1843 1841/1841/1841 
f 1844/1844/1844 1845/1845/1845 1846/1846/1846 
f 1844/1844/1844 1847/1847/1847 1845/1845/1845 
f 1848/1848/1848 1849/1849/1849 1850/1850/1850 
f 1848/1848/1848 1851/1851/1851 1849/1849/1849 
f 1852/1852/1852 1853/1853/1853 1854/1854/1854 
f 1852/1852/1852 1855/1855/1855 1853/1853/1853 

g Cube01110

v 5 0.330427 48.6562 
v 40 0.394838 48.375 
v 5 0.394837 48.375 
v 40 0.394838 41.625 
v 5 0.330427 41.3438 
v 5 0.394837 41.625 
v 5 0.330427 48.6562 
v 40 0.330429 48.6562 
v 40 0.394838 48.375 
v 40 0.394838 41.625 
v 40 0.330429 41.3438 
v 5 0.330427 41.3438 
v 5 0.394837 48.9375 
v 40 0.330429 48.6562 
v 5 0.330427 48.6562 
v 40 0.394838 48.9375 
v 40 0.330429 41.3438 
v 5 0.394837 41.0625 
v 5 0.330427 41.3438 
v 40 0.394838 41.0625 

vn 0 0.976378 0.220472 
vn 0 0.976378 0.220472 
vn 0 0.976378 0.220472 
vn 0 0.976378 -0.220472 
vn 0 0.976378 -0.220472 
vn 0 0.976378 -0.220472 
vn 0 0.976378 0.220472 
vn 0 0.976378 0.220472 
vn 0 0.976378 0.220472 
vn 0 0.976378 -0.220472 
vn 0 0.976378 -0.220472 
vn 0 0.976378 -0.220472 
vn 0 0.976378 -0.220472 
vn 0 0.976378 -0.220472 
vn 0 0.976378 -0.220472 
vn 0 0.976378 -0.220472 
vn 0 0.976378 0.220472 
vn 0 0.976378 0.220472 
vn 0 0.976378 0.220472 
vn 0 0.976378 0.220472 

vt 36.1875 -48.543 
vt 31.8125 -48.5781 
vt 36.1875 -48.5781 
vt 31.8125 -49.4219 
vt 36.1875 -49.457 
vt 36.1875 -49.4219 
vt 36.1875 -48.543 
vt 31.8125 -48.543 
vt 31.8125 -48.5781 
vt 31.8125 -49.4219 
vt 31.8125 -49.457 
vt 36.1875 -49.457 
vt 36.1875 -48.5078 
vt 31.8125 -48.543 
vt 36.1875 -48.543 
vt 31.8125 -48.5078 
vt 31.8125 -49.457 
vt 36.1875 -49.4922 
vt 36.1875 -49.457 
vt 31.8125 -49.4922 

usemtl Cube0081Mtl

f 1856/1856/1856 1857/1857/1857 1858/1858/1858 
f 1859/1859/1859 1860/1860/1860 1861/1861/1861 
f 1862/1862/1862 1863/1863/1863 1864/1864/1864 
f 1865/1865/1865 1866/1866/1866 1867/1867/1867 
f 1868/1868/1868 1869/1869/1869 1870/1870/1870 
f 1868/1868/1868 1871/1871/1871 1869/1869/1869 
f 1872/1872/1872 1873/1873/1873 1874/1874/1874 
f 1872/1872/1872 1875/1875/1875 1873/1873/1873 

g Cube0134

v 5 0.394838 49.5 
v -5 -0.100472 50 
v 5 -0.100471 50 
v -5 0.394836 49.5 
v 5 -0.100471 40 
v 4.5 0.394838 40 
v 4.5 0.394838 40.5 
v -5 -0.100472 40 
v -4.5 0.394836 40.5 
v -4.5 0.394836 40 
v 4.5 0.394838 40.5 
v 5 0.394838 40.5 
v 5 -0.100471 40 
v -4.5 0.394836 40.5 
v -5 -0.100472 40 
v -5 0.394836 40.5 
v 4.5 0.394838 40.5 
v 4.5 0.394838 40 
v 3.9375 0.394838 40 
v -4.5 0.394836 40.5 
v -5 0.394836 40.5 
v -5 0.394836 41.0625 
v -3.9375 0.394836 40 
v -4.5 0.394836 40 
v -3.9375 0.394836 41.0625 
v 5 0.394838 48.9375 
v -5 0.394836 49.5 
v 5 0.394838 49.5 
v -5 0.394836 48.9375 
v 3.9375 0.394838 40 
v 3.9375 0.394838 41.0625 
v 4.5 0.394838 40.5 
v 5 0.394838 41.0625 
v 5 0.394838 40.5 
v 3.9375 0.394838 41.0625 
v 5 0.394838 41.0625 
v 4.5 0.394838 40.5 
v -5 0.394836 41.0625 
v -3.9375 0.394836 41.0625 
v -4.5 0.394836 40.5 
v 5 -0.100471 50 
v -5 -0.4 50 
v 5 -0.399998 50 
v -5 -0.100472 50 

vn 0 0.708661 0.700787 
vn 0 0.708661 0.700787 
vn 0 0.708661 0.700787 
vn 0 0.708661 0.700787 
vn 0.700787 0.708661 0 
vn 0.700787 0.708661 0 
vn 0.700787 0.708661 0 
vn -0.700787 0.708661 0 
vn -0.700787 0.708661 0 
vn -0.700787 0.708661 0 
vn 0 0.708661 -0.700787 
vn 0 0.708661 -0.700787 
vn 0 0.708661 -0.700787 
vn 0 0.708661 -0.700787 
vn 0 0.708661 -0.700787 
vn 0 0.708661 -0.700787 
vn 0 1 0 
vn 0 1 0 
vn 0 1 0 
vn 0 1 0 
vn 0 1 0 
vn 0 1 0 
vn 0 1 0 
vn 0 1 0 
vn 0 1 0 
vn 0 1 0 
vn 0 1 0 
vn 0 1 0 
vn 0 1 0 
vn 0 1 0 
vn 0 1 0 
vn 0 1 0 
vn 0 1 0 
vn 0 1 0 
vn 0 1 0 
vn 0 1 0 
vn 0 1 0 
vn 0 1 0 
vn 0 1 0 
vn 0 1 0 
vn 0 0 1 
vn 0 0 1 
vn 0 0 1 
vn 0 0 1 

vt 47.375 -52.4375 
vt 48.625 -52.375 
vt 47.375 -52.375 
vt 48.625 -52.4375 
vt 47.375 -53.625 
vt 47.4375 -53.625 
vt 47.4375 -53.5625 
vt 48.625 -53.625 
vt 48.5625 -53.5625 
vt 48.5625 -53.625 
vt 47.4375 -53.5625 
vt 47.375 -53.5625 
vt 47.375 -53.625 
vt 48.5625 -53.5625 
vt 48.625 -53.625 
vt 48.625 -53.5625 
vt 47.4375 -53.5625 
vt 47.4375 -53.625 
vt 47.5078 -53.625 
vt 48.5625 -53.5625 
vt 48.625 -53.5625 
vt 48.625 -53.4922 
vt 48.4922 -53.625 
vt 48.5625 -53.625 
vt 48.4922 -53.4922 
vt 47.375 -52.5078 
vt 48.625 -52.4375 
vt 47.375 -52.4375 
vt 48.625 -52.5078 
vt 47.5078 -53.625 
vt 47.5078 -53.4922 
vt 47.4375 -53.5625 
vt 47.375 -53.4922 
vt 47.375 -53.5625 
vt 47.5078 -53.4922 
vt 47.375 -53.4922 
vt 47.4375 -53.5625 
vt 48.625 -53.4922 
vt 48.4922 -53.4922 
vt 48.5625 -53.5625 
vt 48.625 -53.0122 
vt 47.375 -53.0497 
vt 48.625 -53.0497 
vt 47.375 -53.0122 

usemtl Cube0081Mtl

f 1876/1876/1876 1877/1877/1877 1878/1878/1878 
f 1876/1876/1876 1879/1879/1879 1877/1877/1877 
f 1880/1880/1880 1881/1881/1881 1882/1882/1882 
f 1883/1883/1883 1884/1884/1884 1885/1885/1885 
f 1886/1886/1886 1887/1887/1887 1888/1888/1888 
f 1889/1889/1889 1890/1890/1890 1891/1891/1891 
f 1892/1892/1892 1893/1893/1893 1894/1894/1894 
f 1895/1895/1895 1896/1896/1896 1897/1897/1897 
f 1898/1898/1898 1899/1899/1899 1895/1895/1895 
f 1900/1900/1900 1898/1898/1898 1895/1895/1895 
f 1901/1901/1901 1902/1902/1902 1903/1903/1903 
f 1901/1901/1901 1904/1904/1904 1902/1902/1902 
f 1905/1905/1905 1906/1906/1906 1907/1907/1907 
f 1908/1908/1908 1909/1909/1909 1907/1907/1907 
f 1910/1910/1910 1911/1911/1911 1912/1912/1912 
f 1913/1913/1913 1914/1914/1914 1915/1915/1915 
f 1916/1916/1916 1917/1917/1917 1918/1918/1918 
f 1916/1916/1916 1919/1919/1919 1917/1917/1917 

g Cube0154

v 5 0.394838 48.375 
v -5 0.330427 48.6563 
v 5 0.330429 48.6563 
v -5 0.394837 48.375 
v 3.375 0.394838 40 
v 3.65625 0.330429 41.3438 
v 3.65625 0.330429 40 
v -3.375 0.394837 40 
v -3.65625 0.330428 41.3438 
v -3.375 0.394837 41.625 
v 3.375 0.394838 40 
v 3.375 0.394838 41.625 
v 3.65625 0.330429 41.3438 
v -3.375 0.394837 40 
v -3.65625 0.330428 40 
v -3.65625 0.330428 41.3438 
v 5 0.394838 41.625 
v 3.65625 0.330429 41.3438 
v 3.375 0.394838 41.625 
v -3.65625 0.330428 41.3438 
v -5 0.394837 41.625 
v -3.375 0.394837 41.625 
v 5 0.394838 41.625 
v 5 0.330429 41.3438 
v 3.65625 0.330429 41.3438 
v -3.65625 0.330428 41.3438 
v -5 0.330427 41.3438 
v -5 0.394837 41.625 
v 5 0.330429 41.3438 
v 3.9375 0.394838 41.0625 
v 3.65625 0.330429 41.3438 
v -3.9375 0.394837 41.0625 
v -5 0.330427 41.3438 
v -3.65625 0.330428 41.3438 
v 5 0.330429 41.3438 
v 5 0.394838 41.0625 
v 3.9375 0.394838 41.0625 
v -3.9375 0.394837 41.0625 
v -5 0.394837 41.0625 
v -5 0.330427 41.3438 
v -3.9375 0.394837 41.0625 
v -3.65625 0.330428 40 
v -3.9375 0.394837 40 
v 3.65625 0.330429 40 
v 3.9375 0.394838 41.0625 
v 3.9375 0.394838 40 
v -3.9375 0.394837 41.0625 
v -3.65625 0.330428 41.3438 
v -3.65625 0.330428 40 
v 3.65625 0.330429 40 
v 3.65625 0.330429 41.3438 
v 3.9375 0.394838 41.0625 
v -5 0.330427 48.6563 
v 5 0.394838 48.9375 
v 5 0.330429 48.6563 
v -5 0.394837 48.9375 

vn 0 0.976378 0.220472 
vn 0 0.976378 0.220472 
vn 0 0.976378 0.220472 
vn 0 0.976378 0.220472 
vn 0.220472 0.976378 0 
vn 0.220472 0.976378 0 
vn 0.220472 0.976378 0 
vn -0.220472 0.976378 0 
vn -0.220472 0.976378 0 
vn -0.220472 0.976378 0 
vn 0.220472 0.976378 0 
vn 0.220472 0.976378 0 
vn 0.220472 0.976378 0 
vn -0.220472 0.976378 0 
vn -0.220472 0.976378 0 
vn -0.220472 0.976378 0 
vn 0 0.976378 -0.220472 
vn 0 0.976378 -0.220472 
vn 0 0.976378 -0.220472 
vn 0 0.976378 -0.220472 
vn 0 0.976378 -0.220472 
vn 0 0.976378 -0.220472 
vn 0 0.976378 -0.220472 
vn 0 0.976378 -0.220472 
vn 0 0.976378 -0.220472 
vn 0 0.976378 -0.220472 
vn 0 0.976378 -0.220472 
vn 0 0.976378 -0.220472 
vn 0 0.976378 0.220472 
vn 0 0.976378 0.220472 
vn 0 0.976378 0.220472 
vn 0 0.976378 0.220472 
vn 0 0.976378 0.220472 
vn 0 0.976378 0.220472 
vn 0 0.976378 0.220472 
vn 0 0.976378 0.220472 
vn 0 0.976378 0.220472 
vn 0 0.976378 0.220472 
vn 0 0.976378 0.220472 
vn 0 0.976378 0.220472 
vn 0.220472 0.976378 0 
vn 0.220472 0.976378 0 
vn 0.220472 0.976378 0 
vn -0.220472 0.976378 0 
vn -0.220472 0.976378 0 
vn -0.220472 0.976378 0 
vn 0.220472 0.976378 0 
vn 0.220472 0.976378 0 
vn 0.220472 0.976378 0 
vn -0.220472 0.976378 0 
vn -0.220472 0.976378 0 
vn -0.220472 0.976378 0 
vn 0 0.976378 -0.220472 
vn 0 0.976378 -0.220472 
vn 0 0.976378 -0.220472 
vn 0 0.976378 -0.220472 

vt 31.375 -58.5117 
vt 32.625 -58.4766 
vt 31.375 -58.4766 
vt 32.625 -58.5117 
vt 31.5781 -59.5586 
vt 31.543 -59.3906 
vt 31.543 -59.5586 
vt 32.4219 -59.5586 
vt 32.457 -59.3906 
vt 32.4219 -59.3555 
vt 31.5781 -59.5586 
vt 31.5781 -59.3555 
vt 31.543 -59.3906 
vt 32.4219 -59.5586 
vt 32.457 -59.5586 
vt 32.457 -59.3906 
vt 31.375 -59.3555 
vt 31.543 -59.3906 
vt 31.5781 -59.3555 
vt 32.457 -59.3906 
vt 32.625 -59.3555 
vt 32.4219 -59.3555 
vt 31.375 -59.3555 
vt 31.375 -59.3906 
vt 31.543 -59.3906 
vt 32.457 -59.3906 
vt 32.625 -59.3906 
vt 32.625 -59.3555 
vt 31.375 -59.3906 
vt 31.5078 -59.4258 
vt 31.543 -59.3906 
vt 32.4922 -59.4258 
vt 32.625 -59.3906 
vt 32.457 -59.3906 
vt 31.375 -59.3906 
vt 31.375 -59.4258 
vt 31.5078 -59.4258 
vt 32.4922 -59.4258 
vt 32.625 -59.4258 
vt 32.625 -59.3906 
vt 32.4922 -59.4258 
vt 32.457 -59.5586 
vt 32.4922 -59.5586 
vt 31.543 -59.5586 
vt 31.5078 -59.4258 
vt 31.5078 -59.5586 
vt 32.4922 -59.4258 
vt 32.457 -59.3906 
vt 32.457 -59.5586 
vt 31.543 -59.5586 
vt 31.543 -59.3906 
vt 31.5078 -59.4258 
vt 32.625 -58.4766 
vt 31.375 -58.4414 
vt 31.375 -58.4766 
vt 32.625 -58.4414 

usemtl Cube0081Mtl

f 1920/1920/1920 1921/1921/1921 1922/1922/1922 
f 1920/1920/1920 1923/1923/1923 1921/1921/1921 
f 1924/1924/1924 1925/1925/1925 1926/1926/1926 
f 1927/1927/1927 1928/1928/1928 1929/1929/1929 
f 1930/1930/1930 1931/1931/1931 1932/1932/1932 
f 1933/1933/1933 1934/1934/1934 1935/1935/1935 
f 1936/1936/1936 1937/1937/1937 1938/1938/1938 
f 1939/1939/1939 1940/1940/1940 1941/1941/1941 
f 1942/1942/1942 1943/1943/1943 1944/1944/1944 
f 1945/1945/1945 1946/1946/1946 1947/1947/1947 
f 1948/1948/1948 1949/1949/1949 1950/1950/1950 
f 1951/1951/1951 1952/1952/1952 1953/1953/1953 
f 1954/1954/1954 1955/1955/1955 1956/1956/1956 
f 1957/1957/1957 1958/1958/1958 1959/1959/1959 
f 1960/1960/1960 1961/1961/1961 1962/1962/1962 
f 1963/1963/1963 1964/1964/1964 1965/1965/1965 
f 1966/1966/1966 1967/1967/1967 1968/1968/1968 
f 1969/1969/1969 1970/1970/1970 1971/1971/1971 
f 1972/1972/1972 1973/1973/1973 1974/1974/1974 
f 1972/1972/1972 1975/1975/1975 1973/1973/1973 

g Cube0164

v 3.375 0.395543 41.625 
v -3.375 0.394131 40 
v -3.375 0.394131 41.625 
v -3.375 0.394131 41.625 
v 5 0.395837 48.375 
v 3.375 0.395543 41.625 
v 3.375 0.395543 41.625 
v 3.375 0.395543 40 
v -3.375 0.394131 40 
v 5 0.395837 48.375 
v 5 0.395837 41.625 
v -3.375 0.394131 41.625 
v -5 0.393837 48.375 
v -5 0.393837 41.625 

vn 0 1 0 
vn 0 1 0 
vn 0 1 0 
vn 0 1 0 
vn 0 1 0 
vn 0 1 0 
vn 0 1 0 
vn 0 1 0 
vn 0 1 0 
vn 0 1 0 
vn 0 1 0 
vn 0 1 0 
vn 0 1 0 
vn 0 1 0 

vt 9.57812 -41.3203 
vt 10.4219 -41.5234 
vt 10.4219 -41.3203 
vt 10.4219 -41.3203 
vt 9.375 -40.4766 
vt 9.57812 -41.3203 
vt 9.57812 -41.3203 
vt 9.57812 -41.5234 
vt 10.4219 -41.5234 
vt 9.375 -40.4766 
vt 9.375 -41.3203 
vt 10.4219 -41.3203 
vt 10.625 -40.4766 
vt 10.625 -41.3203 

usemtl Cube0081Mtl

f 1976/1976/1976 1977/1977/1977 1978/1978/1978 
f 1979/1979/1979 1980/1980/1980 1981/1981/1981 
f 1982/1982/1982 1983/1983/1983 1984/1984/1984 
f 1985/1985/1985 1986/1986/1986 1982/1982/1982 
f 1987/1987/1987 1988/1988/1988 1985/1985/1985 
f 1987/1987/1987 1989/1989/1989 1988/1988/1988 

g Cube01411

v -3.375 0.395839 20 
v 3.375 0.393839 40 
v 3.375 0.395839 20 
v -3.375 0.393839 40 

vn 0 1 0 
vn 0 1 0 
vn 0 1 0 
vn 0 1 0 

vt 20.75 -33.4219 
vt 23.25 -32.5781 
vt 20.75 -32.5781 
vt 23.25 -33.4219 

usemtl Cube0081Mtl

f 1990/1990/1990 1991/1991/1991 1992/1992/1992 
f 1990/1990/1990 1993/1993/1993 1991/1991/1991 

g Cube01211

v 5 -0.100471 20 
v 4.5 0.394836 40 
v 5 -0.100472 40 
v 4.5 0.394838 20 
v -4.5 0.394836 40 
v -5 -0.100471 20 
v -5 -0.100472 40 
v -4.5 0.394838 20 
v 4.5 0.394836 40 
v 3.9375 0.394838 20 
v 3.9375 0.394836 40 
v 4.5 0.394838 20 
v -3.9375 0.394838 20 
v -4.5 0.394836 40 
v -3.9375 0.394836 40 
v -4.5 0.394838 20 
v 5 -0.399998 20 
v 5 -0.100472 40 
v 5 -0.4 40 
v 5 -0.100471 20 
v -5 -0.100472 40 
v -5 -0.399998 20 
v -5 -0.4 40 
v -5 -0.100471 20 

vn 0.700787 0.708661 0 
vn 0.700787 0.708661 0 
vn 0.700787 0.708661 0 
vn 0.700787 0.708661 0 
vn -0.700787 0.708661 0 
vn -0.700787 0.708661 0 
vn -0.700787 0.708661 0 
vn -0.700787 0.708661 0 
vn 0 1 0 
vn 0 1 0 
vn 0 1 0 
vn 0 1 0 
vn 0 1 0 
vn 0 1 0 
vn 0 1 0 
vn 0 1 0 
vn 1 0 0 
vn 1 0 0 
vn 1 0 0 
vn 1 0 0 
vn -1 0 0 
vn -1 0 0 
vn -1 0 0 
vn -1 0 0 

vt 38.75 -16.375 
vt 41.25 -16.4375 
vt 41.25 -16.375 
vt 38.75 -16.4375 
vt 41.25 -17.5625 
vt 38.75 -17.625 
vt 41.25 -17.625 
vt 38.75 -17.5625 
vt 41.25 -16.4375 
vt 38.75 -16.5078 
vt 41.25 -16.5078 
vt 38.75 -16.4375 
vt 38.75 -17.4922 
vt 41.25 -17.5625 
vt 41.25 -17.4922 
vt 38.75 -17.5625 
vt 41.25 -17.0497 
vt 38.75 -17.0122 
vt 38.75 -17.0497 
vt 41.25 -17.0122 
vt 41.25 -17.0122 
vt 38.75 -17.0497 
vt 41.25 -17.0497 
vt 38.75 -17.0122 

usemtl Cube0081Mtl

f 1994/1994/1994 1995/1995/1995 1996/1996/1996 
f 1994/1994/1994 1997/1997/1997 1995/1995/1995 
f 1998/1998/1998 1999/1999/1999 2000/2000/2000 
f 1998/1998/1998 2001/2001/2001 1999/1999/1999 
f 2002/2002/2002 2003/2003/2003 2004/2004/2004 
f 2002/2002/2002 2005/2005/2005 2003/2003/2003 
f 2006/2006/2006 2007/2007/2007 2008/2008/2008 
f 2006/2006/2006 2009/2009/2009 2007/2007/2007 
f 2010/2010/2010 2011/2011/2011 2012/2012/2012 
f 2010/2010/2010 2013/2013/2013 2011/2011/2011 
f 2014/2014/2014 2015/2015/2015 2016/2016/2016 
f 2014/2014/2014 2017/2017/2017 2015/2015/2015 

g Cube01111

v 3.65625 0.330427 40 
v 3.375 0.394838 20 
v 3.375 0.394837 40 
v -3.375 0.394838 20 
v -3.65625 0.330427 40 
v -3.375 0.394837 40 
v 3.65625 0.330427 40 
v 3.65625 0.330429 20 
v 3.375 0.394838 20 
v -3.375 0.394838 20 
v -3.65625 0.330429 20 
v -3.65625 0.330427 40 
v 3.9375 0.394837 40 
v 3.65625 0.330429 20 
v 3.65625 0.330427 40 
v 3.9375 0.394838 20 
v -3.65625 0.330429 20 
v -3.9375 0.394837 40 
v -3.65625 0.330427 40 
v -3.9375 0.394838 20 

vn 0.220472 0.976378 0 
vn 0.220472 0.976378 0 
vn 0.220472 0.976378 0 
vn -0.220472 0.976378 0 
vn -0.220472 0.976378 0 
vn -0.220472 0.976378 0 
vn 0.220472 0.976378 0 
vn 0.220472 0.976378 0 
vn 0.220472 0.976378 0 
vn -0.220472 0.976378 0 
vn -0.220472 0.976378 0 
vn -0.220472 0.976378 0 
vn -0.220472 0.976378 0 
vn -0.220472 0.976378 0 
vn -0.220472 0.976378 0 
vn -0.220472 0.976378 0 
vn 0.220472 0.976378 0 
vn 0.220472 0.976378 0 
vn 0.220472 0.976378 0 
vn 0.220472 0.976378 0 

vt 23.25 -14.543 
vt 20.75 -14.5781 
vt 23.25 -14.5781 
vt 20.75 -15.4219 
vt 23.25 -15.457 
vt 23.25 -15.4219 
vt 23.25 -14.543 
vt 20.75 -14.543 
vt 20.75 -14.5781 
vt 20.75 -15.4219 
vt 20.75 -15.457 
vt 23.25 -15.457 
vt 23.25 -14.5078 
vt 20.75 -14.543 
vt 23.25 -14.543 
vt 20.75 -14.5078 
vt 20.75 -15.457 
vt 23.25 -15.4922 
vt 23.25 -15.457 
vt 20.75 -15.4922 

usemtl Cube0081Mtl

f 2018/2018/2018 2019/2019/2019 2020/2020/2020 
f 2021/2021/2021 2022/2022/2022 2023/2023/2023 
f 2024/2024/2024 2025/2025/2025 2026/2026/2026 
f 2027/2027/2027 2028/2028/2028 2029/2029/2029 
f 2030/2030/2030 2031/2031/2031 2032/2032/2032 
f 2030/2030/2030 2033/2033/2033 2031/2031/2031 
f 2034/2034/2034 2035/2035/2035 2036/2036/2036 
f 2034/2034/2034 2037/2037/2037 2035/2035/2035 

g Cube0084

v -48.652 -0.100472 45.0322 
v -50 -0.4 40 
v -48.652 -0.4 45.0322 
v -48.652 -0.100472 45.0322 
v -50 -0.100472 40 
v -50 -0.4 40 
v -45.0322 -0.100471 48.652 
v -48.652 -0.4 45.0322 
v -45.0322 -0.399999 48.652 
v -40.2827 0.394836 40.4245 
v -40 -0.100472 40 
v -40.4245 0.394836 40.2827 
v -40 0.394836 40.5 
v -40 -0.100472 40 
v -40.2827 0.394836 40.4245 
v -40.4245 0.394836 40.2827 
v -40 -0.100472 40 
v -40.5 0.394836 40 
v -40 -0.100471 50 
v -44.7822 0.394838 48.219 
v -45.0322 -0.100471 48.652 
v -48.219 0.394836 44.7822 
v -50 -0.100472 40 
v -48.652 -0.100472 45.0322 
v -40 -0.100471 50 
v -40 0.394838 49.5 
v -44.7822 0.394838 48.219 
v -48.219 0.394836 44.7822 
v -49.5 0.394836 40 
v -50 -0.100472 40 
v -45.0322 -0.100471 48.652 
v -48.219 0.394836 44.7822 
v -48.652 -0.100472 45.0322 
v -45.0322 -0.100471 48.652 
v -44.7822 0.394838 48.219 
v -48.219 0.394836 44.7822 
v -47.7319 0.394836 44.501 
v -48.219 0.394836 44.7822 
v -44.7822 0.394838 48.219 
v -40.2827 0.394836 40.4245 
v -40.4245 0.394836 40.2827 
v -40.9117 0.394836 40.5639 
v -47.7319 0.394836 44.501 
v -48.9375 0.394836 40 
v -49.5 0.394836 40 
v -44.7822 0.394838 48.219 
v -40 0.394838 49.5 
v -44.501 0.394838 47.7319 
v -40 0.394838 49.5 
v -40 0.394837 48.9375 
v -44.501 0.394838 47.7319 
v -47.7319 0.394836 44.501 
v -49.5 0.394836 40 
v -48.219 0.394836 44.7822 
v -44.7822 0.394838 48.219 
v -44.501 0.394838 47.7319 
v -47.7319 0.394836 44.501 
v -40.4245 0.394836 40.2827 
v -40.5 0.394836 40 
v -41.0625 0.394836 40 
v -41.0625 0.394836 40 
v -40.9117 0.394836 40.5639 
v -40.4245 0.394836 40.2827 
v -40.9117 0.394836 40.5639 
v -40.5639 0.394836 40.9117 
v -40.2827 0.394836 40.4245 
v -40.5639 0.394836 40.9117 
v -40 0.394836 41.0625 
v -40.2827 0.394836 40.4245 
v -40 0.394836 41.0625 
v -40 0.394836 40.5 
v -40.2827 0.394836 40.4245 
v -40 -0.100471 50 
v -45.0322 -0.399999 48.652 
v -40 -0.399999 50 
v -40 -0.100471 50 
v -45.0322 -0.100471 48.652 
v -45.0322 -0.399999 48.652 
v -45.0322 -0.100471 48.652 
v -48.652 -0.100472 45.0322 
v -48.652 -0.4 45.0322 

vn -0.968504 0 0.259843 
vn -0.968504 0 0.259843 
vn -0.968504 0 0.259843 
vn -0.968504 0 0.259843 
vn -0.968504 0 0.259843 
vn -0.968504 0 0.259843 
vn -0.708661 0 0.708661 
vn -0.708661 0 0.708661 
vn -0.708661 0 0.708661 
vn 0.496063 0.708661 -0.496063 
vn 0.496063 0.708661 -0.496063 
vn 0.496063 0.708661 -0.496063 
vn 0.181102 0.700787 -0.692913 
vn 0.181102 0.700787 -0.692913 
vn 0.181102 0.700787 -0.692913 
vn 0.692913 0.700787 -0.181102 
vn 0.692913 0.700787 -0.181102 
vn 0.692913 0.700787 -0.181102 
vn -0.188976 0.700787 0.692913 
vn -0.188976 0.700787 0.692913 
vn -0.188976 0.700787 0.692913 
vn -0.692913 0.700787 0.188976 
vn -0.692913 0.700787 0.188976 
vn -0.692913 0.700787 0.188976 
vn -0.188976 0.700787 0.692913 
vn -0.188976 0.700787 0.692913 
vn -0.188976 0.700787 0.692913 
vn -0.692913 0.700787 0.188976 
vn -0.692913 0.700787 0.188976 
vn -0.692913 0.700787 0.188976 
vn -0.503937 0.700787 0.503937 
vn -0.503937 0.700787 0.503937 
vn -0.503937 0.700787 0.503937 
vn -0.503937 0.700787 0.503937 
vn -0.503937 0.700787 0.503937 
vn -0.503937 0.700787 0.503937 
vn 0 1 0 
vn 0 1 0 
vn 0 1 0 
vn 0 1 0 
vn 0 1 0 
vn 0 1 0 
vn 0 1 0 
vn 0 1 0 
vn 0 1 0 
vn 0 1 0 
vn 0 1 0 
vn 0 1 0 
vn 0 1 0 
vn 0 1 0 
vn 0 1 0 
vn 0 1 0 
vn 0 1 0 
vn 0 1 0 
vn 0 1 0 
vn 0 1 0 
vn 0 1 0 
vn 0 1 0 
vn 0 1 0 
vn 0 1 0 
vn 0 1 0 
vn 0 1 0 
vn 0 1 0 
vn 0 1 0 
vn 0 1 0 
vn 0 1 0 
vn 0 1 0 
vn 0 1 0 
vn 0 1 0 
vn 0 1 0 
vn 0 1 0 
vn 0 1 0 
vn -0.259843 0 0.968504 
vn -0.259843 0 0.968504 
vn -0.259843 0 0.968504 
vn -0.259843 0 0.968504 
vn -0.259843 0 0.968504 
vn -0.259843 0 0.968504 
vn -0.708661 0 0.708661 
vn -0.708661 0 0.708661 
vn -0.708661 0 0.708661 

vt 58.004 -37.0122 
vt 57.375 -37.0497 
vt 58.004 -37.0497 
vt 58.004 -37.0122 
vt 57.375 -37.0122 
vt 57.375 -37.0497 
vt 58.4565 -37.0122 
vt 58.004 -37.0497 
vt 58.4565 -37.0497 
vt 58.5897 -36.4281 
vt 58.625 -36.375 
vt 58.5719 -36.4103 
vt 58.625 -36.4375 
vt 58.625 -36.375 
vt 58.5897 -36.4281 
vt 58.5719 -36.4103 
vt 58.625 -36.375 
vt 58.5625 -36.375 
vt 58.625 -37.625 
vt 58.0272 -37.4024 
vt 57.996 -37.4565 
vt 57.5976 -36.9728 
vt 57.375 -36.375 
vt 57.5435 -37.004 
vt 58.625 -37.625 
vt 58.625 -37.5625 
vt 58.0272 -37.4024 
vt 57.5976 -36.9728 
vt 57.4375 -36.375 
vt 57.375 -36.375 
vt 57.996 -37.4565 
vt 57.5976 -36.9728 
vt 57.5435 -37.004 
vt 57.996 -37.4565 
vt 58.0272 -37.4024 
vt 57.5976 -36.9728 
vt 57.6585 -36.9376 
vt 57.5976 -36.9728 
vt 58.0272 -37.4024 
vt 58.5897 -36.4281 
vt 58.5719 -36.4103 
vt 58.511 -36.4455 
vt 57.6585 -36.9376 
vt 57.5078 -36.375 
vt 57.4375 -36.375 
vt 58.0272 -37.4024 
vt 58.625 -37.5625 
vt 58.0624 -37.3415 
vt 58.625 -37.5625 
vt 58.625 -37.4922 
vt 58.0624 -37.3415 
vt 57.6585 -36.9376 
vt 57.4375 -36.375 
vt 57.5976 -36.9728 
vt 58.0272 -37.4024 
vt 58.0624 -37.3415 
vt 57.6585 -36.9376 
vt 58.5719 -36.4103 
vt 58.5625 -36.375 
vt 58.4922 -36.375 
vt 58.4922 -36.375 
vt 58.511 -36.4455 
vt 58.5719 -36.4103 
vt 58.511 -36.4455 
vt 58.5545 -36.489 
vt 58.5897 -36.4281 
vt 58.5545 -36.489 
vt 58.625 -36.5078 
vt 58.5897 -36.4281 
vt 58.625 -36.5078 
vt 58.625 -36.4375 
vt 58.5897 -36.4281 
vt 58.625 -37.0122 
vt 57.996 -37.0497 
vt 58.625 -37.0497 
vt 58.625 -37.0122 
vt 57.996 -37.0122 
vt 57.996 -37.0497 
vt 57.996 -37.0122 
vt 57.5435 -37.0122 
vt 57.5435 -37.0497 

usemtl Cube0081Mtl

f 2038/2038/2038 2039/2039/2039 2040/2040/2040 
f 2041/2041/2041 2042/2042/2042 2043/2043/2043 
f 2044/2044/2044 2045/2045/2045 2046/2046/2046 
f 2047/2047/2047 2048/2048/2048 2049/2049/2049 
f 2050/2050/2050 2051/2051/2051 2052/2052/2052 
f 2053/2053/2053 2054/2054/2054 2055/2055/2055 
f 2056/2056/2056 2057/2057/2057 2058/2058/2058 
f 2059/2059/2059 2060/2060/2060 2061/2061/2061 
f 2062/2062/2062 2063/2063/2063 2064/2064/2064 
f 2065/2065/2065 2066/2066/2066 2067/2067/2067 
f 2068/2068/2068 2069/2069/2069 2070/2070/2070 
f 2071/2071/2071 2072/2072/2072 2073/2073/2073 
f 2074/2074/2074 2075/2075/2075 2076/2076/2076 
f 2077/2077/2077 2078/2078/2078 2079/2079/2079 
f 2080/2080/2080 2081/2081/2081 2082/2082/2082 
f 2083/2083/2083 2084/2084/2084 2085/2085/2085 
f 2086/2086/2086 2087/2087/2087 2088/2088/2088 
f 2089/2089/2089 2090/2090/2090 2091/2091/2091 
f 2092/2092/2092 2093/2093/2093 2094/2094/2094 
f 2095/2095/2095 2096/2096/2096 2097/2097/2097 
f 2098/2098/2098 2099/2099/2099 2100/2100/2100 
f 2101/2101/2101 2102/2102/2102 2103/2103/2103 
f 2104/2104/2104 2105/2105/2105 2106/2106/2106 
f 2107/2107/2107 2108/2108/2108 2109/2109/2109 
f 2110/2110/2110 2111/2111/2111 2112/2112/2112 
f 2113/2113/2113 2114/2114/2114 2115/2115/2115 
f 2116/2116/2116 2117/2117/2117 2118/2118/2118 

g Cube0064

v -44.2197 0.395837 47.2447 
v -40 0.395649 48.375 
v -40.8451 0.394212 41.3988 
v -40 0.395649 48.375 
v -40 0.394212 41.625 
v -40.8451 0.394212 41.3988 
v -40.8451 0.394212 41.3988 
v -41.3988 0.393837 40.8451 
v -47.2447 0.394274 44.2197 
v -47.2447 0.394274 44.2197 
v -44.2197 0.395837 47.2447 
v -40.8451 0.394212 41.3988 
v -48.375 0.393899 40 
v -47.2447 0.394274 44.2197 
v -41.3988 0.393837 40.8451 
v -41.3988 0.393837 40.8451 
v -41.625 0.393899 40 
v -48.375 0.393899 40 

vn 0 1 0 
vn 0 1 0 
vn 0 1 0 
vn 0 1 0 
vn 0 1 0 
vn 0 1 0 
vn 0 1 0 
vn 0 1 0 
vn 0 1 0 
vn 0 1 0 
vn 0 1 0 
vn 0 1 0 
vn 0 1 0 
vn 0 1 0 
vn 0 1 0 
vn 0 1 0 
vn 0 1 0 
vn 0 1 0 

vt 51.996 -49.3821 
vt 52.5234 -49.5234 
vt 52.4178 -48.6514 
vt 52.5234 -49.5234 
vt 52.5234 -48.6797 
vt 52.4178 -48.6514 
vt 52.4178 -48.6514 
vt 52.3486 -48.5822 
vt 51.6179 -49.004 
vt 51.6179 -49.004 
vt 51.996 -49.3821 
vt 52.4178 -48.6514 
vt 51.4766 -48.4766 
vt 51.6179 -49.004 
vt 52.3486 -48.5822 
vt 52.3486 -48.5822 
vt 52.3203 -48.4766 
vt 51.4766 -48.4766 

usemtl Cube0081Mtl

f 2119/2119/2119 2120/2120/2120 2121/2121/2121 
f 2122/2122/2122 2123/2123/2123 2124/2124/2124 
f 2125/2125/2125 2126/2126/2126 2127/2127/2127 
f 2128/2128/2128 2129/2129/2129 2130/2130/2130 
f 2131/2131/2131 2132/2132/2132 2133/2133/2133 
f 2134/2134/2134 2135/2135/2135 2136/2136/2136 

g Cube0014

v -40 0.330427 48.6563 
v -44.2197 0.394836 47.2447 
v -44.3604 0.330427 47.4883 
v -47.2447 0.394835 44.2198 
v -48.6563 0.330425 40 
v -47.4883 0.330426 44.3604 
v -40 0.330427 48.6563 
v -40 0.394836 48.375 
v -44.2197 0.394836 47.2447 
v -47.2447 0.394835 44.2198 
v -48.375 0.394835 40 
v -48.6563 0.330425 40 
v -44.2197 0.394836 47.2447 
v -47.4883 0.330426 44.3604 
v -44.3604 0.330427 47.4883 
v -44.2197 0.394836 47.2447 
v -47.2447 0.394835 44.2198 
v -47.4883 0.330426 44.3604 
v -40.7045 0.330426 41.1553 
v -41.3988 0.394835 40.8451 
v -40.8451 0.394835 41.3988 
v -40.7045 0.330426 41.1553 
v -41.1553 0.330425 40.7045 
v -41.3988 0.394835 40.8451 
v -40 0.394835 41.625 
v -40.7045 0.330426 41.1553 
v -40.8451 0.394835 41.3988 
v -41.1553 0.330425 40.7045 
v -41.625 0.394835 40 
v -41.3988 0.394835 40.8451 
v -40 0.394835 41.625 
v -40 0.330426 41.3438 
v -40.7045 0.330426 41.1553 
v -41.1553 0.330425 40.7045 
v -41.3438 0.330425 40 
v -41.625 0.394835 40 
v -40 0.330426 41.3438 
v -40.5639 0.394835 40.9117 
v -40.7045 0.330426 41.1553 
v -40.9117 0.394835 40.5639 
v -41.3438 0.330425 40 
v -41.1553 0.330425 40.7045 
v -40 0.330426 41.3438 
v -40 0.394835 41.0625 
v -40.5639 0.394835 40.9117 
v -40.9117 0.394835 40.5639 
v -41.0625 0.394835 40 
v -41.3438 0.330425 40 
v -40.7045 0.330426 41.1553 
v -40.9117 0.394835 40.5639 
v -41.1553 0.330425 40.7045 
v -40.7045 0.330426 41.1553 
v -40.5639 0.394835 40.9117 
v -40.9117 0.394835 40.5639 
v -44.501 0.394836 47.7319 
v -47.4883 0.330426 44.3604 
v -47.7319 0.394835 44.501 
v -44.501 0.394836 47.7319 
v -44.3604 0.330427 47.4883 
v -47.4883 0.330426 44.3604 
v -40 0.394836 48.9375 
v -44.3604 0.330427 47.4883 
v -44.501 0.394836 47.7319 
v -47.4883 0.330426 44.3604 
v -48.9375 0.394835 40 
v -47.7319 0.394835 44.501 
v -40 0.394836 48.9375 
v -40 0.330427 48.6563 
v -44.3604 0.330427 47.4883 
v -47.4883 0.330426 44.3604 
v -48.6563 0.330425 40 
v -48.9375 0.394835 40 

vn -0.0629921 0.976378 0.220472 
vn -0.0629921 0.976378 0.220472 
vn -0.0629921 0.976378 0.220472 
vn -0.220472 0.976378 0.0629921 
vn -0.220472 0.976378 0.0629921 
vn -0.220472 0.976378 0.0629921 
vn -0.0629921 0.976378 0.220472 
vn -0.0629921 0.976378 0.220472 
vn -0.0629921 0.976378 0.220472 
vn -0.220472 0.976378 0.0629921 
vn -0.220472 0.976378 0.0629921 
vn -0.220472 0.976378 0.0629921 
vn -0.165354 0.976378 0.165354 
vn -0.165354 0.976378 0.165354 
vn -0.165354 0.976378 0.165354 
vn -0.165354 0.976378 0.165354 
vn -0.165354 0.976378 0.165354 
vn -0.165354 0.976378 0.165354 
vn 0.165354 0.976378 -0.165354 
vn 0.165354 0.976378 -0.165354 
vn 0.165354 0.976378 -0.165354 
vn 0.165354 0.976378 -0.165354 
vn 0.165354 0.976378 -0.165354 
vn 0.165354 0.976378 -0.165354 
vn 0.0629921 0.976378 -0.220472 
vn 0.0629921 0.976378 -0.220472 
vn 0.0629921 0.976378 -0.220472 
vn 0.220472 0.976378 -0.0629921 
vn 0.220472 0.976378 -0.0629921 
vn 0.220472 0.976378 -0.0629921 
vn 0.0629921 0.976378 -0.220472 
vn 0.0629921 0.976378 -0.220472 
vn 0.0629921 0.976378 -0.220472 
vn 0.220472 0.976378 -0.0629921 
vn 0.220472 0.976378 -0.0629921 
vn 0.220472 0.976378 -0.0629921 
vn -0.0629921 0.976378 0.220472 
vn -0.0629921 0.976378 0.220472 
vn -0.0629921 0.976378 0.220472 
vn -0.220472 0.976378 0.0629921 
vn -0.220472 0.976378 0.0629921 
vn -0.220472 0.976378 0.0629921 
vn -0.0629921 0.976378 0.220472 
vn -0.0629921 0.976378 0.220472 
vn -0.0629921 0.976378 0.220472 
vn -0.220472 0.976378 0.0629921 
vn -0.220472 0.976378 0.0629921 
vn -0.220472 0.976378 0.0629921 
vn -0.165354 0.976378 0.165354 
vn -0.165354 0.976378 0.165354 
vn -0.165354 0.976378 0.165354 
vn -0.165354 0.976378 0.165354 
vn -0.165354 0.976378 0.165354 
vn -0.165354 0.976378 0.165354 
vn 0.165354 0.976378 -0.165354 
vn 0.165354 0.976378 -0.165354 
vn 0.165354 0.976378 -0.165354 
vn 0.165354 0.976378 -0.165354 
vn 0.165354 0.976378 -0.165354 
vn 0.165354 0.976378 -0.165354 
vn 0.0629921 0.976378 -0.220472 
vn 0.0629921 0.976378 -0.220472 
vn 0.0629921 0.976378 -0.220472 
vn 0.220472 0.976378 -0.0629921 
vn 0.220472 0.976378 -0.0629921 
vn 0.220472 0.976378 -0.0629921 
vn 0.0629921 0.976378 -0.220472 
vn 0.0629921 0.976378 -0.220472 
vn 0.0629921 0.976378 -0.220472 
vn 0.220472 0.976378 -0.0629921 
vn 0.220472 0.976378 -0.0629921 
vn 0.220472 0.976378 -0.0629921 

vt 34.5586 -15.5234 
vt 34.0311 -15.347 
vt 34.0135 -15.3774 
vt 33.653 -14.9689 
vt 33.4766 -14.4414 
vt 33.6226 -14.9865 
vt 34.5586 -15.5234 
vt 34.5586 -15.4883 
vt 34.0311 -15.347 
vt 33.653 -14.9689 
vt 33.5117 -14.4414 
vt 33.4766 -14.4414 
vt 34.0311 -15.347 
vt 33.6226 -14.9865 
vt 34.0135 -15.3774 
vt 34.0311 -15.347 
vt 33.653 -14.9689 
vt 33.6226 -14.9865 
vt 34.4705 -14.5858 
vt 34.3837 -14.547 
vt 34.453 -14.6163 
vt 34.4705 -14.5858 
vt 34.4142 -14.5295 
vt 34.3837 -14.547 
vt 34.5586 -14.6445 
vt 34.4705 -14.5858 
vt 34.453 -14.6163 
vt 34.4142 -14.5295 
vt 34.3555 -14.4414 
vt 34.3837 -14.547 
vt 34.5586 -14.6445 
vt 34.5586 -14.6094 
vt 34.4705 -14.5858 
vt 34.4142 -14.5295 
vt 34.3906 -14.4414 
vt 34.3555 -14.4414 
vt 34.5586 -14.6094 
vt 34.4881 -14.5554 
vt 34.4705 -14.5858 
vt 34.4446 -14.5119 
vt 34.3906 -14.4414 
vt 34.4142 -14.5295 
vt 34.5586 -14.6094 
vt 34.5586 -14.5742 
vt 34.4881 -14.5554 
vt 34.4446 -14.5119 
vt 34.4258 -14.4414 
vt 34.3906 -14.4414 
vt 34.4705 -14.5858 
vt 34.4446 -14.5119 
vt 34.4142 -14.5295 
vt 34.4705 -14.5858 
vt 34.4881 -14.5554 
vt 34.4446 -14.5119 
vt 33.996 -15.4079 
vt 33.6226 -14.9865 
vt 33.5921 -15.004 
vt 33.996 -15.4079 
vt 34.0135 -15.3774 
vt 33.6226 -14.9865 
vt 34.5586 -15.5586 
vt 34.0135 -15.3774 
vt 33.996 -15.4079 
vt 33.6226 -14.9865 
vt 33.4414 -14.4414 
vt 33.5921 -15.004 
vt 34.5586 -15.5586 
vt 34.5586 -15.5234 
vt 34.0135 -15.3774 
vt 33.6226 -14.9865 
vt 33.4766 -14.4414 
vt 33.4414 -14.4414 

usemtl Cube0081Mtl

f 2137/2137/2137 2138/2138/2138 2139/2139/2139 
f 2140/2140/2140 2141/2141/2141 2142/2142/2142 
f 2143/2143/2143 2144/2144/2144 2145/2145/2145 
f 2146/2146/2146 2147/2147/2147 2148/2148/2148 
f 2149/2149/2149 2150/2150/2150 2151/2151/2151 
f 2152/2152/2152 2153/2153/2153 2154/2154/2154 
f 2155/2155/2155 2156/2156/2156 2157/2157/2157 
f 2158/2158/2158 2159/2159/2159 2160/2160/2160 
f 2161/2161/2161 2162/2162/2162 2163/2163/2163 
f 2164/2164/2164 2165/2165/2165 2166/2166/2166 
f 2167/2167/2167 2168/2168/2168 2169/2169/2169 
f 2170/2170/2170 2171/2171/2171 2172/2172/2172 
f 2173/2173/2173 2174/2174/2174 2175/2175/2175 
f 2176/2176/2176 2177/2177/2177 2178/2178/2178 
f 2179/2179/2179 2180/2180/2180 2181/2181/2181 
f 2182/2182/2182 2183/2183/2183 2184/2184/2184 
f 2185/2185/2185 2186/2186/2186 2187/2187/2187 
f 2188/2188/2188 2189/2189/2189 2190/2190/2190 
f 2191/2191/2191 2192/2192/2192 2193/2193/2193 
f 2194/2194/2194 2195/2195/2195 2196/2196/2196 
f 2197/2197/2197 2198/2198/2198 2199/2199/2199 
f 2200/2200/2200 2201/2201/2201 2202/2202/2202 
f 2203/2203/2203 2204/2204/2204 2205/2205/2205 
f 2206/2206/2206 2207/2207/2207 2208/2208/2208 

g Cube01412

v -40 0.395839 48.375 
v -5 0.393839 41.625 
v -40 0.395839 41.625 
v -5 0.393839 48.375 

vn 0 1 0 
vn 0 1 0 
vn 0 1 0 
vn 0 1 0 

vt 45.8125 -27.4219 
vt 50.1875 -26.5781 
vt 45.8125 -26.5781 
vt 50.1875 -27.4219 

usemtl Cube0081Mtl

f 2209/2209/2209 2210/2210/2210 2211/2211/2211 
f 2209/2209/2209 2212/2212/2212 2210/2210/2210 

g Cube01212

v -40 -0.100471 40 
v -5 0.394836 40.5 
v -5 -0.100472 40 
v -40 0.394838 40.5 
v -5 0.394836 49.5 
v -40 -0.100471 50 
v -5 -0.100472 50 
v -40 0.394838 49.5 
v -5 0.394836 40.5 
v -40 0.394838 41.0625 
v -5 0.394836 41.0625 
v -40 0.394838 40.5 
v -40 0.394838 48.9375 
v -5 0.394836 49.5 
v -5 0.394836 48.9375 
v -40 0.394838 49.5 
v -40 -0.399998 40 
v -5 -0.100472 40 
v -5 -0.4 40 
v -40 -0.100471 40 
v -5 -0.100472 50 
v -40 -0.399998 50 
v -5 -0.4 50 
v -40 -0.100471 50 

vn 0 0.708661 -0.700787 
vn 0 0.708661 -0.700787 
vn 0 0.708661 -0.700787 
vn 0 0.708661 -0.700787 
vn 0 0.708661 0.700787 
vn 0 0.708661 0.700787 
vn 0 0.708661 0.700787 
vn 0 0.708661 0.700787 
vn 0 1 0 
vn 0 1 0 
vn 0 1 0 
vn 0 1 0 
vn 0 1 0 
vn 0 1 0 
vn 0 1 0 
vn 0 1 0 
vn 0 0 -1 
vn 0 0 -1 
vn 0 0 -1 
vn 0 0 -1 
vn 0 0 1 
vn 0 0 1 
vn 0 0 1 
vn 0 0 1 

vt 55.8125 -24.375 
vt 60.1875 -24.4375 
vt 60.1875 -24.375 
vt 55.8125 -24.4375 
vt 60.1875 -25.5625 
vt 55.8125 -25.625 
vt 60.1875 -25.625 
vt 55.8125 -25.5625 
vt 60.1875 -24.4375 
vt 55.8125 -24.5078 
vt 60.1875 -24.5078 
vt 55.8125 -24.4375 
vt 55.8125 -25.4922 
vt 60.1875 -25.5625 
vt 60.1875 -25.4922 
vt 55.8125 -25.5625 
vt 60.1875 -25.0497 
vt 55.8125 -25.0122 
vt 55.8125 -25.0497 
vt 60.1875 -25.0122 
vt 60.1875 -25.0122 
vt 55.8125 -25.0497 
vt 60.1875 -25.0497 
vt 55.8125 -25.0122 

usemtl Cube0081Mtl

f 2213/2213/2213 2214/2214/2214 2215/2215/2215 
f 2213/2213/2213 2216/2216/2216 2214/2214/2214 
f 2217/2217/2217 2218/2218/2218 2219/2219/2219 
f 2217/2217/2217 2220/2220/2220 2218/2218/2218 
f 2221/2221/2221 2222/2222/2222 2223/2223/2223 
f 2221/2221/2221 2224/2224/2224 2222/2222/2222 
f 2225/2225/2225 2226/2226/2226 2227/2227/2227 
f 2225/2225/2225 2228/2228/2228 2226/2226/2226 
f 2229/2229/2229 2230/2230/2230 2231/2231/2231 
f 2229/2229/2229 2232/2232/2232 2230/2230/2230 
f 2233/2233/2233 2234/2234/2234 2235/2235/2235 
f 2233/2233/2233 2236/2236/2236 2234/2234/2234 

g Cube01112

v -5 0.330427 41.3438 
v -40 0.394838 41.625 
v -5 0.394837 41.625 
v -40 0.394838 48.375 
v -5 0.330427 48.6562 
v -5 0.394837 48.375 
v -5 0.330427 41.3438 
v -40 0.330429 41.3438 
v -40 0.394838 41.625 
v -40 0.394838 48.375 
v -40 0.330429 48.6562 
v -5 0.330427 48.6562 
v -5 0.394837 41.0625 
v -40 0.330429 41.3438 
v -5 0.330427 41.3438 
v -40 0.394838 41.0625 
v -40 0.330429 48.6562 
v -5 0.394837 48.9375 
v -5 0.330427 48.6562 
v -40 0.394838 48.9375 

vn 0 0.976378 -0.220472 
vn 0 0.976378 -0.220472 
vn 0 0.976378 -0.220472 
vn 0 0.976378 0.220472 
vn 0 0.976378 0.220472 
vn 0 0.976378 0.220472 
vn 0 0.976378 -0.220472 
vn 0 0.976378 -0.220472 
vn 0 0.976378 -0.220472 
vn 0 0.976378 0.220472 
vn 0 0.976378 0.220472 
vn 0 0.976378 0.220472 
vn 0 0.976378 0.220472 
vn 0 0.976378 0.220472 
vn 0 0.976378 0.220472 
vn 0 0.976378 0.220472 
vn 0 0.976378 -0.220472 
vn 0 0.976378 -0.220472 
vn 0 0.976378 -0.220472 
vn 0 0.976378 -0.220472 

vt 54.1875 -56.543 
vt 49.8125 -56.5781 
vt 54.1875 -56.5781 
vt 49.8125 -57.4219 
vt 54.1875 -57.457 
vt 54.1875 -57.4219 
vt 54.1875 -56.543 
vt 49.8125 -56.543 
vt 49.8125 -56.5781 
vt 49.8125 -57.4219 
vt 49.8125 -57.457 
vt 54.1875 -57.457 
vt 54.1875 -56.5078 
vt 49.8125 -56.543 
vt 54.1875 -56.543 
vt 49.8125 -56.5078 
vt 49.8125 -57.457 
vt 54.1875 -57.4922 
vt 54.1875 -57.457 
vt 49.8125 -57.4922 

usemtl Cube0081Mtl

f 2237/2237/2237 2238/2238/2238 2239/2239/2239 
f 2240/2240/2240 2241/2241/2241 2242/2242/2242 
f 2243/2243/2243 2244/2244/2244 2245/2245/2245 
f 2246/2246/2246 2247/2247/2247 2248/2248/2248 
f 2249/2249/2249 2250/2250/2250 2251/2251/2251 
f 2249/2249/2249 2252/2252/2252 2250/2250/2250 
f 2253/2253/2253 2254/2254/2254 2255/2255/2255 
f 2253/2253/2253 2256/2256/2256 2254/2254/2254 

