# This file is brought to you by Roblox Corporation
# Generated by Roblox Studio

mtllib defaulteasle.mtl

g Color1

v -57.318 3.4305 -92.353 
v -57.1419 3.51085 -92.3545 
v -57.2182 3.45065 -92.4174 
v -57.1419 3.51085 -92.3545 
v -57.1354 3.39717 -92.4263 
v -57.2182 3.45065 -92.4174 
v -57.2554 3.3389 -92.4275 
v -57.318 3.4305 -92.353 
v -57.2182 3.45065 -92.4174 
v -57.1354 3.39717 -92.4263 
v -57.2554 3.3389 -92.4275 
v -57.2182 3.45065 -92.4174 

vn -0.393701 0.850394 -0.338583 
vn -0.393701 0.850394 -0.338583 
vn -0.393701 0.850394 -0.338583 
vn 0.251969 0.527559 -0.811024 
vn 0.251969 0.527559 -0.811024 
vn 0.251969 0.527559 -0.811024 
vn -0.559055 0.259843 -0.787402 
vn -0.559055 0.259843 -0.787402 
vn -0.559055 0.259843 -0.787402 
vn -0.0393701 0.102362 -0.992126 
vn -0.0393701 0.102362 -0.992126 
vn -0.0393701 0.102362 -0.992126 

vt 35.9886 -47.0047 
vt 36.0106 -47.0045 
vt 36.0011 -46.9966 
vt 35.9894 -46.9893 
vt 35.9886 -47.0035 
vt 35.9989 -46.9968 
vt 36.0036 -47.0107 
vt 36.0114 -46.9993 
vt 35.9989 -46.9968 
vt 35.9886 -47.0035 
vt 36.0036 -47.0107 
vt 35.9989 -46.9968 

usemtl Color1Mtl

f 1/1/1 2/2/2 3/3/3 
f 4/4/4 5/5/5 6/6/6 
f 7/7/7 8/8/8 9/9/9 
f 10/10/10 11/11/11 12/12/12 

g Color2

v -57.3675 3.24349 -92.4525 
v -57.1966 3.25319 -92.4959 
v -57.287 3.21197 -92.5437 
v -57.3221 3.11298 -92.5459 
v -57.3675 3.24349 -92.4525 
v -57.287 3.21197 -92.5437 
v -57.2144 3.155 -92.5512 
v -57.3221 3.11298 -92.5459 
v -57.287 3.21197 -92.5437 
v -57.1966 3.25319 -92.4959 
v -57.2144 3.155 -92.5512 
v -57.287 3.21197 -92.5437 

vn -0.165354 0.88189 -0.448819 
vn -0.165354 0.88189 -0.448819 
vn -0.165354 0.88189 -0.448819 
vn -0.677165 0.251969 -0.685039 
vn -0.677165 0.251969 -0.685039 
vn -0.677165 0.251969 -0.685039 
vn -0.0629921 0.0472441 -1 
vn -0.0629921 0.0472441 -1 
vn -0.0629921 0.0472441 -1 
vn 0.251969 0.440945 -0.858268 
vn 0.251969 0.440945 -0.858268 
vn 0.251969 0.440945 -0.858268 

vt 47.9893 -35.0062 
vt 48.0107 -35.0007 
vt 47.9994 -34.9948 
vt 48.005 -35.0088 
vt 48.0107 -34.9925 
vt 48.0006 -34.9964 
vt 47.9916 -35.0035 
vt 48.005 -35.0088 
vt 48.0006 -34.9964 
vt 47.9893 -34.9912 
vt 47.9916 -35.0035 
vt 48.0006 -34.9964 

usemtl Color2Mtl

f 13/13/13 14/14/14 15/15/15 
f 16/16/16 17/17/17 18/18/18 
f 19/19/19 20/20/20 21/21/21 
f 22/22/22 23/23/23 24/24/24 

g Color3

v -57.0622 3.19849 -92.5707 
v -57.1189 3.30721 -92.4874 
v -57.0418 3.29617 -92.5697 
v -57.1189 3.30721 -92.4874 
v -56.9798 3.36165 -92.4942 
v -57.0418 3.29617 -92.5697 
v -56.9299 3.2653 -92.5678 
v -57.0622 3.19849 -92.5707 
v -57.0418 3.29617 -92.5697 
v -56.9798 3.36165 -92.4942 
v -56.9299 3.2653 -92.5678 
v -57.0418 3.29617 -92.5697 

vn -0.708661 0.15748 -0.685039 
vn -0.708661 0.15748 -0.685039 
vn -0.708661 0.15748 -0.685039 
vn -0.346457 0.834646 -0.433071 
vn -0.346457 0.834646 -0.433071 
vn -0.346457 0.834646 -0.433071 
vn 0.015748 0.00787402 -1 
vn 0.015748 0.00787402 -1 
vn 0.015748 0.00787402 -1 
vn 0.19685 0.653543 -0.732283 
vn 0.19685 0.653543 -0.732283 
vn 0.19685 0.653543 -0.732283 

vt 5.9948 -5.0102 
vt 6.0052 -4.99661 
vt 5.99492 -4.99799 
vt 5.98819 -5.0052 
vt 6.00558 -5.00436 
vt 5.99782 -4.99492 
vt 5.98819 -5.00185 
vt 6.00472 -5.0102 
vt 6.00218 -4.99799 
vt 5.99442 -4.9898 
vt 5.98819 -5.00185 
vt 6.00218 -4.99799 

usemtl Color3Mtl

f 25/25/25 26/26/26 27/27/27 
f 28/28/28 29/29/29 30/30/30 
f 31/31/31 32/32/32 33/33/33 
f 34/34/34 35/35/35 36/36/36 

g Color4

v -56.8502 3.56684 -92.42 
v -56.7723 3.45643 -92.5105 
v -56.8794 3.49978 -92.5087 
v -56.975 3.50515 -92.4219 
v -56.8502 3.56684 -92.42 
v -56.8794 3.49978 -92.5087 
v -56.7723 3.45643 -92.5105 
v -56.8954 3.41356 -92.5012 
v -56.8794 3.49978 -92.5087 
v -56.8954 3.41356 -92.5012 
v -56.975 3.50515 -92.4219 
v -56.8794 3.49978 -92.5087 

vn 0.283465 0.716535 -0.637795 
vn 0.283465 0.716535 -0.637795 
vn 0.283465 0.716535 -0.637795 
vn -0.385827 0.795276 -0.472441 
vn -0.385827 0.795276 -0.472441 
vn -0.385827 0.795276 -0.472441 
vn -0.0472441 -0.0787402 -0.992126 
vn -0.0472441 -0.0787402 -0.992126 
vn -0.0472441 -0.0787402 -0.992126 
vn -0.669291 0.0629921 -0.740157 
vn -0.669291 0.0629921 -0.740157 
vn -0.669291 0.0629921 -0.740157 

vt 50.0029 -39.0057 
vt 50.0127 -38.9943 
vt 49.9993 -38.9946 
vt 49.9873 -39.0054 
vt 50.0029 -39.0057 
vt 49.9993 -38.9946 
vt 49.9873 -39.0042 
vt 50.0027 -39.0096 
vt 50.0007 -38.9988 
vt 50.0027 -39.0096 
vt 50.0127 -38.9981 
vt 50.0007 -38.9988 

usemtl Color4Mtl

f 37/37/37 38/38/38 39/39/39 
f 40/40/40 41/41/41 42/42/42 
f 43/43/43 44/44/44 45/45/45 
f 46/46/46 47/47/47 48/48/48 

g Color5

v -57.1299 3.58469 -92.3291 
v -57.0593 3.737 -92.2558 
v -57.0379 3.6892 -92.3473 
v -57.0593 3.737 -92.2558 
v -56.9413 3.69722 -92.3144 
v -57.0379 3.6892 -92.3473 
v -56.9413 3.69722 -92.3144 
v -56.9683 3.5674 -92.3865 
v -57.0379 3.6892 -92.3473 
v -56.9683 3.5674 -92.3865 
v -57.1299 3.58469 -92.3291 
v -57.0379 3.6892 -92.3473 

vn -0.708661 0.543307 -0.448819 
vn -0.708661 0.543307 -0.448819 
vn -0.708661 0.543307 -0.448819 
vn 0.0787402 0.889764 -0.448819 
vn 0.0787402 0.889764 -0.448819 
vn 0.0787402 0.889764 -0.448819 
vn 0.259843 0.425197 -0.866142 
vn 0.259843 0.425197 -0.866142 
vn 0.259843 0.425197 -0.866142 
vn -0.322835 0.11811 -0.937008 
vn -0.322835 0.11811 -0.937008 
vn -0.322835 0.11811 -0.937008 

vt 47.999 -53.0084 
vt 48.0082 -52.9894 
vt 47.9967 -52.9954 
vt 47.997 -53.0082 
vt 48.0118 -53.0008 
vt 47.9997 -52.9967 
vt 47.9882 -52.9944 
vt 47.9916 -53.0106 
vt 48.0003 -52.9954 
vt 47.9916 -53.0106 
vt 48.0118 -53.0084 
vt 48.0003 -52.9954 

usemtl Color5Mtl

f 49/49/49 50/50/50 51/51/51 
f 52/52/52 53/53/53 54/54/54 
f 55/55/55 56/56/56 57/57/57 
f 58/58/58 59/59/59 60/60/60 

g Color6

v -57.2491 3.73656 -92.1931 
v -57.2152 3.658 -92.2512 
v -57.2995 3.6842 -92.2765 
v -57.4176 3.69133 -92.1722 
v -57.2491 3.73656 -92.1931 
v -57.2995 3.6842 -92.2765 
v -57.2152 3.658 -92.2512 
v -57.3445 3.55841 -92.2751 
v -57.2995 3.6842 -92.2765 
v -57.3445 3.55841 -92.2751 
v -57.4176 3.69133 -92.1722 
v -57.2995 3.6842 -92.2765 

vn 0.393701 0.653543 -0.645669 
vn 0.393701 0.653543 -0.645669 
vn 0.393701 0.653543 -0.645669 
vn -0.283465 0.88189 -0.377953 
vn -0.283465 0.88189 -0.377953 
vn -0.283465 0.88189 -0.377953 
vn 0.259843 -0.102362 -0.96063 
vn 0.259843 -0.102362 -0.96063 
vn 0.259843 -0.102362 -0.96063 
vn -0.637795 0.220472 -0.740157 
vn -0.637795 0.220472 -0.740157 
vn -0.637795 0.220472 -0.740157 

vt 8.00841 0.996093 
vt 8.01265 1.00336 
vt 8.00212 1.00652 
vt 7.98735 0.993477 
vt 8.00841 0.996093 
vt 8.00212 1.00652 
vt 7.98735 1.00131 
vt 8.00352 0.988866 
vt 7.99788 1.00459 
vt 8.00352 0.988866 
vt 8.01265 1.00548 
vt 7.99788 1.00459 

usemtl Color6Mtl

f 61/61/61 62/62/62 63/63/63 
f 64/64/64 65/65/65 66/66/66 
f 67/67/67 68/68/68 69/69/69 
f 70/70/70 71/71/71 72/72/72 

g Board1

v -57.3132 3.7899 -92.0556 
v -57.33 3.82573 -92.1138 
v -57.7499 3.61378 -92.0376 
v -57.8201 3.58696 -92.1189 
v -57.8033 3.55113 -92.0607 
v -57.7499 3.61378 -92.0376 
v -57.7668 3.64961 -92.0958 
v -57.8201 3.58696 -92.1189 
v -57.8459 3.22897 -92.2465 
v -57.7032 3.1394 -92.428 
v -57.6864 3.10357 -92.3698 
v -57.8459 3.22897 -92.2465 
v -57.8628 3.2648 -92.3047 
v -57.7032 3.1394 -92.428 
v -57.8083 3.33157 -92.1943 
v -57.8628 3.2648 -92.3047 
v -57.8459 3.22897 -92.2465 
v -57.8083 3.33157 -92.1943 
v -57.8251 3.3674 -92.2525 
v -57.8628 3.2648 -92.3047 
v -57.7879 3.50774 -92.0918 
v -57.8033 3.55113 -92.0607 
v -57.8201 3.58696 -92.1189 
v -57.7879 3.50774 -92.0918 
v -57.8201 3.58696 -92.1189 
v -57.8047 3.54357 -92.1501 
v -57.5514 3.52687 -92.1484 
v -57.5851 3.5059 -92.2368 
v -57.5682 3.47006 -92.1785 
v -57.5514 3.52687 -92.1484 
v -57.5683 3.5627 -92.2067 
v -57.5851 3.5059 -92.2368 
v -57.4007 3.36802 -92.3749 
v -57.3839 3.33219 -92.3166 
v -57.4413 3.23151 -92.362 
v -57.602 3.55064 -92.1192 
v -57.3839 3.33219 -92.3166 
v -57.3987 3.30357 -92.4151 
v -57.3818 3.26774 -92.3569 
v -57.3839 3.33219 -92.3166 
v -57.4007 3.36802 -92.3749 
v -57.3987 3.30357 -92.4151 
v -56.6528 3.33764 -92.5248 
v -56.8482 3.15449 -92.5809 
v -56.6636 3.61922 -92.3484 
v -56.909 3.79392 -92.2552 
v -56.8921 3.75809 -92.1969 
v -56.6636 3.61922 -92.3484 
v -56.6805 3.65505 -92.4067 
v -56.909 3.79392 -92.2552 
v -57.2718 3.07026 -92.5953 
v -57.3132 3.7899 -92.0556 
v -56.909 3.79392 -92.2552 
v -57.33 3.82573 -92.1138 
v -57.3132 3.7899 -92.0556 
v -56.8921 3.75809 -92.1969 
v -56.909 3.79392 -92.2552 
v -57.8201 3.58696 -92.1189 
v -57.5852 3.71091 -92.0255 
v -57.7668 3.64961 -92.0958 
v -57.7499 3.61378 -92.0376 
v -57.5852 3.71091 -92.0255 
v -57.6021 3.74674 -92.0837 
v -57.7668 3.64961 -92.0958 
v -57.5852 3.71091 -92.0255 
v -57.33 3.82573 -92.1138 
v -57.6021 3.74674 -92.0837 
v -57.5852 3.71091 -92.0255 
v -57.3132 3.7899 -92.0556 
v -57.33 3.82573 -92.1138 
v -57.7032 3.1394 -92.428 
v -57.8628 3.2648 -92.3047 
v -57.8083 3.33157 -92.1943 
v -57.5682 3.47006 -92.1785 
v -57.8251 3.3674 -92.2525 
v -57.8083 3.33157 -92.1943 
v -57.5682 3.47006 -92.1785 
v -57.5851 3.5059 -92.2368 
v -57.8251 3.3674 -92.2525 
v -57.55 3.37465 -92.2425 
v -57.625 3.36898 -92.3094 
v -57.4413 3.23151 -92.362 
v -57.5994 3.27798 -92.2876 
v -57.602 3.55064 -92.1192 
v -57.3818 3.26774 -92.3569 
v -57.4581 3.26734 -92.4202 
v -57.4413 3.23151 -92.362 
v -57.3818 3.26774 -92.3569 
v -57.3987 3.30357 -92.4151 
v -57.4581 3.26734 -92.4202 
v -57.4413 3.23151 -92.362 
v -57.5482 3.27345 -92.3904 
v -57.5313 3.23762 -92.3322 
v -57.4413 3.23151 -92.362 
v -57.4581 3.26734 -92.4202 
v -57.5482 3.27345 -92.3904 
v -57.5994 3.27798 -92.2876 
v -57.5482 3.27345 -92.3904 
v -57.6163 3.31381 -92.3459 
v -57.5994 3.27798 -92.2876 
v -57.5313 3.23762 -92.3322 
v -57.5482 3.27345 -92.3904 
v -56.6636 3.61922 -92.3484 
v -56.6805 3.65505 -92.4067 
v -56.6528 3.33764 -92.5248 
v -56.8482 3.15449 -92.5809 
v -56.909 3.79392 -92.2552 
v -57.255 3.03443 -92.5371 
v -57.33 3.82573 -92.1138 
v -57.8201 3.58696 -92.1189 
v -57.7668 3.64961 -92.0958 
v -57.6021 3.74674 -92.0837 
v -57.8628 3.2648 -92.3047 
v -57.8251 3.3674 -92.2525 
v -57.8047 3.54357 -92.1501 
v -57.5683 3.5627 -92.2067 
v -57.55 3.37465 -92.2425 
v -57.4007 3.36802 -92.3749 
v -56.909 3.79392 -92.2552 
v -56.6805 3.65505 -92.4067 
v -56.8651 3.19032 -92.6391 
v -56.8651 3.19032 -92.6391 
v -57.4007 3.36802 -92.3749 
v -56.909 3.79392 -92.2552 
v -57.625 3.36898 -92.3094 
v -57.6163 3.31381 -92.3459 
v -57.8251 3.3674 -92.2525 
v -57.8628 3.2648 -92.3047 
v -57.5851 3.5059 -92.2368 
v -57.5668 3.41048 -92.3007 
v -57.5683 3.5627 -92.2067 
v -57.6189 3.58647 -92.1774 
v -57.6021 3.74674 -92.0837 
v -57.4413 3.23151 -92.362 
v -57.5994 3.27798 -92.2876 
v -57.6021 3.74674 -92.0837 
v -57.33 3.82573 -92.1138 
v -57.5683 3.5627 -92.2067 
v -57.2718 3.07026 -92.5953 
v -57.7032 3.1394 -92.428 
v -57.4581 3.26734 -92.4202 
v -57.8047 3.54357 -92.1501 
v -57.8201 3.58696 -92.1189 
v -57.7668 3.64961 -92.0958 
v -57.4007 3.36802 -92.3749 
v -57.4717 3.40475 -92.3318 
v -57.33 3.82573 -92.1138 
v -57.7032 3.1394 -92.428 
v -57.8628 3.2648 -92.3047 
v -57.6163 3.31381 -92.3459 
v -57.33 3.82573 -92.1138 
v -56.909 3.79392 -92.2552 
v -57.4007 3.36802 -92.3749 
v -57.6163 3.31381 -92.3459 
v -57.5482 3.27345 -92.3904 
v -57.7032 3.1394 -92.428 
v -57.7668 3.64961 -92.0958 
v -57.6021 3.74674 -92.0837 
v -57.6189 3.58647 -92.1774 
v -57.4581 3.26734 -92.4202 
v -57.7032 3.1394 -92.428 
v -57.5482 3.27345 -92.3904 
v -57.6189 3.58647 -92.1774 
v -57.8047 3.54357 -92.1501 
v -57.7668 3.64961 -92.0958 
v -57.5668 3.41048 -92.3007 
v -57.5851 3.5059 -92.2368 
v -57.4717 3.40475 -92.3318 
v -56.8651 3.19032 -92.6391 
v -57.2718 3.07026 -92.5953 
v -57.3987 3.30357 -92.4151 
v -57.4581 3.26734 -92.4202 
v -57.4007 3.36802 -92.3749 
v -57.5851 3.5059 -92.2368 
v -57.5683 3.5627 -92.2067 
v -57.4717 3.40475 -92.3318 
v -57.33 3.82573 -92.1138 
v -57.4717 3.40475 -92.3318 
v -57.5683 3.5627 -92.2067 
v -56.6805 3.65505 -92.4067 
v -56.6697 3.37347 -92.583 
v -56.8651 3.19032 -92.6391 
v -56.6636 3.61922 -92.3484 
v -56.6697 3.37347 -92.583 
v -56.6805 3.65505 -92.4067 
v -56.6636 3.61922 -92.3484 
v -56.6528 3.33764 -92.5248 
v -56.6697 3.37347 -92.583 
v -56.8482 3.15449 -92.5809 
v -56.6697 3.37347 -92.583 
v -56.6528 3.33764 -92.5248 
v -56.8482 3.15449 -92.5809 
v -56.8651 3.19032 -92.6391 
v -56.6697 3.37347 -92.583 
v -57.8459 3.22897 -92.2465 
v -57.7032 3.1394 -92.428 
v -57.8628 3.2648 -92.3047 
v -57.55 3.37465 -92.2425 
v -57.5994 3.27798 -92.2876 
v -57.602 3.55064 -92.1192 
v -57.6081 3.33315 -92.2512 
v -57.6163 3.31381 -92.3459 
v -57.625 3.36898 -92.3094 
v -57.6081 3.33315 -92.2512 
v -57.5994 3.27798 -92.2876 
v -57.6163 3.31381 -92.3459 
v -56.6528 3.33764 -92.5248 
v -56.8482 3.15449 -92.5809 
v -57.255 3.03443 -92.5371 
v -56.8651 3.19032 -92.6391 
v -56.8482 3.15449 -92.5809 
v -57.255 3.03443 -92.5371 
v -57.2718 3.07026 -92.5953 
v -56.8651 3.19032 -92.6391 
v -57.33 3.82573 -92.1138 
v -57.5852 3.71091 -92.0255 
v -57.7032 3.1394 -92.428 
v -57.6864 3.10357 -92.3698 
v -57.8628 3.2648 -92.3047 
v -57.6864 3.10357 -92.3698 
v -57.2718 3.07026 -92.5953 
v -57.255 3.03443 -92.5371 
v -57.6864 3.10357 -92.3698 
v -57.7032 3.1394 -92.428 
v -57.2718 3.07026 -92.5953 
v -57.8083 3.33157 -92.1943 
v -57.7879 3.50774 -92.0918 
v -57.8047 3.54357 -92.1501 
v -57.5683 3.5627 -92.2067 
v -57.55 3.37465 -92.2425 
v -57.4717 3.40475 -92.3318 
v -57.4548 3.36892 -92.2735 
v -57.4548 3.36892 -92.2735 
v -57.4007 3.36802 -92.3749 
v -57.3839 3.33219 -92.3166 
v -57.55 3.37465 -92.2425 
v -57.5668 3.41048 -92.3007 
v -57.4717 3.40475 -92.3318 
v -57.4548 3.36892 -92.2735 
v -57.4717 3.40475 -92.3318 
v -57.4007 3.36802 -92.3749 
v -57.625 3.36898 -92.3094 
v -57.4413 3.23151 -92.362 
v -57.5994 3.27798 -92.2876 
v -57.602 3.55064 -92.1192 
v -57.6081 3.33315 -92.2512 
v -57.5668 3.41048 -92.3007 
v -57.55 3.37465 -92.2425 
v -57.6081 3.33315 -92.2512 
v -57.625 3.36898 -92.3094 
v -57.5668 3.41048 -92.3007 
v -57.5514 3.52687 -92.1484 
v -57.6189 3.58647 -92.1774 
v -57.5683 3.5627 -92.2067 
v -57.5514 3.52687 -92.1484 
v -57.602 3.55064 -92.1192 
v -57.6189 3.58647 -92.1774 
v -57.7879 3.50774 -92.0918 
v -57.6189 3.58647 -92.1774 
v -57.602 3.55064 -92.1192 
v -57.8047 3.54357 -92.1501 
v -56.6636 3.61922 -92.3484 
v -56.6805 3.65505 -92.4067 
v -56.6528 3.33764 -92.5248 
v -56.8482 3.15449 -92.5809 
v -56.909 3.79392 -92.2552 
v -57.255 3.03443 -92.5371 
v -57.2718 3.07026 -92.5953 
v -57.3132 3.7899 -92.0556 
v -57.33 3.82573 -92.1138 
v -57.8201 3.58696 -92.1189 
v -57.7668 3.64961 -92.0958 
v -57.5852 3.71091 -92.0255 
v -57.6864 3.10357 -92.3698 
v -57.8628 3.2648 -92.3047 
v -57.8083 3.33157 -92.1943 
v -57.8251 3.3674 -92.2525 
v -57.7879 3.50774 -92.0918 
v -57.5683 3.5627 -92.2067 
v -57.55 3.37465 -92.2425 
v -57.4007 3.36802 -92.3749 
v -57.3839 3.33219 -92.3166 
v -57.5682 3.47006 -92.1785 
v -57.55 3.37465 -92.2425 
v -57.4548 3.36892 -92.2735 
v -56.8921 3.75809 -92.1969 
v -57.3132 3.7899 -92.0556 
v -57.3839 3.33219 -92.3166 
v -57.5514 3.52687 -92.1484 
v -57.5682 3.47006 -92.1785 
v -57.4548 3.36892 -92.2735 
v -57.3132 3.7899 -92.0556 
v -57.5514 3.52687 -92.1484 
v -57.4548 3.36892 -92.2735 
v -57.3818 3.26774 -92.3569 
v -56.8482 3.15449 -92.5809 
v -57.3839 3.33219 -92.3166 
v -57.4413 3.23151 -92.362 
v -57.255 3.03443 -92.5371 
v -57.5313 3.23762 -92.3322 
v -57.5994 3.27798 -92.2876 
v -57.6864 3.10357 -92.3698 
v -57.5852 3.71091 -92.0255 
v -57.602 3.55064 -92.1192 
v -57.5514 3.52687 -92.1484 
v -57.6864 3.10357 -92.3698 
v -57.5994 3.27798 -92.2876 
v -57.8459 3.22897 -92.2465 
v -57.8083 3.33157 -92.1943 
v -56.6636 3.61922 -92.3484 
v -56.8921 3.75809 -92.1969 
v -56.8482 3.15449 -92.5809 
v -57.6864 3.10357 -92.3698 
v -57.255 3.03443 -92.5371 
v -57.4413 3.23151 -92.362 
v -57.7499 3.61378 -92.0376 
v -57.8033 3.55113 -92.0607 
v -57.7879 3.50774 -92.0918 
v -57.6081 3.33315 -92.2512 
v -57.5682 3.47006 -92.1785 
v -57.8083 3.33157 -92.1943 
v -57.7499 3.61378 -92.0376 
v -57.7879 3.50774 -92.0918 
v -57.602 3.55064 -92.1192 
v -57.3839 3.33219 -92.3166 
v -57.3132 3.7899 -92.0556 
v -57.4548 3.36892 -92.2735 
v -56.8482 3.15449 -92.5809 
v -56.6528 3.33764 -92.5248 
v -56.6636 3.61922 -92.3484 
v -57.3839 3.33219 -92.3166 
v -56.8482 3.15449 -92.5809 
v -56.8921 3.75809 -92.1969 
v -57.255 3.03443 -92.5371 
v -56.8482 3.15449 -92.5809 
v -57.3818 3.26774 -92.3569 
v -57.5682 3.47006 -92.1785 
v -57.6081 3.33315 -92.2512 
v -57.55 3.37465 -92.2425 
v -57.5994 3.27798 -92.2876 
v -57.6081 3.33315 -92.2512 
v -57.8083 3.33157 -92.1943 
v -57.4413 3.23151 -92.362 
v -57.5313 3.23762 -92.3322 
v -57.6864 3.10357 -92.3698 
v -57.5852 3.71091 -92.0255 
v -57.7499 3.61378 -92.0376 
v -57.602 3.55064 -92.1192 
v -57.3132 3.7899 -92.0556 
v -57.5852 3.71091 -92.0255 
v -57.5514 3.52687 -92.1484 

vn 0.220472 0.858268 0.464567 
vn 0.220472 0.858268 0.464567 
vn -0.740157 0.448819 0.496063 
vn -0.740157 0.448819 0.496063 
vn -0.740157 0.448819 0.496063 
vn -0.740157 0.448819 0.496063 
vn -0.740157 0.448819 0.496063 
vn -0.740157 0.448819 0.496063 
vn -0.700787 -0.677165 -0.212598 
vn -0.700787 -0.677165 -0.212598 
vn -0.700787 -0.677165 -0.212598 
vn -0.700787 -0.677165 -0.212598 
vn -0.700787 -0.677165 -0.212598 
vn -0.700787 -0.677165 -0.212598 
vn -0.92126 0.15748 0.362205 
vn -0.92126 0.15748 0.362205 
vn -0.92126 0.15748 0.362205 
vn -0.92126 0.15748 0.362205 
vn -0.92126 0.15748 0.362205 
vn -0.92126 0.15748 0.362205 
vn -0.929134 -0.362205 0.0472441 
vn -0.929134 -0.362205 0.0472441 
vn -0.929134 -0.362205 0.0472441 
vn -0.929134 -0.362205 0.0472441 
vn -0.929134 -0.362205 0.0472441 
vn -0.929134 -0.362205 0.0472441 
vn -0.937008 0.102362 0.330709 
vn -0.937008 0.102362 0.330709 
vn -0.937008 0.102362 0.330709 
vn -0.937008 0.102362 0.330709 
vn -0.937008 0.102362 0.330709 
vn -0.937008 0.102362 0.330709 
vn -0.574803 -0.76378 -0.299213 
vn -0.574803 -0.76378 -0.299213 
vn 0.23622 -0.511811 0.826772 
vn 0.23622 -0.511811 0.826772 
vn -0.968504 -0.149606 0.188976 
vn -0.968504 -0.149606 0.188976 
vn -0.968504 -0.149606 0.188976 
vn -0.968504 -0.149606 0.188976 
vn -0.968504 -0.149606 0.188976 
vn -0.968504 -0.149606 0.188976 
vn 0.968504 0.15748 -0.188976 
vn 0.661417 -0.543307 -0.519685 
vn 0.622047 0.732283 0.267717 
vn 0.622047 0.732283 0.267717 
vn 0.622047 0.732283 0.267717 
vn 0.622047 0.732283 0.267717 
vn 0.622047 0.732283 0.267717 
vn 0.622047 0.732283 0.267717 
vn 0.181102 -0.811024 -0.551181 
vn 0.220472 0.858268 0.464567 
vn 0.220472 0.858268 0.464567 
vn 0.220472 0.858268 0.464567 
vn 0.220472 0.858268 0.464567 
vn 0.220472 0.858268 0.464567 
vn 0.220472 0.858268 0.464567 
vn -0.740157 0.448819 0.496063 
vn -0.448819 0.692913 0.559055 
vn -0.448819 0.692913 0.559055 
vn -0.448819 0.692913 0.559055 
vn -0.448819 0.692913 0.559055 
vn -0.448819 0.692913 0.559055 
vn -0.448819 0.692913 0.559055 
vn -0.173228 0.818898 0.551181 
vn -0.173228 0.818898 0.551181 
vn -0.173228 0.818898 0.551181 
vn -0.173228 0.818898 0.551181 
vn -0.173228 0.818898 0.551181 
vn -0.173228 0.818898 0.551181 
vn -0.700787 -0.677165 -0.212598 
vn -0.700787 -0.677165 -0.212598 
vn -0.92126 0.15748 0.362205 
vn -0.440945 0.700787 0.559055 
vn -0.440945 0.700787 0.559055 
vn -0.440945 0.700787 0.559055 
vn -0.440945 0.700787 0.559055 
vn -0.440945 0.700787 0.559055 
vn -0.440945 0.700787 0.559055 
vn -0.204724 -0.858268 -0.472441 
vn -0.23622 0.511811 -0.826772 
vn 0.23622 -0.511811 0.826772 
vn 0.23622 -0.511811 0.826772 
vn 0.23622 -0.511811 0.826772 
vn -0.464567 0.685039 0.559055 
vn -0.464567 0.685039 0.559055 
vn -0.464567 0.685039 0.559055 
vn -0.464567 0.685039 0.559055 
vn -0.464567 0.685039 0.559055 
vn -0.464567 0.685039 0.559055 
vn 0.212598 0.858268 0.464567 
vn 0.212598 0.858268 0.464567 
vn 0.212598 0.858268 0.464567 
vn 0.212598 0.858268 0.464567 
vn 0.212598 0.858268 0.464567 
vn 0.212598 0.858268 0.464567 
vn 0.614173 0.740157 0.275591 
vn 0.614173 0.740157 0.275591 
vn 0.614173 0.740157 0.275591 
vn 0.614173 0.740157 0.275591 
vn 0.614173 0.740157 0.275591 
vn 0.614173 0.740157 0.275591 
vn 0.968504 0.15748 -0.188976 
vn 0.968504 0.15748 -0.188976 
vn 0.968504 0.15748 -0.188976 
vn 0.661417 -0.543307 -0.519685 
vn 0.622047 0.732283 0.267717 
vn 0.181102 -0.811024 -0.551181 
vn 0.220472 0.858268 0.464567 
vn -0.740157 0.448819 0.496063 
vn -0.740157 0.448819 0.496063 
vn -0.448819 0.692913 0.559055 
vn -0.700787 -0.677165 -0.212598 
vn -0.92126 0.15748 0.362205 
vn -0.929134 -0.362205 0.0472441 
vn -0.937008 0.102362 0.330709 
vn -0.204724 -0.858268 -0.472441 
vn -0.574803 -0.76378 -0.299213 
vn -0.23622 0.511811 -0.826772 
vn -0.23622 0.511811 -0.826772 
vn -0.23622 0.511811 -0.826772 
vn -0.23622 0.511811 -0.826772 
vn -0.23622 0.511811 -0.826772 
vn -0.23622 0.511811 -0.826772 
vn -0.23622 0.511811 -0.826772 
vn -0.23622 0.511811 -0.826772 
vn -0.23622 0.511811 -0.826772 
vn -0.23622 0.511811 -0.826772 
vn -0.23622 0.511811 -0.826772 
vn -0.23622 0.511811 -0.826772 
vn -0.23622 0.511811 -0.826772 
vn -0.23622 0.511811 -0.826772 
vn -0.23622 0.511811 -0.826772 
vn 0.23622 -0.511811 0.826772 
vn 0.23622 -0.511811 0.826772 
vn -0.23622 0.511811 -0.826772 
vn -0.23622 0.511811 -0.826772 
vn -0.23622 0.511811 -0.826772 
vn -0.23622 0.511811 -0.826772 
vn -0.23622 0.511811 -0.826772 
vn -0.23622 0.511811 -0.826772 
vn -0.23622 0.511811 -0.826772 
vn -0.23622 0.511811 -0.826772 
vn -0.23622 0.511811 -0.826772 
vn -0.23622 0.511811 -0.826772 
vn -0.23622 0.511811 -0.826772 
vn -0.23622 0.511811 -0.826772 
vn -0.23622 0.511811 -0.826772 
vn -0.23622 0.511811 -0.826772 
vn -0.23622 0.511811 -0.826772 
vn -0.23622 0.511811 -0.826772 
vn -0.23622 0.511811 -0.826772 
vn -0.23622 0.511811 -0.826772 
vn -0.23622 0.511811 -0.826772 
vn -0.23622 0.511811 -0.826772 
vn -0.23622 0.511811 -0.826772 
vn -0.23622 0.511811 -0.826772 
vn -0.23622 0.511811 -0.826772 
vn -0.23622 0.511811 -0.826772 
vn -0.23622 0.511811 -0.826772 
vn -0.23622 0.511811 -0.826772 
vn -0.23622 0.511811 -0.826772 
vn -0.23622 0.511811 -0.826772 
vn -0.23622 0.511811 -0.826772 
vn -0.23622 0.511811 -0.826772 
vn -0.23622 0.511811 -0.826772 
vn -0.23622 0.511811 -0.826772 
vn -0.23622 0.511811 -0.826772 
vn -0.23622 0.511811 -0.826772 
vn -0.23622 0.511811 -0.826772 
vn -0.23622 0.511811 -0.826772 
vn -0.23622 0.511811 -0.826772 
vn -0.23622 0.511811 -0.826772 
vn -0.23622 0.511811 -0.826772 
vn -0.23622 0.511811 -0.826772 
vn -0.23622 0.511811 -0.826772 
vn -0.23622 0.511811 -0.826772 
vn -0.23622 0.511811 -0.826772 
vn -0.23622 0.511811 -0.826772 
vn -0.23622 0.511811 -0.826772 
vn -0.23622 0.511811 -0.826772 
vn -0.23622 0.511811 -0.826772 
vn 0.968504 0.15748 -0.188976 
vn 0.968504 0.15748 -0.188976 
vn 0.968504 0.15748 -0.188976 
vn 0.968504 0.15748 -0.188976 
vn 0.968504 0.15748 -0.188976 
vn 0.968504 0.15748 -0.188976 
vn 0.661417 -0.543307 -0.519685 
vn 0.661417 -0.543307 -0.519685 
vn 0.661417 -0.543307 -0.519685 
vn 0.661417 -0.543307 -0.519685 
vn 0.661417 -0.543307 -0.519685 
vn 0.661417 -0.543307 -0.519685 
vn -0.700787 -0.677165 -0.212598 
vn -0.700787 -0.677165 -0.212598 
vn -0.700787 -0.677165 -0.212598 
vn -0.204724 -0.858268 -0.472441 
vn 0.23622 -0.511811 0.826772 
vn 0.23622 -0.511811 0.826772 
vn 0.96063 0.23622 -0.133858 
vn 0.96063 0.23622 -0.133858 
vn 0.96063 0.23622 -0.133858 
vn 0.96063 0.23622 -0.133858 
vn 0.96063 0.23622 -0.133858 
vn 0.96063 0.23622 -0.133858 
vn 0.968504 0.15748 -0.188976 
vn 0.661417 -0.543307 -0.519685 
vn 0.181102 -0.811024 -0.551181 
vn 0.181102 -0.811024 -0.551181 
vn 0.181102 -0.811024 -0.551181 
vn 0.181102 -0.811024 -0.551181 
vn 0.181102 -0.811024 -0.551181 
vn 0.181102 -0.811024 -0.551181 
vn 0.220472 0.858268 0.464567 
vn -0.448819 0.692913 0.559055 
vn -0.700787 -0.677165 -0.212598 
vn -0.700787 -0.677165 -0.212598 
vn -0.700787 -0.677165 -0.212598 
vn -0.307087 -0.850394 -0.433071 
vn -0.307087 -0.850394 -0.433071 
vn -0.307087 -0.850394 -0.433071 
vn -0.307087 -0.850394 -0.433071 
vn -0.307087 -0.850394 -0.433071 
vn -0.307087 -0.850394 -0.433071 
vn -0.92126 0.15748 0.362205 
vn -0.929134 -0.362205 0.0472441 
vn -0.929134 -0.362205 0.0472441 
vn -0.937008 0.102362 0.330709 
vn -0.204724 -0.858268 -0.472441 
vn -0.204724 -0.858268 -0.472441 
vn -0.204724 -0.858268 -0.472441 
vn -0.574803 -0.76378 -0.299213 
vn -0.574803 -0.76378 -0.299213 
vn -0.574803 -0.76378 -0.299213 
vn -0.204724 -0.858268 -0.472441 
vn -0.204724 -0.858268 -0.472441 
vn -0.204724 -0.858268 -0.472441 
vn -0.574803 -0.76378 -0.299213 
vn -0.574803 -0.76378 -0.299213 
vn -0.574803 -0.76378 -0.299213 
vn -0.23622 0.511811 -0.826772 
vn 0.23622 -0.511811 0.826772 
vn 0.23622 -0.511811 0.826772 
vn 0.23622 -0.511811 0.826772 
vn 0.535433 -0.637795 -0.551181 
vn 0.535433 -0.637795 -0.551181 
vn 0.535433 -0.637795 -0.551181 
vn 0.535433 -0.637795 -0.551181 
vn 0.535433 -0.637795 -0.551181 
vn 0.535433 -0.637795 -0.551181 
vn -0.551181 -0.771654 -0.314961 
vn -0.551181 -0.771654 -0.314961 
vn -0.551181 -0.771654 -0.314961 
vn -0.551181 -0.771654 -0.314961 
vn -0.551181 -0.771654 -0.314961 
vn -0.551181 -0.771654 -0.314961 
vn 0.110236 -0.834646 -0.543307 
vn 0.110236 -0.834646 -0.543307 
vn 0.110236 -0.834646 -0.543307 
vn 0.110236 -0.834646 -0.543307 
vn 0.968504 0.15748 -0.188976 
vn 0.968504 0.15748 -0.188976 
vn 0.968504 0.15748 -0.188976 
vn 0.661417 -0.543307 -0.519685 
vn 0.622047 0.732283 0.267717 
vn 0.181102 -0.811024 -0.551181 
vn 0.181102 -0.811024 -0.551181 
vn 0.220472 0.858268 0.464567 
vn 0.220472 0.858268 0.464567 
vn -0.740157 0.448819 0.496063 
vn -0.740157 0.448819 0.496063 
vn -0.448819 0.692913 0.559055 
vn -0.700787 -0.677165 -0.212598 
vn -0.700787 -0.677165 -0.212598 
vn -0.92126 0.15748 0.362205 
vn -0.92126 0.15748 0.362205 
vn -0.929134 -0.362205 0.0472441 
vn -0.937008 0.102362 0.330709 
vn -0.204724 -0.858268 -0.472441 
vn -0.574803 -0.76378 -0.299213 
vn -0.574803 -0.76378 -0.299213 
vn 0.23622 -0.511811 0.826772 
vn 0.23622 -0.511811 0.826772 
vn 0.23622 -0.511811 0.826772 
vn 0.23622 -0.511811 0.826772 
vn 0.23622 -0.511811 0.826772 
vn 0.23622 -0.511811 0.826772 
vn 0.23622 -0.511811 0.826772 
vn 0.23622 -0.511811 0.826772 
vn 0.23622 -0.511811 0.826772 
vn 0.23622 -0.511811 0.826772 
vn 0.23622 -0.511811 0.826772 
vn 0.23622 -0.511811 0.826772 
vn 0.23622 -0.511811 0.826772 
vn 0.23622 -0.511811 0.826772 
vn 0.23622 -0.511811 0.826772 
vn 0.23622 -0.511811 0.826772 
vn 0.23622 -0.511811 0.826772 
vn 0.23622 -0.511811 0.826772 
vn 0.23622 -0.511811 0.826772 
vn 0.23622 -0.511811 0.826772 
vn 0.23622 -0.511811 0.826772 
vn 0.23622 -0.511811 0.826772 
vn 0.23622 -0.511811 0.826772 
vn 0.23622 -0.511811 0.826772 
vn 0.23622 -0.511811 0.826772 
vn 0.23622 -0.511811 0.826772 
vn 0.23622 -0.511811 0.826772 
vn 0.23622 -0.511811 0.826772 
vn 0.23622 -0.511811 0.826772 
vn 0.23622 -0.511811 0.826772 
vn 0.23622 -0.511811 0.826772 
vn 0.23622 -0.511811 0.826772 
vn 0.23622 -0.511811 0.826772 
vn 0.23622 -0.511811 0.826772 
vn 0.23622 -0.511811 0.826772 
vn 0.23622 -0.511811 0.826772 
vn 0.23622 -0.511811 0.826772 
vn 0.23622 -0.511811 0.826772 
vn 0.23622 -0.511811 0.826772 
vn 0.23622 -0.511811 0.826772 
vn 0.23622 -0.511811 0.826772 
vn 0.23622 -0.511811 0.826772 
vn 0.23622 -0.511811 0.826772 
vn 0.23622 -0.511811 0.826772 
vn 0.23622 -0.511811 0.826772 
vn 0.23622 -0.511811 0.826772 
vn 0.23622 -0.511811 0.826772 
vn 0.23622 -0.511811 0.826772 
vn 0.23622 -0.511811 0.826772 
vn 0.23622 -0.511811 0.826772 
vn 0.23622 -0.511811 0.826772 
vn 0.23622 -0.511811 0.826772 
vn 0.23622 -0.511811 0.826772 
vn 0.23622 -0.511811 0.826772 
vn 0.23622 -0.511811 0.826772 
vn 0.23622 -0.511811 0.826772 
vn 0.23622 -0.511811 0.826772 
vn 0.23622 -0.511811 0.826772 
vn 0.23622 -0.511811 0.826772 
vn 0.23622 -0.511811 0.826772 
vn 0.23622 -0.511811 0.826772 
vn 0.23622 -0.511811 0.826772 
vn 0.23622 -0.511811 0.826772 
vn 0.23622 -0.511811 0.826772 
vn 0.23622 -0.511811 0.826772 
vn 0.23622 -0.511811 0.826772 
vn 0.23622 -0.511811 0.826772 
vn 0.23622 -0.511811 0.826772 
vn 0.23622 -0.511811 0.826772 

vt 38.0346 -48.955 
vt 38.0273 -48.9505 
vt 38.0368 -48.977 
vt 38.0267 -48.9804 
vt 38.034 -48.9849 
vt 38.0368 -48.977 
vt 38.0296 -48.9726 
vt 38.0267 -48.9804 
vt 38.0107 -49.0251 
vt 37.988 -49.0363 
vt 37.9953 -49.0408 
vt 38.0107 -49.0251 
vt 38.0034 -49.0207 
vt 37.988 -49.0363 
vt 38.0173 -49.0123 
vt 38.0034 -49.0207 
vt 38.0107 -49.0251 
vt 38.0173 -49.0123 
vt 38.01 -49.0078 
vt 38.0034 -49.0207 
vt 38.0301 -48.9903 
vt 38.034 -48.9849 
vt 38.0267 -48.9804 
vt 38.0301 -48.9903 
vt 38.0267 -48.9804 
vt 38.0228 -48.9858 
vt 38.023 -48.9879 
vt 38.0119 -48.9905 
vt 38.0192 -48.995 
vt 38.023 -48.9879 
vt 38.0157 -48.9834 
vt 38.0119 -48.9905 
vt 37.9947 -49.0078 
vt 38.002 -49.0122 
vt 37.9963 -49.0248 
vt 38.0266 -48.9849 
vt 38.002 -49.0122 
vt 37.9896 -49.0158 
vt 37.9969 -49.0203 
vt 38.002 -49.0122 
vt 37.9947 -49.0078 
vt 37.9896 -49.0158 
vt 38.0756 -48.9759 
vt 38.0512 -48.9689 
vt 38.0743 -48.998 
vt 38.0436 -49.0096 
vt 38.0457 -49.0169 
vt 38.0743 -48.998 
vt 38.0722 -48.9907 
vt 38.0436 -49.0096 
vt 37.9982 -48.9671 
vt 37.9931 -49.0346 
vt 38.0436 -49.0096 
vt 37.991 -49.0273 
vt 37.9931 -49.0346 
vt 38.0457 -49.0169 
vt 38.0436 -49.0096 
vt 37.9297 -49.0267 
vt 37.9591 -49.0384 
vt 37.9364 -49.0296 
vt 37.9385 -49.0368 
vt 37.9591 -49.0384 
vt 37.957 -49.0311 
vt 37.9364 -49.0296 
vt 37.9591 -49.0384 
vt 37.991 -49.0273 
vt 37.957 -49.0311 
vt 37.9591 -49.0384 
vt 37.9931 -49.0346 
vt 37.991 -49.0273 
vt 37.9443 -48.988 
vt 37.9244 -49.0034 
vt 37.9312 -49.0173 
vt 37.9612 -49.0192 
vt 37.9291 -49.01 
vt 37.9312 -49.0173 
vt 37.9612 -49.0192 
vt 37.9591 -49.0119 
vt 37.9291 -49.01 
vt 37.9635 -49.0112 
vt 37.9541 -49.0029 
vt 37.9771 -48.9963 
vt 37.9573 -49.0056 
vt 37.957 -49.0266 
vt 37.9845 -48.9969 
vt 37.975 -48.989 
vt 37.9771 -48.9963 
vt 37.9845 -48.9969 
vt 37.9824 -48.9896 
vt 37.975 -48.989 
vt 37.9771 -48.9963 
vt 37.9637 -48.9927 
vt 37.9658 -49 
vt 37.9771 -48.9963 
vt 37.975 -48.989 
vt 37.9637 -48.9927 
vt 37.9573 -49.0056 
vt 37.9637 -48.9927 
vt 37.9552 -48.9983 
vt 37.9573 -49.0056 
vt 37.9658 -49 
vt 37.9637 -48.9927 
vt 37.9257 -48.9764 
vt 37.9278 -48.9719 
vt 37.9244 -49.0116 
vt 37.9488 -49.0345 
vt 37.9564 -48.9545 
vt 37.9996 -49.0495 
vt 38.009 -48.9505 
vt 38.0703 -48.9804 
vt 38.0636 -48.9726 
vt 38.043 -48.9604 
vt 38.0756 -49.0207 
vt 38.0709 -49.0078 
vt 38.0684 -48.9858 
vt 38.0388 -48.9834 
vt 38.0365 -49.0069 
vt 38.0179 -49.0078 
vt 37.9564 -48.9545 
vt 37.9278 -48.9719 
vt 37.9509 -49.03 
vt 37.9509 -49.03 
vt 38.0179 -49.0078 
vt 37.9564 -48.9545 
vt 38.0459 -49.0076 
vt 38.0448 -49.0145 
vt 38.0709 -49.0078 
vt 38.0756 -49.0207 
vt 38.0409 -48.9905 
vt 38.0386 -49.0024 
vt 38.0388 -48.9834 
vt 38.0451 -48.9804 
vt 38.043 -48.9604 
vt 38.0229 -49.0248 
vt 38.0427 -49.019 
vt 38.043 -48.9604 
vt 38.009 -48.9505 
vt 38.0388 -48.9834 
vt 38.0018 -49.045 
vt 38.0557 -49.0363 
vt 38.025 -49.0203 
vt 38.0684 -48.9858 
vt 38.0703 -48.9804 
vt 38.0636 -48.9726 
vt 38.0179 -49.0078 
vt 38.0267 -49.0032 
vt 38.009 -48.9505 
vt 38.0557 -49.0363 
vt 38.0756 -49.0207 
vt 38.0448 -49.0145 
vt 38.009 -48.9505 
vt 37.9564 -48.9545 
vt 38.0179 -49.0078 
vt 38.0448 -49.0145 
vt 38.0363 -49.0196 
vt 38.0557 -49.0363 
vt 38.0636 -48.9726 
vt 38.043 -48.9604 
vt 38.0451 -48.9804 
vt 38.025 -49.0203 
vt 38.0557 -49.0363 
vt 38.0363 -49.0196 
vt 38.0451 -48.9804 
vt 38.0684 -48.9858 
vt 38.0636 -48.9726 
vt 38.0386 -49.0024 
vt 38.0409 -48.9905 
vt 38.0267 -49.0032 
vt 37.9509 -49.03 
vt 38.0018 -49.045 
vt 38.0176 -49.0158 
vt 38.025 -49.0203 
vt 38.0179 -49.0078 
vt 38.0409 -48.9905 
vt 38.0388 -48.9834 
vt 38.0267 -49.0032 
vt 38.009 -48.9505 
vt 38.0267 -49.0032 
vt 38.0388 -48.9834 
vt 37.9278 -48.9719 
vt 37.9265 -49.0071 
vt 37.9509 -49.03 
vt 38.002 -48.9764 
vt 38.0313 -49.0071 
vt 38.0093 -48.9719 
vt 38.002 -48.9764 
vt 38.0241 -49.0116 
vt 38.0313 -49.0071 
vt 38.0311 -49.0345 
vt 38.0313 -49.0071 
vt 38.0241 -49.0116 
vt 38.0311 -49.0345 
vt 38.0384 -49.03 
vt 38.0313 -49.0071 
vt 37.9893 -49.0251 
vt 38.012 -49.0363 
vt 37.9966 -49.0207 
vt 37.9888 -49.0069 
vt 37.9944 -49.019 
vt 37.9734 -48.9849 
vt 37.9899 -49.0121 
vt 38.0017 -49.0145 
vt 37.9971 -49.0076 
vt 37.9899 -49.0121 
vt 37.9944 -49.019 
vt 38.0017 -49.0145 
vt 37.9244 -48.9759 
vt 37.9488 -48.9689 
vt 37.9996 -48.9744 
vt 37.9509 -48.9616 
vt 37.9488 -48.9689 
vt 37.9996 -48.9744 
vt 38.0018 -48.9671 
vt 37.9509 -48.9616 
vt 38.009 -49.0273 
vt 38.0409 -49.0384 
vt 38.0557 -48.988 
vt 38.0536 -48.9953 
vt 38.0756 -49.0034 
vt 38.0536 -48.9953 
vt 38.0018 -48.9671 
vt 37.9996 -48.9744 
vt 38.0536 -48.9953 
vt 38.0557 -48.988 
vt 38.0018 -48.9671 
vt 38.0688 -49.0173 
vt 38.0663 -49.0301 
vt 38.0684 -49.0228 
vt 38.0388 -49.0157 
vt 38.0365 -49.0112 
vt 38.0267 -49.0001 
vt 38.0246 -49.0073 
vt 38.0246 -49.0073 
vt 38.0179 -48.9947 
vt 38.0158 -49.002 
vt 38.0365 -49.0112 
vt 38.0386 -49.0039 
vt 38.0267 -49.0001 
vt 38.0246 -49.0073 
vt 38.0267 -49.0001 
vt 38.0179 -48.9947 
vt 38.0459 -49.0029 
vt 38.0229 -48.9963 
vt 38.0427 -49.0056 
vt 38.043 -49.0266 
vt 38.0438 -49.0101 
vt 38.0386 -49.0039 
vt 38.0365 -49.0112 
vt 38.0438 -49.0101 
vt 38.0459 -49.0029 
vt 38.0386 -49.0039 
vt 38.0367 -49.023 
vt 38.0451 -49.0194 
vt 38.0388 -49.0157 
vt 38.0367 -49.023 
vt 38.043 -49.0266 
vt 38.0451 -49.0194 
vt 38.0663 -49.0301 
vt 38.0451 -49.0194 
vt 38.043 -49.0266 
vt 38.0684 -49.0228 
vt 38.0743 -48.9764 
vt 38.0722 -48.9719 
vt 38.0756 -49.0116 
vt 38.0512 -49.0345 
vt 38.0436 -48.9545 
vt 38.0004 -49.0495 
vt 37.9982 -49.045 
vt 37.9931 -48.955 
vt 37.991 -48.9505 
vt 37.9297 -48.9804 
vt 37.9364 -48.9726 
vt 37.9591 -48.9649 
vt 37.9464 -49.0408 
vt 37.9244 -49.0207 
vt 37.9312 -49.0123 
vt 37.9291 -49.0078 
vt 37.9337 -48.9903 
vt 37.9612 -48.9834 
vt 37.9635 -49.0069 
vt 37.9821 -49.0078 
vt 37.9842 -49.0122 
vt 37.9612 -48.995 
vt 37.9635 -49.0069 
vt 37.9754 -49.0076 
vt 38.0457 -48.959 
vt 37.9931 -48.955 
vt 37.9842 -49.0122 
vt 37.9633 -48.9879 
vt 37.9612 -48.995 
vt 37.9754 -49.0076 
vt 37.9931 -48.955 
vt 37.9633 -48.9879 
vt 37.9754 -49.0076 
vt 37.9845 -49.0203 
vt 38.0512 -49.0345 
vt 37.9842 -49.0122 
vt 37.9771 -49.0248 
vt 38.0004 -49.0495 
vt 37.9658 -49.0241 
vt 37.9573 -49.019 
vt 37.9464 -49.0408 
vt 37.9591 -48.9649 
vt 37.957 -48.9849 
vt 37.9633 -48.9879 
vt 37.9464 -49.0408 
vt 37.9573 -49.019 
vt 37.9265 -49.0251 
vt 37.9312 -49.0123 
vt 38.0743 -48.9764 
vt 38.0457 -48.959 
vt 38.0512 -49.0345 
vt 37.9464 -49.0408 
vt 38.0004 -49.0495 
vt 37.9771 -49.0248 
vt 37.9385 -48.977 
vt 37.9318 -48.9849 
vt 37.9337 -48.9903 
vt 37.9562 -49.0121 
vt 37.9612 -48.995 
vt 37.9312 -49.0123 
vt 37.9385 -48.977 
vt 37.9337 -48.9903 
vt 37.957 -48.9849 
vt 37.9842 -49.0122 
vt 37.9931 -48.955 
vt 37.9754 -49.0076 
vt 38.0512 -49.0345 
vt 38.0756 -49.0116 
vt 38.0743 -48.9764 
vt 37.9842 -49.0122 
vt 38.0512 -49.0345 
vt 38.0457 -48.959 
vt 38.0004 -49.0495 
vt 38.0512 -49.0345 
vt 37.9845 -49.0203 
vt 37.9612 -48.995 
vt 37.9562 -49.0121 
vt 37.9635 -49.0069 
vt 37.9573 -49.019 
vt 37.9562 -49.0121 
vt 37.9312 -49.0123 
vt 37.9771 -49.0248 
vt 37.9658 -49.0241 
vt 37.9464 -49.0408 
vt 37.9591 -48.9649 
vt 37.9385 -48.977 
vt 37.957 -48.9849 
vt 37.9931 -48.955 
vt 37.9591 -48.9649 
vt 37.9633 -48.9879 

usemtl Board1Mtl

f 75/75/75 76/76/76 77/77/77 
f 78/78/78 79/79/79 80/80/80 
f 81/81/81 82/82/82 83/83/83 
f 84/84/84 85/85/85 86/86/86 
f 87/87/87 88/88/88 89/89/89 
f 90/90/90 91/91/91 92/92/92 
f 93/93/93 94/94/94 95/95/95 
f 96/96/96 97/97/97 98/98/98 
f 99/99/99 100/100/100 101/101/101 
f 102/102/102 103/103/103 104/104/104 
f 109/109/109 110/110/110 111/111/111 
f 112/112/112 113/113/113 114/114/114 
f 117/117/117 118/118/118 119/119/119 
f 120/120/120 121/121/121 122/122/122 
f 124/124/124 125/125/125 126/126/126 
f 127/127/127 128/128/128 129/129/129 
f 131/131/131 132/132/132 133/133/133 
f 134/134/134 135/135/135 136/136/136 
f 137/137/137 138/138/138 139/139/139 
f 140/140/140 141/141/141 142/142/142 
f 146/146/146 147/147/147 148/148/148 
f 149/149/149 150/150/150 151/151/151 
f 157/157/157 158/158/158 159/159/159 
f 160/160/160 161/161/161 162/162/162 
f 163/163/163 164/164/164 165/165/165 
f 166/166/166 167/167/167 168/168/168 
f 169/169/169 170/170/170 171/171/171 
f 172/172/172 173/173/173 174/174/174 
f 191/191/191 192/192/192 193/193/193 
f 194/194/194 195/195/195 196/196/196 
f 197/197/197 198/198/198 199/199/199 
f 200/200/200 199/199/199 198/198/198 
f 199/199/199 201/201/201 197/197/197 
f 202/202/202 197/197/197 201/201/201 
f 203/203/203 204/204/204 205/205/205 
f 208/208/208 209/209/209 210/210/210 
f 211/211/211 212/212/212 213/213/213 
f 214/214/214 215/215/215 216/216/216 
f 217/217/217 218/218/218 219/219/219 
f 220/220/220 221/221/221 222/222/222 
f 223/223/223 224/224/224 225/225/225 
f 226/226/226 227/227/227 228/228/228 
f 229/229/229 230/230/230 231/231/231 
f 232/232/232 233/233/233 234/234/234 
f 235/235/235 236/236/236 237/237/237 
f 238/238/238 239/239/239 240/240/240 
f 241/241/241 242/242/242 243/243/243 
f 244/244/244 243/243/243 242/242/242 
f 243/243/243 245/245/245 241/241/241 
f 246/246/246 247/247/247 248/248/248 
f 249/249/249 250/250/250 251/251/251 
f 252/252/252 253/253/253 254/254/254 
f 255/255/255 256/256/256 257/257/257 
f 258/258/258 259/259/259 260/260/260 
f 261/261/261 262/262/262 263/263/263 
f 264/264/264 265/265/265 266/266/266 
f 273/273/273 274/274/274 275/275/275 
f 276/276/276 277/277/277 278/278/278 
f 281/281/281 282/282/282 283/283/283 
f 284/284/284 285/285/285 286/286/286 
f 292/292/292 293/293/293 294/294/294 
f 295/295/295 296/296/296 297/297/297 
f 302/302/302 303/303/303 304/304/304 
f 305/305/305 306/306/306 307/307/307 
f 308/308/308 309/309/309 310/310/310 
f 311/311/311 312/312/312 313/313/313 
f 318/318/318 319/319/319 320/320/320 
f 321/321/321 322/322/322 323/323/323 
f 324/324/324 325/325/325 326/326/326 
f 327/327/327 328/328/328 329/329/329 
f 330/330/330 331/331/331 332/332/332 
f 330/330/330 333/333/333 331/331/331 
f 355/355/355 356/356/356 357/357/357 
f 358/358/358 359/359/359 360/360/360 
f 361/361/361 362/362/362 363/363/363 
f 364/364/364 365/365/365 366/366/366 
f 367/367/367 368/368/368 369/369/369 
f 370/370/370 371/371/371 367/367/367 
f 372/372/372 373/373/373 374/374/374 
f 375/375/375 376/376/376 377/377/377 
f 378/378/378 379/379/379 380/380/380 
f 381/381/381 380/380/380 379/379/379 
f 382/382/382 383/383/383 384/384/384 
f 385/385/385 386/386/386 387/387/387 
f 388/388/388 389/389/389 390/390/390 
f 391/391/391 392/392/392 393/393/393 
f 394/394/394 395/395/395 396/396/396 
f 397/397/397 398/398/398 399/399/399 
f 400/400/400 401/401/401 402/402/402 
f 403/403/403 404/404/404 405/405/405 
f 406/406/406 407/407/407 408/408/408 
f 409/409/409 410/410/410 411/411/411 
f 412/412/412 413/413/413 414/414/414 
f 415/415/415 416/416/416 417/417/417 
f 418/418/418 419/419/419 420/420/420 
f 421/421/421 422/422/422 423/423/423 

g Highlight1

v -54.0667 3.59012 -92.2936 
v -53.9956 3.61232 -92.0704 
v -53.9384 3.61232 -92.2702 
v -54.0667 3.59012 -92.2936 
v -54.1169 3.59012 -92.1185 
v -53.9956 3.61232 -92.0704 
v -53.9384 3.61232 -92.2702 
v -53.8658 3.58088 -92.0521 
v -53.8185 3.58088 -92.2169 
v -53.9956 3.61232 -92.0704 
v -54.0416 3.43237 -92.3812 
v -53.9384 3.61232 -92.2702 
v -53.9097 3.43237 -92.3701 
v -53.9384 3.25242 -92.2702 
v -54.0416 3.43237 -92.3812 
v -53.9097 3.43237 -92.3701 
v -54.0416 3.43237 -92.3812 
v -54.0667 3.59012 -92.2936 
v -53.9384 3.61232 -92.2702 
v -53.9384 3.25242 -92.2702 
v -54.0667 3.27461 -92.2936 
v -54.0416 3.43237 -92.3812 
v -53.8185 3.28386 -92.2169 
v -53.9097 3.43237 -92.3701 
v -53.7949 3.43237 -92.2994 
v -53.8185 3.28386 -92.2169 
v -53.9384 3.25242 -92.2702 
v -53.9097 3.43237 -92.3701 
v -53.9097 3.43237 -92.3701 
v -53.8185 3.58088 -92.2169 
v -53.7949 3.43237 -92.2994 
v -53.9097 3.43237 -92.3701 
v -53.9384 3.61232 -92.2702 
v -53.8185 3.58088 -92.2169 
v -54.1169 3.27461 -92.1185 
v -53.9384 3.25242 -92.2702 
v -53.9956 3.25242 -92.0704 
v -54.0667 3.27461 -92.2936 
v -53.9956 3.25242 -92.0704 
v -53.8185 3.28386 -92.2169 
v -53.8658 3.28386 -92.0521 
v -53.9956 3.25242 -92.0704 
v -53.9384 3.25242 -92.2702 
v -53.8185 3.28386 -92.2169 
v -54.142 3.43237 -92.031 
v -53.9956 3.25242 -92.0704 
v -54.0242 3.43237 -91.9706 
v -54.142 3.43237 -92.031 
v -54.1169 3.27461 -92.1185 
v -53.9956 3.25242 -92.0704 
v -54.1169 3.59012 -92.1185 
v -54.0242 3.43237 -91.9706 
v -53.9956 3.61232 -92.0704 
v -54.1169 3.59012 -92.1185 
v -54.142 3.43237 -92.031 
v -54.0242 3.43237 -91.9706 
v -54.0242 3.43237 -91.9706 
v -53.8658 3.28386 -92.0521 
v -53.8894 3.43237 -91.9697 
v -54.0242 3.43237 -91.9706 
v -53.9956 3.25242 -92.0704 
v -53.8658 3.28386 -92.0521 
v -53.9956 3.61232 -92.0704 
v -53.8894 3.43237 -91.9697 
v -53.8658 3.58088 -92.0521 
v -53.9956 3.61232 -92.0704 
v -54.0242 3.43237 -91.9706 
v -53.8894 3.43237 -91.9697 

vn -0.165354 0.984252 -0.0472441 
vn -0.165354 0.984252 -0.0472441 
vn -0.165354 0.984252 -0.0472441 
vn -0.165354 0.984252 -0.0472441 
vn -0.165354 0.984252 -0.0472441 
vn -0.165354 0.984252 -0.0472441 
vn 0.228346 0.968504 0.0629921 
vn 0.228346 0.968504 0.0629921 
vn 0.228346 0.968504 0.0629921 
vn 0.228346 0.968504 0.0629921 
vn 0.0708661 0.496063 -0.866142 
vn 0.0708661 0.496063 -0.866142 
vn 0.0708661 0.496063 -0.866142 
vn 0.0708661 -0.496063 -0.866142 
vn 0.0708661 -0.496063 -0.866142 
vn 0.0708661 -0.496063 -0.866142 
vn 0.0708661 0.496063 -0.866142 
vn 0.0708661 0.496063 -0.866142 
vn 0.0708661 0.496063 -0.866142 
vn 0.0708661 -0.496063 -0.866142 
vn 0.0708661 -0.496063 -0.866142 
vn 0.0708661 -0.496063 -0.866142 
vn 0.456693 -0.488189 -0.748031 
vn 0.456693 -0.488189 -0.748031 
vn 0.456693 -0.488189 -0.748031 
vn 0.456693 -0.488189 -0.748031 
vn 0.456693 -0.488189 -0.748031 
vn 0.456693 -0.488189 -0.748031 
vn 0.456693 0.488189 -0.748031 
vn 0.456693 0.488189 -0.748031 
vn 0.456693 0.488189 -0.748031 
vn 0.456693 0.488189 -0.748031 
vn 0.456693 0.488189 -0.748031 
vn 0.456693 0.488189 -0.748031 
vn -0.165354 -0.984252 -0.0472441 
vn -0.165354 -0.984252 -0.0472441 
vn -0.165354 -0.984252 -0.0472441 
vn -0.165354 -0.984252 -0.0472441 
vn 0.228346 -0.968504 0.0629921 
vn 0.228346 -0.968504 0.0629921 
vn 0.228346 -0.968504 0.0629921 
vn 0.228346 -0.968504 0.0629921 
vn 0.228346 -0.968504 0.0629921 
vn 0.228346 -0.968504 0.0629921 
vn -0.393701 -0.496063 0.771654 
vn -0.393701 -0.496063 0.771654 
vn -0.393701 -0.496063 0.771654 
vn -0.393701 -0.496063 0.771654 
vn -0.393701 -0.496063 0.771654 
vn -0.393701 -0.496063 0.771654 
vn -0.393701 0.496063 0.771654 
vn -0.393701 0.496063 0.771654 
vn -0.393701 0.496063 0.771654 
vn -0.393701 0.496063 0.771654 
vn -0.393701 0.496063 0.771654 
vn -0.393701 0.496063 0.771654 
vn -0.00787402 -0.488189 0.874016 
vn -0.00787402 -0.488189 0.874016 
vn -0.00787402 -0.488189 0.874016 
vn -0.00787402 -0.488189 0.874016 
vn -0.00787402 -0.488189 0.874016 
vn -0.00787402 -0.488189 0.874016 
vn -0.00787402 0.488189 0.874016 
vn -0.00787402 0.488189 0.874016 
vn -0.00787402 0.488189 0.874016 
vn -0.00787402 0.488189 0.874016 
vn -0.00787402 0.488189 0.874016 
vn -0.00787402 0.488189 0.874016 

vt 39.9877 -50.9852 
vt 39.9966 -51.0131 
vt 40.0038 -50.9882 
vt 39.9877 -50.9852 
vt 39.9814 -51.0071 
vt 39.9966 -51.0131 
vt 40.0038 -50.9882 
vt 40.0128 -51.0154 
vt 40.0187 -50.9948 
vt 39.9966 -51.0131 
vt 40.0091 -51 
vt 39.9962 -50.9775 
vt 39.9927 -51 
vt 39.9962 -51.0225 
vt 40.0091 -51 
vt 39.9927 -51 
vt 40.0091 -51 
vt 40.0123 -50.9803 
vt 39.9962 -50.9775 
vt 39.9962 -51.0225 
vt 40.0123 -51.0197 
vt 40.0091 -51 
vt 39.9813 -51.0186 
vt 39.9927 -51 
vt 39.9783 -51 
vt 39.9813 -51.0186 
vt 39.9962 -51.0225 
vt 39.9927 -51 
vt 39.9927 -51 
vt 39.9813 -50.9814 
vt 39.9783 -51 
vt 39.9927 -51 
vt 39.9962 -50.9775 
vt 39.9813 -50.9814 
vt 40.0186 -51.0071 
vt 39.9962 -50.9882 
vt 40.0034 -51.0131 
vt 40.0123 -50.9852 
vt 40.0034 -51.0131 
vt 39.9813 -50.9948 
vt 39.9872 -51.0154 
vt 40.0034 -51.0131 
vt 39.9962 -50.9882 
vt 39.9813 -50.9948 
vt 39.9783 -51 
vt 39.9966 -51.0225 
vt 39.993 -51 
vt 39.9783 -51 
vt 39.9814 -51.0197 
vt 39.9966 -51.0225 
vt 39.9814 -50.9803 
vt 39.993 -51 
vt 39.9966 -50.9775 
vt 39.9814 -50.9803 
vt 39.9783 -51 
vt 39.993 -51 
vt 39.993 -51 
vt 40.0128 -51.0186 
vt 40.0099 -51 
vt 39.993 -51 
vt 39.9966 -51.0225 
vt 40.0128 -51.0186 
vt 39.9966 -50.9775 
vt 40.0099 -51 
vt 40.0128 -50.9814 
vt 39.9966 -50.9775 
vt 39.993 -51 
vt 40.0099 -51 

usemtl Highlight1Mtl

f 424/424/424 425/425/425 426/426/426 
f 427/427/427 428/428/428 429/429/429 
f 430/430/430 431/431/431 432/432/432 
f 430/430/430 433/433/433 431/431/431 
f 434/434/434 435/435/435 436/436/436 
f 437/437/437 438/438/438 439/439/439 
f 440/440/440 441/441/441 442/442/442 
f 443/443/443 444/444/444 445/445/445 
f 446/446/446 447/447/447 448/448/448 
f 449/449/449 450/450/450 451/451/451 
f 452/452/452 453/453/453 454/454/454 
f 455/455/455 456/456/456 457/457/457 
f 458/458/458 459/459/459 460/460/460 
f 458/458/458 461/461/461 459/459/459 
f 462/462/462 463/463/463 464/464/464 
f 465/465/465 466/466/466 467/467/467 
f 468/468/468 469/469/469 470/470/470 
f 471/471/471 472/472/472 473/473/473 
f 474/474/474 475/475/475 476/476/476 
f 477/477/477 478/478/478 479/479/479 
f 480/480/480 481/481/481 482/482/482 
f 483/483/483 484/484/484 485/485/485 
f 486/486/486 487/487/487 488/488/488 
f 489/489/489 490/490/490 491/491/491 

g Body1

v -54.4373 3.43237 -92.4146 
v -54.4809 3.34121 -92.2629 
v -54.4809 3.52353 -92.2629 
v -54.4953 3.43237 -92.2123 
v -54.4809 3.52353 -92.2629 
v -54.4518 3.52353 -92.3641 
v -54.4373 3.43237 -92.4146 
v -54.4373 3.43237 -92.4146 
v -54.4518 3.34121 -92.3641 
v -54.4809 3.34121 -92.2629 
v -54.4518 3.52353 -92.3641 
v -54.1169 3.59012 -92.1186 
v -54.0667 3.59012 -92.2937 
v -54.4518 3.52353 -92.3641 
v -54.4809 3.52353 -92.2629 
v -54.1169 3.59012 -92.1186 
v -53.8185 3.58087 -92.217 
v -53.4763 3.48655 -91.9971 
v -53.459 3.48655 -92.0573 
v -53.8185 3.58087 -92.217 
v -53.8658 3.58087 -92.0521 
v -53.4763 3.48655 -91.9971 
v -54.0416 3.43237 -92.3812 
v -54.4518 3.52353 -92.3641 
v -54.0667 3.59012 -92.2937 
v -54.0416 3.43237 -92.3812 
v -54.4373 3.43237 -92.4146 
v -54.4518 3.52353 -92.3641 
v -54.0667 3.27461 -92.2937 
v -54.4373 3.43237 -92.4146 
v -54.0416 3.43237 -92.3812 
v -54.0667 3.27461 -92.2937 
v -54.4518 3.34121 -92.3641 
v -54.4373 3.43237 -92.4146 
v -53.7949 3.43237 -92.2994 
v -53.459 3.48655 -92.0573 
v -53.4504 3.43237 -92.0874 
v -53.7949 3.43237 -92.2994 
v -53.8185 3.58087 -92.217 
v -53.459 3.48655 -92.0573 
v -53.459 3.37818 -92.0573 
v -53.7949 3.43237 -92.2994 
v -53.4504 3.43237 -92.0874 
v -53.459 3.37818 -92.0573 
v -53.8185 3.28386 -92.217 
v -53.7949 3.43237 -92.2994 
v -53.459 3.48655 -92.0573 
v -53.4849 3.43237 -91.9671 
v -53.459 3.37818 -92.0573 
v -53.4763 3.37818 -91.9971 
v -53.4504 3.43237 -92.0874 
v -53.4763 3.48655 -91.9971 
v -54.1169 3.27461 -92.1186 
v -54.4518 3.34121 -92.3641 
v -54.0667 3.27461 -92.2937 
v -54.1169 3.27461 -92.1186 
v -54.4809 3.34121 -92.2629 
v -54.4518 3.34121 -92.3641 
v -53.4763 3.37818 -91.9971 
v -53.8185 3.28386 -92.217 
v -53.459 3.37818 -92.0573 
v -53.4763 3.37818 -91.9971 
v -53.8658 3.28386 -92.0521 
v -53.8185 3.28386 -92.217 
v -54.4809 3.52353 -92.2629 
v -54.142 3.43237 -92.031 
v -54.1169 3.59012 -92.1186 
v -54.4809 3.52353 -92.2629 
v -54.4953 3.43237 -92.2123 
v -54.142 3.43237 -92.031 
v -54.4953 3.43237 -92.2123 
v -54.1169 3.27461 -92.1186 
v -54.142 3.43237 -92.031 
v -54.4953 3.43237 -92.2123 
v -54.4809 3.34121 -92.2629 
v -54.1169 3.27461 -92.1186 
v -53.8658 3.58087 -92.0521 
v -53.4849 3.43237 -91.9671 
v -53.4763 3.48655 -91.9971 
v -53.8658 3.58087 -92.0521 
v -53.8894 3.43237 -91.9697 
v -53.4849 3.43237 -91.9671 
v -53.8894 3.43237 -91.9697 
v -53.4763 3.37818 -91.9971 
v -53.4849 3.43237 -91.9671 
v -53.8894 3.43237 -91.9697 
v -53.8658 3.28386 -92.0521 
v -53.4763 3.37818 -91.9971 

vn -0.96063 0 -0.275591 
vn -0.96063 0 -0.275591 
vn -0.96063 0 -0.275591 
vn -0.96063 0 -0.275591 
vn -0.96063 0 -0.275591 
vn -0.96063 0 -0.275591 
vn -0.96063 0 -0.275591 
vn -0.96063 0 -0.275591 
vn -0.96063 0 -0.275591 
vn -0.96063 0 -0.275591 
vn -0.165354 0.984252 -0.0472441 
vn -0.165354 0.984252 -0.0472441 
vn -0.165354 0.984252 -0.0472441 
vn -0.165354 0.984252 -0.0472441 
vn -0.165354 0.984252 -0.0472441 
vn -0.165354 0.984252 -0.0472441 
vn 0.228346 0.968504 0.0629921 
vn 0.228346 0.968504 0.0629921 
vn 0.228346 0.968504 0.0629921 
vn 0.228346 0.968504 0.0629921 
vn 0.228346 0.968504 0.0629921 
vn 0.228346 0.968504 0.0629921 
vn 0.0708661 0.496063 -0.866142 
vn 0.0708661 0.496063 -0.866142 
vn 0.0708661 0.496063 -0.866142 
vn 0.0708661 0.496063 -0.866142 
vn 0.0708661 0.496063 -0.866142 
vn 0.0708661 0.496063 -0.866142 
vn 0.0708661 -0.496063 -0.866142 
vn 0.0708661 -0.496063 -0.866142 
vn 0.0708661 -0.496063 -0.866142 
vn 0.0708661 -0.496063 -0.866142 
vn 0.0708661 -0.496063 -0.866142 
vn 0.0708661 -0.496063 -0.866142 
vn 0.456693 0.488189 -0.740157 
vn 0.456693 0.488189 -0.740157 
vn 0.456693 0.488189 -0.740157 
vn 0.456693 0.488189 -0.740157 
vn 0.456693 0.488189 -0.740157 
vn 0.456693 0.488189 -0.740157 
vn 0.456693 -0.488189 -0.740157 
vn 0.456693 -0.488189 -0.740157 
vn 0.456693 -0.488189 -0.740157 
vn 0.456693 -0.488189 -0.740157 
vn 0.456693 -0.488189 -0.740157 
vn 0.456693 -0.488189 -0.740157 
vn 0.96063 0 0.275591 
vn 0.96063 0 0.275591 
vn 0.96063 0 0.275591 
vn 0.96063 0 0.275591 
vn 0.96063 0 0.275591 
vn 0.96063 0 0.275591 
vn -0.165354 -0.984252 -0.0472441 
vn -0.165354 -0.984252 -0.0472441 
vn -0.165354 -0.984252 -0.0472441 
vn -0.165354 -0.984252 -0.0472441 
vn -0.165354 -0.984252 -0.0472441 
vn -0.165354 -0.984252 -0.0472441 
vn 0.228346 -0.968504 0.0629921 
vn 0.228346 -0.968504 0.0629921 
vn 0.228346 -0.968504 0.0629921 
vn 0.228346 -0.968504 0.0629921 
vn 0.228346 -0.968504 0.0629921 
vn 0.228346 -0.968504 0.0629921 
vn -0.401575 0.496063 0.771654 
vn -0.401575 0.496063 0.771654 
vn -0.401575 0.496063 0.771654 
vn -0.401575 0.496063 0.771654 
vn -0.401575 0.496063 0.771654 
vn -0.401575 0.496063 0.771654 
vn -0.401575 -0.496063 0.771654 
vn -0.401575 -0.496063 0.771654 
vn -0.401575 -0.496063 0.771654 
vn -0.401575 -0.496063 0.771654 
vn -0.401575 -0.496063 0.771654 
vn -0.401575 -0.496063 0.771654 
vn -0.00787402 0.488189 0.874016 
vn -0.00787402 0.488189 0.874016 
vn -0.00787402 0.488189 0.874016 
vn -0.00787402 0.488189 0.874016 
vn -0.00787402 0.488189 0.874016 
vn -0.00787402 0.488189 0.874016 
vn -0.00787402 -0.488189 0.874016 
vn -0.00787402 -0.488189 0.874016 
vn -0.00787402 -0.488189 0.874016 
vn -0.00787402 -0.488189 0.874016 
vn -0.00787402 -0.488189 0.874016 
vn -0.00787402 -0.488189 0.874016 

vt 7.97203 -11 
vt 7.991 -11.0114 
vt 7.991 -10.9886 
vt 7.99732 -11 
vt 7.991 -10.9886 
vt 7.97835 -10.9886 
vt 7.97203 -11 
vt 7.97203 -11 
vt 7.97835 -11.0114 
vt 7.991 -11.0114 
vt 7.94013 -10.9784 
vt 7.98199 -11.009 
vt 7.98827 -10.9871 
vt 7.94013 -10.9784 
vt 7.9365 -10.991 
vt 7.98199 -11.009 
vt 8.01929 -10.9967 
vt 8.06208 -11.0242 
vt 8.06423 -11.0167 
vt 8.01929 -10.9967 
vt 8.01339 -11.0173 
vt 8.06208 -11.0242 
vt 8.0086 -11 
vt 8.05987 -10.9886 
vt 8.01173 -10.9803 
vt 8.0086 -11 
vt 8.05806 -11 
vt 8.05987 -10.9886 
vt 8.01173 -11.0197 
vt 8.05806 -11 
vt 8.0086 -11 
vt 8.01173 -11.0197 
vt 8.05987 -11.0114 
vt 8.05806 -11 
vt 7.97775 -11 
vt 7.93577 -10.9932 
vt 7.93469 -11 
vt 7.97775 -11 
vt 7.98071 -10.9814 
vt 7.93577 -10.9932 
vt 7.93577 -11.0068 
vt 7.97775 -11 
vt 7.93469 -11 
vt 7.93577 -11.0068 
vt 7.98071 -11.0186 
vt 7.97775 -11 
vt 7.9833 -10.9932 
vt 7.97203 -11 
vt 7.9833 -11.0068 
vt 7.97579 -11.0068 
vt 7.98706 -11 
vt 7.97579 -10.9932 
vt 8.01801 -11.009 
vt 8.05987 -10.9784 
vt 8.01173 -10.9871 
vt 8.01801 -11.009 
vt 8.0635 -10.991 
vt 8.05987 -10.9784 
vt 7.93792 -11.0242 
vt 7.98071 -10.9967 
vt 7.93577 -11.0167 
vt 7.93792 -11.0242 
vt 7.98661 -11.0173 
vt 7.98071 -10.9967 
vt 7.9365 -10.9886 
vt 7.97886 -11 
vt 7.98199 -10.9803 
vt 7.9365 -10.9886 
vt 7.93469 -11 
vt 7.97886 -11 
vt 7.93469 -11 
vt 7.98199 -11.0197 
vt 7.97886 -11 
vt 7.93469 -11 
vt 7.9365 -11.0114 
vt 7.98199 -11.0197 
vt 8.01339 -10.9814 
vt 8.061 -11 
vt 8.06208 -10.9932 
vt 8.01339 -10.9814 
vt 8.01043 -11 
vt 8.061 -11 
vt 8.01043 -11 
vt 8.06208 -11.0068 
vt 8.061 -11 
vt 8.01043 -11 
vt 8.01339 -11.0186 
vt 8.06208 -11.0068 

usemtl Body1Mtl

f 492/492/492 493/493/493 494/494/494 
f 493/493/493 495/495/495 494/494/494 
f 496/496/496 497/497/497 498/498/498 
f 499/499/499 500/500/500 501/501/501 
f 502/502/502 503/503/503 504/504/504 
f 505/505/505 506/506/506 507/507/507 
f 508/508/508 509/509/509 510/510/510 
f 511/511/511 512/512/512 513/513/513 
f 514/514/514 515/515/515 516/516/516 
f 517/517/517 518/518/518 519/519/519 
f 520/520/520 521/521/521 522/522/522 
f 523/523/523 524/524/524 525/525/525 
f 526/526/526 527/527/527 528/528/528 
f 529/529/529 530/530/530 531/531/531 
f 532/532/532 533/533/533 534/534/534 
f 535/535/535 536/536/536 537/537/537 
f 538/538/538 539/539/539 540/540/540 
f 539/539/539 541/541/541 540/540/540 
f 540/540/540 542/542/542 538/538/538 
f 538/538/538 543/543/543 539/539/539 
f 544/544/544 545/545/545 546/546/546 
f 547/547/547 548/548/548 549/549/549 
f 550/550/550 551/551/551 552/552/552 
f 553/553/553 554/554/554 555/555/555 
f 556/556/556 557/557/557 558/558/558 
f 559/559/559 560/560/560 561/561/561 
f 562/562/562 563/563/563 564/564/564 
f 565/565/565 566/566/566 567/567/567 
f 568/568/568 569/569/569 570/570/570 
f 571/571/571 572/572/572 573/573/573 
f 574/574/574 575/575/575 576/576/576 
f 577/577/577 578/578/578 579/579/579 

g Canvas1

v -53.2089 3.31957 -91.9271 
v -53.2089 3.3347 -92.1 
v -53.2089 7.04861 -91.6008 
v -53.2089 7.06375 -91.7738 
v -58.2 3.3347 -92.1 
v -53.2089 3.3347 -92.1 
v -58.2 3.31957 -91.9271 
v -53.2089 3.31957 -91.9271 
v -53.2089 3.3347 -92.1 
v -58.2 3.3347 -92.1 
v -53.2089 7.06375 -91.7738 
v -58.2 7.06375 -91.7738 
v -58.2 3.3347 -92.1 
v -58.2 3.31957 -91.9271 
v -58.2 7.06375 -91.7738 
v -58.2 7.04861 -91.6008 
v -58.2 7.04861 -91.6008 
v -53.2089 7.04861 -91.6008 
v -58.2 7.06375 -91.7738 
v -53.2089 7.06375 -91.7738 
v -58.2 3.31957 -91.9271 
v -53.2089 3.31957 -91.9271 
v -58.2 7.04861 -91.6008 
v -53.2089 7.04861 -91.6008 

vn 1 0 0 
vn 1 0 0 
vn 1 0 0 
vn 1 0 0 
vn 0 -1 -0.0866142 
vn 0 -1 -0.0866142 
vn 0 -1 -0.0866142 
vn 0 -1 -0.0866142 
vn 0 0.0866142 -1 
vn 0 0.0866142 -1 
vn 0 0.0866142 -1 
vn 0 0.0866142 -1 
vn -1 0 0 
vn -1 0 0 
vn -1 0 0 
vn -1 0 0 
vn 0 1 0.0866142 
vn 0 1 0.0866142 
vn 0 1 0.0866142 
vn 0 1 0.0866142 
vn 0 -0.0866142 1 
vn 0 -0.0866142 1 
vn 0 -0.0866142 1 
vn 0 -0.0866142 1 

vt 1.7717 -6 
vt 1.75 -6 
vt 1.7717 -6.46791 
vt 1.75 -6.46791 
vt 2.37388 -6 
vt 1.75 -6 
vt 2.37388 -6.0217 
vt 1.75 -6.0217 
vt 2.37388 -6 
vt 1.75 -6 
vt 2.37388 -6.46791 
vt 1.75 -6.46791 
vt 1.7717 -6 
vt 1.75 -6 
vt 1.7717 -6.46791 
vt 1.75 -6.46791 
vt 2.37388 -6 
vt 1.75 -6 
vt 2.37388 -6.0217 
vt 1.75 -6.0217 
vt 2.37388 -6 
vt 1.75 -6 
vt 2.37388 -6.46791 
vt 1.75 -6.46791 

usemtl Canvas1Mtl

f 580/580/580 581/581/581 582/582/582 
f 582/582/582 581/581/581 583/583/583 
f 584/584/584 585/585/585 586/586/586 
f 586/586/586 585/585/585 587/587/587 
f 588/588/588 589/589/589 590/590/590 
f 590/590/590 589/589/589 591/591/591 
f 592/592/592 593/593/593 594/594/594 
f 594/594/594 593/593/593 595/595/595 
f 596/596/596 597/597/597 598/598/598 
f 598/598/598 597/597/597 599/599/599 
f 600/600/600 601/601/601 602/602/602 
f 602/602/602 601/601/601 603/603/603 

g Bolt1

v -55.9991 6.57936 -91.5163 
v -55.9787 6.59753 -91.5349 
v -55.9796 6.54805 -91.5554 
v -55.9991 6.57936 -91.5163 
v -55.9796 6.54805 -91.5554 
v -55.9997 6.54842 -91.5291 
v -56.0003 6.33272 -91.1256 
v -55.9805 6.31381 -91.1071 
v -55.9796 6.36329 -91.0866 
v -56.0003 6.33272 -91.1256 
v -55.9796 6.36329 -91.0866 
v -55.9997 6.36366 -91.1128 
v -56.0005 6.31991 -91.1565 
v -55.9809 6.29331 -91.1565 
v -55.9805 6.31381 -91.1071 
v -56.0005 6.31991 -91.1565 
v -55.9805 6.31381 -91.1071 
v -56.0003 6.33272 -91.1256 
v -55.9989 6.59217 -91.4854 
v -55.9783 6.61803 -91.4854 
v -55.9787 6.59753 -91.5349 
v -55.9989 6.59217 -91.4854 
v -55.9787 6.59753 -91.5349 
v -55.9991 6.57936 -91.5163 
v -55.9796 6.54805 -91.5554 
v -55.9805 6.49857 -91.5349 
v -56.0003 6.51748 -91.5163 
v -55.9796 6.54805 -91.5554 
v -56.0003 6.51748 -91.5163 
v -55.9997 6.54842 -91.5291 
v -55.9997 6.36366 -91.1128 
v -55.9796 6.36329 -91.0866 
v -55.9787 6.41277 -91.1071 
v -55.9997 6.36366 -91.1128 
v -55.9787 6.41277 -91.1071 
v -55.9991 6.3946 -91.1256 
v -56.0003 6.51748 -91.4544 
v -55.9991 6.57936 -91.5163 
v -56.0003 6.51748 -91.5163 
v -55.9989 6.59217 -91.4854 
v -56.0003 6.51748 -91.4544 
v -55.9991 6.57936 -91.4544 
v -56.0003 6.51748 -91.4544 
v -56.0003 6.51748 -91.5163 
v -56.0005 6.50467 -91.4854 
v -55.9991 6.57936 -91.5163 
v -56.0003 6.51748 -91.4544 
v -55.9989 6.59217 -91.4854 
v -55.9991 6.57936 -91.4544 
v -56.0003 6.51748 -91.4544 
v -55.9997 6.54842 -91.4416 
v -56.0003 6.51748 -91.5163 
v -55.9991 6.57936 -91.5163 
v -55.9997 6.54842 -91.5291 
v -56.0003 6.33272 -91.1256 
v -55.9991 6.3946 -91.1875 
v -56.0003 6.33272 -91.1875 
v -56.0003 6.33272 -91.1875 
v -55.9991 6.3946 -91.1875 
v -55.9997 6.36366 -91.2003 
v -56.0003 6.33272 -91.1256 
v -56.0003 6.33272 -91.1875 
v -56.0005 6.31991 -91.1565 
v -55.9991 6.3946 -91.1875 
v -56.0003 6.33272 -91.1256 
v -55.9989 6.40741 -91.1565 
v -55.9989 6.40741 -91.1565 
v -56.0003 6.33272 -91.1256 
v -55.9991 6.3946 -91.1256 
v -55.9991 6.3946 -91.1256 
v -56.0003 6.33272 -91.1256 
v -55.9997 6.36366 -91.1128 
v -55.9805 6.31381 -91.206 
v -55.9809 6.29331 -91.1565 
v -56.0005 6.31991 -91.1565 
v -55.9805 6.31381 -91.206 
v -56.0005 6.31991 -91.1565 
v -56.0003 6.33272 -91.1875 
v -55.9787 6.59753 -91.4359 
v -55.9783 6.61803 -91.4854 
v -55.9989 6.59217 -91.4854 
v -55.9787 6.59753 -91.4359 
v -55.9989 6.59217 -91.4854 
v -55.9991 6.57936 -91.4544 
v -55.9805 6.49857 -91.5349 
v -55.9809 6.47808 -91.4854 
v -56.0005 6.50467 -91.4854 
v -55.9805 6.49857 -91.5349 
v -56.0005 6.50467 -91.4854 
v -56.0003 6.51748 -91.5163 
v -55.9991 6.3946 -91.1256 
v -55.9787 6.41277 -91.1071 
v -55.9783 6.43327 -91.1565 
v -55.9991 6.3946 -91.1256 
v -55.9783 6.43327 -91.1565 
v -55.9989 6.40741 -91.1565 
v -55.9796 6.36329 -91.2265 
v -55.9805 6.31381 -91.206 
v -56.0003 6.33272 -91.1875 
v -55.9997 6.54842 -91.4416 
v -55.9796 6.54805 -91.4154 
v -55.9787 6.59753 -91.4359 
v -55.9796 6.36329 -91.2265 
v -56.0003 6.33272 -91.1875 
v -55.9997 6.36366 -91.2003 
v -55.9997 6.54842 -91.4416 
v -55.9787 6.59753 -91.4359 
v -55.9991 6.57936 -91.4544 
v -56.0005 6.50467 -91.4854 
v -55.9809 6.47808 -91.4854 
v -55.9805 6.49857 -91.4359 
v -56.0005 6.50467 -91.4854 
v -55.9805 6.49857 -91.4359 
v -56.0003 6.51748 -91.4544 
v -55.9989 6.40741 -91.1565 
v -55.9783 6.43327 -91.1565 
v -55.9787 6.41277 -91.206 
v -55.9989 6.40741 -91.1565 
v -55.9787 6.41277 -91.206 
v -55.9991 6.3946 -91.1875 
v -56.0003 6.51748 -91.4544 
v -55.9805 6.49857 -91.4359 
v -55.9796 6.54805 -91.4154 
v -56.0003 6.51748 -91.4544 
v -55.9796 6.54805 -91.4154 
v -55.9997 6.54842 -91.4416 
v -55.9991 6.3946 -91.1875 
v -55.9787 6.41277 -91.206 
v -55.9796 6.36329 -91.2265 
v -55.9991 6.3946 -91.1875 
v -55.9796 6.36329 -91.2265 
v -55.9997 6.36366 -91.2003 
v -55.4094 6.57936 -91.5163 
v -55.4289 6.54805 -91.5554 
v -55.4298 6.59753 -91.5349 
v -55.4094 6.57936 -91.5163 
v -55.4088 6.54842 -91.5291 
v -55.4289 6.54805 -91.5554 
v -55.4083 6.33272 -91.1256 
v -55.4289 6.36329 -91.0866 
v -55.428 6.31381 -91.1071 
v -55.4083 6.33272 -91.1256 
v -55.4088 6.36366 -91.1128 
v -55.4289 6.36329 -91.0866 
v -55.408 6.31991 -91.1565 
v -55.428 6.31381 -91.1071 
v -55.4276 6.29331 -91.1565 
v -55.408 6.31991 -91.1565 
v -55.4083 6.33272 -91.1256 
v -55.428 6.31381 -91.1071 
v -55.4096 6.59217 -91.4854 
v -55.4298 6.59753 -91.5349 
v -55.4302 6.61803 -91.4854 
v -55.4096 6.59217 -91.4854 
v -55.4094 6.57936 -91.5163 
v -55.4298 6.59753 -91.5349 
v -55.4289 6.54805 -91.5554 
v -55.4083 6.51748 -91.5163 
v -55.428 6.49857 -91.5349 
v -55.4289 6.54805 -91.5554 
v -55.4088 6.54842 -91.5291 
v -55.4083 6.51748 -91.5163 
v -55.4088 6.36366 -91.1128 
v -55.4298 6.41277 -91.1071 
v -55.4289 6.36329 -91.0866 
v -55.4088 6.36366 -91.1128 
v -55.4094 6.3946 -91.1256 
v -55.4298 6.41277 -91.1071 
v -55.4083 6.51748 -91.4544 
v -55.4083 6.51748 -91.5163 
v -55.4094 6.57936 -91.5163 
v -55.4096 6.59217 -91.4854 
v -55.4094 6.57936 -91.4544 
v -55.4083 6.51748 -91.4544 
v -55.4083 6.51748 -91.4544 
v -55.408 6.50467 -91.4854 
v -55.4083 6.51748 -91.5163 
v -55.4094 6.57936 -91.5163 
v -55.4096 6.59217 -91.4854 
v -55.4083 6.51748 -91.4544 
v -55.4094 6.57936 -91.4544 
v -55.4088 6.54842 -91.4416 
v -55.4083 6.51748 -91.4544 
v -55.4083 6.51748 -91.5163 
v -55.4088 6.54842 -91.5291 
v -55.4094 6.57936 -91.5163 
v -55.4083 6.33272 -91.1256 
v -55.4083 6.33272 -91.1875 
v -55.4094 6.3946 -91.1875 
v -55.4083 6.33272 -91.1875 
v -55.4088 6.36366 -91.2003 
v -55.4094 6.3946 -91.1875 
v -55.4083 6.33272 -91.1256 
v -55.408 6.31991 -91.1565 
v -55.4083 6.33272 -91.1875 
v -55.4094 6.3946 -91.1875 
v -55.4096 6.40741 -91.1565 
v -55.4083 6.33272 -91.1256 
v -55.4096 6.40741 -91.1565 
v -55.4094 6.3946 -91.1256 
v -55.4083 6.33272 -91.1256 
v -55.4094 6.3946 -91.1256 
v -55.4088 6.36366 -91.1128 
v -55.4083 6.33272 -91.1256 
v -55.428 6.31381 -91.206 
v -55.408 6.31991 -91.1565 
v -55.4276 6.29331 -91.1565 
v -55.428 6.31381 -91.206 
v -55.4083 6.33272 -91.1875 
v -55.408 6.31991 -91.1565 
v -55.4298 6.59753 -91.4359 
v -55.4096 6.59217 -91.4854 
v -55.4302 6.61803 -91.4854 
v -55.4298 6.59753 -91.4359 
v -55.4094 6.57936 -91.4544 
v -55.4096 6.59217 -91.4854 
v -55.428 6.49857 -91.5349 
v -55.408 6.50467 -91.4854 
v -55.4276 6.47808 -91.4854 
v -55.428 6.49857 -91.5349 
v -55.4083 6.51748 -91.5163 
v -55.408 6.50467 -91.4854 
v -55.4094 6.3946 -91.1256 
v -55.4302 6.43327 -91.1565 
v -55.4298 6.41277 -91.1071 
v -55.4094 6.3946 -91.1256 
v -55.4096 6.40741 -91.1565 
v -55.4302 6.43327 -91.1565 
v -55.4289 6.36329 -91.2265 
v -55.4083 6.33272 -91.1875 
v -55.428 6.31381 -91.206 
v -55.4088 6.54842 -91.4416 
v -55.4298 6.59753 -91.4359 
v -55.4289 6.54805 -91.4154 
v -55.4289 6.36329 -91.2265 
v -55.4088 6.36366 -91.2003 
v -55.4083 6.33272 -91.1875 
v -55.4088 6.54842 -91.4416 
v -55.4094 6.57936 -91.4544 
v -55.4298 6.59753 -91.4359 
v -55.408 6.50467 -91.4854 
v -55.428 6.49857 -91.4359 
v -55.4276 6.47808 -91.4854 
v -55.408 6.50467 -91.4854 
v -55.4083 6.51748 -91.4544 
v -55.428 6.49857 -91.4359 
v -55.4096 6.40741 -91.1565 
v -55.4298 6.41277 -91.206 
v -55.4302 6.43327 -91.1565 
v -55.4096 6.40741 -91.1565 
v -55.4094 6.3946 -91.1875 
v -55.4298 6.41277 -91.206 
v -55.4083 6.51748 -91.4544 
v -55.4289 6.54805 -91.4154 
v -55.428 6.49857 -91.4359 
v -55.4083 6.51748 -91.4544 
v -55.4088 6.54842 -91.4416 
v -55.4289 6.54805 -91.4154 
v -55.4094 6.3946 -91.1875 
v -55.4289 6.36329 -91.2265 
v -55.4298 6.41277 -91.206 
v -55.4094 6.3946 -91.1875 
v -55.4088 6.36366 -91.2003 
v -55.4289 6.36329 -91.2265 

vn -0.76378 0.259843 -0.590551 
vn -0.76378 0.259843 -0.590551 
vn -0.76378 0.259843 -0.590551 
vn -0.76378 0.259843 -0.590551 
vn -0.76378 0.259843 -0.590551 
vn -0.76378 0.259843 -0.590551 
vn -0.771654 -0.228346 0.590551 
vn -0.771654 -0.228346 0.590551 
vn -0.771654 -0.228346 0.590551 
vn -0.771654 -0.228346 0.590551 
vn -0.771654 -0.228346 0.590551 
vn -0.771654 -0.228346 0.590551 
vn -0.779528 -0.574803 0.244094 
vn -0.779528 -0.574803 0.244094 
vn -0.779528 -0.574803 0.244094 
vn -0.779528 -0.574803 0.244094 
vn -0.779528 -0.574803 0.244094 
vn -0.779528 -0.574803 0.244094 
vn -0.755906 0.606299 -0.244094 
vn -0.755906 0.606299 -0.244094 
vn -0.755906 0.606299 -0.244094 
vn -0.755906 0.606299 -0.244094 
vn -0.755906 0.606299 -0.244094 
vn -0.755906 0.606299 -0.244094 
vn -0.771654 -0.228346 -0.590551 
vn -0.771654 -0.228346 -0.590551 
vn -0.771654 -0.228346 -0.590551 
vn -0.771654 -0.228346 -0.590551 
vn -0.771654 -0.228346 -0.590551 
vn -0.771654 -0.228346 -0.590551 
vn -0.76378 0.259843 0.590551 
vn -0.76378 0.259843 0.590551 
vn -0.76378 0.259843 0.590551 
vn -0.76378 0.259843 0.590551 
vn -0.76378 0.259843 0.590551 
vn -0.76378 0.259843 0.590551 
vn -1 0.015748 0 
vn -1 0.015748 0 
vn -1 0.015748 0 
vn -1 0.015748 0 
vn -1 0.015748 0 
vn -1 0.015748 0 
vn -1 0.015748 0 
vn -1 0.015748 0 
vn -1 0.015748 0 
vn -1 0.015748 0 
vn -1 0.015748 0 
vn -1 0.015748 0 
vn -1 0.015748 0 
vn -1 0.015748 0 
vn -1 0.015748 0 
vn -1 0.015748 0 
vn -1 0.015748 0 
vn -1 0.015748 0 
vn -1 0.015748 0 
vn -1 0.015748 0 
vn -1 0.015748 0 
vn -1 0.015748 0 
vn -1 0.015748 0 
vn -1 0.015748 0 
vn -1 0.015748 0 
vn -1 0.015748 0 
vn -1 0.015748 0 
vn -1 0.015748 0 
vn -1 0.015748 0 
vn -1 0.015748 0 
vn -1 0.015748 0 
vn -1 0.015748 0 
vn -1 0.015748 0 
vn -1 0.015748 0 
vn -1 0.015748 0 
vn -1 0.015748 0 
vn -0.779528 -0.574803 -0.244094 
vn -0.779528 -0.574803 -0.244094 
vn -0.779528 -0.574803 -0.244094 
vn -0.779528 -0.574803 -0.244094 
vn -0.779528 -0.574803 -0.244094 
vn -0.779528 -0.574803 -0.244094 
vn -0.755906 0.606299 0.244094 
vn -0.755906 0.606299 0.244094 
vn -0.755906 0.606299 0.244094 
vn -0.755906 0.606299 0.244094 
vn -0.755906 0.606299 0.244094 
vn -0.755906 0.606299 0.244094 
vn -0.779528 -0.574803 -0.244094 
vn -0.779528 -0.574803 -0.244094 
vn -0.779528 -0.574803 -0.244094 
vn -0.779528 -0.574803 -0.244094 
vn -0.779528 -0.574803 -0.244094 
vn -0.779528 -0.574803 -0.244094 
vn -0.755906 0.606299 0.244094 
vn -0.755906 0.606299 0.244094 
vn -0.755906 0.606299 0.244094 
vn -0.755906 0.606299 0.244094 
vn -0.755906 0.606299 0.244094 
vn -0.755906 0.606299 0.244094 
vn -0.771654 -0.228346 -0.590551 
vn -0.771654 -0.228346 -0.590551 
vn -0.771654 -0.228346 -0.590551 
vn -0.76378 0.259843 0.590551 
vn -0.76378 0.259843 0.590551 
vn -0.76378 0.259843 0.590551 
vn -0.771654 -0.228346 -0.590551 
vn -0.771654 -0.228346 -0.590551 
vn -0.771654 -0.228346 -0.590551 
vn -0.76378 0.259843 0.590551 
vn -0.76378 0.259843 0.590551 
vn -0.76378 0.259843 0.590551 
vn -0.779528 -0.574803 0.244094 
vn -0.779528 -0.574803 0.244094 
vn -0.779528 -0.574803 0.244094 
vn -0.779528 -0.574803 0.244094 
vn -0.779528 -0.574803 0.244094 
vn -0.779528 -0.574803 0.244094 
vn -0.755906 0.606299 -0.244094 
vn -0.755906 0.606299 -0.244094 
vn -0.755906 0.606299 -0.244094 
vn -0.755906 0.606299 -0.244094 
vn -0.755906 0.606299 -0.244094 
vn -0.755906 0.606299 -0.244094 
vn -0.771654 -0.228346 0.590551 
vn -0.771654 -0.228346 0.590551 
vn -0.771654 -0.228346 0.590551 
vn -0.771654 -0.228346 0.590551 
vn -0.771654 -0.228346 0.590551 
vn -0.771654 -0.228346 0.590551 
vn -0.76378 0.259843 -0.590551 
vn -0.76378 0.259843 -0.590551 
vn -0.76378 0.259843 -0.590551 
vn -0.76378 0.259843 -0.590551 
vn -0.76378 0.259843 -0.590551 
vn -0.76378 0.259843 -0.590551 
vn 0.76378 0.259843 -0.590551 
vn 0.76378 0.259843 -0.590551 
vn 0.76378 0.259843 -0.590551 
vn 0.76378 0.259843 -0.590551 
vn 0.76378 0.259843 -0.590551 
vn 0.76378 0.259843 -0.590551 
vn 0.771654 -0.228346 0.590551 
vn 0.771654 -0.228346 0.590551 
vn 0.771654 -0.228346 0.590551 
vn 0.771654 -0.228346 0.590551 
vn 0.771654 -0.228346 0.590551 
vn 0.771654 -0.228346 0.590551 
vn 0.779528 -0.574803 0.244094 
vn 0.779528 -0.574803 0.244094 
vn 0.779528 -0.574803 0.244094 
vn 0.779528 -0.574803 0.244094 
vn 0.779528 -0.574803 0.244094 
vn 0.779528 -0.574803 0.244094 
vn 0.755906 0.606299 -0.244094 
vn 0.755906 0.606299 -0.244094 
vn 0.755906 0.606299 -0.244094 
vn 0.755906 0.606299 -0.244094 
vn 0.755906 0.606299 -0.244094 
vn 0.755906 0.606299 -0.244094 
vn 0.771654 -0.228346 -0.590551 
vn 0.771654 -0.228346 -0.590551 
vn 0.771654 -0.228346 -0.590551 
vn 0.771654 -0.228346 -0.590551 
vn 0.771654 -0.228346 -0.590551 
vn 0.771654 -0.228346 -0.590551 
vn 0.76378 0.259843 0.590551 
vn 0.76378 0.259843 0.590551 
vn 0.76378 0.259843 0.590551 
vn 0.76378 0.259843 0.590551 
vn 0.76378 0.259843 0.590551 
vn 0.76378 0.259843 0.590551 
vn 1 0.015748 0 
vn 1 0.015748 0 
vn 1 0.015748 0 
vn 1 0.015748 0 
vn 1 0.015748 0 
vn 1 0.015748 0 
vn 1 0.015748 0 
vn 1 0.015748 0 
vn 1 0.015748 0 
vn 1 0.015748 0 
vn 1 0.015748 0 
vn 1 0.015748 0 
vn 1 0.015748 0 
vn 1 0.015748 0 
vn 1 0.015748 0 
vn 1 0.015748 0 
vn 1 0.015748 0 
vn 1 0.015748 0 
vn 1 0.015748 0 
vn 1 0.015748 0 
vn 1 0.015748 0 
vn 1 0.015748 0 
vn 1 0.015748 0 
vn 1 0.015748 0 
vn 1 0.015748 0 
vn 1 0.015748 0 
vn 1 0.015748 0 
vn 1 0.015748 0 
vn 1 0.015748 0 
vn 1 0.015748 0 
vn 1 0.015748 0 
vn 1 0.015748 0 
vn 1 0.015748 0 
vn 1 0.015748 0 
vn 1 0.015748 0 
vn 1 0.015748 0 
vn 0.779528 -0.574803 -0.244094 
vn 0.779528 -0.574803 -0.244094 
vn 0.779528 -0.574803 -0.244094 
vn 0.779528 -0.574803 -0.244094 
vn 0.779528 -0.574803 -0.244094 
vn 0.779528 -0.574803 -0.244094 
vn 0.755906 0.606299 0.244094 
vn 0.755906 0.606299 0.244094 
vn 0.755906 0.606299 0.244094 
vn 0.755906 0.606299 0.244094 
vn 0.755906 0.606299 0.244094 
vn 0.755906 0.606299 0.244094 
vn 0.779528 -0.574803 -0.244094 
vn 0.779528 -0.574803 -0.244094 
vn 0.779528 -0.574803 -0.244094 
vn 0.779528 -0.574803 -0.244094 
vn 0.779528 -0.574803 -0.244094 
vn 0.779528 -0.574803 -0.244094 
vn 0.755906 0.606299 0.244094 
vn 0.755906 0.606299 0.244094 
vn 0.755906 0.606299 0.244094 
vn 0.755906 0.606299 0.244094 
vn 0.755906 0.606299 0.244094 
vn 0.755906 0.606299 0.244094 
vn 0.771654 -0.228346 -0.590551 
vn 0.771654 -0.228346 -0.590551 
vn 0.771654 -0.228346 -0.590551 
vn 0.76378 0.259843 0.590551 
vn 0.76378 0.259843 0.590551 
vn 0.76378 0.259843 0.590551 
vn 0.771654 -0.228346 -0.590551 
vn 0.771654 -0.228346 -0.590551 
vn 0.771654 -0.228346 -0.590551 
vn 0.76378 0.259843 0.590551 
vn 0.76378 0.259843 0.590551 
vn 0.76378 0.259843 0.590551 
vn 0.779528 -0.574803 0.244094 
vn 0.779528 -0.574803 0.244094 
vn 0.779528 -0.574803 0.244094 
vn 0.779528 -0.574803 0.244094 
vn 0.779528 -0.574803 0.244094 
vn 0.779528 -0.574803 0.244094 
vn 0.755906 0.606299 -0.244094 
vn 0.755906 0.606299 -0.244094 
vn 0.755906 0.606299 -0.244094 
vn 0.755906 0.606299 -0.244094 
vn 0.755906 0.606299 -0.244094 
vn 0.755906 0.606299 -0.244094 
vn 0.771654 -0.228346 0.590551 
vn 0.771654 -0.228346 0.590551 
vn 0.771654 -0.228346 0.590551 
vn 0.771654 -0.228346 0.590551 
vn 0.771654 -0.228346 0.590551 
vn 0.771654 -0.228346 0.590551 
vn 0.76378 0.259843 -0.590551 
vn 0.76378 0.259843 -0.590551 
vn 0.76378 0.259843 -0.590551 
vn 0.76378 0.259843 -0.590551 
vn 0.76378 0.259843 -0.590551 
vn 0.76378 0.259843 -0.590551 

vt 61.9756 -26.9845 
vt 61.9733 -26.9823 
vt 61.9707 -26.9885 
vt 61.9756 -26.9845 
vt 61.9707 -26.9885 
vt 61.974 -26.9884 
vt 62.0244 -27.0154 
vt 62.0267 -27.0177 
vt 62.0293 -27.0115 
vt 62.0244 -27.0154 
vt 62.0293 -27.0115 
vt 62.026 -27.0115 
vt 62.0205 -27.017 
vt 62.0205 -27.0203 
vt 62.0267 -27.0177 
vt 62.0205 -27.017 
vt 62.0267 -27.0177 
vt 62.0244 -27.0154 
vt 61.9795 -26.9829 
vt 61.9795 -26.9797 
vt 61.9733 -26.9823 
vt 61.9795 -26.9829 
vt 61.9733 -26.9823 
vt 61.9756 -26.9845 
vt 61.9707 -26.9885 
vt 61.9733 -26.9946 
vt 61.9756 -26.9923 
vt 61.9707 -26.9885 
vt 61.9756 -26.9923 
vt 61.974 -26.9884 
vt 62.026 -27.0115 
vt 62.0293 -27.0115 
vt 62.0267 -27.0054 
vt 62.026 -27.0115 
vt 62.0267 -27.0054 
vt 62.0244 -27.0076 
vt 61.9833 -26.9923 
vt 61.9756 -26.9845 
vt 61.9756 -26.9923 
vt 61.9795 -26.9829 
vt 61.9833 -26.9923 
vt 61.9833 -26.9845 
vt 61.9833 -26.9923 
vt 61.9756 -26.9923 
vt 61.9795 -26.9939 
vt 61.9756 -26.9845 
vt 61.9833 -26.9923 
vt 61.9795 -26.9829 
vt 61.9833 -26.9845 
vt 61.9833 -26.9923 
vt 61.9849 -26.9884 
vt 61.9756 -26.9923 
vt 61.9756 -26.9845 
vt 61.974 -26.9884 
vt 62.0244 -27.0154 
vt 62.0167 -27.0076 
vt 62.0167 -27.0154 
vt 62.0167 -27.0154 
vt 62.0167 -27.0076 
vt 62.0151 -27.0115 
vt 62.0244 -27.0154 
vt 62.0167 -27.0154 
vt 62.0205 -27.017 
vt 62.0167 -27.0076 
vt 62.0244 -27.0154 
vt 62.0205 -27.006 
vt 62.0205 -27.006 
vt 62.0244 -27.0154 
vt 62.0244 -27.0076 
vt 62.0244 -27.0076 
vt 62.0244 -27.0154 
vt 62.026 -27.0115 
vt 62.0144 -27.0177 
vt 62.0205 -27.0203 
vt 62.0205 -27.017 
vt 62.0144 -27.0177 
vt 62.0205 -27.017 
vt 62.0167 -27.0154 
vt 61.9856 -26.9823 
vt 61.9795 -26.9797 
vt 61.9795 -26.9829 
vt 61.9856 -26.9823 
vt 61.9795 -26.9829 
vt 61.9833 -26.9845 
vt 61.9733 -26.9946 
vt 61.9795 -26.9972 
vt 61.9795 -26.9939 
vt 61.9733 -26.9946 
vt 61.9795 -26.9939 
vt 61.9756 -26.9923 
vt 62.0244 -27.0076 
vt 62.0267 -27.0054 
vt 62.0205 -27.0028 
vt 62.0244 -27.0076 
vt 62.0205 -27.0028 
vt 62.0205 -27.006 
vt 62.0118 -27.0115 
vt 62.0144 -27.0177 
vt 62.0167 -27.0154 
vt 61.9849 -26.9884 
vt 61.9882 -26.9885 
vt 61.9856 -26.9823 
vt 62.0118 -27.0115 
vt 62.0167 -27.0154 
vt 62.0151 -27.0115 
vt 61.9849 -26.9884 
vt 61.9856 -26.9823 
vt 61.9833 -26.9845 
vt 61.9795 -26.9939 
vt 61.9795 -26.9972 
vt 61.9856 -26.9946 
vt 61.9795 -26.9939 
vt 61.9856 -26.9946 
vt 61.9833 -26.9923 
vt 62.0205 -27.006 
vt 62.0205 -27.0028 
vt 62.0144 -27.0054 
vt 62.0205 -27.006 
vt 62.0144 -27.0054 
vt 62.0167 -27.0076 
vt 61.9833 -26.9923 
vt 61.9856 -26.9946 
vt 61.9882 -26.9885 
vt 61.9833 -26.9923 
vt 61.9882 -26.9885 
vt 61.9849 -26.9884 
vt 62.0167 -27.0076 
vt 62.0144 -27.0054 
vt 62.0118 -27.0115 
vt 62.0167 -27.0076 
vt 62.0118 -27.0115 
vt 62.0151 -27.0115 
vt 62.0244 -26.9845 
vt 62.0293 -26.9885 
vt 62.0267 -26.9823 
vt 62.0244 -26.9845 
vt 62.026 -26.9884 
vt 62.0293 -26.9885 
vt 61.9756 -27.0154 
vt 61.9707 -27.0115 
vt 61.9733 -27.0177 
vt 61.9756 -27.0154 
vt 61.974 -27.0115 
vt 61.9707 -27.0115 
vt 61.9795 -27.017 
vt 61.9733 -27.0177 
vt 61.9795 -27.0203 
vt 61.9795 -27.017 
vt 61.9756 -27.0154 
vt 61.9733 -27.0177 
vt 62.0205 -26.9829 
vt 62.0267 -26.9823 
vt 62.0205 -26.9797 
vt 62.0205 -26.9829 
vt 62.0244 -26.9845 
vt 62.0267 -26.9823 
vt 62.0293 -26.9885 
vt 62.0244 -26.9923 
vt 62.0267 -26.9946 
vt 62.0293 -26.9885 
vt 62.026 -26.9884 
vt 62.0244 -26.9923 
vt 61.974 -27.0115 
vt 61.9733 -27.0054 
vt 61.9707 -27.0115 
vt 61.974 -27.0115 
vt 61.9756 -27.0076 
vt 61.9733 -27.0054 
vt 62.0167 -26.9923 
vt 62.0244 -26.9923 
vt 62.0244 -26.9845 
vt 62.0205 -26.9829 
vt 62.0167 -26.9845 
vt 62.0167 -26.9923 
vt 62.0167 -26.9923 
vt 62.0205 -26.9939 
vt 62.0244 -26.9923 
vt 62.0244 -26.9845 
vt 62.0205 -26.9829 
vt 62.0167 -26.9923 
vt 62.0167 -26.9845 
vt 62.0151 -26.9884 
vt 62.0167 -26.9923 
vt 62.0244 -26.9923 
vt 62.026 -26.9884 
vt 62.0244 -26.9845 
vt 61.9756 -27.0154 
vt 61.9833 -27.0154 
vt 61.9833 -27.0076 
vt 61.9833 -27.0154 
vt 61.9849 -27.0115 
vt 61.9833 -27.0076 
vt 61.9756 -27.0154 
vt 61.9795 -27.017 
vt 61.9833 -27.0154 
vt 61.9833 -27.0076 
vt 61.9795 -27.006 
vt 61.9756 -27.0154 
vt 61.9795 -27.006 
vt 61.9756 -27.0076 
vt 61.9756 -27.0154 
vt 61.9756 -27.0076 
vt 61.974 -27.0115 
vt 61.9756 -27.0154 
vt 61.9856 -27.0177 
vt 61.9795 -27.017 
vt 61.9795 -27.0203 
vt 61.9856 -27.0177 
vt 61.9833 -27.0154 
vt 61.9795 -27.017 
vt 62.0144 -26.9823 
vt 62.0205 -26.9829 
vt 62.0205 -26.9797 
vt 62.0144 -26.9823 
vt 62.0167 -26.9845 
vt 62.0205 -26.9829 
vt 62.0267 -26.9946 
vt 62.0205 -26.9939 
vt 62.0205 -26.9972 
vt 62.0267 -26.9946 
vt 62.0244 -26.9923 
vt 62.0205 -26.9939 
vt 61.9756 -27.0076 
vt 61.9795 -27.0028 
vt 61.9733 -27.0054 
vt 61.9756 -27.0076 
vt 61.9795 -27.006 
vt 61.9795 -27.0028 
vt 61.9882 -27.0115 
vt 61.9833 -27.0154 
vt 61.9856 -27.0177 
vt 62.0151 -26.9884 
vt 62.0144 -26.9823 
vt 62.0118 -26.9885 
vt 61.9882 -27.0115 
vt 61.9849 -27.0115 
vt 61.9833 -27.0154 
vt 62.0151 -26.9884 
vt 62.0167 -26.9845 
vt 62.0144 -26.9823 
vt 62.0205 -26.9939 
vt 62.0144 -26.9946 
vt 62.0205 -26.9972 
vt 62.0205 -26.9939 
vt 62.0167 -26.9923 
vt 62.0144 -26.9946 
vt 61.9795 -27.006 
vt 61.9856 -27.0054 
vt 61.9795 -27.0028 
vt 61.9795 -27.006 
vt 61.9833 -27.0076 
vt 61.9856 -27.0054 
vt 62.0167 -26.9923 
vt 62.0118 -26.9885 
vt 62.0144 -26.9946 
vt 62.0167 -26.9923 
vt 62.0151 -26.9884 
vt 62.0118 -26.9885 
vt 61.9833 -27.0076 
vt 61.9882 -27.0115 
vt 61.9856 -27.0054 
vt 61.9833 -27.0076 
vt 61.9849 -27.0115 
vt 61.9882 -27.0115 

usemtl Bolt1Mtl

f 604/604/604 605/605/605 606/606/606 
f 607/607/607 608/608/608 609/609/609 
f 610/610/610 611/611/611 612/612/612 
f 613/613/613 614/614/614 615/615/615 
f 616/616/616 617/617/617 618/618/618 
f 619/619/619 620/620/620 621/621/621 
f 622/622/622 623/623/623 624/624/624 
f 625/625/625 626/626/626 627/627/627 
f 628/628/628 629/629/629 630/630/630 
f 631/631/631 632/632/632 633/633/633 
f 634/634/634 635/635/635 636/636/636 
f 637/637/637 638/638/638 639/639/639 
f 640/640/640 641/641/641 642/642/642 
f 643/643/643 644/644/644 645/645/645 
f 646/646/646 647/647/647 648/648/648 
f 649/649/649 650/650/650 651/651/651 
f 652/652/652 653/653/653 654/654/654 
f 655/655/655 656/656/656 657/657/657 
f 658/658/658 659/659/659 660/660/660 
f 661/661/661 662/662/662 663/663/663 
f 664/664/664 665/665/665 666/666/666 
f 667/667/667 668/668/668 669/669/669 
f 670/670/670 671/671/671 672/672/672 
f 673/673/673 674/674/674 675/675/675 
f 676/676/676 677/677/677 678/678/678 
f 679/679/679 680/680/680 681/681/681 
f 682/682/682 683/683/683 684/684/684 
f 685/685/685 686/686/686 687/687/687 
f 688/688/688 689/689/689 690/690/690 
f 691/691/691 692/692/692 693/693/693 
f 694/694/694 695/695/695 696/696/696 
f 697/697/697 698/698/698 699/699/699 
f 700/700/700 701/701/701 702/702/702 
f 703/703/703 704/704/704 705/705/705 
f 706/706/706 707/707/707 708/708/708 
f 709/709/709 710/710/710 711/711/711 
f 712/712/712 713/713/713 714/714/714 
f 715/715/715 716/716/716 717/717/717 
f 718/718/718 719/719/719 720/720/720 
f 721/721/721 722/722/722 723/723/723 
f 724/724/724 725/725/725 726/726/726 
f 727/727/727 728/728/728 729/729/729 
f 730/730/730 731/731/731 732/732/732 
f 733/733/733 734/734/734 735/735/735 
f 736/736/736 737/737/737 738/738/738 
f 739/739/739 740/740/740 741/741/741 
f 742/742/742 743/743/743 744/744/744 
f 745/745/745 746/746/746 747/747/747 
f 748/748/748 749/749/749 750/750/750 
f 751/751/751 752/752/752 753/753/753 
f 754/754/754 755/755/755 756/756/756 
f 757/757/757 758/758/758 759/759/759 
f 760/760/760 761/761/761 762/762/762 
f 763/763/763 764/764/764 765/765/765 
f 766/766/766 767/767/767 768/768/768 
f 769/769/769 770/770/770 771/771/771 
f 772/772/772 773/773/773 774/774/774 
f 775/775/775 776/776/776 777/777/777 
f 778/778/778 779/779/779 780/780/780 
f 781/781/781 782/782/782 783/783/783 
f 784/784/784 785/785/785 786/786/786 
f 787/787/787 788/788/788 789/789/789 
f 790/790/790 791/791/791 792/792/792 
f 793/793/793 794/794/794 795/795/795 
f 796/796/796 797/797/797 798/798/798 
f 799/799/799 800/800/800 801/801/801 
f 802/802/802 803/803/803 804/804/804 
f 805/805/805 806/806/806 807/807/807 
f 808/808/808 809/809/809 810/810/810 
f 811/811/811 812/812/812 813/813/813 
f 814/814/814 815/815/815 816/816/816 
f 817/817/817 818/818/818 819/819/819 
f 820/820/820 821/821/821 822/822/822 
f 823/823/823 824/824/824 825/825/825 
f 826/826/826 827/827/827 828/828/828 
f 829/829/829 830/830/830 831/831/831 
f 832/832/832 833/833/833 834/834/834 
f 835/835/835 836/836/836 837/837/837 
f 838/838/838 839/839/839 840/840/840 
f 841/841/841 842/842/842 843/843/843 
f 844/844/844 845/845/845 846/846/846 
f 847/847/847 848/848/848 849/849/849 
f 850/850/850 851/851/851 852/852/852 
f 853/853/853 854/854/854 855/855/855 
f 856/856/856 857/857/857 858/858/858 
f 859/859/859 860/860/860 861/861/861 
f 862/862/862 863/863/863 864/864/864 
f 865/865/865 866/866/866 867/867/867 

g Hinge1

v -55.8736 6.28347 -91.0872 
v -55.9815 6.54927 -91.5839 
v -55.5349 6.28347 -91.0872 
v -55.427 6.54927 -91.5839 
v -55.5349 6.54927 -91.5839 
v -55.9815 6.62692 -91.5423 
v -55.9815 6.54927 -91.5839 
v -55.9815 6.47437 -91.5612 
v -55.9815 6.47437 -91.5612 
v -55.9815 6.26079 -91.1621 
v -55.9815 6.43602 -91.0683 
v -55.9815 6.26079 -91.1621 
v -55.9815 6.28347 -91.0872 
v -55.9815 6.43602 -91.0683 
v -55.9815 6.28347 -91.0872 
v -55.9815 6.36112 -91.0457 
v -55.9815 6.43602 -91.0683 
v -55.9815 6.43602 -91.0683 
v -55.9815 6.64959 -91.4674 
v -55.9815 6.47437 -91.5612 
v -55.9815 6.64959 -91.4674 
v -55.9815 6.62692 -91.5423 
v -55.9815 6.47437 -91.5612 
v -55.427 6.43602 -91.0683 
v -55.8736 6.64959 -91.4674 
v -55.8736 6.26079 -91.1621 
v -55.5349 6.47437 -91.5612 
v -55.5349 6.64959 -91.4674 
v -55.5349 6.43602 -91.0683 
v -55.5349 6.26079 -91.1621 
v -55.5349 6.36112 -91.0457 
v -55.5349 6.26079 -91.1621 
v -55.5349 6.28347 -91.0872 
v -55.5349 6.26079 -91.1621 
v -55.5349 6.64959 -91.4674 
v -55.5349 6.47437 -91.5612 
v -55.5349 6.47437 -91.5612 
v -55.5349 6.64959 -91.4674 
v -55.5349 6.54927 -91.5839 
v -55.5349 6.54927 -91.5839 
v -55.5349 6.64959 -91.4674 
v -55.5349 6.62692 -91.5423 
v -55.5349 6.64959 -91.4674 
v -55.5349 6.26079 -91.1621 
v -55.5349 6.43602 -91.0683 
v -55.5349 6.43602 -91.0683 
v -55.5349 6.26079 -91.1621 
v -55.5349 6.36112 -91.0457 
v -55.5349 6.54927 -91.5839 
v -55.427 6.62692 -91.5423 
v -55.427 6.43602 -91.0683 
v -55.427 6.64959 -91.4674 
v -55.8736 6.64959 -91.4674 
v -55.9815 6.62692 -91.5423 
v -55.9815 6.64959 -91.4674 
v -55.8736 6.64959 -91.4674 
v -55.8736 6.62692 -91.5423 
v -55.9815 6.62692 -91.5423 
v -55.5349 6.64959 -91.4674 
v -55.427 6.64959 -91.4674 
v -55.427 6.62692 -91.5423 
v -55.5349 6.43602 -91.0683 
v -55.5349 6.64959 -91.4674 
v -55.427 6.62692 -91.5423 
v -55.5349 6.62692 -91.5423 
v -55.9815 6.64959 -91.4674 
v -55.8736 6.43602 -91.0683 
v -55.8736 6.64959 -91.4674 
v -55.9815 6.64959 -91.4674 
v -55.9815 6.43602 -91.0683 
v -55.8736 6.43602 -91.0683 
v -55.427 6.64959 -91.4674 
v -55.5349 6.64959 -91.4674 
v -55.5349 6.43602 -91.0683 
v -55.427 6.64959 -91.4674 
v -55.5349 6.43602 -91.0683 
v -55.427 6.43602 -91.0683 
v -55.9815 6.28347 -91.0872 
v -55.9815 6.54927 -91.5839 
v -55.8736 6.62692 -91.5423 
v -55.8736 6.54927 -91.5839 
v -55.9815 6.54927 -91.5839 
v -55.9815 6.62692 -91.5423 
v -55.8736 6.62692 -91.5423 
v -55.427 6.54927 -91.5839 
v -55.5349 6.54927 -91.5839 
v -55.5349 6.62692 -91.5423 
v -55.427 6.54927 -91.5839 
v -55.5349 6.62692 -91.5423 
v -55.427 6.62692 -91.5423 
v -55.9815 6.43602 -91.0683 
v -55.427 6.47437 -91.5612 
v -55.9815 6.47437 -91.5612 
v -55.8736 6.54927 -91.5839 
v -55.8736 6.47437 -91.5612 
v -55.9815 6.47437 -91.5612 
v -55.9815 6.54927 -91.5839 
v -55.8736 6.54927 -91.5839 
v -55.8736 6.26079 -91.1621 
v -55.427 6.47437 -91.5612 
v -55.5349 6.47437 -91.5612 
v -55.5349 6.54927 -91.5839 
v -55.427 6.47437 -91.5612 
v -55.5349 6.54927 -91.5839 
v -55.427 6.54927 -91.5839 
v -55.8736 6.28347 -91.0872 
v -55.9815 6.54927 -91.5839 
v -55.5349 6.28347 -91.0872 
v -55.427 6.28347 -91.0872 
v -55.427 6.54927 -91.5839 
v -55.427 6.62692 -91.5423 
v -55.9815 6.47437 -91.5612 
v -55.9815 6.43602 -91.0683 
v -55.427 6.62692 -91.5423 
v -55.427 6.47437 -91.5612 
v -55.427 6.54927 -91.5839 
v -55.427 6.47437 -91.5612 
v -55.427 6.43602 -91.0683 
v -55.427 6.26079 -91.1621 
v -55.427 6.26079 -91.1621 
v -55.427 6.43602 -91.0683 
v -55.427 6.28347 -91.0872 
v -55.427 6.28347 -91.0872 
v -55.427 6.43602 -91.0683 
v -55.427 6.36112 -91.0457 
v -55.427 6.43602 -91.0683 
v -55.427 6.47437 -91.5612 
v -55.427 6.64959 -91.4674 
v -55.427 6.64959 -91.4674 
v -55.427 6.47437 -91.5612 
v -55.427 6.62692 -91.5423 
v -55.8736 6.64959 -91.4674 
v -55.8736 6.26079 -91.1621 
v -55.5349 6.64959 -91.4674 
v -55.8736 6.36112 -91.0457 
v -55.8736 6.28347 -91.0872 
v -55.8736 6.26079 -91.1621 
v -55.8736 6.26079 -91.1621 
v -55.8736 6.47437 -91.5612 
v -55.8736 6.64959 -91.4674 
v -55.8736 6.47437 -91.5612 
v -55.8736 6.54927 -91.5839 
v -55.8736 6.64959 -91.4674 
v -55.8736 6.54927 -91.5839 
v -55.8736 6.62692 -91.5423 
v -55.8736 6.64959 -91.4674 
v -55.8736 6.64959 -91.4674 
v -55.8736 6.43602 -91.0683 
v -55.8736 6.26079 -91.1621 
v -55.8736 6.43602 -91.0683 
v -55.8736 6.36112 -91.0457 
v -55.8736 6.26079 -91.1621 
v -55.5349 6.28347 -91.0872 
v -55.427 6.28347 -91.0872 
v -55.427 6.47437 -91.5612 
v -55.427 6.26079 -91.1621 
v -55.9815 6.26079 -91.1621 
v -55.8736 6.28347 -91.0872 
v -55.9815 6.28347 -91.0872 
v -55.9815 6.26079 -91.1621 
v -55.8736 6.26079 -91.1621 
v -55.8736 6.28347 -91.0872 
v -55.5349 6.47437 -91.5612 
v -55.427 6.26079 -91.1621 
v -55.427 6.28347 -91.0872 
v -55.5349 6.28347 -91.0872 
v -55.427 6.26079 -91.1621 
v -55.5349 6.28347 -91.0872 
v -55.5349 6.26079 -91.1621 
v -55.8736 6.47437 -91.5612 
v -55.9815 6.26079 -91.1621 
v -55.9815 6.47437 -91.5612 
v -55.8736 6.47437 -91.5612 
v -55.8736 6.26079 -91.1621 
v -55.9815 6.26079 -91.1621 
v -55.5349 6.47437 -91.5612 
v -55.427 6.47437 -91.5612 
v -55.427 6.26079 -91.1621 
v -55.5349 6.47437 -91.5612 
v -55.427 6.26079 -91.1621 
v -55.5349 6.26079 -91.1621 
v -55.8736 6.36112 -91.0457 
v -55.9815 6.28347 -91.0872 
v -55.8736 6.28347 -91.0872 
v -55.8736 6.36112 -91.0457 
v -55.9815 6.36112 -91.0457 
v -55.9815 6.28347 -91.0872 
v -55.5349 6.36112 -91.0457 
v -55.5349 6.28347 -91.0872 
v -55.427 6.28347 -91.0872 
v -55.5349 6.36112 -91.0457 
v -55.427 6.28347 -91.0872 
v -55.427 6.36112 -91.0457 
v -55.9815 6.43602 -91.0683 
v -55.427 6.43602 -91.0683 
v -55.9815 6.43602 -91.0683 
v -55.8736 6.36112 -91.0457 
v -55.8736 6.43602 -91.0683 
v -55.8736 6.26079 -91.1621 
v -55.9815 6.43602 -91.0683 
v -55.9815 6.36112 -91.0457 
v -55.8736 6.36112 -91.0457 
v -55.427 6.43602 -91.0683 
v -55.5349 6.43602 -91.0683 
v -55.5349 6.36112 -91.0457 
v -55.427 6.43602 -91.0683 
v -55.5349 6.36112 -91.0457 
v -55.427 6.36112 -91.0457 

vn 0 -0.472441 0.88189 
vn 0 0.472441 -0.88189 
vn 0 -0.472441 0.88189 
vn 0 0.472441 -0.88189 
vn 0 0.472441 -0.88189 
vn -1 0 0 
vn -1 0 0 
vn -1 0 0 
vn -1 0 0 
vn -1 0 0 
vn -1 0 0 
vn -1 0 0 
vn -1 0 0 
vn -1 0 0 
vn -1 0 0 
vn -1 0 0 
vn -1 0 0 
vn -1 0 0 
vn -1 0 0 
vn -1 0 0 
vn -1 0 0 
vn -1 0 0 
vn -1 0 0 
vn 1 0 0 
vn 0 0.96063 -0.291339 
vn 0 -0.96063 0.291339 
vn 0 -0.291339 -0.96063 
vn 0 0.96063 -0.291339 
vn 0 0.291339 0.96063 
vn 0 -0.96063 0.291339 
vn -1 0 0 
vn -1 0 0 
vn -1 0 0 
vn -1 0 0 
vn -1 0 0 
vn -1 0 0 
vn -1 0 0 
vn -1 0 0 
vn -1 0 0 
vn -1 0 0 
vn -1 0 0 
vn -1 0 0 
vn -1 0 0 
vn -1 0 0 
vn -1 0 0 
vn -1 0 0 
vn -1 0 0 
vn -1 0 0 
vn 0 0.472441 -0.88189 
vn 0 0.472441 -0.88189 
vn 1 0 0 
vn 1 0 0 
vn 0 0.96063 -0.291339 
vn 0 0.96063 -0.291339 
vn 0 0.96063 -0.291339 
vn 0 0.96063 -0.291339 
vn 0 0.96063 -0.291339 
vn 0 0.96063 -0.291339 
vn 0 0.96063 -0.291339 
vn 0 0.96063 -0.291339 
vn 0 0.96063 -0.291339 
vn 0 0.291339 0.96063 
vn 0 0.96063 -0.291339 
vn 0 0.96063 -0.291339 
vn 0 0.96063 -0.291339 
vn 0 0.88189 0.472441 
vn 0 0.88189 0.472441 
vn 0 0.88189 0.472441 
vn 0 0.88189 0.472441 
vn 0 0.88189 0.472441 
vn 0 0.88189 0.472441 
vn 0 0.88189 0.472441 
vn 0 0.88189 0.472441 
vn 0 0.88189 0.472441 
vn 0 0.88189 0.472441 
vn 0 0.88189 0.472441 
vn 0 0.88189 0.472441 
vn 0 -0.472441 0.88189 
vn 0 0.472441 -0.88189 
vn 0 0.472441 -0.88189 
vn 0 0.472441 -0.88189 
vn 0 0.472441 -0.88189 
vn 0 0.472441 -0.88189 
vn 0 0.472441 -0.88189 
vn 0 0.472441 -0.88189 
vn 0 0.472441 -0.88189 
vn 0 0.472441 -0.88189 
vn 0 0.472441 -0.88189 
vn 0 0.472441 -0.88189 
vn 0 0.472441 -0.88189 
vn -1 0 0 
vn 1 0 0 
vn 0 -0.291339 -0.96063 
vn 0 -0.291339 -0.96063 
vn 0 -0.291339 -0.96063 
vn 0 -0.291339 -0.96063 
vn 0 -0.291339 -0.96063 
vn 0 -0.291339 -0.96063 
vn 0 -0.96063 0.291339 
vn 0 -0.291339 -0.96063 
vn 0 -0.291339 -0.96063 
vn 0 -0.291339 -0.96063 
vn 0 -0.291339 -0.96063 
vn 0 -0.291339 -0.96063 
vn 0 -0.291339 -0.96063 
vn 0 -0.472441 0.88189 
vn 0 0.472441 -0.88189 
vn 0 -0.472441 0.88189 
vn 0 -0.472441 0.88189 
vn 0 0.472441 -0.88189 
vn 0 0.472441 -0.88189 
vn -1 0 0 
vn -1 0 0 
vn 1 0 0 
vn 1 0 0 
vn 1 0 0 
vn 1 0 0 
vn 1 0 0 
vn 1 0 0 
vn 1 0 0 
vn 1 0 0 
vn 1 0 0 
vn 1 0 0 
vn 1 0 0 
vn 1 0 0 
vn 1 0 0 
vn 1 0 0 
vn 1 0 0 
vn 1 0 0 
vn 1 0 0 
vn 1 0 0 
vn 0 0.96063 -0.291339 
vn 0 -0.96063 0.291339 
vn 0 0.96063 -0.291339 
vn 1 0 0 
vn 1 0 0 
vn 1 0 0 
vn 1 0 0 
vn 1 0 0 
vn 1 0 0 
vn 1 0 0 
vn 1 0 0 
vn 1 0 0 
vn 1 0 0 
vn 1 0 0 
vn 1 0 0 
vn 1 0 0 
vn 1 0 0 
vn 1 0 0 
vn 1 0 0 
vn 1 0 0 
vn 1 0 0 
vn 0 -0.472441 0.88189 
vn 0 -0.472441 0.88189 
vn 1 0 0 
vn 1 0 0 
vn 0 -0.96063 0.291339 
vn 0 -0.96063 0.291339 
vn 0 -0.96063 0.291339 
vn 0 -0.96063 0.291339 
vn 0 -0.96063 0.291339 
vn 0 -0.96063 0.291339 
vn 0 -0.291339 -0.96063 
vn 0 -0.96063 0.291339 
vn 0 -0.96063 0.291339 
vn 0 -0.96063 0.291339 
vn 0 -0.96063 0.291339 
vn 0 -0.96063 0.291339 
vn 0 -0.96063 0.291339 
vn 0 -0.88189 -0.472441 
vn 0 -0.88189 -0.472441 
vn 0 -0.88189 -0.472441 
vn 0 -0.88189 -0.472441 
vn 0 -0.88189 -0.472441 
vn 0 -0.88189 -0.472441 
vn 0 -0.88189 -0.472441 
vn 0 -0.88189 -0.472441 
vn 0 -0.88189 -0.472441 
vn 0 -0.88189 -0.472441 
vn 0 -0.88189 -0.472441 
vn 0 -0.88189 -0.472441 
vn 0 -0.472441 0.88189 
vn 0 -0.472441 0.88189 
vn 0 -0.472441 0.88189 
vn 0 -0.472441 0.88189 
vn 0 -0.472441 0.88189 
vn 0 -0.472441 0.88189 
vn 0 -0.472441 0.88189 
vn 0 -0.472441 0.88189 
vn 0 -0.472441 0.88189 
vn 0 -0.472441 0.88189 
vn 0 -0.472441 0.88189 
vn 0 -0.472441 0.88189 
vn -1 0 0 
vn 1 0 0 
vn 0 0.291339 0.96063 
vn 0 0.291339 0.96063 
vn 0 0.291339 0.96063 
vn 0 -0.96063 0.291339 
vn 0 0.291339 0.96063 
vn 0 0.291339 0.96063 
vn 0 0.291339 0.96063 
vn 0 0.291339 0.96063 
vn 0 0.291339 0.96063 
vn 0 0.291339 0.96063 
vn 0 0.291339 0.96063 
vn 0 0.291339 0.96063 
vn 0 0.291339 0.96063 

vt 32.0284 -49.0215 
vt 31.9664 -48.9882 
vt 32.0284 -49.0215 
vt 31.9664 -48.9882 
vt 31.9664 -48.9882 
vt 31.9716 -48.9785 
vt 31.9664 -48.9882 
vt 31.9692 -48.9976 
vt 31.9692 -48.9976 
vt 32.0191 -49.0243 
vt 32.0308 -49.0024 
vt 32.0191 -49.0243 
vt 32.0284 -49.0215 
vt 32.0308 -49.0024 
vt 32.0284 -49.0215 
vt 32.0336 -49.0118 
vt 32.0308 -49.0024 
vt 32.0308 -49.0024 
vt 31.9809 -48.9757 
vt 31.9692 -48.9976 
vt 31.9809 -48.9757 
vt 31.9716 -48.9785 
vt 31.9692 -48.9976 
vt 32.0308 -49.0024 
vt 31.9809 -48.9757 
vt 32.0191 -49.0243 
vt 31.9692 -48.9976 
vt 31.9809 -48.9757 
vt 32.0308 -49.0024 
vt 32.0191 -49.0243 
vt 32.0336 -49.0118 
vt 32.0191 -49.0243 
vt 32.0284 -49.0215 
vt 32.0191 -49.0243 
vt 31.9809 -48.9757 
vt 31.9692 -48.9976 
vt 31.9692 -48.9976 
vt 31.9809 -48.9757 
vt 31.9664 -48.9882 
vt 31.9664 -48.9882 
vt 31.9809 -48.9757 
vt 31.9716 -48.9785 
vt 31.9809 -48.9757 
vt 32.0191 -49.0243 
vt 32.0308 -49.0024 
vt 32.0308 -49.0024 
vt 32.0191 -49.0243 
vt 32.0336 -49.0118 
vt 32.0212 -48.9664 
vt 32.0347 -48.9716 
vt 32.0347 -49.0308 
vt 32.0347 -48.9809 
vt 31.9788 -48.9809 
vt 31.9653 -48.9716 
vt 31.9653 -48.9809 
vt 31.9788 -48.9809 
vt 31.9788 -48.9716 
vt 31.9653 -48.9716 
vt 32.0212 -48.9809 
vt 32.0347 -48.9809 
vt 32.0347 -48.9716 
vt 32.0212 -49.0308 
vt 32.0212 -48.9809 
vt 32.0347 -48.9716 
vt 32.0212 -48.9716 
vt 31.9653 -48.9809 
vt 31.9788 -49.0308 
vt 31.9788 -48.9809 
vt 31.9653 -48.9809 
vt 31.9653 -49.0308 
vt 31.9788 -49.0308 
vt 32.0347 -48.9809 
vt 32.0212 -48.9809 
vt 32.0212 -49.0308 
vt 32.0347 -48.9809 
vt 32.0212 -49.0308 
vt 32.0347 -49.0308 
vt 32.0347 -49.0215 
vt 32.0347 -48.9882 
vt 32.0212 -48.9785 
vt 32.0212 -48.9882 
vt 32.0347 -48.9882 
vt 32.0347 -48.9785 
vt 32.0212 -48.9785 
vt 31.9653 -48.9882 
vt 31.9788 -48.9882 
vt 31.9788 -48.9785 
vt 31.9653 -48.9882 
vt 31.9788 -48.9785 
vt 31.9653 -48.9785 
vt 32.0347 -49.0024 
vt 31.9653 -48.9976 
vt 32.0347 -48.9976 
vt 32.0212 -48.9882 
vt 32.0212 -48.9976 
vt 32.0347 -48.9976 
vt 32.0347 -48.9882 
vt 32.0212 -48.9882 
vt 32.0212 -49.0243 
vt 31.9653 -48.9976 
vt 31.9788 -48.9976 
vt 31.9788 -48.9882 
vt 31.9653 -48.9976 
vt 31.9788 -48.9882 
vt 31.9653 -48.9882 
vt 31.9716 -49.0215 
vt 32.0336 -48.9882 
vt 31.9716 -49.0215 
vt 31.9716 -49.0215 
vt 32.0336 -48.9882 
vt 32.0284 -48.9785 
vt 32.0308 -48.9976 
vt 31.9692 -49.0024 
vt 32.0284 -48.9785 
vt 32.0308 -48.9976 
vt 32.0336 -48.9882 
vt 32.0308 -48.9976 
vt 31.9692 -49.0024 
vt 31.9809 -49.0243 
vt 31.9809 -49.0243 
vt 31.9692 -49.0024 
vt 31.9716 -49.0215 
vt 31.9716 -49.0215 
vt 31.9692 -49.0024 
vt 31.9664 -49.0118 
vt 31.9692 -49.0024 
vt 32.0308 -48.9976 
vt 32.0191 -48.9757 
vt 32.0191 -48.9757 
vt 32.0308 -48.9976 
vt 32.0284 -48.9785 
vt 32.0191 -48.9757 
vt 31.9809 -49.0243 
vt 32.0191 -48.9757 
vt 31.9664 -49.0118 
vt 31.9716 -49.0215 
vt 31.9809 -49.0243 
vt 31.9809 -49.0243 
vt 32.0308 -48.9976 
vt 32.0191 -48.9757 
vt 32.0308 -48.9976 
vt 32.0336 -48.9882 
vt 32.0191 -48.9757 
vt 32.0336 -48.9882 
vt 32.0284 -48.9785 
vt 32.0191 -48.9757 
vt 32.0191 -48.9757 
vt 31.9692 -49.0024 
vt 31.9809 -49.0243 
vt 31.9692 -49.0024 
vt 31.9664 -49.0118 
vt 31.9809 -49.0243 
vt 31.9788 -49.0284 
vt 31.9653 -49.0284 
vt 31.9653 -48.9692 
vt 31.9653 -49.0191 
vt 32.0347 -49.0191 
vt 32.0212 -49.0284 
vt 32.0347 -49.0284 
vt 32.0347 -49.0191 
vt 32.0212 -49.0191 
vt 32.0212 -49.0284 
vt 31.9788 -48.9692 
vt 31.9653 -49.0191 
vt 31.9653 -49.0284 
vt 31.9788 -49.0284 
vt 31.9653 -49.0191 
vt 31.9788 -49.0284 
vt 31.9788 -49.0191 
vt 32.0212 -48.9692 
vt 32.0347 -49.0191 
vt 32.0347 -48.9692 
vt 32.0212 -48.9692 
vt 32.0212 -49.0191 
vt 32.0347 -49.0191 
vt 31.9788 -48.9692 
vt 31.9653 -48.9692 
vt 31.9653 -49.0191 
vt 31.9788 -48.9692 
vt 31.9653 -49.0191 
vt 31.9788 -49.0191 
vt 31.9788 -49.0118 
vt 31.9653 -49.0215 
vt 31.9788 -49.0215 
vt 31.9788 -49.0118 
vt 31.9653 -49.0118 
vt 31.9653 -49.0215 
vt 32.0212 -49.0118 
vt 32.0212 -49.0215 
vt 32.0347 -49.0215 
vt 32.0212 -49.0118 
vt 32.0347 -49.0215 
vt 32.0347 -49.0118 
vt 31.9653 -49.0024 
vt 32.0347 -49.0024 
vt 31.9653 -49.0024 
vt 31.9788 -49.0118 
vt 31.9788 -49.0024 
vt 31.9788 -49.0243 
vt 31.9653 -49.0024 
vt 31.9653 -49.0118 
vt 31.9788 -49.0118 
vt 32.0347 -49.0024 
vt 32.0212 -49.0024 
vt 32.0212 -49.0118 
vt 32.0347 -49.0024 
vt 32.0212 -49.0118 
vt 32.0347 -49.0118 

usemtl Hinge1Mtl

f 873/873/873 874/874/874 875/875/875 
f 876/876/876 877/877/877 878/878/878 
f 879/879/879 880/880/880 881/881/881 
f 882/882/882 883/883/883 884/884/884 
f 885/885/885 886/886/886 887/887/887 
f 888/888/888 889/889/889 890/890/890 
f 898/898/898 899/899/899 900/900/900 
f 901/901/901 902/902/902 903/903/903 
f 904/904/904 905/905/905 906/906/906 
f 907/907/907 908/908/908 909/909/909 
f 910/910/910 911/911/911 912/912/912 
f 913/913/913 914/914/914 915/915/915 
f 920/920/920 921/921/921 922/922/922 
f 923/923/923 924/924/924 925/925/925 
f 926/926/926 927/927/927 928/928/928 
f 930/930/930 931/931/931 932/932/932 
f 933/933/933 934/934/934 935/935/935 
f 936/936/936 937/937/937 938/938/938 
f 939/939/939 940/940/940 941/941/941 
f 942/942/942 943/943/943 944/944/944 
f 946/946/946 947/947/947 948/948/948 
f 949/949/949 950/950/950 951/951/951 
f 952/952/952 953/953/953 954/954/954 
f 955/955/955 956/956/956 957/957/957 
f 960/960/960 961/961/961 962/962/962 
f 963/963/963 964/964/964 965/965/965 
f 967/967/967 968/968/968 969/969/969 
f 970/970/970 971/971/971 972/972/972 
f 981/981/981 982/982/982 983/983/983 
f 984/984/984 985/985/985 986/986/986 
f 987/987/987 988/988/988 989/989/989 
f 990/990/990 991/991/991 992/992/992 
f 993/993/993 994/994/994 995/995/995 
f 996/996/996 997/997/997 998/998/998 
f 1002/1002/1002 1003/1003/1003 1004/1004/1004 
f 1005/1005/1005 1006/1006/1006 1007/1007/1007 
f 1008/1008/1008 1009/1009/1009 1010/1010/1010 
f 1011/1011/1011 1012/1012/1012 1013/1013/1013 
f 1014/1014/1014 1015/1015/1015 1016/1016/1016 
f 1017/1017/1017 1018/1018/1018 1019/1019/1019 
f 1024/1024/1024 1025/1025/1025 1026/1026/1026 
f 1027/1027/1027 1028/1028/1028 1029/1029/1029 
f 1031/1031/1031 1032/1032/1032 1033/1033/1033 
f 1034/1034/1034 1035/1035/1035 1036/1036/1036 
f 1037/1037/1037 1038/1038/1038 1039/1039/1039 
f 1040/1040/1040 1041/1041/1041 1042/1042/1042 
f 1043/1043/1043 1044/1044/1044 1045/1045/1045 
f 1046/1046/1046 1047/1047/1047 1048/1048/1048 
f 1049/1049/1049 1050/1050/1050 1051/1051/1051 
f 1052/1052/1052 1053/1053/1053 1054/1054/1054 
f 1055/1055/1055 1056/1056/1056 1057/1057/1057 
f 1058/1058/1058 1059/1059/1059 1060/1060/1060 
f 1063/1063/1063 1064/1064/1064 1065/1065/1065 
f 1067/1067/1067 1068/1068/1068 1069/1069/1069 
f 1070/1070/1070 1071/1071/1071 1072/1072/1072 
f 1073/1073/1073 1074/1074/1074 1075/1075/1075 

g Color7

v -54.9247 3.39538 -92.3792 
v -54.8474 3.45024 -92.2865 
v -55.024 3.44024 -92.4732 
v -54.9247 3.39538 -92.3792 
v -54.8309 3.38615 -92.2832 
v -54.8474 3.45024 -92.2865 
v -54.8474 3.45024 -92.2865 
v -54.8414 3.55302 -92.4209 
v -55.024 3.44024 -92.4732 
v -54.8474 3.45024 -92.2865 
v -54.7927 3.49516 -92.2862 
v -54.8414 3.55302 -92.4209 
v -54.8397 3.44765 -92.5213 
v -54.7945 3.36335 -92.5197 
v -55.024 3.44024 -92.4732 
v -54.8414 3.55302 -92.4209 
v -54.8397 3.44765 -92.5213 
v -55.024 3.44024 -92.4732 
v -54.8414 3.55302 -92.4209 
v -54.7608 3.52505 -92.4715 
v -54.8397 3.44765 -92.5213 
v -54.7945 3.36335 -92.5197 
v -54.9247 3.39538 -92.3792 
v -55.024 3.44024 -92.4732 
v -54.7945 3.36335 -92.5197 
v -54.7997 3.35105 -92.3801 
v -54.9247 3.39538 -92.3792 

vn -0.716535 -0.149606 0.685039 
vn -0.716535 -0.149606 0.685039 
vn -0.716535 -0.149606 0.685039 
vn -0.716535 -0.149606 0.685039 
vn -0.716535 -0.149606 0.685039 
vn -0.716535 -0.149606 0.685039 
vn -0.559055 0.669291 0.488189 
vn -0.559055 0.669291 0.488189 
vn -0.559055 0.669291 0.488189 
vn -0.559055 0.669291 0.488189 
vn -0.559055 0.669291 0.488189 
vn -0.559055 0.669291 0.488189 
vn -0.244094 -0.149606 -0.96063 
vn -0.244094 -0.149606 -0.96063 
vn -0.244094 -0.149606 -0.96063 
vn -0.212598 0.669291 -0.708661 
vn -0.212598 0.669291 -0.708661 
vn -0.212598 0.669291 -0.708661 
vn -0.212598 0.669291 -0.708661 
vn -0.212598 0.669291 -0.708661 
vn -0.212598 0.669291 -0.708661 
vn -0.330709 -0.937008 -0.0944882 
vn -0.330709 -0.937008 -0.0944882 
vn -0.330709 -0.937008 -0.0944882 
vn -0.330709 -0.937008 -0.0944882 
vn -0.330709 -0.937008 -0.0944882 
vn -0.330709 -0.937008 -0.0944882 

vt 32.0029 -21.0071 
vt 32.0145 -21.0002 
vt 31.9911 -21.0015 
vt 32.0029 -21.0071 
vt 32.0149 -21.0082 
vt 32.0145 -21.0002 
vt 32.0056 -21.0145 
vt 32.0064 -20.9977 
vt 31.9836 -20.9911 
vt 32.0056 -21.0145 
vt 32.0125 -21.0145 
vt 32.0064 -20.9977 
vt 31.9934 -21.0005 
vt 31.9878 -21.0111 
vt 32.0164 -21.0015 
vt 31.9936 -20.9874 
vt 31.9934 -21.0005 
vt 32.0164 -21.0015 
vt 31.9936 -20.9874 
vt 31.9836 -20.9909 
vt 31.9934 -21.0005 
vt 31.9878 -20.9853 
vt 32.004 -21.0029 
vt 32.0164 -20.9911 
vt 31.9878 -20.9853 
vt 31.9884 -21.0028 
vt 32.004 -21.0029 

usemtl Color7Mtl

f 1076/1076/1076 1077/1077/1077 1078/1078/1078 
f 1079/1079/1079 1080/1080/1080 1081/1081/1081 
f 1082/1082/1082 1083/1083/1083 1084/1084/1084 
f 1085/1085/1085 1086/1086/1086 1087/1087/1087 
f 1088/1088/1088 1089/1089/1089 1090/1090/1090 
f 1091/1091/1091 1092/1092/1092 1093/1093/1093 
f 1094/1094/1094 1095/1095/1095 1096/1096/1096 
f 1097/1097/1097 1098/1098/1098 1099/1099/1099 
f 1100/1100/1100 1101/1101/1101 1102/1102/1102 

g Base1

v -54.8309 3.38616 -92.2832 
v -54.9247 3.39539 -92.3792 
v -54.7821 3.331 -92.2442 
v -54.7821 3.331 -92.2442 
v -54.748 3.45587 -92.1815 
v -54.8309 3.38616 -92.2832 
v -54.748 3.45587 -92.1815 
v -54.8474 3.45025 -92.2866 
v -54.8309 3.38616 -92.2832 
v -54.4491 3.48223 -92.3408 
v -54.6657 3.66156 -92.3705 
v -54.4663 3.48211 -92.2812 
v -54.6353 3.45587 -92.5745 
v -54.4491 3.48223 -92.3408 
v -54.4317 3.42923 -92.382 
v -54.6353 3.45587 -92.5745 
v -54.6657 3.66156 -92.3705 
v -54.4491 3.48223 -92.3408 
v -54.7927 3.49517 -92.2862 
v -54.8474 3.45025 -92.2866 
v -54.748 3.45587 -92.1815 
v -54.748 3.45587 -92.1815 
v -54.6657 3.66156 -92.3705 
v -54.7927 3.49517 -92.2862 
v -54.6657 3.66156 -92.3705 
v -54.8414 3.55303 -92.4209 
v -54.7927 3.49517 -92.2862 
v -54.6353 3.45587 -92.5745 
v -54.7945 3.36336 -92.5198 
v -54.8397 3.44766 -92.5213 
v -54.6353 3.45587 -92.5745 
v -54.6975 3.33089 -92.5394 
v -54.7945 3.36336 -92.5198 
v -54.6975 3.33089 -92.5394 
v -54.4317 3.42923 -92.382 
v -54.4444 3.36215 -92.3453 
v -54.6975 3.33089 -92.5394 
v -54.6353 3.45587 -92.5745 
v -54.4317 3.42923 -92.382 
v -54.6657 3.66156 -92.3705 
v -54.6353 3.45587 -92.5745 
v -54.7609 3.52506 -92.4715 
v -54.6353 3.45587 -92.5745 
v -54.8397 3.44766 -92.5213 
v -54.7609 3.52506 -92.4715 
v -54.7609 3.52506 -92.4715 
v -54.8414 3.55303 -92.4209 
v -54.6657 3.66156 -92.3705 
v -54.7821 3.331 -92.2442 
v -54.9247 3.39539 -92.3792 
v -54.7998 3.35106 -92.3801 
v -54.6975 3.33089 -92.5394 
v -54.7821 3.331 -92.2442 
v -54.7998 3.35106 -92.3801 
v -54.7945 3.36336 -92.5198 
v -54.6975 3.33089 -92.5394 
v -54.7998 3.35106 -92.3801 
v -54.4646 3.36164 -92.2748 
v -54.6975 3.33089 -92.5394 
v -54.4444 3.36215 -92.3453 
v -54.4646 3.36164 -92.2748 
v -54.7821 3.331 -92.2442 
v -54.6975 3.33089 -92.5394 
v -54.4732 3.42931 -92.2367 
v -54.7821 3.331 -92.2442 
v -54.4646 3.36164 -92.2748 
v -54.4732 3.42931 -92.2367 
v -54.748 3.45587 -92.1815 
v -54.7821 3.331 -92.2442 
v -54.4663 3.48211 -92.2812 
v -54.748 3.45587 -92.1815 
v -54.4732 3.42931 -92.2367 
v -54.4663 3.48211 -92.2812 
v -54.6657 3.66156 -92.3705 
v -54.748 3.45587 -92.1815 

vn -0.716535 -0.149606 0.685039 
vn -0.716535 -0.149606 0.685039 
vn -0.716535 -0.149606 0.685039 
vn -0.716535 -0.149606 0.685039 
vn -0.716535 -0.149606 0.685039 
vn -0.716535 -0.149606 0.685039 
vn -0.716535 -0.149606 0.685039 
vn -0.716535 -0.149606 0.685039 
vn -0.716535 -0.149606 0.685039 
vn 0.614173 0.771654 0.181102 
vn 0.614173 0.771654 0.181102 
vn 0.614173 0.771654 0.181102 
vn 0.582677 0.606299 -0.535433 
vn 0.582677 0.606299 -0.535433 
vn 0.582677 0.606299 -0.535433 
vn 0.582677 0.614173 -0.535433 
vn 0.582677 0.614173 -0.535433 
vn 0.582677 0.614173 -0.535433 
vn -0.559055 0.669291 0.488189 
vn -0.559055 0.669291 0.488189 
vn -0.559055 0.669291 0.488189 
vn -0.559055 0.669291 0.488189 
vn -0.559055 0.669291 0.488189 
vn -0.559055 0.669291 0.488189 
vn -0.559055 0.669291 0.488189 
vn -0.559055 0.669291 0.488189 
vn -0.559055 0.669291 0.488189 
vn -0.244094 -0.149606 -0.96063 
vn -0.244094 -0.149606 -0.96063 
vn -0.244094 -0.149606 -0.96063 
vn -0.244094 -0.149606 -0.96063 
vn -0.244094 -0.149606 -0.96063 
vn -0.244094 -0.149606 -0.96063 
vn 0.574803 -0.472441 -0.669291 
vn 0.574803 -0.472441 -0.669291 
vn 0.574803 -0.472441 -0.669291 
vn 0.574803 -0.472441 -0.669291 
vn 0.574803 -0.472441 -0.669291 
vn 0.574803 -0.472441 -0.669291 
vn -0.212598 0.669291 -0.708661 
vn -0.212598 0.669291 -0.708661 
vn -0.212598 0.669291 -0.708661 
vn -0.212598 0.669291 -0.708661 
vn -0.212598 0.669291 -0.708661 
vn -0.212598 0.669291 -0.708661 
vn -0.212598 0.669291 -0.708661 
vn -0.212598 0.669291 -0.708661 
vn -0.212598 0.669291 -0.708661 
vn -0.330709 -0.937008 -0.0944882 
vn -0.330709 -0.937008 -0.0944882 
vn -0.330709 -0.937008 -0.0944882 
vn -0.330709 -0.937008 -0.0944882 
vn -0.330709 -0.937008 -0.0944882 
vn -0.330709 -0.937008 -0.0944882 
vn -0.330709 -0.937008 -0.0944882 
vn -0.330709 -0.937008 -0.0944882 
vn -0.330709 -0.937008 -0.0944882 
vn 0.102362 -0.992126 0.023622 
vn 0.102362 -0.992126 0.023622 
vn 0.102362 -0.992126 0.023622 
vn 0.102362 -0.992126 0.0314961 
vn 0.102362 -0.992126 0.0314961 
vn 0.102362 -0.992126 0.0314961 
vn 0.133858 -0.472441 0.874016 
vn 0.133858 -0.472441 0.874016 
vn 0.133858 -0.472441 0.874016 
vn 0.125984 -0.472441 0.874016 
vn 0.125984 -0.472441 0.874016 
vn 0.125984 -0.472441 0.874016 
vn 0.212598 0.614173 0.76378 
vn 0.212598 0.614173 0.76378 
vn 0.212598 0.614173 0.76378 
vn 0.212598 0.614173 0.76378 
vn 0.212598 0.614173 0.76378 
vn 0.212598 0.614173 0.76378 

vt 4.01185 -35.0138 
vt 3.99985 -35.0126 
vt 4.01673 -35.0207 
vt 4.01673 -35.0207 
vt 4.02456 -35.005 
vt 4.01185 -35.0138 
vt 4.02456 -35.005 
vt 4.01143 -35.0057 
vt 4.01185 -35.0138 
vt 4.02864 -35.0047 
vt 4.00156 -35.0009 
vt 4.02649 -35.0121 
vt 4.00536 -34.9754 
vt 4.02864 -35.0047 
vt 4.03081 -34.9995 
vt 4.00536 -34.9754 
vt 4.00156 -35.0009 
vt 4.02864 -35.0047 
vt 3.98569 -35.0115 
vt 3.97885 -35.0114 
vt 3.99128 -35.0246 
vt 3.99128 -35.0246 
vt 4.00156 -35.0009 
vt 3.98569 -35.0115 
vt 4.00156 -35.0009 
vt 3.9796 -34.9946 
vt 3.98569 -35.0115 
vt 3.99464 -35.005 
vt 4.01454 -35.0166 
vt 4.02018 -35.0061 
vt 3.99464 -35.005 
vt 4.00241 -35.0207 
vt 4.01454 -35.0166 
vt 4.00241 -35.0207 
vt 3.96919 -35.0084 
vt 3.97077 -35.0168 
vt 4.00241 -35.0207 
vt 3.99464 -35.005 
vt 3.96919 -35.0084 
vt 3.99844 -34.9793 
vt 3.99464 -35.005 
vt 4.01033 -34.9964 
vt 3.99464 -35.005 
vt 4.02018 -35.0061 
vt 4.01033 -34.9964 
vt 4.01033 -34.9964 
vt 4.0204 -34.9929 
vt 3.99844 -34.9793 
vt 4.01299 -35.0167 
vt 4.03081 -34.9999 
vt 4.01519 -34.9997 
vt 4.00241 -34.9798 
vt 4.01299 -35.0167 
vt 4.01519 -34.9997 
vt 4.01454 -34.9823 
vt 4.00241 -34.9798 
vt 4.01519 -34.9997 
vt 3.97329 -35.0129 
vt 4.00241 -34.9798 
vt 3.97077 -35.0041 
vt 3.97329 -35.0129 
vt 4.01299 -35.0167 
vt 4.00241 -34.9798 
vt 4.02562 -35.0084 
vt 3.98701 -35.0207 
vt 4.02671 -35.0168 
vt 4.02562 -35.0084 
vt 3.99128 -35.005 
vt 3.98701 -35.0207 
vt 4.02649 -35.0018 
vt 3.99128 -35.005 
vt 4.02562 -35.0084 
vt 4.02649 -35.0018 
vt 4.00156 -34.9793 
vt 3.99128 -35.005 

usemtl Color1Mtl

f 1103/1103/1103 1104/1104/1104 1105/1105/1105 
f 1106/1106/1106 1107/1107/1107 1108/1108/1108 
f 1109/1109/1109 1110/1110/1110 1111/1111/1111 
f 1112/1112/1112 1113/1113/1113 1114/1114/1114 
f 1115/1115/1115 1116/1116/1116 1117/1117/1117 
f 1118/1118/1118 1119/1119/1119 1120/1120/1120 
f 1121/1121/1121 1122/1122/1122 1123/1123/1123 
f 1124/1124/1124 1125/1125/1125 1126/1126/1126 
f 1127/1127/1127 1128/1128/1128 1129/1129/1129 
f 1130/1130/1130 1131/1131/1131 1132/1132/1132 
f 1133/1133/1133 1134/1134/1134 1135/1135/1135 
f 1136/1136/1136 1137/1137/1137 1138/1138/1138 
f 1139/1139/1139 1140/1140/1140 1141/1141/1141 
f 1142/1142/1142 1143/1143/1143 1144/1144/1144 
f 1145/1145/1145 1146/1146/1146 1147/1147/1147 
f 1148/1148/1148 1149/1149/1149 1150/1150/1150 
f 1151/1151/1151 1152/1152/1152 1153/1153/1153 
f 1154/1154/1154 1155/1155/1155 1156/1156/1156 
f 1157/1157/1157 1158/1158/1158 1159/1159/1159 
f 1160/1160/1160 1161/1161/1161 1162/1162/1162 
f 1163/1163/1163 1164/1164/1164 1165/1165/1165 
f 1166/1166/1166 1167/1167/1167 1168/1168/1168 
f 1169/1169/1169 1170/1170/1170 1171/1171/1171 
f 1172/1172/1172 1173/1173/1173 1174/1174/1174 
f 1175/1175/1175 1176/1176/1176 1177/1177/1177 

g Bolts1

v -54.931 3.0004 -92.169 
v -54.9864 2.99546 -92.196 
v -54.9864 3.02323 -92.1666 
v -54.931 3.0004 -92.169 
v -54.9527 2.98157 -92.1974 
v -54.9864 2.99546 -92.196 
v -56.4774 3.0004 -92.169 
v -56.422 3.02323 -92.1666 
v -56.422 2.99546 -92.196 
v -56.4774 3.0004 -92.169 
v -56.422 2.99546 -92.196 
v -56.4557 2.98157 -92.1974 
v -54.9864 2.99546 -92.196 
v -55.0419 3.0004 -92.169 
v -54.9864 3.02323 -92.1666 
v -54.9864 2.99546 -92.196 
v -55.0201 2.98157 -92.1974 
v -55.0419 3.0004 -92.169 
v -56.422 2.99546 -92.196 
v -56.422 3.02323 -92.1666 
v -56.3666 3.0004 -92.169 
v -56.422 2.99546 -92.196 
v -56.3666 3.0004 -92.169 
v -56.3883 2.98157 -92.1974 
v -54.9527 2.91451 -92.2045 
v -54.908 2.94528 -92.1749 
v -54.931 2.89015 -92.1807 
v -54.9527 2.91451 -92.2045 
v -54.9387 2.94804 -92.201 
v -54.908 2.94528 -92.1749 
v -56.4557 2.91451 -92.2045 
v -56.4774 2.89015 -92.1807 
v -56.5004 2.94528 -92.1749 
v -56.4557 2.91451 -92.2045 
v -56.5004 2.94528 -92.1749 
v -56.4697 2.94804 -92.201 
v -54.9387 2.94804 -92.201 
v -54.931 3.0004 -92.169 
v -54.908 2.94528 -92.1749 
v -54.9387 2.94804 -92.201 
v -54.9527 2.98157 -92.1974 
v -54.931 3.0004 -92.169 
v -56.4697 2.94804 -92.201 
v -56.5004 2.94528 -92.1749 
v -56.4774 3.0004 -92.169 
v -56.4697 2.94804 -92.201 
v -56.4774 3.0004 -92.169 
v -56.4557 2.98157 -92.1974 
v -54.9864 2.90062 -92.206 
v -54.931 2.89015 -92.1807 
v -54.9864 2.86732 -92.1832 
v -54.9864 2.90062 -92.206 
v -54.9527 2.91451 -92.2045 
v -54.931 2.89015 -92.1807 
v -56.422 2.90062 -92.206 
v -56.422 2.86732 -92.1832 
v -56.4774 2.89015 -92.1807 
v -56.422 2.90062 -92.206 
v -56.4774 2.89015 -92.1807 
v -56.4557 2.91451 -92.2045 
v -54.9864 2.90062 -92.206 
v -55.0341 2.94804 -92.201 
v -54.9864 2.99546 -92.196 
v -54.9864 2.90062 -92.206 
v -55.0201 2.91451 -92.2045 
v -55.0341 2.94804 -92.201 
v -55.0341 2.94804 -92.201 
v -55.0201 2.98157 -92.1974 
v -54.9864 2.99546 -92.196 
v -54.9864 2.99546 -92.196 
v -54.9527 2.98157 -92.1974 
v -54.9387 2.94804 -92.201 
v -54.9387 2.94804 -92.201 
v -54.9527 2.91451 -92.2045 
v -54.9864 2.99546 -92.196 
v -54.9527 2.91451 -92.2045 
v -54.9864 2.90062 -92.206 
v -54.9864 2.99546 -92.196 
v -56.422 2.90062 -92.206 
v -56.422 2.99546 -92.196 
v -56.3743 2.94804 -92.201 
v -56.422 2.90062 -92.206 
v -56.3743 2.94804 -92.201 
v -56.3883 2.91451 -92.2045 
v -56.3743 2.94804 -92.201 
v -56.422 2.99546 -92.196 
v -56.3883 2.98157 -92.1974 
v -56.422 2.99546 -92.196 
v -56.4697 2.94804 -92.201 
v -56.4557 2.98157 -92.1974 
v -56.4697 2.94804 -92.201 
v -56.422 2.99546 -92.196 
v -56.4557 2.91451 -92.2045 
v -56.4557 2.91451 -92.2045 
v -56.422 2.99546 -92.196 
v -56.422 2.90062 -92.206 
v -55.0201 2.91451 -92.2045 
v -54.9864 2.86732 -92.1832 
v -55.0419 2.89015 -92.1807 
v -55.0201 2.91451 -92.2045 
v -54.9864 2.90062 -92.206 
v -54.9864 2.86732 -92.1832 
v -56.3883 2.91451 -92.2045 
v -56.3666 2.89015 -92.1807 
v -56.422 2.86732 -92.1832 
v -56.3883 2.91451 -92.2045 
v -56.422 2.86732 -92.1832 
v -56.422 2.90062 -92.206 
v -55.0341 2.94804 -92.201 
v -55.0419 2.89015 -92.1807 
v -55.0648 2.94528 -92.1749 
v -55.0341 2.94804 -92.201 
v -55.0201 2.91451 -92.2045 
v -55.0419 2.89015 -92.1807 
v -56.3743 2.94804 -92.201 
v -56.3436 2.94528 -92.1749 
v -56.3666 2.89015 -92.1807 
v -56.3743 2.94804 -92.201 
v -56.3666 2.89015 -92.1807 
v -56.3883 2.91451 -92.2045 
v -55.0201 2.98157 -92.1974 
v -55.0648 2.94528 -92.1749 
v -55.0419 3.0004 -92.169 
v -55.0201 2.98157 -92.1974 
v -55.0341 2.94804 -92.201 
v -55.0648 2.94528 -92.1749 
v -56.3883 2.98157 -92.1974 
v -56.3666 3.0004 -92.169 
v -56.3436 2.94528 -92.1749 
v -56.3883 2.98157 -92.1974 
v -56.3436 2.94528 -92.1749 
v -56.3743 2.94804 -92.201 

vn 0.259843 0.700787 -0.661417 
vn 0.259843 0.700787 -0.661417 
vn 0.259843 0.700787 -0.661417 
vn 0.259843 0.700787 -0.661417 
vn 0.259843 0.700787 -0.661417 
vn 0.259843 0.700787 -0.661417 
vn -0.259843 0.700787 -0.661417 
vn -0.259843 0.700787 -0.661417 
vn -0.259843 0.700787 -0.661417 
vn -0.259843 0.700787 -0.661417 
vn -0.259843 0.700787 -0.661417 
vn -0.259843 0.700787 -0.661417 
vn -0.259843 0.700787 -0.661417 
vn -0.259843 0.700787 -0.661417 
vn -0.259843 0.700787 -0.661417 
vn -0.259843 0.700787 -0.661417 
vn -0.259843 0.700787 -0.661417 
vn -0.259843 0.700787 -0.661417 
vn 0.259843 0.700787 -0.661417 
vn 0.259843 0.700787 -0.661417 
vn 0.259843 0.700787 -0.661417 
vn 0.259843 0.700787 -0.661417 
vn 0.259843 0.700787 -0.661417 
vn 0.259843 0.700787 -0.661417 
vn 0.629921 -0.181102 -0.755906 
vn 0.629921 -0.181102 -0.755906 
vn 0.629921 -0.181102 -0.755906 
vn 0.629921 -0.181102 -0.755906 
vn 0.629921 -0.181102 -0.755906 
vn 0.629921 -0.181102 -0.755906 
vn -0.629921 -0.181102 -0.755906 
vn -0.629921 -0.181102 -0.755906 
vn -0.629921 -0.181102 -0.755906 
vn -0.629921 -0.181102 -0.755906 
vn -0.629921 -0.181102 -0.755906 
vn -0.629921 -0.181102 -0.755906 
vn 0.629921 0.338583 -0.700787 
vn 0.629921 0.338583 -0.700787 
vn 0.629921 0.338583 -0.700787 
vn 0.629921 0.338583 -0.700787 
vn 0.629921 0.338583 -0.700787 
vn 0.629921 0.338583 -0.700787 
vn -0.629921 0.338583 -0.700787 
vn -0.629921 0.338583 -0.700787 
vn -0.629921 0.338583 -0.700787 
vn -0.629921 0.338583 -0.700787 
vn -0.629921 0.338583 -0.700787 
vn -0.629921 0.338583 -0.700787 
vn 0.259843 -0.543307 -0.795276 
vn 0.259843 -0.543307 -0.795276 
vn 0.259843 -0.543307 -0.795276 
vn 0.259843 -0.543307 -0.795276 
vn 0.259843 -0.543307 -0.795276 
vn 0.259843 -0.543307 -0.795276 
vn -0.259843 -0.543307 -0.795276 
vn -0.259843 -0.543307 -0.795276 
vn -0.259843 -0.543307 -0.795276 
vn -0.259843 -0.543307 -0.795276 
vn -0.259843 -0.543307 -0.795276 
vn -0.259843 -0.543307 -0.795276 
vn 0 0.102362 -0.992126 
vn 0 0.102362 -0.992126 
vn 0 0.102362 -0.992126 
vn 0 0.102362 -0.992126 
vn 0 0.102362 -0.992126 
vn 0 0.102362 -0.992126 
vn 0 0.102362 -0.992126 
vn 0 0.102362 -0.992126 
vn 0 0.102362 -0.992126 
vn 0 0.102362 -0.992126 
vn 0 0.102362 -0.992126 
vn 0 0.102362 -0.992126 
vn 0 0.102362 -0.992126 
vn 0 0.102362 -0.992126 
vn 0 0.102362 -0.992126 
vn 0 0.102362 -0.992126 
vn 0 0.102362 -0.992126 
vn 0 0.102362 -0.992126 
vn 0 0.102362 -0.992126 
vn 0 0.102362 -0.992126 
vn 0 0.102362 -0.992126 
vn 0 0.102362 -0.992126 
vn 0 0.102362 -0.992126 
vn 0 0.102362 -0.992126 
vn 0 0.102362 -0.992126 
vn 0 0.102362 -0.992126 
vn 0 0.102362 -0.992126 
vn 0 0.102362 -0.992126 
vn 0 0.102362 -0.992126 
vn 0 0.102362 -0.992126 
vn 0 0.102362 -0.992126 
vn 0 0.102362 -0.992126 
vn 0 0.102362 -0.992126 
vn 0 0.102362 -0.992126 
vn 0 0.102362 -0.992126 
vn 0 0.102362 -0.992126 
vn -0.259843 -0.543307 -0.795276 
vn -0.259843 -0.543307 -0.795276 
vn -0.259843 -0.543307 -0.795276 
vn -0.259843 -0.543307 -0.795276 
vn -0.259843 -0.543307 -0.795276 
vn -0.259843 -0.543307 -0.795276 
vn 0.259843 -0.543307 -0.795276 
vn 0.259843 -0.543307 -0.795276 
vn 0.259843 -0.543307 -0.795276 
vn 0.259843 -0.543307 -0.795276 
vn 0.259843 -0.543307 -0.795276 
vn 0.259843 -0.543307 -0.795276 
vn -0.629921 -0.181102 -0.755906 
vn -0.629921 -0.181102 -0.755906 
vn -0.629921 -0.181102 -0.755906 
vn -0.629921 -0.181102 -0.755906 
vn -0.629921 -0.181102 -0.755906 
vn -0.629921 -0.181102 -0.755906 
vn 0.629921 -0.181102 -0.755906 
vn 0.629921 -0.181102 -0.755906 
vn 0.629921 -0.181102 -0.755906 
vn 0.629921 -0.181102 -0.755906 
vn 0.629921 -0.181102 -0.755906 
vn 0.629921 -0.181102 -0.755906 
vn -0.629921 0.338583 -0.700787 
vn -0.629921 0.338583 -0.700787 
vn -0.629921 0.338583 -0.700787 
vn -0.629921 0.338583 -0.700787 
vn -0.629921 0.338583 -0.700787 
vn -0.629921 0.338583 -0.700787 
vn 0.629921 0.338583 -0.700787 
vn 0.629921 0.338583 -0.700787 
vn 0.629921 0.338583 -0.700787 
vn 0.629921 0.338583 -0.700787 
vn 0.629921 0.338583 -0.700787 
vn 0.629921 0.338583 -0.700787 

vt 58.0967 -13.0022 
vt 58.0897 -12.9988 
vt 58.0897 -13.0025 
vt 58.0967 -13.0022 
vt 58.0939 -12.9986 
vt 58.0897 -12.9988 
vt 57.9033 -13.0022 
vt 57.9103 -13.0025 
vt 57.9103 -12.9988 
vt 57.9033 -13.0022 
vt 57.9103 -12.9988 
vt 57.9061 -12.9986 
vt 58.0897 -12.9988 
vt 58.0828 -13.0022 
vt 58.0897 -13.0025 
vt 58.0897 -12.9988 
vt 58.0855 -12.9986 
vt 58.0828 -13.0022 
vt 57.9103 -12.9988 
vt 57.9103 -13.0025 
vt 57.9172 -13.0022 
vt 57.9103 -12.9988 
vt 57.9172 -13.0022 
vt 57.9145 -12.9986 
vt 57.9061 -13.0038 
vt 57.9005 -13 
vt 57.9033 -13.0069 
vt 57.9061 -13.0038 
vt 57.9043 -12.9997 
vt 57.9005 -13 
vt 58.0939 -13.0038 
vt 58.0967 -13.0069 
vt 58.0995 -13 
vt 58.0939 -13.0038 
vt 58.0995 -13 
vt 58.0957 -12.9997 
vt 57.9043 -12.9997 
vt 57.9033 -12.9931 
vt 57.9005 -13 
vt 57.9043 -12.9997 
vt 57.9061 -12.9955 
vt 57.9033 -12.9931 
vt 58.0957 -12.9997 
vt 58.0995 -13 
vt 58.0967 -12.9931 
vt 58.0957 -12.9997 
vt 58.0967 -12.9931 
vt 58.0939 -12.9955 
vt 57.9103 -13.0056 
vt 57.9033 -13.0069 
vt 57.9103 -13.0097 
vt 57.9103 -13.0056 
vt 57.9061 -13.0038 
vt 57.9033 -13.0069 
vt 58.0897 -13.0056 
vt 58.0897 -13.0097 
vt 58.0967 -13.0069 
vt 58.0897 -13.0056 
vt 58.0967 -13.0069 
vt 58.0939 -13.0038 
vt 57.9103 -13.0056 
vt 57.9162 -12.9997 
vt 57.9103 -12.9937 
vt 57.9103 -13.0056 
vt 57.9145 -13.0038 
vt 57.9162 -12.9997 
vt 57.9162 -12.9997 
vt 57.9145 -12.9955 
vt 57.9103 -12.9937 
vt 57.9103 -12.9937 
vt 57.9061 -12.9955 
vt 57.9043 -12.9997 
vt 57.9043 -12.9997 
vt 57.9061 -13.0038 
vt 57.9103 -12.9937 
vt 57.9061 -13.0038 
vt 57.9103 -13.0056 
vt 57.9103 -12.9937 
vt 58.0897 -13.0056 
vt 58.0897 -12.9937 
vt 58.0838 -12.9997 
vt 58.0897 -13.0056 
vt 58.0838 -12.9997 
vt 58.0855 -13.0038 
vt 58.0838 -12.9997 
vt 58.0897 -12.9937 
vt 58.0855 -12.9955 
vt 58.0897 -12.9937 
vt 58.0957 -12.9997 
vt 58.0939 -12.9955 
vt 58.0957 -12.9997 
vt 58.0897 -12.9937 
vt 58.0939 -13.0038 
vt 58.0939 -13.0038 
vt 58.0897 -12.9937 
vt 58.0897 -13.0056 
vt 57.9145 -13.0038 
vt 57.9103 -13.0097 
vt 57.9172 -13.0069 
vt 57.9145 -13.0038 
vt 57.9103 -13.0056 
vt 57.9103 -13.0097 
vt 58.0855 -13.0038 
vt 58.0828 -13.0069 
vt 58.0897 -13.0097 
vt 58.0855 -13.0038 
vt 58.0897 -13.0097 
vt 58.0897 -13.0056 
vt 57.9162 -12.9997 
vt 57.9172 -13.0069 
vt 57.9201 -13 
vt 57.9162 -12.9997 
vt 57.9145 -13.0038 
vt 57.9172 -13.0069 
vt 58.0838 -12.9997 
vt 58.0799 -13 
vt 58.0828 -13.0069 
vt 58.0838 -12.9997 
vt 58.0828 -13.0069 
vt 58.0855 -13.0038 
vt 57.9145 -12.9955 
vt 57.9201 -13 
vt 57.9172 -12.9931 
vt 57.9145 -12.9955 
vt 57.9162 -12.9997 
vt 57.9201 -13 
vt 58.0855 -12.9955 
vt 58.0828 -12.9931 
vt 58.0799 -13 
vt 58.0855 -12.9955 
vt 58.0799 -13 
vt 58.0838 -12.9997 

usemtl Bolt1Mtl

f 1178/1178/1178 1179/1179/1179 1180/1180/1180 
f 1181/1181/1181 1182/1182/1182 1183/1183/1183 
f 1184/1184/1184 1185/1185/1185 1186/1186/1186 
f 1187/1187/1187 1188/1188/1188 1189/1189/1189 
f 1190/1190/1190 1191/1191/1191 1192/1192/1192 
f 1193/1193/1193 1194/1194/1194 1195/1195/1195 
f 1196/1196/1196 1197/1197/1197 1198/1198/1198 
f 1199/1199/1199 1200/1200/1200 1201/1201/1201 
f 1202/1202/1202 1203/1203/1203 1204/1204/1204 
f 1205/1205/1205 1206/1206/1206 1207/1207/1207 
f 1208/1208/1208 1209/1209/1209 1210/1210/1210 
f 1211/1211/1211 1212/1212/1212 1213/1213/1213 
f 1214/1214/1214 1215/1215/1215 1216/1216/1216 
f 1217/1217/1217 1218/1218/1218 1219/1219/1219 
f 1220/1220/1220 1221/1221/1221 1222/1222/1222 
f 1223/1223/1223 1224/1224/1224 1225/1225/1225 
f 1226/1226/1226 1227/1227/1227 1228/1228/1228 
f 1229/1229/1229 1230/1230/1230 1231/1231/1231 
f 1232/1232/1232 1233/1233/1233 1234/1234/1234 
f 1235/1235/1235 1236/1236/1236 1237/1237/1237 
f 1238/1238/1238 1239/1239/1239 1240/1240/1240 
f 1241/1241/1241 1242/1242/1242 1243/1243/1243 
f 1244/1244/1244 1245/1245/1245 1246/1246/1246 
f 1247/1247/1247 1248/1248/1248 1249/1249/1249 
f 1250/1250/1250 1251/1251/1251 1252/1252/1252 
f 1253/1253/1253 1254/1254/1254 1255/1255/1255 
f 1256/1256/1256 1257/1257/1257 1258/1258/1258 
f 1259/1259/1259 1260/1260/1260 1261/1261/1261 
f 1262/1262/1262 1263/1263/1263 1264/1264/1264 
f 1265/1265/1265 1266/1266/1266 1267/1267/1267 
f 1268/1268/1268 1269/1269/1269 1270/1270/1270 
f 1271/1271/1271 1272/1272/1272 1273/1273/1273 
f 1274/1274/1274 1275/1275/1275 1276/1276/1276 
f 1277/1277/1277 1278/1278/1278 1279/1279/1279 
f 1280/1280/1280 1281/1281/1281 1282/1282/1282 
f 1283/1283/1283 1284/1284/1284 1285/1285/1285 
f 1286/1286/1286 1287/1287/1287 1288/1288/1288 
f 1289/1289/1289 1290/1290/1290 1291/1291/1291 
f 1292/1292/1292 1293/1293/1293 1294/1294/1294 
f 1295/1295/1295 1296/1296/1296 1297/1297/1297 
f 1298/1298/1298 1299/1299/1299 1300/1300/1300 
f 1301/1301/1301 1302/1302/1302 1303/1303/1303 
f 1304/1304/1304 1305/1305/1305 1306/1306/1306 
f 1307/1307/1307 1308/1308/1308 1309/1309/1309 

g Base2

v -57.7164 3.32475 -91.845 
v -57.6261 3.0568 -92.3954 
v -57.793 3.02656 -91.8582 
v -57.545 3.3555 -92.3826 
v -57.545 3.3555 -92.3826 
v -53.6921 3.32475 -91.845 
v -53.8635 3.3555 -92.3826 
v -57.7164 3.32475 -91.845 
v -53.8635 3.3555 -92.3826 
v -57.6261 3.0568 -92.3954 
v -57.545 3.3555 -92.3826 
v -53.7824 3.0568 -92.3954 
v -56.7876 3.03656 -92.1732 
v -54.6209 3.03656 -92.1732 
v -56.47 2.84934 -92.1876 
v -54.9385 2.84934 -92.1876 
v -53.6921 3.32475 -91.845 
v -53.7824 3.0568 -92.3954 
v -53.8635 3.3555 -92.3826 
v -53.6155 3.02656 -91.8582 
v -56.7876 3.03656 -92.1732 
v -56.47 2.83809 -91.8725 
v -56.7876 3.02532 -91.858 
v -56.47 2.84934 -92.1876 
v -54.9385 2.83809 -91.8725 
v -54.6209 3.03656 -92.1732 
v -54.6209 3.02532 -91.858 
v -54.9385 2.84934 -92.1876 
v -56.47 2.83809 -91.8725 
v -56.47 2.84934 -92.1876 
v -54.9385 2.83809 -91.8725 
v -54.9385 2.84934 -92.1876 
v -53.7824 3.0568 -92.3954 
v -53.6155 3.02656 -91.8582 
v -54.6209 3.03656 -92.1732 
v -56.7876 3.03656 -92.1732 
v -57.793 3.02656 -91.8582 
v -57.6261 3.0568 -92.3954 
v -53.7824 3.0568 -92.3954 
v -56.7876 3.03656 -92.1732 
v -57.6261 3.0568 -92.3954 
v -54.6209 3.03656 -92.1732 
v -56.7876 3.03656 -92.1732 
v -56.7876 3.02532 -91.858 
v -57.793 3.02656 -91.8582 
v -53.6155 3.02656 -91.8582 
v -54.6209 3.02532 -91.858 
v -54.6209 3.03656 -92.1732 
v -57.7164 3.32475 -91.845 
v -56.7876 3.02532 -91.858 
v -53.6921 3.32475 -91.845 
v -54.6209 3.02532 -91.858 
v -54.6209 3.02532 -91.858 
v -56.7876 3.02532 -91.858 
v -54.9385 2.83809 -91.8725 
v -56.47 2.83809 -91.8725 
v -54.6209 3.02532 -91.858 
v -53.6155 3.02656 -91.8582 
v -53.6921 3.32475 -91.845 
v -57.7164 3.32475 -91.845 
v -57.793 3.02656 -91.8582 
v -56.7876 3.02532 -91.858 

vn -0.929134 0.259843 -0.275591 
vn -0.929134 0.259843 -0.275591 
vn -0.929134 0.259843 -0.275591 
vn -0.929134 0.259843 -0.275591 
vn 0 1 0.0551181 
vn 0 1 0.0551181 
vn 0 1 0.0551181 
vn 0 1 0.0551181 
vn 0 0.0393701 -1 
vn 0 0.0393701 -1 
vn 0 0.0393701 -1 
vn 0 0.0393701 -1 
vn 0 0.0787402 -1 
vn 0 0.0787402 -1 
vn 0 0.0787402 -1 
vn 0 0.0787402 -1 
vn 0.929134 0.259843 -0.275591 
vn 0.929134 0.259843 -0.275591 
vn 0.929134 0.259843 -0.275591 
vn 0.929134 0.259843 -0.275591 
vn -0.511811 -0.858268 -0.0314961 
vn -0.511811 -0.858268 -0.0314961 
vn -0.511811 -0.858268 -0.0314961 
vn -0.511811 -0.858268 -0.0314961 
vn 0.511811 -0.858268 -0.0314961 
vn 0.511811 -0.858268 -0.0314961 
vn 0.511811 -0.858268 -0.0314961 
vn 0.511811 -0.858268 -0.0314961 
vn 0 -1 -0.0393701 
vn 0 -1 -0.0393701 
vn 0 -1 -0.0393701 
vn 0 -1 -0.0393701 
vn 0.00787402 -1 -0.0629921 
vn 0.00787402 -1 -0.0629921 
vn 0.00787402 -1 -0.0629921 
vn -0.00787402 -1 -0.0629921 
vn -0.00787402 -1 -0.0629921 
vn -0.00787402 -1 -0.0629921 
vn 0 -0.992126 -0.0866142 
vn 0 -0.992126 -0.0866142 
vn 0 -0.992126 -0.0866142 
vn 0 -0.992126 -0.0866142 
vn 0 -1 -0.0393701 
vn 0 -1 -0.0393701 
vn 0 -1 -0.0393701 
vn 0 -1 -0.0393701 
vn 0 -1 -0.0393701 
vn 0 -1 -0.0393701 
vn 0 -0.0472441 1 
vn 0 -0.0472441 1 
vn 0 -0.0472441 1 
vn 0 -0.0472441 1 
vn 0 -0.0787402 1 
vn 0 -0.0787402 1 
vn 0 -0.0787402 1 
vn 0 -0.0787402 1 
vn 0 -0.0472441 1 
vn 0 -0.0472441 1 
vn 0 -0.0472441 1 
vn 0 -0.0472441 1 
vn 0 -0.0472441 1 
vn 0 -0.0472441 1 

vt 52.0344 -18.9715 
vt 51.9656 -19.005 
vt 52.0328 -19.0088 
vt 51.9672 -18.9677 
vt 51.7699 -18.9672 
vt 52.2515 -19.0344 
vt 52.2301 -18.9672 
vt 51.7485 -19.0344 
vt 51.7699 -18.9677 
vt 52.2402 -19.005 
vt 52.2301 -18.9677 
vt 51.7598 -19.005 
vt 52.1354 -19.0075 
vt 51.8646 -19.0075 
vt 52.0957 -19.0309 
vt 51.9043 -19.0309 
vt 51.9656 -18.9715 
vt 52.0344 -19.005 
vt 52.0328 -18.9677 
vt 51.9672 -19.0088 
vt 52.1354 -18.9934 
vt 52.0957 -19.031 
vt 52.1354 -19.0328 
vt 52.0957 -18.9916 
vt 51.9043 -19.031 
vt 51.8646 -18.9934 
vt 51.8646 -19.0328 
vt 51.9043 -18.9916 
vt 52.0957 -19.031 
vt 52.0957 -18.9916 
vt 51.9043 -19.031 
vt 51.9043 -18.9916 
vt 51.7598 -18.9656 
vt 51.7389 -19.0328 
vt 51.8646 -18.9934 
vt 52.1354 -18.9934 
vt 52.2611 -19.0328 
vt 52.2402 -18.9656 
vt 51.7598 -18.9656 
vt 52.1354 -18.9934 
vt 52.2402 -18.9656 
vt 51.8646 -18.9934 
vt 52.1354 -18.9934 
vt 52.1354 -19.0328 
vt 52.2611 -19.0328 
vt 51.7389 -19.0328 
vt 51.8646 -19.0328 
vt 51.8646 -18.9934 
vt 51.7485 -18.9715 
vt 51.8646 -19.0089 
vt 52.2515 -18.9715 
vt 52.1354 -19.0089 
vt 52.1354 -19.0089 
vt 51.8646 -19.0089 
vt 52.0957 -19.0323 
vt 51.9043 -19.0323 
vt 52.1354 -19.0089 
vt 52.2611 -19.0088 
vt 52.2515 -18.9715 
vt 51.7485 -18.9715 
vt 51.7389 -19.0088 
vt 51.8646 -19.0089 

usemtl Hinge1Mtl

f 1310/1310/1310 1311/1311/1311 1312/1312/1312 
f 1311/1311/1311 1310/1310/1310 1313/1313/1313 
f 1314/1314/1314 1315/1315/1315 1316/1316/1316 
f 1315/1315/1315 1314/1314/1314 1317/1317/1317 
f 1318/1318/1318 1319/1319/1319 1320/1320/1320 
f 1319/1319/1319 1318/1318/1318 1321/1321/1321 
f 1322/1322/1322 1323/1323/1323 1324/1324/1324 
f 1323/1323/1323 1325/1325/1325 1324/1324/1324 
f 1326/1326/1326 1327/1327/1327 1328/1328/1328 
f 1327/1327/1327 1326/1326/1326 1329/1329/1329 
f 1330/1330/1330 1331/1331/1331 1332/1332/1332 
f 1331/1331/1331 1330/1330/1330 1333/1333/1333 
f 1334/1334/1334 1335/1335/1335 1336/1336/1336 
f 1335/1335/1335 1334/1334/1334 1337/1337/1337 
f 1338/1338/1338 1339/1339/1339 1340/1340/1340 
f 1340/1340/1340 1339/1339/1339 1341/1341/1341 
f 1342/1342/1342 1343/1343/1343 1344/1344/1344 
f 1345/1345/1345 1346/1346/1346 1347/1347/1347 
f 1348/1348/1348 1349/1349/1349 1350/1350/1350 
f 1349/1349/1349 1348/1348/1348 1351/1351/1351 
f 1352/1352/1352 1353/1353/1353 1354/1354/1354 
f 1355/1355/1355 1356/1356/1356 1357/1357/1357 
f 1358/1358/1358 1359/1359/1359 1360/1360/1360 
f 1360/1360/1360 1359/1359/1359 1361/1361/1361 
f 1362/1362/1362 1363/1363/1363 1364/1364/1364 
f 1363/1363/1363 1365/1365/1365 1364/1364/1364 
f 1366/1366/1366 1367/1367/1367 1368/1368/1368 
f 1369/1369/1369 1370/1370/1370 1371/1371/1371 

g Bracket1

v -55.0969 7.32541 -91.6102 
v -56.1083 7.28597 -91.3575 
v -55.3002 7.28597 -91.3575 
v -55.0969 7.32541 -91.6102 
v -56.3117 7.32541 -91.6102 
v -56.1083 7.28597 -91.3575 
v -54.983 7.09481 -91.6411 
v -56.1502 7.1086 -91.3283 
v -56.4256 7.09481 -91.6411 
v -54.983 7.09481 -91.6411 
v -55.2583 7.1086 -91.3283 
v -56.1502 7.1086 -91.3283 
v -56.1502 7.1086 -91.3283 
v -56.3117 7.32541 -91.6102 
v -56.4256 7.09481 -91.6411 
v -56.1502 7.1086 -91.3283 
v -56.1083 7.28597 -91.3575 
v -56.3117 7.32541 -91.6102 
v -55.0969 7.32541 -91.6102 
v -55.2583 7.1086 -91.3283 
v -54.983 7.09481 -91.6411 
v -55.0969 7.32541 -91.6102 
v -55.3002 7.28597 -91.3575 
v -55.2583 7.1086 -91.3283 
v -55.3002 7.28597 -91.3575 
v -56.1502 7.1086 -91.3283 
v -55.2583 7.1086 -91.3283 
v -55.3002 7.28597 -91.3575 
v -56.1083 7.28597 -91.3575 
v -56.1502 7.1086 -91.3283 

vn 0 0.984252 0.15748 
vn 0 0.984252 0.15748 
vn 0 0.984252 0.15748 
vn 0 0.984252 0.15748 
vn 0 0.984252 0.15748 
vn 0 0.984252 0.15748 
vn 0 -1 0.0472441 
vn 0 -1 0.0472441 
vn 0 -1 0.0472441 
vn 0 -1 0.0472441 
vn 0 -1 0.0472441 
vn 0 -1 0.0472441 
vn -0.724409 0.275591 0.629921 
vn -0.724409 0.275591 0.629921 
vn -0.724409 0.275591 0.629921 
vn -0.724409 0.275591 0.629921 
vn -0.724409 0.275591 0.629921 
vn -0.724409 0.275591 0.629921 
vn 0.724409 0.275591 0.629921 
vn 0.724409 0.275591 0.629921 
vn 0.724409 0.275591 0.629921 
vn 0.724409 0.275591 0.629921 
vn 0.724409 0.275591 0.629921 
vn 0.724409 0.275591 0.629921 
vn 0 0.165354 0.984252 
vn 0 0.165354 0.984252 
vn 0 0.165354 0.984252 
vn 0 0.165354 0.984252 
vn 0 0.165354 0.984252 
vn 0 0.165354 0.984252 

vt 24.0759 -58.9843 
vt 23.9495 -59.0159 
vt 24.0505 -59.0159 
vt 24.0759 -58.9843 
vt 23.9241 -58.9843 
vt 23.9495 -59.0159 
vt 23.9098 -58.9804 
vt 24.0557 -59.0196 
vt 24.0902 -58.9804 
vt 23.9098 -58.9804 
vt 23.9443 -59.0196 
vt 24.0557 -59.0196 
vt 23.9443 -59.0127 
vt 23.9241 -58.9856 
vt 23.9098 -59.0144 
vt 23.9443 -59.0127 
vt 23.9495 -58.9905 
vt 23.9241 -58.9856 
vt 24.0759 -58.9856 
vt 24.0557 -59.0127 
vt 24.0902 -59.0144 
vt 24.0759 -58.9856 
vt 24.0505 -58.9905 
vt 24.0557 -59.0127 
vt 24.0505 -58.9905 
vt 23.9443 -59.0127 
vt 24.0557 -59.0127 
vt 24.0505 -58.9905 
vt 23.9495 -58.9905 
vt 23.9443 -59.0127 

usemtl Bolt1Mtl

f 1372/1372/1372 1373/1373/1373 1374/1374/1374 
f 1375/1375/1375 1376/1376/1376 1377/1377/1377 
f 1378/1378/1378 1379/1379/1379 1380/1380/1380 
f 1381/1381/1381 1382/1382/1382 1383/1383/1383 
f 1384/1384/1384 1385/1385/1385 1386/1386/1386 
f 1387/1387/1387 1388/1388/1388 1389/1389/1389 
f 1390/1390/1390 1391/1391/1391 1392/1392/1392 
f 1393/1393/1393 1394/1394/1394 1395/1395/1395 
f 1396/1396/1396 1397/1397/1397 1398/1398/1398 
f 1399/1399/1399 1400/1400/1400 1401/1401/1401 

g Bolts2

v -56.3751 7.14572 -91.7838 
v -56.4093 7.22784 -91.7751 
v -56.3628 7.2359 -91.8511 
v -56.3751 7.14572 -91.7838 
v -56.3628 7.2359 -91.8511 
v -56.3422 7.18647 -91.8564 
v -56.3628 7.2359 -91.8511 
v -56.4093 7.22784 -91.7751 
v -56.3751 7.30996 -91.7664 
v -56.3628 7.2359 -91.8511 
v -56.3751 7.30996 -91.7664 
v -56.3422 7.28532 -91.8459 
v -56.2925 7.166 -91.8585 
v -55.1864 7.2359 -91.8511 
v -55.1986 7.14572 -91.7838 
v -55.2328 7.22784 -91.7751 
v -55.1986 7.30996 -91.7664 
v -56.2428 7.28532 -91.8459 
v -55.1864 7.2359 -91.8511 
v -55.1986 7.14572 -91.7838 
v -55.2328 7.22784 -91.7751 
v -55.1864 7.2359 -91.8511 
v -55.1658 7.18647 -91.8564 
v -55.1986 7.14572 -91.7838 
v -55.1658 7.28532 -91.8459 
v -55.2328 7.22784 -91.7751 
v -55.1986 7.30996 -91.7664 
v -55.1658 7.28532 -91.8459 
v -55.1864 7.2359 -91.8511 
v -55.2328 7.22784 -91.7751 
v -55.0458 7.2359 -91.8511 
v -56.3628 7.2359 -91.8511 
v -55.0335 7.30996 -91.7664 
v -56.3751 7.30996 -91.7664 
v -55.0335 7.30996 -91.7664 
v -55.1161 7.30579 -91.8437 
v -55.1161 7.34398 -91.7628 
v -55.0335 7.30996 -91.7664 
v -55.0664 7.28532 -91.8459 
v -55.1161 7.30579 -91.8437 
v -56.3751 7.30996 -91.7664 
v -56.2925 7.34398 -91.7628 
v -56.2925 7.30579 -91.8437 
v -56.3751 7.30996 -91.7664 
v -56.2925 7.30579 -91.8437 
v -56.3422 7.28532 -91.8459 
v -55.1864 7.2359 -91.8511 
v -55.1986 7.30996 -91.7664 
v -56.2428 7.28532 -91.8459 
v -56.2099 7.30996 -91.7664 
v -55.1161 7.30579 -91.8437 
v -55.1986 7.30996 -91.7664 
v -55.1161 7.34398 -91.7628 
v -55.1161 7.30579 -91.8437 
v -55.1658 7.28532 -91.8459 
v -55.1986 7.30996 -91.7664 
v -56.2925 7.30579 -91.8437 
v -56.2925 7.34398 -91.7628 
v -56.2099 7.30996 -91.7664 
v -56.2925 7.30579 -91.8437 
v -56.2099 7.30996 -91.7664 
v -56.2428 7.28532 -91.8459 
v -55.0335 7.14572 -91.7838 
v -55.0458 7.2359 -91.8511 
v -56.3751 7.14572 -91.7838 
v -56.3628 7.2359 -91.8511 
v -55.0335 7.30996 -91.7664 
v -55.0664 7.28532 -91.8459 
v -56.3751 7.30996 -91.7664 
v -55.1161 7.166 -91.8585 
v -56.2925 7.11171 -91.7874 
v -55.1161 7.34398 -91.7628 
v -55.0664 7.18647 -91.8564 
v -55.1161 7.166 -91.8585 
v -55.1161 7.30579 -91.8437 
v -55.0458 7.2359 -91.8511 
v -55.1658 7.18647 -91.8564 
v -55.1864 7.2359 -91.8511 
v -55.1864 7.2359 -91.8511 
v -55.1658 7.28532 -91.8459 
v -55.1161 7.30579 -91.8437 
v -55.1161 7.30579 -91.8437 
v -55.0664 7.28532 -91.8459 
v -55.0458 7.2359 -91.8511 
v -55.1986 7.14572 -91.7838 
v -56.3422 7.18647 -91.8564 
v -56.2925 7.30579 -91.8437 
v -56.2925 7.166 -91.8585 
v -56.3628 7.2359 -91.8511 
v -56.2428 7.18647 -91.8564 
v -56.2222 7.2359 -91.8511 
v -56.2222 7.2359 -91.8511 
v -56.2925 7.30579 -91.8437 
v -56.2428 7.28532 -91.8459 
v -56.2925 7.30579 -91.8437 
v -56.3628 7.2359 -91.8511 
v -56.3422 7.28532 -91.8459 
v -55.0335 7.14572 -91.7838 
v -55.0458 7.2359 -91.8511 
v -54.9993 7.22784 -91.7751 
v -55.0335 7.14572 -91.7838 
v -55.0664 7.18647 -91.8564 
v -55.0458 7.2359 -91.8511 
v -55.0458 7.2359 -91.8511 
v -55.0335 7.30996 -91.7664 
v -54.9993 7.22784 -91.7751 
v -55.0458 7.2359 -91.8511 
v -55.0664 7.28532 -91.8459 
v -55.0335 7.30996 -91.7664 
v -56.2925 7.166 -91.8585 
v -56.2925 7.11171 -91.7874 
v -56.2428 7.28532 -91.8459 
v -56.2099 7.30996 -91.7664 
v -56.2099 7.14572 -91.7838 
v -56.2222 7.2359 -91.8511 
v -56.1757 7.22784 -91.7751 
v -56.2099 7.14572 -91.7838 
v -56.2222 7.2359 -91.8511 
v -56.2099 7.14572 -91.7838 
v -56.2428 7.18647 -91.8564 
v -56.2428 7.28532 -91.8459 
v -56.2099 7.30996 -91.7664 
v -56.1757 7.22784 -91.7751 
v -56.2428 7.28532 -91.8459 
v -56.1757 7.22784 -91.7751 
v -56.2222 7.2359 -91.8511 
v -55.0335 7.14572 -91.7838 
v -56.3751 7.14572 -91.7838 
v -55.1161 7.166 -91.8585 
v -55.0335 7.14572 -91.7838 
v -55.1161 7.11171 -91.7874 
v -55.1161 7.166 -91.8585 
v -55.0664 7.18647 -91.8564 
v -55.0335 7.14572 -91.7838 
v -56.2925 7.166 -91.8585 
v -56.2925 7.11171 -91.7874 
v -56.3751 7.14572 -91.7838 
v -56.2925 7.166 -91.8585 
v -56.3751 7.14572 -91.7838 
v -56.3422 7.18647 -91.8564 
v -55.1986 7.14572 -91.7838 
v -55.1658 7.18647 -91.8564 
v -55.1161 7.11171 -91.7874 
v -55.1986 7.14572 -91.7838 
v -55.1658 7.18647 -91.8564 
v -55.1161 7.166 -91.8585 
v -55.1161 7.11171 -91.7874 
v -56.2428 7.18647 -91.8564 
v -56.2099 7.14572 -91.7838 
v -56.2925 7.11171 -91.7874 
v -56.2428 7.18647 -91.8564 
v -56.2925 7.11171 -91.7874 
v -56.2925 7.166 -91.8585 
v -55.0335 7.14572 -91.7838 
v -56.3751 7.14572 -91.7838 
v -55.0335 7.30996 -91.7664 
v -55.0664 7.28532 -91.8459 
v -56.3751 7.30996 -91.7664 
v -56.2925 7.11171 -91.7874 
v -55.1161 7.34398 -91.7628 
v -56.2925 7.34398 -91.7628 
v -55.1658 7.28532 -91.8459 
v -55.0335 7.30996 -91.7664 
v -55.0335 7.14572 -91.7838 
v -54.9993 7.22784 -91.7751 
v -55.1986 7.14572 -91.7838 
v -55.1161 7.11171 -91.7874 
v -55.2328 7.22784 -91.7751 
v -55.1986 7.30996 -91.7664 
v -55.1161 7.34398 -91.7628 
v -56.2428 7.28532 -91.8459 
v -56.3751 7.30996 -91.7664 
v -56.1757 7.22784 -91.7751 
v -56.2099 7.30996 -91.7664 
v -56.2925 7.34398 -91.7628 
v -56.3751 7.14572 -91.7838 
v -56.4093 7.22784 -91.7751 
v -56.2099 7.14572 -91.7838 
v -56.2925 7.11171 -91.7874 

vn -0.80315 -0.283465 -0.519685 
vn -0.80315 -0.283465 -0.519685 
vn -0.80315 -0.283465 -0.519685 
vn -0.80315 -0.283465 -0.519685 
vn -0.80315 -0.283465 -0.519685 
vn -0.80315 -0.283465 -0.519685 
vn -0.80315 0.385827 -0.448819 
vn -0.80315 0.385827 -0.448819 
vn -0.80315 0.385827 -0.448819 
vn -0.80315 0.385827 -0.448819 
vn -0.80315 0.385827 -0.448819 
vn -0.80315 0.385827 -0.448819 
vn -0.330709 -0.748031 -0.574803 
vn 0 0.102362 -0.992126 
vn 0 -0.102362 0.992126 
vn 0 -0.102362 0.992126 
vn 0 -0.102362 0.992126 
vn 0 0.102362 -0.992126 
vn -0.80315 -0.283465 -0.519685 
vn -0.80315 -0.283465 -0.519685 
vn -0.80315 -0.283465 -0.519685 
vn -0.80315 -0.283465 -0.519685 
vn -0.80315 -0.283465 -0.519685 
vn -0.80315 -0.283465 -0.519685 
vn -0.80315 0.385827 -0.448819 
vn -0.80315 0.385827 -0.448819 
vn -0.80315 0.385827 -0.448819 
vn -0.80315 0.385827 -0.448819 
vn -0.80315 0.385827 -0.448819 
vn -0.80315 0.385827 -0.448819 
vn 0.80315 -0.283465 -0.519685 
vn -0.80315 -0.283465 -0.519685 
vn 0.80315 0.385827 -0.448819 
vn -0.80315 0.385827 -0.448819 
vn 0.330709 0.850394 -0.401575 
vn 0.330709 0.850394 -0.401575 
vn 0.330709 0.850394 -0.401575 
vn 0.330709 0.850394 -0.401575 
vn 0.330709 0.850394 -0.401575 
vn 0.330709 0.850394 -0.401575 
vn -0.330709 0.850394 -0.401575 
vn -0.330709 0.850394 -0.401575 
vn -0.330709 0.850394 -0.401575 
vn -0.330709 0.850394 -0.401575 
vn -0.330709 0.850394 -0.401575 
vn -0.330709 0.850394 -0.401575 
vn 0 0.102362 -0.992126 
vn 0 -0.102362 0.992126 
vn 0 0.102362 -0.992126 
vn 0 -0.102362 0.992126 
vn -0.330709 0.850394 -0.401575 
vn -0.330709 0.850394 -0.401575 
vn -0.330709 0.850394 -0.401575 
vn -0.330709 0.850394 -0.401575 
vn -0.330709 0.850394 -0.401575 
vn -0.330709 0.850394 -0.401575 
vn 0.330709 0.850394 -0.401575 
vn 0.330709 0.850394 -0.401575 
vn 0.330709 0.850394 -0.401575 
vn 0.330709 0.850394 -0.401575 
vn 0.330709 0.850394 -0.401575 
vn 0.330709 0.850394 -0.401575 
vn 0.80315 -0.283465 -0.519685 
vn 0.80315 -0.283465 -0.519685 
vn -0.80315 -0.283465 -0.519685 
vn -0.80315 -0.283465 -0.519685 
vn 0.80315 0.385827 -0.448819 
vn 0.80315 0.385827 -0.448819 
vn -0.80315 0.385827 -0.448819 
vn 0.330709 -0.748031 -0.574803 
vn -0.330709 -0.748031 -0.574803 
vn 0.330709 0.850394 -0.401575 
vn 0 0.102362 -0.992126 
vn 0 0.102362 -0.992126 
vn 0 0.102362 -0.992126 
vn 0 0.102362 -0.992126 
vn 0 0.102362 -0.992126 
vn 0 0.102362 -0.992126 
vn 0 0.102362 -0.992126 
vn 0 0.102362 -0.992126 
vn 0 0.102362 -0.992126 
vn 0 0.102362 -0.992126 
vn 0 0.102362 -0.992126 
vn 0 0.102362 -0.992126 
vn 0 -0.102362 0.992126 
vn 0 0.102362 -0.992126 
vn 0 0.102362 -0.992126 
vn 0 0.102362 -0.992126 
vn 0 0.102362 -0.992126 
vn 0 0.102362 -0.992126 
vn 0 0.102362 -0.992126 
vn 0 0.102362 -0.992126 
vn 0 0.102362 -0.992126 
vn 0 0.102362 -0.992126 
vn 0 0.102362 -0.992126 
vn 0 0.102362 -0.992126 
vn 0 0.102362 -0.992126 
vn 0.80315 -0.283465 -0.519685 
vn 0.80315 -0.283465 -0.519685 
vn 0.80315 -0.283465 -0.519685 
vn 0.80315 -0.283465 -0.519685 
vn 0.80315 -0.283465 -0.519685 
vn 0.80315 -0.283465 -0.519685 
vn 0.80315 0.385827 -0.448819 
vn 0.80315 0.385827 -0.448819 
vn 0.80315 0.385827 -0.448819 
vn 0.80315 0.385827 -0.448819 
vn 0.80315 0.385827 -0.448819 
vn 0.80315 0.385827 -0.448819 
vn -0.330709 -0.748031 -0.574803 
vn -0.330709 -0.748031 -0.574803 
vn 0 0.102362 -0.992126 
vn 0 -0.102362 0.992126 
vn 0 -0.102362 0.992126 
vn 0.80315 -0.283465 -0.519685 
vn 0.80315 -0.283465 -0.519685 
vn 0.80315 -0.283465 -0.519685 
vn 0.80315 -0.283465 -0.519685 
vn 0.80315 -0.283465 -0.519685 
vn 0.80315 -0.283465 -0.519685 
vn 0.80315 0.385827 -0.448819 
vn 0.80315 0.385827 -0.448819 
vn 0.80315 0.385827 -0.448819 
vn 0.80315 0.385827 -0.448819 
vn 0.80315 0.385827 -0.448819 
vn 0.80315 0.385827 -0.448819 
vn 0.80315 -0.283465 -0.519685 
vn -0.80315 -0.283465 -0.519685 
vn 0.330709 -0.748031 -0.574803 
vn 0.330709 -0.748031 -0.574803 
vn 0.330709 -0.748031 -0.574803 
vn 0.330709 -0.748031 -0.574803 
vn 0.330709 -0.748031 -0.574803 
vn 0.330709 -0.748031 -0.574803 
vn -0.330709 -0.748031 -0.574803 
vn -0.330709 -0.748031 -0.574803 
vn -0.330709 -0.748031 -0.574803 
vn -0.330709 -0.748031 -0.574803 
vn -0.330709 -0.748031 -0.574803 
vn -0.330709 -0.748031 -0.574803 
vn 0 -0.102362 0.992126 
vn -0.330709 -0.748031 -0.574803 
vn -0.330709 -0.748031 -0.574803 
vn -0.330709 -0.748031 -0.574803 
vn -0.330709 -0.748031 -0.574803 
vn -0.330709 -0.748031 -0.574803 
vn -0.330709 -0.748031 -0.574803 
vn 0.330709 -0.748031 -0.574803 
vn 0.330709 -0.748031 -0.574803 
vn 0.330709 -0.748031 -0.574803 
vn 0.330709 -0.748031 -0.574803 
vn 0.330709 -0.748031 -0.574803 
vn 0.330709 -0.748031 -0.574803 
vn 0.80315 -0.283465 -0.519685 
vn -0.80315 -0.283465 -0.519685 
vn 0.80315 0.385827 -0.448819 
vn 0.80315 0.385827 -0.448819 
vn -0.80315 0.385827 -0.448819 
vn -0.330709 -0.748031 -0.574803 
vn 0.330709 0.850394 -0.401575 
vn -0.330709 0.850394 -0.401575 
vn 0 0.102362 -0.992126 
vn 0 -0.102362 0.992126 
vn 0 -0.102362 0.992126 
vn 0 -0.102362 0.992126 
vn 0 -0.102362 0.992126 
vn 0 -0.102362 0.992126 
vn 0 -0.102362 0.992126 
vn 0 -0.102362 0.992126 
vn 0 -0.102362 0.992126 
vn 0 0.102362 -0.992126 
vn 0 -0.102362 0.992126 
vn 0 -0.102362 0.992126 
vn 0 -0.102362 0.992126 
vn 0 -0.102362 0.992126 
vn 0 -0.102362 0.992126 
vn 0 -0.102362 0.992126 
vn 0 -0.102362 0.992126 
vn 0 -0.102362 0.992126 

vt 62.0034 -9.01027 
vt 62.0044 -9 
vt 61.9949 -8.99899 
vt 62.0034 -9.01027 
vt 61.9949 -8.99899 
vt 61.9943 -9.00517 
vt 61.9949 -8.99899 
vt 62.0044 -9 
vt 62.0055 -8.98973 
vt 61.9949 -8.99899 
vt 62.0055 -8.98973 
vt 61.9956 -8.99282 
vt 61.994 -9.00773 
vt 61.9949 -8.99899 
vt 62.0034 -9.01027 
vt 62.0044 -9 
vt 62.0055 -8.98973 
vt 61.9956 -8.99282 
vt 61.9949 -8.99899 
vt 62.0034 -9.01027 
vt 62.0044 -9 
vt 61.9949 -8.99899 
vt 61.9943 -9.00517 
vt 62.0034 -9.01027 
vt 61.9956 -8.99282 
vt 62.0044 -9 
vt 62.0055 -8.98973 
vt 61.9956 -8.99282 
vt 61.9949 -8.99899 
vt 62.0044 -9 
vt 62.0823 -8.99494 
vt 61.9177 -8.99494 
vt 62.0838 -9.00553 
vt 61.9162 -9.00553 
vt 62.0838 -9.00553 
vt 62.0735 -8.99587 
vt 62.0735 -9.00598 
vt 62.0838 -9.00553 
vt 62.0797 -8.9956 
vt 62.0735 -8.99587 
vt 61.9162 -9.00553 
vt 61.9265 -9.00598 
vt 61.9265 -8.99587 
vt 61.9162 -9.00553 
vt 61.9265 -8.99587 
vt 61.9203 -8.9956 
vt 62.0647 -8.99494 
vt 62.0632 -9.00553 
vt 61.9327 -8.9956 
vt 61.9368 -9.00553 
vt 62.0735 -8.99587 
vt 62.0632 -9.00553 
vt 62.0735 -9.00598 
vt 62.0735 -8.99587 
vt 62.0673 -8.9956 
vt 62.0632 -9.00553 
vt 61.9265 -8.99587 
vt 61.9265 -9.00598 
vt 61.9368 -9.00553 
vt 61.9265 -8.99587 
vt 61.9368 -9.00553 
vt 61.9327 -8.9956 
vt 61.9162 -9.01027 
vt 61.9177 -8.99899 
vt 62.0838 -9.01027 
vt 62.0823 -8.99899 
vt 61.9162 -8.98973 
vt 61.9203 -8.99282 
vt 62.0838 -8.98973 
vt 61.9265 -9.00773 
vt 62.0735 -9.01452 
vt 61.9265 -8.98548 
vt 61.9203 -9.00517 
vt 61.9265 -9.00773 
vt 61.9265 -8.99026 
vt 61.9177 -8.99899 
vt 61.9327 -9.00517 
vt 61.9353 -8.99899 
vt 61.9353 -8.99899 
vt 61.9327 -8.99282 
vt 61.9265 -8.99026 
vt 61.9265 -8.99026 
vt 61.9203 -8.99282 
vt 61.9177 -8.99899 
vt 61.9368 -9.01027 
vt 62.0797 -9.00517 
vt 62.0735 -8.99026 
vt 62.0735 -9.00773 
vt 62.0823 -8.99899 
vt 62.0673 -9.00517 
vt 62.0647 -8.99899 
vt 62.0647 -8.99899 
vt 62.0735 -8.99026 
vt 62.0673 -8.99282 
vt 62.0735 -8.99026 
vt 62.0823 -8.99899 
vt 62.0797 -8.99282 
vt 61.9966 -9.01027 
vt 62.0051 -8.99899 
vt 61.9956 -9 
vt 61.9966 -9.01027 
vt 62.0057 -9.00517 
vt 62.0051 -8.99899 
vt 62.0051 -8.99899 
vt 61.9945 -8.98973 
vt 61.9956 -9 
vt 62.0051 -8.99899 
vt 62.0044 -8.99282 
vt 61.9945 -8.98973 
vt 62.006 -9.00773 
vt 61.9971 -9.01452 
vt 62.0044 -8.99282 
vt 61.9945 -8.98973 
vt 61.9966 -9.01027 
vt 62.0051 -8.99899 
vt 61.9956 -9 
vt 61.9966 -9.01027 
vt 62.0051 -8.99899 
vt 61.9966 -9.01027 
vt 62.0057 -9.00517 
vt 62.0044 -8.99282 
vt 61.9945 -8.98973 
vt 61.9956 -9 
vt 62.0044 -8.99282 
vt 61.9956 -9 
vt 62.0051 -8.99899 
vt 61.9162 -9.00335 
vt 62.0838 -9.00335 
vt 61.9265 -8.99402 
vt 61.9162 -9.00335 
vt 61.9265 -9.0029 
vt 61.9265 -8.99402 
vt 61.9203 -8.99429 
vt 61.9162 -9.00335 
vt 62.0735 -8.99402 
vt 62.0735 -9.0029 
vt 62.0838 -9.00335 
vt 62.0735 -8.99402 
vt 62.0838 -9.00335 
vt 62.0797 -8.99429 
vt 61.9368 -9.00335 
vt 61.9327 -8.99429 
vt 61.9265 -9.0029 
vt 61.9368 -9.00335 
vt 61.9327 -8.99429 
vt 61.9265 -8.99402 
vt 61.9265 -9.0029 
vt 62.0673 -8.99429 
vt 62.0632 -9.00335 
vt 62.0735 -9.0029 
vt 62.0673 -8.99429 
vt 62.0735 -9.0029 
vt 62.0735 -8.99402 
vt 62.0838 -9.01027 
vt 61.9162 -9.01027 
vt 62.0838 -8.98973 
vt 62.0797 -8.99282 
vt 61.9162 -8.98973 
vt 61.9265 -9.01452 
vt 62.0735 -8.98548 
vt 61.9265 -8.98548 
vt 62.0673 -8.99282 
vt 62.0838 -8.98973 
vt 62.0838 -9.01027 
vt 62.0881 -9 
vt 62.0632 -9.01027 
vt 62.0735 -9.01452 
vt 62.0589 -9 
vt 62.0632 -8.98973 
vt 62.0735 -8.98548 
vt 61.9327 -8.99282 
vt 61.9162 -8.98973 
vt 61.9411 -9 
vt 61.9368 -8.98973 
vt 61.9265 -8.98548 
vt 61.9162 -9.01027 
vt 61.9119 -9 
vt 61.9368 -9.01027 
vt 61.9265 -9.01452 

usemtl Bolt1Mtl

f 1402/1402/1402 1403/1403/1403 1404/1404/1404 
f 1405/1405/1405 1406/1406/1406 1407/1407/1407 
f 1408/1408/1408 1409/1409/1409 1410/1410/1410 
f 1411/1411/1411 1412/1412/1412 1413/1413/1413 
f 1420/1420/1420 1421/1421/1421 1422/1422/1422 
f 1423/1423/1423 1424/1424/1424 1425/1425/1425 
f 1426/1426/1426 1427/1427/1427 1428/1428/1428 
f 1429/1429/1429 1430/1430/1430 1431/1431/1431 
f 1436/1436/1436 1437/1437/1437 1438/1438/1438 
f 1439/1439/1439 1440/1440/1440 1441/1441/1441 
f 1442/1442/1442 1443/1443/1443 1444/1444/1444 
f 1445/1445/1445 1446/1446/1446 1447/1447/1447 
f 1452/1452/1452 1453/1453/1453 1454/1454/1454 
f 1455/1455/1455 1456/1456/1456 1457/1457/1457 
f 1458/1458/1458 1459/1459/1459 1460/1460/1460 
f 1461/1461/1461 1462/1462/1462 1463/1463/1463 
f 1474/1474/1474 1475/1475/1475 1476/1476/1476 
f 1477/1477/1477 1474/1474/1474 1476/1476/1476 
f 1475/1475/1475 1478/1478/1478 1476/1476/1476 
f 1478/1478/1478 1479/1479/1479 1476/1476/1476 
f 1480/1480/1480 1481/1481/1481 1482/1482/1482 
f 1483/1483/1483 1484/1484/1484 1485/1485/1485 
f 1487/1487/1487 1488/1488/1488 1489/1489/1489 
f 1490/1490/1490 1488/1488/1488 1487/1487/1487 
f 1489/1489/1489 1488/1488/1488 1491/1491/1491 
f 1491/1491/1491 1488/1488/1488 1492/1492/1492 
f 1493/1493/1493 1494/1494/1494 1495/1495/1495 
f 1496/1496/1496 1497/1497/1497 1498/1498/1498 
f 1499/1499/1499 1500/1500/1500 1501/1501/1501 
f 1502/1502/1502 1503/1503/1503 1504/1504/1504 
f 1505/1505/1505 1506/1506/1506 1507/1507/1507 
f 1508/1508/1508 1509/1509/1509 1510/1510/1510 
f 1516/1516/1516 1517/1517/1517 1518/1518/1518 
f 1519/1519/1519 1520/1520/1520 1521/1521/1521 
f 1522/1522/1522 1523/1523/1523 1524/1524/1524 
f 1525/1525/1525 1526/1526/1526 1527/1527/1527 
f 1530/1530/1530 1531/1531/1531 1532/1532/1532 
f 1533/1533/1533 1534/1534/1534 1535/1535/1535 
f 1536/1536/1536 1537/1537/1537 1538/1538/1538 
f 1539/1539/1539 1540/1540/1540 1541/1541/1541 
f 1543/1543/1543 1544/1544/1544 1545/1545/1545 
f 1546/1546/1546 1547/1547/1547 1548/1548/1548 
f 1549/1549/1549 1550/1550/1550 1551/1551/1551 
f 1552/1552/1552 1553/1553/1553 1554/1554/1554 
f 1564/1564/1564 1565/1565/1565 1566/1566/1566 
f 1565/1565/1565 1567/1567/1567 1568/1568/1568 
f 1567/1567/1567 1565/1565/1565 1569/1569/1569 
f 1564/1564/1564 1569/1569/1569 1565/1565/1565 
f 1569/1569/1569 1564/1564/1564 1570/1570/1570 
f 1570/1570/1570 1564/1564/1564 1571/1571/1571 
f 1573/1573/1573 1574/1574/1574 1575/1575/1575 
f 1573/1573/1573 1575/1575/1575 1576/1576/1576 
f 1577/1577/1577 1574/1574/1574 1573/1573/1573 
f 1577/1577/1577 1573/1573/1573 1578/1578/1578 
f 1574/1574/1574 1577/1577/1577 1579/1579/1579 
f 1579/1579/1579 1577/1577/1577 1580/1580/1580 

g Base3

v -56.6588 7.09263 -91.6203 
v -56.6346 7.18677 -91.7913 
v -56.6393 7.10765 -91.7992 
v -56.6333 7.17076 -91.6127 
v -56.6346 7.18677 -91.7913 
v -56.6333 7.17076 -91.6127 
v -56.3733 7.42072 -91.7679 
v -56.3729 7.40564 -91.5901 
v -55.0351 7.42072 -91.7679 
v -54.7752 7.17076 -91.6127 
v -54.7738 7.18676 -91.7913 
v -55.0356 7.40564 -91.5901 
v -55.0356 7.40564 -91.5901 
v -55.0351 7.42072 -91.7679 
v -56.3729 7.40564 -91.5901 
v -56.3733 7.42072 -91.7679 
v -56.6346 7.18677 -91.7913 
v -55.0351 7.42072 -91.7679 
v -54.7738 7.18676 -91.7913 
v -56.3733 7.42072 -91.7679 
v -56.6346 7.18677 -91.7913 
v -54.7692 7.10765 -91.7992 
v -56.6393 7.10765 -91.7992 
v -54.7738 7.18676 -91.7913 
v -54.7692 7.10765 -91.7992 
v -56.3037 7.04705 -91.8053 
v -56.6393 7.10765 -91.7992 
v -55.1047 7.04705 -91.8053 
v -54.7497 7.09263 -91.6203 
v -54.7692 7.10765 -91.7992 
v -54.7738 7.18676 -91.7913 
v -54.7752 7.17076 -91.6127 
v -55.1025 7.03222 -91.6261 
v -54.7692 7.10765 -91.7992 
v -54.7497 7.09263 -91.6203 
v -55.1047 7.04705 -91.8053 
v -56.306 7.03222 -91.6261 
v -56.6393 7.10765 -91.7992 
v -56.3037 7.04705 -91.8053 
v -56.6588 7.09263 -91.6203 
v -55.1047 7.04705 -91.8053 
v -56.306 7.03222 -91.6261 
v -56.3037 7.04705 -91.8053 
v -55.1025 7.03222 -91.6261 
v -55.2169 7.17019 -91.6128 
v -56.3729 7.40564 -91.5901 
v -56.1916 7.17019 -91.6128 
v -55.0356 7.40564 -91.5901 
v -55.2169 7.17019 -91.6128 
v -55.1025 7.03222 -91.6261 
v -54.7497 7.09263 -91.6203 
v -56.306 7.03222 -91.6261 
v -55.1025 7.03222 -91.6261 
v -56.1916 7.17019 -91.6128 
v -55.2169 7.17019 -91.6128 
v -56.1916 7.17019 -91.6128 
v -56.6588 7.09263 -91.6203 
v -56.306 7.03222 -91.6261 
v -55.2169 7.17019 -91.6128 
v -54.7497 7.09263 -91.6203 
v -54.7752 7.17076 -91.6127 
v -55.2169 7.17019 -91.6128 
v -54.7752 7.17076 -91.6127 
v -55.0356 7.40564 -91.5901 
v -56.1916 7.17019 -91.6128 
v -56.6333 7.17076 -91.6127 
v -56.6588 7.09263 -91.6203 
v -56.3729 7.40564 -91.5901 
v -56.6333 7.17076 -91.6127 
v -56.1916 7.17019 -91.6128 

vn -0.984252 0.188976 -0.0314961 
vn -0.984252 0.188976 -0.0314961 
vn -0.984252 0.188976 -0.0314961 
vn -0.984252 0.188976 -0.0314961 
vn -0.669291 0.740157 0.0708661 
vn -0.669291 0.740157 0.0708661 
vn -0.669291 0.740157 0.0708661 
vn -0.669291 0.740157 0.0708661 
vn 0.669291 0.740157 0.0708661 
vn 0.669291 0.740157 0.0708661 
vn 0.669291 0.740157 0.0708661 
vn 0.669291 0.740157 0.0708661 
vn 0 1 0.0866142 
vn 0 1 0.0866142 
vn 0 1 0.0866142 
vn 0 1 0.0866142 
vn 0 0.102362 -0.992126 
vn 0 0.102362 -0.992126 
vn 0 0.102362 -0.992126 
vn 0 0.102362 -0.992126 
vn 0 0.102362 -0.992126 
vn 0 0.102362 -0.992126 
vn 0 0.102362 -0.992126 
vn 0 0.102362 -0.992126 
vn 0 0.102362 -0.992126 
vn 0 0.102362 -0.992126 
vn 0 0.102362 -0.992126 
vn 0 0.102362 -0.992126 
vn 0.984252 0.188976 -0.0314961 
vn 0.984252 0.188976 -0.0314961 
vn 0.984252 0.188976 -0.0314961 
vn 0.984252 0.188976 -0.0314961 
vn 0.173228 -0.984252 -0.0944882 
vn 0.173228 -0.984252 -0.0944882 
vn 0.173228 -0.984252 -0.0944882 
vn 0.173228 -0.984252 -0.0944882 
vn -0.173228 -0.984252 -0.0944882 
vn -0.173228 -0.984252 -0.0944882 
vn -0.173228 -0.984252 -0.0944882 
vn -0.173228 -0.984252 -0.0944882 
vn 0 -1 -0.0787402 
vn 0 -1 -0.0787402 
vn 0 -1 -0.0787402 
vn 0 -1 -0.0787402 
vn 0 -0.0944882 0.992126 
vn 0 -0.0944882 0.992126 
vn 0 -0.0944882 0.992126 
vn 0 -0.0944882 0.992126 
vn 0 -0.0944882 0.992126 
vn 0 -0.0944882 0.992126 
vn 0 -0.0944882 0.992126 
vn 0 -0.0944882 0.992126 
vn 0 -0.0944882 0.992126 
vn 0 -0.0944882 0.992126 
vn 0 -0.0944882 0.992126 
vn 0 -0.0944882 0.992126 
vn 0 -0.0944882 0.992126 
vn 0 -0.0944882 0.992126 
vn 0 -0.0944882 0.992126 
vn 0 -0.0944882 0.992126 
vn 0 -0.0944882 0.992126 
vn 0 -0.0944882 0.992126 
vn 0 -0.0944882 0.992126 
vn 0 -0.0944882 0.992126 
vn 0 -0.0944882 0.992126 
vn 0 -0.0944882 0.992126 
vn 0 -0.0944882 0.992126 
vn 0 -0.0944882 0.992126 
vn 0 -0.0944882 0.992126 
vn 0 -0.0944882 0.992126 

vt 38.0097 -23.0167 
vt 37.9883 -23.005 
vt 37.9873 -23.0149 
vt 38.0106 -23.007 
vt 37.8837 -22.9883 
vt 37.8839 -23.0106 
vt 37.9164 -22.9912 
vt 37.9164 -23.0134 
vt 38.0836 -22.9912 
vt 38.1161 -23.0106 
vt 38.1163 -22.9883 
vt 38.0836 -23.0134 
vt 38.0836 -23.0134 
vt 38.0836 -22.9912 
vt 37.9164 -23.0134 
vt 37.9164 -22.9912 
vt 38.1163 -23.005 
vt 37.9164 -22.9757 
vt 37.8837 -23.005 
vt 38.0836 -22.9757 
vt 38.1163 -23.005 
vt 37.8831 -23.0149 
vt 38.1169 -23.0149 
vt 37.8837 -23.005 
vt 37.8831 -23.0149 
vt 38.0749 -23.0224 
vt 38.1169 -23.0149 
vt 37.9251 -23.0224 
vt 37.9903 -23.0167 
vt 38.0127 -23.0149 
vt 38.0117 -23.005 
vt 37.9894 -23.007 
vt 37.9248 -23.009 
vt 37.8831 -22.9873 
vt 37.8807 -23.0097 
vt 37.9251 -22.9866 
vt 38.0752 -23.009 
vt 38.1169 -22.9873 
vt 38.0749 -22.9866 
vt 38.1193 -23.0097 
vt 37.9251 -22.9866 
vt 38.0752 -23.009 
vt 38.0749 -22.9866 
vt 37.9248 -23.009 
vt 38.0609 -23.007 
vt 37.9164 -22.9776 
vt 37.9391 -23.007 
vt 38.0836 -22.9776 
vt 38.0609 -23.007 
vt 38.0752 -23.0243 
vt 38.1193 -23.0167 
vt 37.9248 -23.0243 
vt 38.0752 -23.0243 
vt 37.9391 -23.007 
vt 38.0609 -23.007 
vt 37.9391 -23.007 
vt 37.8807 -23.0167 
vt 37.9248 -23.0243 
vt 38.0609 -23.007 
vt 38.1193 -23.0167 
vt 38.1161 -23.007 
vt 38.0609 -23.007 
vt 38.1161 -23.007 
vt 38.0836 -22.9776 
vt 37.9391 -23.007 
vt 37.8839 -23.007 
vt 37.8807 -23.0167 
vt 37.9164 -22.9776 
vt 37.8839 -23.007 
vt 37.9391 -23.007 

usemtl Hinge1Mtl

f 1581/1581/1581 1582/1582/1582 1583/1583/1583 
f 1582/1582/1582 1581/1581/1581 1584/1584/1584 
f 1585/1585/1585 1586/1586/1586 1587/1587/1587 
f 1586/1586/1586 1588/1588/1588 1587/1587/1587 
f 1589/1589/1589 1590/1590/1590 1591/1591/1591 
f 1590/1590/1590 1589/1589/1589 1592/1592/1592 
f 1593/1593/1593 1594/1594/1594 1595/1595/1595 
f 1595/1595/1595 1594/1594/1594 1596/1596/1596 
f 1597/1597/1597 1598/1598/1598 1599/1599/1599 
f 1598/1598/1598 1597/1597/1597 1600/1600/1600 
f 1601/1601/1601 1602/1602/1602 1603/1603/1603 
f 1602/1602/1602 1601/1601/1601 1604/1604/1604 
f 1605/1605/1605 1606/1606/1606 1607/1607/1607 
f 1606/1606/1606 1605/1605/1605 1608/1608/1608 
f 1609/1609/1609 1610/1610/1610 1611/1611/1611 
f 1609/1609/1609 1611/1611/1611 1612/1612/1612 
f 1613/1613/1613 1614/1614/1614 1615/1615/1615 
f 1614/1614/1614 1613/1613/1613 1616/1616/1616 
f 1617/1617/1617 1618/1618/1618 1619/1619/1619 
f 1618/1618/1618 1617/1617/1617 1620/1620/1620 
f 1621/1621/1621 1622/1622/1622 1623/1623/1623 
f 1622/1622/1622 1621/1621/1621 1624/1624/1624 
f 1625/1625/1625 1626/1626/1626 1627/1627/1627 
f 1626/1626/1626 1625/1625/1625 1628/1628/1628 
f 1629/1629/1629 1630/1630/1630 1631/1631/1631 
f 1632/1632/1632 1633/1633/1633 1634/1634/1634 
f 1633/1633/1633 1635/1635/1635 1634/1634/1634 
f 1636/1636/1636 1637/1637/1637 1638/1638/1638 
f 1639/1639/1639 1640/1640/1640 1641/1641/1641 
f 1642/1642/1642 1643/1643/1643 1644/1644/1644 
f 1645/1645/1645 1646/1646/1646 1647/1647/1647 
f 1648/1648/1648 1649/1649/1649 1650/1650/1650 

g Support1

v -55.8839 6.67836 -91.0553 
v -55.882 0.037508 -90.1519 
v -55.8798 0.0479205 -89.8533 
v -55.8839 6.67836 -91.0553 
v -55.8785 6.73851 -91.3707 
v -55.882 0.037508 -90.1519 
v -55.53 6.73851 -91.3707 
v -55.8839 6.67836 -91.0553 
v -55.5246 6.67836 -91.0553 
v -55.53 6.73851 -91.3707 
v -55.8785 6.73851 -91.3707 
v -55.8839 6.67836 -91.0553 
v -55.8785 6.73851 -91.3707 
v -55.5266 0.0375066 -90.1519 
v -55.882 0.037508 -90.1519 
v -55.8785 6.73851 -91.3707 
v -55.53 6.73851 -91.3707 
v -55.5266 0.0375066 -90.1519 
v -55.5266 0.0375066 -90.1519 
v -55.5246 6.67836 -91.0553 
v -55.5288 0.0479224 -89.8533 
v -55.5266 0.0375066 -90.1519 
v -55.53 6.73851 -91.3707 
v -55.5246 6.67836 -91.0553 
v -55.5266 0.0375066 -90.1519 
v -55.8798 0.0479205 -89.8533 
v -55.882 0.037508 -90.1519 
v -55.5266 0.0375066 -90.1519 
v -55.5288 0.0479224 -89.8533 
v -55.8798 0.0479205 -89.8533 
v -55.5246 6.67836 -91.0553 
v -55.8798 0.0479205 -89.8533 
v -55.5288 0.0479224 -89.8533 
v -55.5246 6.67836 -91.0553 
v -55.8839 6.67836 -91.0553 
v -55.8798 0.0479205 -89.8533 

vn -1 0 0.00787402 
vn -1 0 0.00787402 
vn -1 0 0.00787402 
vn -1 0 -0.015748 
vn -1 0 -0.015748 
vn -1 0 -0.015748 
vn 0 0.984252 0.188976 
vn 0 0.984252 0.188976 
vn 0 0.984252 0.188976 
vn 0 0.984252 0.188976 
vn 0 0.984252 0.188976 
vn 0 0.984252 0.188976 
vn 0 -0.181102 -0.984252 
vn 0 -0.181102 -0.984252 
vn 0 -0.181102 -0.984252 
vn 0 -0.181102 -0.984252 
vn 0 -0.181102 -0.984252 
vn 0 -0.181102 -0.984252 
vn 1 0 0.00787402 
vn 1 0 0.00787402 
vn 1 0 0.00787402 
vn 1 0 -0.015748 
vn 1 0 -0.015748 
vn 1 0 -0.015748 
vn 0 -1 0.0314961 
vn 0 -1 0.0314961 
vn 0 -1 0.0314961 
vn 0 -1 0.0314961 
vn 0 -1 0.0314961 
vn 0 -1 0.0314961 
vn 0 0.181102 0.984252 
vn 0 0.181102 0.984252 
vn 0 0.181102 0.984252 
vn 0 0.181102 0.984252 
vn 0 0.181102 0.984252 
vn 0 0.181102 0.984252 

vt 11.9446 -42.5887 
vt 12.0575 -43.4188 
vt 12.0948 -43.4175 
vt 11.9446 -42.5887 
vt 11.9052 -42.5812 
vt 12.0575 -43.4188 
vt 12.0218 -42.9052 
vt 11.9775 -42.9446 
vt 12.0225 -42.9446 
vt 12.0218 -42.9052 
vt 11.9782 -42.9052 
vt 11.9775 -42.9446 
vt 12.0218 -42.5812 
vt 11.9778 -43.4188 
vt 12.0222 -43.4188 
vt 12.0218 -42.5812 
vt 11.9782 -42.5812 
vt 11.9778 -43.4188 
vt 11.9425 -43.4188 
vt 12.0554 -42.5887 
vt 11.9052 -43.4175 
vt 11.9425 -43.4188 
vt 12.0948 -42.5812 
vt 12.0554 -42.5887 
vt 11.9778 -43.0575 
vt 12.0219 -43.0948 
vt 12.0222 -43.0575 
vt 11.9778 -43.0575 
vt 11.9781 -43.0948 
vt 12.0219 -43.0948 
vt 12.0225 -42.5887 
vt 11.9781 -43.4175 
vt 12.0219 -43.4175 
vt 12.0225 -42.5887 
vt 11.9775 -42.5887 
vt 11.9781 -43.4175 

usemtl Support1Mtl

f 1651/1651/1651 1652/1652/1652 1653/1653/1653 
f 1654/1654/1654 1655/1655/1655 1656/1656/1656 
f 1657/1657/1657 1658/1658/1658 1659/1659/1659 
f 1660/1660/1660 1661/1661/1661 1662/1662/1662 
f 1663/1663/1663 1664/1664/1664 1665/1665/1665 
f 1666/1666/1666 1667/1667/1667 1668/1668/1668 
f 1669/1669/1669 1670/1670/1670 1671/1671/1671 
f 1672/1672/1672 1673/1673/1673 1674/1674/1674 
f 1675/1675/1675 1676/1676/1676 1677/1677/1677 
f 1678/1678/1678 1679/1679/1679 1680/1680/1680 
f 1681/1681/1681 1682/1682/1682 1683/1683/1683 
f 1684/1684/1684 1685/1685/1685 1686/1686/1686 

g Beam1

v -56.8334 5.78243 -91.746 
v -54.5693 5.78243 -91.4916 
v -54.5693 5.78243 -91.746 
v -56.8334 5.78243 -91.4916 
v -56.8334 5.78243 -91.746 
v -54.5693 5.32233 -91.746 
v -56.8334 5.32233 -91.746 
v -54.5693 5.78243 -91.746 
v -54.5693 5.32233 -91.746 
v -56.8334 5.32233 -91.4916 
v -56.8334 5.32233 -91.746 
v -54.5693 5.32233 -91.4916 
v -54.5693 5.78243 -91.4916 
v -56.8334 5.32233 -91.4916 
v -54.5693 5.32233 -91.4916 
v -56.8334 5.78243 -91.4916 

vn 0 1 0 
vn 0 1 0 
vn 0 1 0 
vn 0 1 0 
vn 0 0 -1 
vn 0 0 -1 
vn 0 0 -1 
vn 0 0 -1 
vn 0 -1 0 
vn 0 -1 0 
vn 0 -1 0 
vn 0 -1 0 
vn 0 0 1 
vn 0 0 1 
vn 0 0 1 
vn 0 0 1 

vt 43.8585 -44.9841 
vt 44.1415 -45.0159 
vt 44.1415 -44.9841 
vt 43.8585 -45.0159 
vt 44.1415 -44.9712 
vt 43.8585 -45.0288 
vt 44.1415 -45.0288 
vt 43.8585 -44.9712 
vt 43.8585 -44.9841 
vt 44.1415 -45.0159 
vt 44.1415 -44.9841 
vt 43.8585 -45.0159 
vt 44.1415 -44.9712 
vt 43.8585 -45.0288 
vt 44.1415 -45.0288 
vt 43.8585 -44.9712 

usemtl Support1Mtl

f 1687/1687/1687 1688/1688/1688 1689/1689/1689 
f 1687/1687/1687 1690/1690/1690 1688/1688/1688 
f 1691/1691/1691 1692/1692/1692 1693/1693/1693 
f 1691/1691/1691 1694/1694/1694 1692/1692/1692 
f 1695/1695/1695 1696/1696/1696 1697/1697/1697 
f 1695/1695/1695 1698/1698/1698 1696/1696/1696 
f 1699/1699/1699 1700/1700/1700 1701/1701/1701 
f 1699/1699/1699 1702/1702/1702 1700/1700/1700 

g Beam2

v -57.1329 2.27196 -92.0093 
v -54.2756 2.27196 -91.7549 
v -54.2756 2.27196 -92.0093 
v -57.1329 2.27196 -91.7549 
v -57.1329 2.27196 -92.0093 
v -54.2756 1.81186 -92.0093 
v -57.1329 1.81186 -92.0093 
v -54.2756 2.27196 -92.0093 
v -54.2756 1.81186 -92.0093 
v -57.1329 1.81186 -91.7549 
v -57.1329 1.81186 -92.0093 
v -54.2756 1.81186 -91.7549 
v -54.2756 2.27196 -91.7549 
v -57.1329 1.81186 -91.7549 
v -54.2756 1.81186 -91.7549 
v -57.1329 2.27196 -91.7549 

vn 0 1 0 
vn 0 1 0 
vn 0 1 0 
vn 0 1 0 
vn 0 0 -1 
vn 0 0 -1 
vn 0 0 -1 
vn 0 0 -1 
vn 0 -1 0 
vn 0 -1 0 
vn 0 -1 0 
vn 0 -1 0 
vn 0 0 1 
vn 0 0 1 
vn 0 0 1 
vn 0 0 1 

vt 13.8214 -52.9841 
vt 14.1786 -53.0159 
vt 14.1786 -52.9841 
vt 13.8214 -53.0159 
vt 14.1786 -52.9712 
vt 13.8214 -53.0288 
vt 14.1786 -53.0288 
vt 13.8214 -52.9712 
vt 13.8214 -52.9841 
vt 14.1786 -53.0159 
vt 14.1786 -52.9841 
vt 13.8214 -53.0159 
vt 14.1786 -52.9712 
vt 13.8214 -53.0288 
vt 14.1786 -53.0288 
vt 13.8214 -52.9712 

usemtl Support1Mtl

f 1703/1703/1703 1704/1704/1704 1705/1705/1705 
f 1703/1703/1703 1706/1706/1706 1704/1704/1704 
f 1707/1707/1707 1708/1708/1708 1709/1709/1709 
f 1707/1707/1707 1710/1710/1710 1708/1708/1708 
f 1711/1711/1711 1712/1712/1712 1713/1713/1713 
f 1711/1711/1711 1714/1714/1714 1712/1712/1712 
f 1715/1715/1715 1716/1716/1716 1717/1717/1717 
f 1715/1715/1715 1718/1718/1718 1716/1716/1716 

g Legs1

v -57.6037 0.00271606 -91.8283 
v -56.9478 6.78261 -91.2613 
v -56.9479 6.82036 -91.7191 
v -57.6037 0.00271606 -91.8283 
v -56.9479 6.82036 -91.7191 
v -57.6033 0.00568295 -92.2879 
v -54.2661 4.76837e-07 -91.8305 
v -54.9155 6.72961 -91.7301 
v -54.2647 0.00268149 -92.2919 
v -54.2661 4.76837e-07 -91.8305 
v -54.9152 6.69262 -91.2672 
v -54.9155 6.72961 -91.7301 
v -54.9152 6.69262 -91.2672 
v -54.4606 6.78261 -91.2613 
v -54.4606 6.82036 -91.7191 
v -56.4933 6.69262 -91.2672 
v -56.9479 6.82036 -91.7191 
v -56.9478 6.78261 -91.2613 
v -54.9152 6.69262 -91.2672 
v -54.4606 6.82036 -91.7191 
v -54.9155 6.72961 -91.7301 
v -56.4933 6.69262 -91.2672 
v -56.493 6.72961 -91.7301 
v -56.9479 6.82036 -91.7191 
v -53.8052 0.00568295 -92.2879 
v -54.9155 6.72961 -91.7301 
v -54.4606 6.82036 -91.7191 
v -53.8052 0.00568295 -92.2879 
v -54.2647 0.00268149 -92.2919 
v -54.9155 6.72961 -91.7301 
v -57.6033 0.00568295 -92.2879 
v -56.9479 6.82036 -91.7191 
v -56.493 6.72961 -91.7301 
v -57.6033 0.00568295 -92.2879 
v -56.493 6.72961 -91.7301 
v -57.1438 0.00268149 -92.2919 
v -53.8048 0.00271606 -91.8283 
v -54.4606 6.82036 -91.7191 
v -54.4606 6.78261 -91.2613 
v -53.8048 0.00271606 -91.8283 
v -53.8052 0.00568295 -92.2879 
v -54.4606 6.82036 -91.7191 
v -57.1424 4.76837e-07 -91.8305 
v -57.1438 0.00268149 -92.2919 
v -56.493 6.72961 -91.7301 
v -57.1424 4.76837e-07 -91.8305 
v -56.493 6.72961 -91.7301 
v -56.4933 6.69262 -91.2672 
v -53.8052 0.00568295 -92.2879 
v -54.2661 4.76837e-07 -91.8305 
v -54.2647 0.00268149 -92.2919 
v -53.8052 0.00568295 -92.2879 
v -53.8048 0.00271606 -91.8283 
v -54.2661 4.76837e-07 -91.8305 
v -57.6033 0.00568295 -92.2879 
v -57.1438 0.00268149 -92.2919 
v -57.1424 4.76837e-07 -91.8305 
v -57.6033 0.00568295 -92.2879 
v -57.1424 4.76837e-07 -91.8305 
v -57.6037 0.00271606 -91.8283 
v -53.8048 0.00271606 -91.8283 
v -54.4606 6.78261 -91.2613 
v -54.9152 6.69262 -91.2672 
v -57.6037 0.00271606 -91.8283 
v -56.4933 6.69262 -91.2672 
v -56.9478 6.78261 -91.2613 
v -53.8048 0.00271606 -91.8283 
v -54.9152 6.69262 -91.2672 
v -54.2661 4.76837e-07 -91.8305 
v -57.6037 0.00271606 -91.8283 
v -57.1424 4.76837e-07 -91.8305 
v -56.4933 6.69262 -91.2672 

vn -0.992126 0.0944882 0.00787402 
vn -0.992126 0.0944882 0.00787402 
vn -0.992126 0.0944882 0.00787402 
vn -0.992126 0.0944882 0 
vn -0.992126 0.0944882 0 
vn -0.992126 0.0944882 0 
vn -0.992126 -0.0944882 0 
vn -0.992126 -0.0944882 0 
vn -0.992126 -0.0944882 0 
vn -0.992126 -0.0944882 -0.00787402 
vn -0.992126 -0.0944882 -0.00787402 
vn -0.992126 -0.0944882 -0.00787402 
vn -0.19685 0.976378 0.0787402 
vn -0.19685 0.976378 0.0787402 
vn -0.19685 0.976378 0.0787402 
vn 0.19685 0.976378 0.0787402 
vn 0.19685 0.976378 0.0787402 
vn 0.19685 0.976378 0.0787402 
vn -0.19685 0.976378 0.0787402 
vn -0.19685 0.976378 0.0787402 
vn -0.19685 0.976378 0.0787402 
vn 0.19685 0.976378 0.0787402 
vn 0.19685 0.976378 0.0787402 
vn 0.19685 0.976378 0.0787402 
vn 0.00787402 0.0866142 -1 
vn 0.00787402 0.0866142 -1 
vn 0.00787402 0.0866142 -1 
vn 0.00787402 0.0866142 -1 
vn 0.00787402 0.0866142 -1 
vn 0.00787402 0.0866142 -1 
vn -0.00787402 0.0866142 -1 
vn -0.00787402 0.0866142 -1 
vn -0.00787402 0.0866142 -1 
vn -0.00787402 0.0866142 -1 
vn -0.00787402 0.0866142 -1 
vn -0.00787402 0.0866142 -1 
vn 0.992126 0.0944882 0.00787402 
vn 0.992126 0.0944882 0.00787402 
vn 0.992126 0.0944882 0.00787402 
vn 0.992126 0.0944882 0 
vn 0.992126 0.0944882 0 
vn 0.992126 0.0944882 0 
vn 0.992126 -0.0944882 0 
vn 0.992126 -0.0944882 0 
vn 0.992126 -0.0944882 0 
vn 0.992126 -0.0944882 -0.00787402 
vn 0.992126 -0.0944882 -0.00787402 
vn 0.992126 -0.0944882 -0.00787402 
vn 0.00787402 -1 -0.00787402 
vn 0.00787402 -1 -0.00787402 
vn 0.00787402 -1 -0.00787402 
vn 0.00787402 -1 -0.00787402 
vn 0.00787402 -1 -0.00787402 
vn 0.00787402 -1 -0.00787402 
vn -0.00787402 -1 -0.00787402 
vn -0.00787402 -1 -0.00787402 
vn -0.00787402 -1 -0.00787402 
vn -0.00787402 -1 -0.00787402 
vn -0.00787402 -1 -0.00787402 
vn -0.00787402 -1 -0.00787402 
vn 0 -0.0866142 1 
vn 0 -0.0866142 1 
vn 0 -0.0866142 1 
vn 0 -0.0866142 1 
vn 0 -0.0866142 1 
vn 0 -0.0866142 1 
vn -0.00787402 -0.0866142 1 
vn -0.00787402 -0.0866142 1 
vn -0.00787402 -0.0866142 1 
vn 0.00787402 -0.0866142 1 
vn 0.00787402 -0.0866142 1 
vn 0.00787402 -0.0866142 1 

vt 55.9935 -1.42593 
vt 56.0644 -0.578446 
vt 56.0072 -0.573727 
vt 55.9935 -1.42593 
vt 56.0072 -0.573727 
vt 55.9361 -1.42556 
vt 55.9933 -1.42627 
vt 56.0058 -0.585071 
vt 55.9356 -1.42594 
vt 55.9933 -1.42627 
vt 56.0637 -0.589695 
vt 56.0058 -0.585071 
vt 56.0986 -1.06368 
vt 56.1554 -1.06441 
vt 56.1555 -1.00718 
vt 55.9014 -1.06368 
vt 55.8445 -1.00718 
vt 55.8446 -1.06441 
vt 56.0986 -1.06368 
vt 56.1555 -1.00718 
vt 56.0986 -1.00582 
vt 55.9014 -1.06368 
vt 55.9014 -1.00582 
vt 55.8445 -1.00718 
vt 55.7626 -1.42556 
vt 55.9014 -0.585071 
vt 55.8445 -0.573727 
vt 55.7626 -1.42556 
vt 55.8201 -1.42594 
vt 55.9014 -0.585071 
vt 56.2374 -1.42556 
vt 56.1555 -0.573727 
vt 56.0986 -0.585071 
vt 56.2374 -1.42556 
vt 56.0986 -0.585071 
vt 56.1799 -1.42594 
vt 56.0065 -1.42593 
vt 55.9928 -0.573727 
vt 55.9356 -0.578446 
vt 56.0065 -1.42593 
vt 56.0639 -1.42556 
vt 55.9928 -0.573727 
vt 56.0067 -1.42627 
vt 56.0644 -1.42594 
vt 55.9942 -0.585071 
vt 56.0067 -1.42627 
vt 55.9942 -0.585071 
vt 55.9363 -0.589695 
vt 55.7626 -0.936089 
vt 55.8202 -0.99326 
vt 55.8201 -0.93559 
vt 55.7626 -0.936089 
vt 55.7626 -0.993535 
vt 55.8202 -0.99326 
vt 56.2374 -0.936089 
vt 56.1799 -0.93559 
vt 56.1798 -0.99326 
vt 56.2374 -0.936089 
vt 56.1798 -0.99326 
vt 56.2374 -0.993535 
vt 56.2374 -1.42593 
vt 56.1554 -0.578446 
vt 56.0986 -0.589695 
vt 55.7626 -1.42593 
vt 55.9014 -0.589695 
vt 55.8446 -0.578446 
vt 56.2374 -1.42593 
vt 56.0986 -0.589695 
vt 56.1798 -1.42627 
vt 55.7626 -1.42593 
vt 55.8202 -1.42627 
vt 55.9014 -0.589695 

usemtl Support1Mtl

f 1719/1719/1719 1720/1720/1720 1721/1721/1721 
f 1722/1722/1722 1723/1723/1723 1724/1724/1724 
f 1725/1725/1725 1726/1726/1726 1727/1727/1727 
f 1728/1728/1728 1729/1729/1729 1730/1730/1730 
f 1731/1731/1731 1732/1732/1732 1733/1733/1733 
f 1734/1734/1734 1735/1735/1735 1736/1736/1736 
f 1737/1737/1737 1738/1738/1738 1739/1739/1739 
f 1740/1740/1740 1741/1741/1741 1742/1742/1742 
f 1743/1743/1743 1744/1744/1744 1745/1745/1745 
f 1746/1746/1746 1747/1747/1747 1748/1748/1748 
f 1749/1749/1749 1750/1750/1750 1751/1751/1751 
f 1752/1752/1752 1753/1753/1753 1754/1754/1754 
f 1755/1755/1755 1756/1756/1756 1757/1757/1757 
f 1758/1758/1758 1759/1759/1759 1760/1760/1760 
f 1761/1761/1761 1762/1762/1762 1763/1763/1763 
f 1764/1764/1764 1765/1765/1765 1766/1766/1766 
f 1767/1767/1767 1768/1768/1768 1769/1769/1769 
f 1770/1770/1770 1771/1771/1771 1772/1772/1772 
f 1773/1773/1773 1774/1774/1774 1775/1775/1775 
f 1776/1776/1776 1777/1777/1777 1778/1778/1778 
f 1779/1779/1779 1780/1780/1780 1781/1781/1781 
f 1782/1782/1782 1783/1783/1783 1784/1784/1784 
f 1785/1785/1785 1786/1786/1786 1787/1787/1787 
f 1788/1788/1788 1789/1789/1789 1790/1790/1790 

g Spine1

v -55.876 2.23837 -91.7697 
v -55.8755 7.96794 -91.5191 
v -55.8751 2.243 -91.9456 
v -55.876 2.23837 -91.7697 
v -55.8756 7.94955 -91.3241 
v -55.8755 7.96794 -91.5191 
v -55.8755 7.96794 -91.5191 
v -55.5329 7.94955 -91.3241 
v -55.533 7.96794 -91.5191 
v -55.8755 7.96794 -91.5191 
v -55.8756 7.94955 -91.3241 
v -55.5329 7.94955 -91.3241 
v -55.8751 2.243 -91.9456 
v -55.533 7.96794 -91.5191 
v -55.5334 2.243 -91.9456 
v -55.8751 2.243 -91.9456 
v -55.8755 7.96794 -91.5191 
v -55.533 7.96794 -91.5191 
v -55.533 7.96794 -91.5191 
v -55.5324 2.23837 -91.7697 
v -55.5334 2.243 -91.9456 
v -55.533 7.96794 -91.5191 
v -55.5329 7.94955 -91.3241 
v -55.5324 2.23837 -91.7697 
v -55.5334 2.243 -91.9456 
v -55.876 2.23837 -91.7697 
v -55.8751 2.243 -91.9456 
v -55.5334 2.243 -91.9456 
v -55.5324 2.23837 -91.7697 
v -55.876 2.23837 -91.7697 
v -55.5329 7.94955 -91.3241 
v -55.876 2.23837 -91.7697 
v -55.5324 2.23837 -91.7697 
v -55.5329 7.94955 -91.3241 
v -55.8756 7.94955 -91.3241 
v -55.876 2.23837 -91.7697 

vn -1 0 -0.00787402 
vn -1 0 -0.00787402 
vn -1 0 -0.00787402 
vn -1 0 0 
vn -1 0 0 
vn -1 0 0 
vn 0 0.992126 0.0944882 
vn 0 0.992126 0.0944882 
vn 0 0.992126 0.0944882 
vn 0 0.992126 0.0944882 
vn 0 0.992126 0.0944882 
vn 0 0.992126 0.0944882 
vn 0 0.0708661 -1 
vn 0 0.0708661 -1 
vn 0 0.0708661 -1 
vn 0 0.0708661 -1 
vn 0 0.0708661 -1 
vn 0 0.0708661 -1 
vn 1 0 -0.00787402 
vn 1 0 -0.00787402 
vn 1 0 -0.00787402 
vn 1 0 0 
vn 1 0 0 
vn 1 0 0 
vn 0 -1 -0.023622 
vn 0 -1 -0.023622 
vn 0 -1 -0.023622 
vn 0 -1 -0.023622 
vn 0 -1 -0.023622 
vn 0 -1 -0.023622 
vn 0 -0.0787402 1 
vn 0 -0.0787402 1 
vn 0 -0.0787402 1 
vn 0 -0.0787402 1 
vn 0 -0.0787402 1 
vn 0 -0.0787402 1 

vt 15.9831 -29.3581 
vt 16.0145 -28.6419 
vt 15.9612 -29.3575 
vt 15.9831 -29.3581 
vt 16.0388 -28.6442 
vt 16.0145 -28.6419 
vt 15.9786 -29.0145 
vt 16.0214 -29.0388 
vt 16.0214 -29.0145 
vt 15.9786 -29.0145 
vt 15.9786 -29.0388 
vt 16.0214 -29.0388 
vt 16.0214 -29.3575 
vt 15.9786 -28.6419 
vt 15.9786 -29.3575 
vt 16.0214 -29.3575 
vt 16.0214 -28.6419 
vt 15.9786 -28.6419 
vt 15.9855 -28.6419 
vt 16.0168 -29.3581 
vt 16.0388 -29.3575 
vt 15.9855 -28.6419 
vt 15.9612 -28.6442 
vt 16.0168 -29.3581 
vt 15.9786 -28.9612 
vt 16.0215 -28.9832 
vt 16.0214 -28.9612 
vt 15.9786 -28.9612 
vt 15.9785 -28.9832 
vt 16.0215 -28.9832 
vt 16.0214 -28.6442 
vt 15.9785 -29.3581 
vt 16.0215 -29.3581 
vt 16.0214 -28.6442 
vt 15.9786 -28.6442 
vt 15.9785 -29.3581 

usemtl Support1Mtl

f 1791/1791/1791 1792/1792/1792 1793/1793/1793 
f 1794/1794/1794 1795/1795/1795 1796/1796/1796 
f 1797/1797/1797 1798/1798/1798 1799/1799/1799 
f 1800/1800/1800 1801/1801/1801 1802/1802/1802 
f 1803/1803/1803 1804/1804/1804 1805/1805/1805 
f 1806/1806/1806 1807/1807/1807 1808/1808/1808 
f 1809/1809/1809 1810/1810/1810 1811/1811/1811 
f 1812/1812/1812 1813/1813/1813 1814/1814/1814 
f 1815/1815/1815 1816/1816/1816 1817/1817/1817 
f 1818/1818/1818 1819/1819/1819 1820/1820/1820 
f 1821/1821/1821 1822/1822/1822 1823/1823/1823 
f 1824/1824/1824 1825/1825/1825 1826/1826/1826 

