# This file is brought to you by Roblox Corporation
# Generated by Roblox Studio

mtllib easledefault.mtl

g Canvas1

v -37.0071 -57.3004 6.47679 
v -36.8342 -57.2853 6.47679 
v -37.3334 -53.5714 6.47679 
v -37.1604 -53.5563 6.47679 
v -36.8342 -57.2853 1.48574 
v -36.8342 -57.2853 6.47679 
v -37.0071 -57.3004 1.48574 
v -37.0071 -57.3004 6.47679 
v -36.8342 -57.2853 6.47679 
v -36.8342 -57.2853 1.48574 
v -37.1604 -53.5563 6.47679 
v -37.1604 -53.5563 1.48574 
v -36.8342 -57.2853 1.48574 
v -37.0071 -57.3004 1.48574 
v -37.1604 -53.5563 1.48574 
v -37.3334 -53.5714 1.48574 
v -37.3334 -53.5714 1.48574 
v -37.3334 -53.5714 6.47679 
v -37.1604 -53.5563 1.48574 
v -37.1604 -53.5563 6.47679 
v -37.0071 -57.3004 1.48574 
v -37.0071 -57.3004 6.47679 
v -37.3334 -53.5714 1.48574 
v -37.3334 -53.5714 6.47679 

vn 0 0 1 
vn 0 0 1 
vn 0 0 1 
vn 0 0 1 
vn 0.0866142 -1 0 
vn 0.0866142 -1 0 
vn 0.0866142 -1 0 
vn 0.0866142 -1 0 
vn 1 0.0866142 0 
vn 1 0.0866142 0 
vn 1 0.0866142 0 
vn 1 0.0866142 0 
vn 0 0 -1 
vn 0 0 -1 
vn 0 0 -1 
vn 0 0 -1 
vn -0.0866142 1 0 
vn -0.0866142 1 0 
vn -0.0866142 1 0 
vn -0.0866142 1 0 
vn -1 -0.0866142 0 
vn -1 -0.0866142 0 
vn -1 -0.0866142 0 
vn -1 -0.0866142 0 

vt 0.0217004 -2.75 
vt 0 -2.75 
vt 0.0217004 -3.21791 
vt 0 -3.21791 
vt 0.623881 -2.75 
vt 0 -2.75 
vt 0.623881 -2.7717 
vt 0 -2.7717 
vt 0.623881 -2.75 
vt 0 -2.75 
vt 0.623881 -3.21791 
vt 0 -3.21791 
vt 0.0217004 -2.75 
vt 0 -2.75 
vt 0.0217004 -3.21791 
vt 0 -3.21791 
vt 0.623881 -2.75 
vt 0 -2.75 
vt 0.623881 -2.7717 
vt 0 -2.7717 
vt 0.623881 -2.75 
vt 0 -2.75 
vt 0.623881 -3.21791 
vt 0 -3.21791 

usemtl Canvas1Mtl

f 1/1/1 2/2/2 3/3/3 
f 3/3/3 2/2/2 4/4/4 
f 5/5/5 6/6/6 7/7/7 
f 7/7/7 6/6/6 8/8/8 
f 9/9/9 10/10/10 11/11/11 
f 11/11/11 10/10/10 12/12/12 
f 13/13/13 14/14/14 15/15/15 
f 15/15/15 14/14/14 16/16/16 
f 17/17/17 18/18/18 19/19/19 
f 19/19/19 18/18/18 20/20/20 
f 21/21/21 22/22/22 23/23/23 
f 23/23/23 22/22/22 24/24/24 

g Bolt1

v -37.4179 -54.0406 3.68657 
v -37.3993 -54.0225 3.70699 
v -37.3788 -54.0719 3.70609 
v -37.4179 -54.0406 3.68657 
v -37.3788 -54.0719 3.70609 
v -37.405 -54.0716 3.686 
v -37.8086 -54.2873 3.68543 
v -37.8271 -54.3062 3.70518 
v -37.8476 -54.2567 3.70609 
v -37.8086 -54.2873 3.68543 
v -37.8476 -54.2567 3.70609 
v -37.8214 -54.2563 3.686 
v -37.7776 -54.3001 3.6852 
v -37.7776 -54.3267 3.7048 
v -37.8271 -54.3062 3.70518 
v -37.7776 -54.3001 3.6852 
v -37.8271 -54.3062 3.70518 
v -37.8086 -54.2873 3.68543 
v -37.4488 -54.0278 3.6868 
v -37.4488 -54.002 3.70737 
v -37.3993 -54.0225 3.70699 
v -37.4488 -54.0278 3.6868 
v -37.3993 -54.0225 3.70699 
v -37.4179 -54.0406 3.68657 
v -37.3788 -54.0719 3.70609 
v -37.3993 -54.1214 3.70518 
v -37.4179 -54.1025 3.68543 
v -37.3788 -54.0719 3.70609 
v -37.4179 -54.1025 3.68543 
v -37.405 -54.0716 3.686 
v -37.8214 -54.2563 3.686 
v -37.8476 -54.2567 3.70609 
v -37.8271 -54.2072 3.70699 
v -37.8214 -54.2563 3.686 
v -37.8271 -54.2072 3.70699 
v -37.8086 -54.2254 3.68657 
v -37.4797 -54.1025 3.68543 
v -37.4179 -54.0406 3.68657 
v -37.4179 -54.1025 3.68543 
v -37.4488 -54.0278 3.6868 
v -37.4797 -54.1025 3.68543 
v -37.4797 -54.0406 3.68657 
v -37.4797 -54.1025 3.68543 
v -37.4179 -54.1025 3.68543 
v -37.4488 -54.1153 3.6852 
v -37.4179 -54.0406 3.68657 
v -37.4797 -54.1025 3.68543 
v -37.4488 -54.0278 3.6868 
v -37.4797 -54.0406 3.68657 
v -37.4797 -54.1025 3.68543 
v -37.4926 -54.0716 3.686 
v -37.4179 -54.1025 3.68543 
v -37.4179 -54.0406 3.68657 
v -37.405 -54.0716 3.686 
v -37.8086 -54.2873 3.68543 
v -37.7467 -54.2254 3.68657 
v -37.7467 -54.2873 3.68543 
v -37.7467 -54.2873 3.68543 
v -37.7467 -54.2254 3.68657 
v -37.7339 -54.2563 3.686 
v -37.8086 -54.2873 3.68543 
v -37.7467 -54.2873 3.68543 
v -37.7776 -54.3001 3.6852 
v -37.7467 -54.2254 3.68657 
v -37.8086 -54.2873 3.68543 
v -37.7776 -54.2126 3.6868 
v -37.7776 -54.2126 3.6868 
v -37.8086 -54.2873 3.68543 
v -37.8086 -54.2254 3.68657 
v -37.8086 -54.2254 3.68657 
v -37.8086 -54.2873 3.68543 
v -37.8214 -54.2563 3.686 
v -37.7281 -54.3062 3.70518 
v -37.7776 -54.3267 3.7048 
v -37.7776 -54.3001 3.6852 
v -37.7281 -54.3062 3.70518 
v -37.7776 -54.3001 3.6852 
v -37.7467 -54.2873 3.68543 
v -37.4983 -54.0225 3.70699 
v -37.4488 -54.002 3.70737 
v -37.4488 -54.0278 3.6868 
v -37.4983 -54.0225 3.70699 
v -37.4488 -54.0278 3.6868 
v -37.4797 -54.0406 3.68657 
v -37.3993 -54.1214 3.70518 
v -37.4488 -54.1419 3.7048 
v -37.4488 -54.1153 3.6852 
v -37.3993 -54.1214 3.70518 
v -37.4488 -54.1153 3.6852 
v -37.4179 -54.1025 3.68543 
v -37.8086 -54.2254 3.68657 
v -37.8271 -54.2072 3.70699 
v -37.7776 -54.1867 3.70737 
v -37.8086 -54.2254 3.68657 
v -37.7776 -54.1867 3.70737 
v -37.7776 -54.2126 3.6868 
v -37.7076 -54.2567 3.70609 
v -37.7281 -54.3062 3.70518 
v -37.7467 -54.2873 3.68543 
v -37.4926 -54.0716 3.686 
v -37.5188 -54.0719 3.70609 
v -37.4983 -54.0225 3.70699 
v -37.7076 -54.2567 3.70609 
v -37.7467 -54.2873 3.68543 
v -37.7339 -54.2563 3.686 
v -37.4926 -54.0716 3.686 
v -37.4983 -54.0225 3.70699 
v -37.4797 -54.0406 3.68657 
v -37.4488 -54.1153 3.6852 
v -37.4488 -54.1419 3.7048 
v -37.4983 -54.1214 3.70518 
v -37.4488 -54.1153 3.6852 
v -37.4983 -54.1214 3.70518 
v -37.4797 -54.1025 3.68543 
v -37.7776 -54.2126 3.6868 
v -37.7776 -54.1867 3.70737 
v -37.7281 -54.2072 3.70699 
v -37.7776 -54.2126 3.6868 
v -37.7281 -54.2072 3.70699 
v -37.7467 -54.2254 3.68657 
v -37.4797 -54.1025 3.68543 
v -37.4983 -54.1214 3.70518 
v -37.5188 -54.0719 3.70609 
v -37.4797 -54.1025 3.68543 
v -37.5188 -54.0719 3.70609 
v -37.4926 -54.0716 3.686 
v -37.7467 -54.2254 3.68657 
v -37.7281 -54.2072 3.70699 
v -37.7076 -54.2567 3.70609 
v -37.7467 -54.2254 3.68657 
v -37.7076 -54.2567 3.70609 
v -37.7339 -54.2563 3.686 
v -37.4179 -54.0406 4.27632 
v -37.3788 -54.0719 4.2568 
v -37.3993 -54.0225 4.2559 
v -37.4179 -54.0406 4.27632 
v -37.405 -54.0716 4.27689 
v -37.3788 -54.0719 4.2568 
v -37.8086 -54.2873 4.27746 
v -37.8476 -54.2567 4.2568 
v -37.8271 -54.3062 4.25771 
v -37.8086 -54.2873 4.27746 
v -37.8214 -54.2563 4.27689 
v -37.8476 -54.2567 4.2568 
v -37.7776 -54.3001 4.27769 
v -37.8271 -54.3062 4.25771 
v -37.7776 -54.3267 4.25809 
v -37.7776 -54.3001 4.27769 
v -37.8086 -54.2873 4.27746 
v -37.8271 -54.3062 4.25771 
v -37.4488 -54.0278 4.27609 
v -37.3993 -54.0225 4.2559 
v -37.4488 -54.002 4.25552 
v -37.4488 -54.0278 4.27609 
v -37.4179 -54.0406 4.27632 
v -37.3993 -54.0225 4.2559 
v -37.3788 -54.0719 4.2568 
v -37.4179 -54.1025 4.27746 
v -37.3993 -54.1214 4.25771 
v -37.3788 -54.0719 4.2568 
v -37.405 -54.0716 4.27689 
v -37.4179 -54.1025 4.27746 
v -37.8214 -54.2563 4.27689 
v -37.8271 -54.2072 4.2559 
v -37.8476 -54.2567 4.2568 
v -37.8214 -54.2563 4.27689 
v -37.8086 -54.2254 4.27632 
v -37.8271 -54.2072 4.2559 
v -37.4797 -54.1025 4.27746 
v -37.4179 -54.1025 4.27746 
v -37.4179 -54.0406 4.27632 
v -37.4488 -54.0278 4.27609 
v -37.4797 -54.0406 4.27632 
v -37.4797 -54.1025 4.27746 
v -37.4797 -54.1025 4.27746 
v -37.4488 -54.1153 4.27769 
v -37.4179 -54.1025 4.27746 
v -37.4179 -54.0406 4.27632 
v -37.4488 -54.0278 4.27609 
v -37.4797 -54.1025 4.27746 
v -37.4797 -54.0406 4.27632 
v -37.4926 -54.0716 4.27689 
v -37.4797 -54.1025 4.27746 
v -37.4179 -54.1025 4.27746 
v -37.405 -54.0716 4.27689 
v -37.4179 -54.0406 4.27632 
v -37.8086 -54.2873 4.27746 
v -37.7467 -54.2873 4.27746 
v -37.7467 -54.2254 4.27632 
v -37.7467 -54.2873 4.27746 
v -37.7339 -54.2563 4.27689 
v -37.7467 -54.2254 4.27632 
v -37.8086 -54.2873 4.27746 
v -37.7776 -54.3001 4.27769 
v -37.7467 -54.2873 4.27746 
v -37.7467 -54.2254 4.27632 
v -37.7776 -54.2126 4.27609 
v -37.8086 -54.2873 4.27746 
v -37.7776 -54.2126 4.27609 
v -37.8086 -54.2254 4.27632 
v -37.8086 -54.2873 4.27746 
v -37.8086 -54.2254 4.27632 
v -37.8214 -54.2563 4.27689 
v -37.8086 -54.2873 4.27746 
v -37.7281 -54.3062 4.25771 
v -37.7776 -54.3001 4.27769 
v -37.7776 -54.3267 4.25809 
v -37.7281 -54.3062 4.25771 
v -37.7467 -54.2873 4.27746 
v -37.7776 -54.3001 4.27769 
v -37.4983 -54.0225 4.2559 
v -37.4488 -54.0278 4.27609 
v -37.4488 -54.002 4.25552 
v -37.4983 -54.0225 4.2559 
v -37.4797 -54.0406 4.27632 
v -37.4488 -54.0278 4.27609 
v -37.3993 -54.1214 4.25771 
v -37.4488 -54.1153 4.27769 
v -37.4488 -54.1419 4.25809 
v -37.3993 -54.1214 4.25771 
v -37.4179 -54.1025 4.27746 
v -37.4488 -54.1153 4.27769 
v -37.8086 -54.2254 4.27632 
v -37.7776 -54.1867 4.25552 
v -37.8271 -54.2072 4.2559 
v -37.8086 -54.2254 4.27632 
v -37.7776 -54.2126 4.27609 
v -37.7776 -54.1867 4.25552 
v -37.7076 -54.2567 4.2568 
v -37.7467 -54.2873 4.27746 
v -37.7281 -54.3062 4.25771 
v -37.4926 -54.0716 4.27689 
v -37.4983 -54.0225 4.2559 
v -37.5188 -54.0719 4.2568 
v -37.7076 -54.2567 4.2568 
v -37.7339 -54.2563 4.27689 
v -37.7467 -54.2873 4.27746 
v -37.4926 -54.0716 4.27689 
v -37.4797 -54.0406 4.27632 
v -37.4983 -54.0225 4.2559 
v -37.4488 -54.1153 4.27769 
v -37.4983 -54.1214 4.25771 
v -37.4488 -54.1419 4.25809 
v -37.4488 -54.1153 4.27769 
v -37.4797 -54.1025 4.27746 
v -37.4983 -54.1214 4.25771 
v -37.7776 -54.2126 4.27609 
v -37.7281 -54.2072 4.2559 
v -37.7776 -54.1867 4.25552 
v -37.7776 -54.2126 4.27609 
v -37.7467 -54.2254 4.27632 
v -37.7281 -54.2072 4.2559 
v -37.4797 -54.1025 4.27746 
v -37.5188 -54.0719 4.2568 
v -37.4983 -54.1214 4.25771 
v -37.4797 -54.1025 4.27746 
v -37.4926 -54.0716 4.27689 
v -37.5188 -54.0719 4.2568 
v -37.7467 -54.2254 4.27632 
v -37.7076 -54.2567 4.2568 
v -37.7281 -54.2072 4.2559 
v -37.7467 -54.2254 4.27632 
v -37.7339 -54.2563 4.27689 
v -37.7076 -54.2567 4.2568 

vn 0.590551 0.259843 -0.76378 
vn 0.590551 0.259843 -0.76378 
vn 0.590551 0.259843 -0.76378 
vn 0.590551 0.259843 -0.76378 
vn 0.590551 0.259843 -0.76378 
vn 0.590551 0.259843 -0.76378 
vn -0.590551 -0.228346 -0.771654 
vn -0.590551 -0.228346 -0.771654 
vn -0.590551 -0.228346 -0.771654 
vn -0.590551 -0.228346 -0.771654 
vn -0.590551 -0.228346 -0.771654 
vn -0.590551 -0.228346 -0.771654 
vn -0.244094 -0.574803 -0.779528 
vn -0.244094 -0.574803 -0.779528 
vn -0.244094 -0.574803 -0.779528 
vn -0.244094 -0.574803 -0.779528 
vn -0.244094 -0.574803 -0.779528 
vn -0.244094 -0.574803 -0.779528 
vn 0.244094 0.606299 -0.755906 
vn 0.244094 0.606299 -0.755906 
vn 0.244094 0.606299 -0.755906 
vn 0.244094 0.606299 -0.755906 
vn 0.244094 0.606299 -0.755906 
vn 0.244094 0.606299 -0.755906 
vn 0.590551 -0.228346 -0.771654 
vn 0.590551 -0.228346 -0.771654 
vn 0.590551 -0.228346 -0.771654 
vn 0.590551 -0.228346 -0.771654 
vn 0.590551 -0.228346 -0.771654 
vn 0.590551 -0.228346 -0.771654 
vn -0.590551 0.259843 -0.76378 
vn -0.590551 0.259843 -0.76378 
vn -0.590551 0.259843 -0.76378 
vn -0.590551 0.259843 -0.76378 
vn -0.590551 0.259843 -0.76378 
vn -0.590551 0.259843 -0.76378 
vn 0 0.015748 -1 
vn 0 0.015748 -1 
vn 0 0.015748 -1 
vn 0 0.015748 -1 
vn 0 0.015748 -1 
vn 0 0.015748 -1 
vn 0 0.015748 -1 
vn 0 0.015748 -1 
vn 0 0.015748 -1 
vn 0 0.015748 -1 
vn 0 0.015748 -1 
vn 0 0.015748 -1 
vn 0 0.015748 -1 
vn 0 0.015748 -1 
vn 0 0.015748 -1 
vn 0 0.015748 -1 
vn 0 0.015748 -1 
vn 0 0.015748 -1 
vn 0 0.015748 -1 
vn 0 0.015748 -1 
vn 0 0.015748 -1 
vn 0 0.015748 -1 
vn 0 0.015748 -1 
vn 0 0.015748 -1 
vn 0 0.015748 -1 
vn 0 0.015748 -1 
vn 0 0.015748 -1 
vn 0 0.015748 -1 
vn 0 0.015748 -1 
vn 0 0.015748 -1 
vn 0 0.015748 -1 
vn 0 0.015748 -1 
vn 0 0.015748 -1 
vn 0 0.015748 -1 
vn 0 0.015748 -1 
vn 0 0.015748 -1 
vn 0.244094 -0.574803 -0.779528 
vn 0.244094 -0.574803 -0.779528 
vn 0.244094 -0.574803 -0.779528 
vn 0.244094 -0.574803 -0.779528 
vn 0.244094 -0.574803 -0.779528 
vn 0.244094 -0.574803 -0.779528 
vn -0.244094 0.606299 -0.755906 
vn -0.244094 0.606299 -0.755906 
vn -0.244094 0.606299 -0.755906 
vn -0.244094 0.606299 -0.755906 
vn -0.244094 0.606299 -0.755906 
vn -0.244094 0.606299 -0.755906 
vn 0.244094 -0.574803 -0.779528 
vn 0.244094 -0.574803 -0.779528 
vn 0.244094 -0.574803 -0.779528 
vn 0.244094 -0.574803 -0.779528 
vn 0.244094 -0.574803 -0.779528 
vn 0.244094 -0.574803 -0.779528 
vn -0.244094 0.606299 -0.755906 
vn -0.244094 0.606299 -0.755906 
vn -0.244094 0.606299 -0.755906 
vn -0.244094 0.606299 -0.755906 
vn -0.244094 0.606299 -0.755906 
vn -0.244094 0.606299 -0.755906 
vn 0.590551 -0.228346 -0.771654 
vn 0.590551 -0.228346 -0.771654 
vn 0.590551 -0.228346 -0.771654 
vn -0.590551 0.259843 -0.76378 
vn -0.590551 0.259843 -0.76378 
vn -0.590551 0.259843 -0.76378 
vn 0.590551 -0.228346 -0.771654 
vn 0.590551 -0.228346 -0.771654 
vn 0.590551 -0.228346 -0.771654 
vn -0.590551 0.259843 -0.76378 
vn -0.590551 0.259843 -0.76378 
vn -0.590551 0.259843 -0.76378 
vn -0.244094 -0.574803 -0.779528 
vn -0.244094 -0.574803 -0.779528 
vn -0.244094 -0.574803 -0.779528 
vn -0.244094 -0.574803 -0.779528 
vn -0.244094 -0.574803 -0.779528 
vn -0.244094 -0.574803 -0.779528 
vn 0.244094 0.606299 -0.755906 
vn 0.244094 0.606299 -0.755906 
vn 0.244094 0.606299 -0.755906 
vn 0.244094 0.606299 -0.755906 
vn 0.244094 0.606299 -0.755906 
vn 0.244094 0.606299 -0.755906 
vn -0.590551 -0.228346 -0.771654 
vn -0.590551 -0.228346 -0.771654 
vn -0.590551 -0.228346 -0.771654 
vn -0.590551 -0.228346 -0.771654 
vn -0.590551 -0.228346 -0.771654 
vn -0.590551 -0.228346 -0.771654 
vn 0.590551 0.259843 -0.76378 
vn 0.590551 0.259843 -0.76378 
vn 0.590551 0.259843 -0.76378 
vn 0.590551 0.259843 -0.76378 
vn 0.590551 0.259843 -0.76378 
vn 0.590551 0.259843 -0.76378 
vn 0.590551 0.259843 0.76378 
vn 0.590551 0.259843 0.76378 
vn 0.590551 0.259843 0.76378 
vn 0.590551 0.259843 0.76378 
vn 0.590551 0.259843 0.76378 
vn 0.590551 0.259843 0.76378 
vn -0.590551 -0.228346 0.771654 
vn -0.590551 -0.228346 0.771654 
vn -0.590551 -0.228346 0.771654 
vn -0.590551 -0.228346 0.771654 
vn -0.590551 -0.228346 0.771654 
vn -0.590551 -0.228346 0.771654 
vn -0.244094 -0.574803 0.779528 
vn -0.244094 -0.574803 0.779528 
vn -0.244094 -0.574803 0.779528 
vn -0.244094 -0.574803 0.779528 
vn -0.244094 -0.574803 0.779528 
vn -0.244094 -0.574803 0.779528 
vn 0.244094 0.606299 0.755906 
vn 0.244094 0.606299 0.755906 
vn 0.244094 0.606299 0.755906 
vn 0.244094 0.606299 0.755906 
vn 0.244094 0.606299 0.755906 
vn 0.244094 0.606299 0.755906 
vn 0.590551 -0.228346 0.771654 
vn 0.590551 -0.228346 0.771654 
vn 0.590551 -0.228346 0.771654 
vn 0.590551 -0.228346 0.771654 
vn 0.590551 -0.228346 0.771654 
vn 0.590551 -0.228346 0.771654 
vn -0.590551 0.259843 0.76378 
vn -0.590551 0.259843 0.76378 
vn -0.590551 0.259843 0.76378 
vn -0.590551 0.259843 0.76378 
vn -0.590551 0.259843 0.76378 
vn -0.590551 0.259843 0.76378 
vn 0 0.015748 1 
vn 0 0.015748 1 
vn 0 0.015748 1 
vn 0 0.015748 1 
vn 0 0.015748 1 
vn 0 0.015748 1 
vn 0 0.015748 1 
vn 0 0.015748 1 
vn 0 0.015748 1 
vn 0 0.015748 1 
vn 0 0.015748 1 
vn 0 0.015748 1 
vn 0 0.015748 1 
vn 0 0.015748 1 
vn 0 0.015748 1 
vn 0 0.015748 1 
vn 0 0.015748 1 
vn 0 0.015748 1 
vn 0 0.015748 1 
vn 0 0.015748 1 
vn 0 0.015748 1 
vn 0 0.015748 1 
vn 0 0.015748 1 
vn 0 0.015748 1 
vn 0 0.015748 1 
vn 0 0.015748 1 
vn 0 0.015748 1 
vn 0 0.015748 1 
vn 0 0.015748 1 
vn 0 0.015748 1 
vn 0 0.015748 1 
vn 0 0.015748 1 
vn 0 0.015748 1 
vn 0 0.015748 1 
vn 0 0.015748 1 
vn 0 0.015748 1 
vn 0.244094 -0.574803 0.779528 
vn 0.244094 -0.574803 0.779528 
vn 0.244094 -0.574803 0.779528 
vn 0.244094 -0.574803 0.779528 
vn 0.244094 -0.574803 0.779528 
vn 0.244094 -0.574803 0.779528 
vn -0.244094 0.606299 0.755906 
vn -0.244094 0.606299 0.755906 
vn -0.244094 0.606299 0.755906 
vn -0.244094 0.606299 0.755906 
vn -0.244094 0.606299 0.755906 
vn -0.244094 0.606299 0.755906 
vn 0.244094 -0.574803 0.779528 
vn 0.244094 -0.574803 0.779528 
vn 0.244094 -0.574803 0.779528 
vn 0.244094 -0.574803 0.779528 
vn 0.244094 -0.574803 0.779528 
vn 0.244094 -0.574803 0.779528 
vn -0.244094 0.606299 0.755906 
vn -0.244094 0.606299 0.755906 
vn -0.244094 0.606299 0.755906 
vn -0.244094 0.606299 0.755906 
vn -0.244094 0.606299 0.755906 
vn -0.244094 0.606299 0.755906 
vn 0.590551 -0.228346 0.771654 
vn 0.590551 -0.228346 0.771654 
vn 0.590551 -0.228346 0.771654 
vn -0.590551 0.259843 0.76378 
vn -0.590551 0.259843 0.76378 
vn -0.590551 0.259843 0.76378 
vn 0.590551 -0.228346 0.771654 
vn 0.590551 -0.228346 0.771654 
vn 0.590551 -0.228346 0.771654 
vn -0.590551 0.259843 0.76378 
vn -0.590551 0.259843 0.76378 
vn -0.590551 0.259843 0.76378 
vn -0.244094 -0.574803 0.779528 
vn -0.244094 -0.574803 0.779528 
vn -0.244094 -0.574803 0.779528 
vn -0.244094 -0.574803 0.779528 
vn -0.244094 -0.574803 0.779528 
vn -0.244094 -0.574803 0.779528 
vn 0.244094 0.606299 0.755906 
vn 0.244094 0.606299 0.755906 
vn 0.244094 0.606299 0.755906 
vn 0.244094 0.606299 0.755906 
vn 0.244094 0.606299 0.755906 
vn 0.244094 0.606299 0.755906 
vn -0.590551 -0.228346 0.771654 
vn -0.590551 -0.228346 0.771654 
vn -0.590551 -0.228346 0.771654 
vn -0.590551 -0.228346 0.771654 
vn -0.590551 -0.228346 0.771654 
vn -0.590551 -0.228346 0.771654 
vn 0.590551 0.259843 0.76378 
vn 0.590551 0.259843 0.76378 
vn 0.590551 0.259843 0.76378 
vn 0.590551 0.259843 0.76378 
vn 0.590551 0.259843 0.76378 
vn 0.590551 0.259843 0.76378 

vt 13.9756 -0.984539 
vt 13.9733 -0.982267 
vt 13.9707 -0.988452 
vt 13.9756 -0.984539 
vt 13.9707 -0.988452 
vt 13.974 -0.988406 
vt 14.0244 -1.01537 
vt 14.0267 -1.01773 
vt 14.0293 -1.01155 
vt 14.0244 -1.01537 
vt 14.0293 -1.01155 
vt 14.026 -1.0115 
vt 14.0206 -1.01697 
vt 14.0206 -1.02029 
vt 14.0267 -1.01773 
vt 14.0206 -1.01697 
vt 14.0267 -1.01773 
vt 14.0244 -1.01537 
vt 13.9794 -0.982937 
vt 13.9794 -0.979706 
vt 13.9733 -0.982267 
vt 13.9794 -0.982937 
vt 13.9733 -0.982267 
vt 13.9756 -0.984539 
vt 13.9707 -0.988452 
vt 13.9733 -0.994638 
vt 13.9756 -0.992274 
vt 13.9707 -0.988452 
vt 13.9756 -0.992274 
vt 13.974 -0.988406 
vt 14.026 -1.0115 
vt 14.0293 -1.01155 
vt 14.0267 -1.00536 
vt 14.026 -1.0115 
vt 14.0267 -1.00536 
vt 14.0244 -1.00763 
vt 13.9833 -0.992274 
vt 13.9756 -0.984539 
vt 13.9756 -0.992274 
vt 13.9794 -0.982937 
vt 13.9833 -0.992274 
vt 13.9833 -0.984539 
vt 13.9833 -0.992274 
vt 13.9756 -0.992274 
vt 13.9794 -0.993876 
vt 13.9756 -0.984539 
vt 13.9833 -0.992274 
vt 13.9794 -0.982937 
vt 13.9833 -0.984539 
vt 13.9833 -0.992274 
vt 13.9849 -0.988406 
vt 13.9756 -0.992274 
vt 13.9756 -0.984539 
vt 13.974 -0.988406 
vt 14.0244 -1.01537 
vt 14.0167 -1.00763 
vt 14.0167 -1.01537 
vt 14.0167 -1.01537 
vt 14.0167 -1.00763 
vt 14.0151 -1.0115 
vt 14.0244 -1.01537 
vt 14.0167 -1.01537 
vt 14.0206 -1.01697 
vt 14.0167 -1.00763 
vt 14.0244 -1.01537 
vt 14.0206 -1.00603 
vt 14.0206 -1.00603 
vt 14.0244 -1.01537 
vt 14.0244 -1.00763 
vt 14.0244 -1.00763 
vt 14.0244 -1.01537 
vt 14.026 -1.0115 
vt 14.0144 -1.01773 
vt 14.0206 -1.02029 
vt 14.0206 -1.01697 
vt 14.0144 -1.01773 
vt 14.0206 -1.01697 
vt 14.0167 -1.01537 
vt 13.9856 -0.982267 
vt 13.9794 -0.979706 
vt 13.9794 -0.982937 
vt 13.9856 -0.982267 
vt 13.9794 -0.982937 
vt 13.9833 -0.984539 
vt 13.9733 -0.994638 
vt 13.9794 -0.997199 
vt 13.9794 -0.993876 
vt 13.9733 -0.994638 
vt 13.9794 -0.993876 
vt 13.9756 -0.992274 
vt 14.0244 -1.00763 
vt 14.0267 -1.00536 
vt 14.0206 -1.0028 
vt 14.0244 -1.00763 
vt 14.0206 -1.0028 
vt 14.0206 -1.00603 
vt 14.0118 -1.01155 
vt 14.0144 -1.01773 
vt 14.0167 -1.01537 
vt 13.9849 -0.988406 
vt 13.9882 -0.988453 
vt 13.9856 -0.982267 
vt 14.0118 -1.01155 
vt 14.0167 -1.01537 
vt 14.0151 -1.0115 
vt 13.9849 -0.988406 
vt 13.9856 -0.982267 
vt 13.9833 -0.984539 
vt 13.9794 -0.993876 
vt 13.9794 -0.997199 
vt 13.9856 -0.994638 
vt 13.9794 -0.993876 
vt 13.9856 -0.994638 
vt 13.9833 -0.992274 
vt 14.0206 -1.00603 
vt 14.0206 -1.0028 
vt 14.0144 -1.00536 
vt 14.0206 -1.00603 
vt 14.0144 -1.00536 
vt 14.0167 -1.00763 
vt 13.9833 -0.992274 
vt 13.9856 -0.994638 
vt 13.9882 -0.988453 
vt 13.9833 -0.992274 
vt 13.9882 -0.988453 
vt 13.9849 -0.988406 
vt 14.0167 -1.00763 
vt 14.0144 -1.00536 
vt 14.0118 -1.01155 
vt 14.0167 -1.00763 
vt 14.0118 -1.01155 
vt 14.0151 -1.0115 
vt 14.0244 -0.984539 
vt 14.0293 -0.988452 
vt 14.0267 -0.982267 
vt 14.0244 -0.984539 
vt 14.026 -0.988406 
vt 14.0293 -0.988452 
vt 13.9756 -1.01537 
vt 13.9707 -1.01155 
vt 13.9733 -1.01773 
vt 13.9756 -1.01537 
vt 13.974 -1.0115 
vt 13.9707 -1.01155 
vt 13.9794 -1.01697 
vt 13.9733 -1.01773 
vt 13.9794 -1.02029 
vt 13.9794 -1.01697 
vt 13.9756 -1.01537 
vt 13.9733 -1.01773 
vt 14.0206 -0.982937 
vt 14.0267 -0.982267 
vt 14.0206 -0.979706 
vt 14.0206 -0.982937 
vt 14.0244 -0.984539 
vt 14.0267 -0.982267 
vt 14.0293 -0.988452 
vt 14.0244 -0.992274 
vt 14.0267 -0.994638 
vt 14.0293 -0.988452 
vt 14.026 -0.988406 
vt 14.0244 -0.992274 
vt 13.974 -1.0115 
vt 13.9733 -1.00536 
vt 13.9707 -1.01155 
vt 13.974 -1.0115 
vt 13.9756 -1.00763 
vt 13.9733 -1.00536 
vt 14.0167 -0.992274 
vt 14.0244 -0.992274 
vt 14.0244 -0.984539 
vt 14.0206 -0.982937 
vt 14.0167 -0.984539 
vt 14.0167 -0.992274 
vt 14.0167 -0.992274 
vt 14.0206 -0.993876 
vt 14.0244 -0.992274 
vt 14.0244 -0.984539 
vt 14.0206 -0.982937 
vt 14.0167 -0.992274 
vt 14.0167 -0.984539 
vt 14.0151 -0.988406 
vt 14.0167 -0.992274 
vt 14.0244 -0.992274 
vt 14.026 -0.988406 
vt 14.0244 -0.984539 
vt 13.9756 -1.01537 
vt 13.9833 -1.01537 
vt 13.9833 -1.00763 
vt 13.9833 -1.01537 
vt 13.9849 -1.0115 
vt 13.9833 -1.00763 
vt 13.9756 -1.01537 
vt 13.9794 -1.01697 
vt 13.9833 -1.01537 
vt 13.9833 -1.00763 
vt 13.9794 -1.00603 
vt 13.9756 -1.01537 
vt 13.9794 -1.00603 
vt 13.9756 -1.00763 
vt 13.9756 -1.01537 
vt 13.9756 -1.00763 
vt 13.974 -1.0115 
vt 13.9756 -1.01537 
vt 13.9856 -1.01773 
vt 13.9794 -1.01697 
vt 13.9794 -1.02029 
vt 13.9856 -1.01773 
vt 13.9833 -1.01537 
vt 13.9794 -1.01697 
vt 14.0144 -0.982267 
vt 14.0206 -0.982937 
vt 14.0206 -0.979706 
vt 14.0144 -0.982267 
vt 14.0167 -0.984539 
vt 14.0206 -0.982937 
vt 14.0267 -0.994638 
vt 14.0206 -0.993876 
vt 14.0206 -0.997199 
vt 14.0267 -0.994638 
vt 14.0244 -0.992274 
vt 14.0206 -0.993876 
vt 13.9756 -1.00763 
vt 13.9794 -1.0028 
vt 13.9733 -1.00536 
vt 13.9756 -1.00763 
vt 13.9794 -1.00603 
vt 13.9794 -1.0028 
vt 13.9882 -1.01155 
vt 13.9833 -1.01537 
vt 13.9856 -1.01773 
vt 14.0151 -0.988406 
vt 14.0144 -0.982267 
vt 14.0118 -0.988453 
vt 13.9882 -1.01155 
vt 13.9849 -1.0115 
vt 13.9833 -1.01537 
vt 14.0151 -0.988406 
vt 14.0167 -0.984539 
vt 14.0144 -0.982267 
vt 14.0206 -0.993876 
vt 14.0144 -0.994638 
vt 14.0206 -0.997199 
vt 14.0206 -0.993876 
vt 14.0167 -0.992274 
vt 14.0144 -0.994638 
vt 13.9794 -1.00603 
vt 13.9856 -1.00536 
vt 13.9794 -1.0028 
vt 13.9794 -1.00603 
vt 13.9833 -1.00763 
vt 13.9856 -1.00536 
vt 14.0167 -0.992274 
vt 14.0118 -0.988453 
vt 14.0144 -0.994638 
vt 14.0167 -0.992274 
vt 14.0151 -0.988406 
vt 14.0118 -0.988453 
vt 13.9833 -1.00763 
vt 13.9882 -1.01155 
vt 13.9856 -1.00536 
vt 13.9833 -1.00763 
vt 13.9849 -1.0115 
vt 13.9882 -1.01155 

usemtl Bolt1Mtl

f 25/25/25 26/26/26 27/27/27 
f 28/28/28 29/29/29 30/30/30 
f 31/31/31 32/32/32 33/33/33 
f 34/34/34 35/35/35 36/36/36 
f 37/37/37 38/38/38 39/39/39 
f 40/40/40 41/41/41 42/42/42 
f 43/43/43 44/44/44 45/45/45 
f 46/46/46 47/47/47 48/48/48 
f 49/49/49 50/50/50 51/51/51 
f 52/52/52 53/53/53 54/54/54 
f 55/55/55 56/56/56 57/57/57 
f 58/58/58 59/59/59 60/60/60 
f 61/61/61 62/62/62 63/63/63 
f 64/64/64 65/65/65 66/66/66 
f 67/67/67 68/68/68 69/69/69 
f 70/70/70 71/71/71 72/72/72 
f 73/73/73 74/74/74 75/75/75 
f 76/76/76 77/77/77 78/78/78 
f 79/79/79 80/80/80 81/81/81 
f 82/82/82 83/83/83 84/84/84 
f 85/85/85 86/86/86 87/87/87 
f 88/88/88 89/89/89 90/90/90 
f 91/91/91 92/92/92 93/93/93 
f 94/94/94 95/95/95 96/96/96 
f 97/97/97 98/98/98 99/99/99 
f 100/100/100 101/101/101 102/102/102 
f 103/103/103 104/104/104 105/105/105 
f 106/106/106 107/107/107 108/108/108 
f 109/109/109 110/110/110 111/111/111 
f 112/112/112 113/113/113 114/114/114 
f 115/115/115 116/116/116 117/117/117 
f 118/118/118 119/119/119 120/120/120 
f 121/121/121 122/122/122 123/123/123 
f 124/124/124 125/125/125 126/126/126 
f 127/127/127 128/128/128 129/129/129 
f 130/130/130 131/131/131 132/132/132 
f 133/133/133 134/134/134 135/135/135 
f 136/136/136 137/137/137 138/138/138 
f 139/139/139 140/140/140 141/141/141 
f 142/142/142 143/143/143 144/144/144 
f 145/145/145 146/146/146 147/147/147 
f 148/148/148 149/149/149 150/150/150 
f 151/151/151 152/152/152 153/153/153 
f 154/154/154 155/155/155 156/156/156 
f 157/157/157 158/158/158 159/159/159 
f 160/160/160 161/161/161 162/162/162 
f 163/163/163 164/164/164 165/165/165 
f 166/166/166 167/167/167 168/168/168 
f 169/169/169 170/170/170 171/171/171 
f 172/172/172 173/173/173 174/174/174 
f 175/175/175 176/176/176 177/177/177 
f 178/178/178 179/179/179 180/180/180 
f 181/181/181 182/182/182 183/183/183 
f 184/184/184 185/185/185 186/186/186 
f 187/187/187 188/188/188 189/189/189 
f 190/190/190 191/191/191 192/192/192 
f 193/193/193 194/194/194 195/195/195 
f 196/196/196 197/197/197 198/198/198 
f 199/199/199 200/200/200 201/201/201 
f 202/202/202 203/203/203 204/204/204 
f 205/205/205 206/206/206 207/207/207 
f 208/208/208 209/209/209 210/210/210 
f 211/211/211 212/212/212 213/213/213 
f 214/214/214 215/215/215 216/216/216 
f 217/217/217 218/218/218 219/219/219 
f 220/220/220 221/221/221 222/222/222 
f 223/223/223 224/224/224 225/225/225 
f 226/226/226 227/227/227 228/228/228 
f 229/229/229 230/230/230 231/231/231 
f 232/232/232 233/233/233 234/234/234 
f 235/235/235 236/236/236 237/237/237 
f 238/238/238 239/239/239 240/240/240 
f 241/241/241 242/242/242 243/243/243 
f 244/244/244 245/245/245 246/246/246 
f 247/247/247 248/248/248 249/249/249 
f 250/250/250 251/251/251 252/252/252 
f 253/253/253 254/254/254 255/255/255 
f 256/256/256 257/257/257 258/258/258 
f 259/259/259 260/260/260 261/261/261 
f 262/262/262 263/263/263 264/264/264 
f 265/265/265 266/266/266 267/267/267 
f 268/268/268 269/269/269 270/270/270 
f 271/271/271 272/272/272 273/273/273 
f 274/274/274 275/275/275 276/276/276 
f 277/277/277 278/278/278 279/279/279 
f 280/280/280 281/281/281 282/282/282 
f 283/283/283 284/284/284 285/285/285 
f 286/286/286 287/287/287 288/288/288 

g Hinge1

v -37.8469 -54.3365 3.81213 
v -37.3503 -54.0707 3.70422 
v -37.8469 -54.3365 4.15082 
v -37.3503 -54.0707 4.25873 
v -37.3503 -54.0707 4.15082 
v -37.3919 -53.9931 3.70422 
v -37.3503 -54.0707 3.70422 
v -37.373 -54.1456 3.70422 
v -37.373 -54.1456 3.70422 
v -37.772 -54.3592 3.70422 
v -37.8658 -54.184 3.70422 
v -37.772 -54.3592 3.70422 
v -37.8469 -54.3365 3.70422 
v -37.8658 -54.184 3.70422 
v -37.8469 -54.3365 3.70422 
v -37.8885 -54.2589 3.70422 
v -37.8658 -54.184 3.70422 
v -37.8658 -54.184 3.70422 
v -37.4668 -53.9704 3.70422 
v -37.373 -54.1456 3.70422 
v -37.4668 -53.9704 3.70422 
v -37.3919 -53.9931 3.70422 
v -37.373 -54.1456 3.70422 
v -37.8658 -54.184 4.25873 
v -37.4668 -53.9704 3.81213 
v -37.772 -54.3592 3.81213 
v -37.373 -54.1456 4.15082 
v -37.4668 -53.9704 4.15082 
v -37.8658 -54.184 4.15082 
v -37.772 -54.3592 4.15082 
v -37.8885 -54.2589 4.15082 
v -37.772 -54.3592 4.15082 
v -37.8469 -54.3365 4.15082 
v -37.772 -54.3592 4.15082 
v -37.4668 -53.9704 4.15082 
v -37.373 -54.1456 4.15082 
v -37.373 -54.1456 4.15082 
v -37.4668 -53.9704 4.15082 
v -37.3503 -54.0707 4.15082 
v -37.3503 -54.0707 4.15082 
v -37.4668 -53.9704 4.15082 
v -37.3919 -53.9931 4.15082 
v -37.4668 -53.9704 4.15082 
v -37.772 -54.3592 4.15082 
v -37.8658 -54.184 4.15082 
v -37.8658 -54.184 4.15082 
v -37.772 -54.3592 4.15082 
v -37.8885 -54.2589 4.15082 
v -37.3503 -54.0707 4.15082 
v -37.3919 -53.9931 4.25873 
v -37.8658 -54.184 4.25873 
v -37.4668 -53.9704 4.25873 
v -37.4668 -53.9704 3.81213 
v -37.3919 -53.9931 3.70422 
v -37.4668 -53.9704 3.70422 
v -37.4668 -53.9704 3.81213 
v -37.3919 -53.9931 3.81213 
v -37.3919 -53.9931 3.70422 
v -37.4668 -53.9704 4.15082 
v -37.4668 -53.9704 4.25873 
v -37.3919 -53.9931 4.25873 
v -37.8658 -54.184 4.15082 
v -37.4668 -53.9704 4.15082 
v -37.3919 -53.9931 4.25873 
v -37.3919 -53.9931 4.15082 
v -37.4668 -53.9704 3.70422 
v -37.8658 -54.184 3.81213 
v -37.4668 -53.9704 3.81213 
v -37.4668 -53.9704 3.70422 
v -37.8658 -54.184 3.70422 
v -37.8658 -54.184 3.81213 
v -37.4668 -53.9704 4.25873 
v -37.4668 -53.9704 4.15082 
v -37.8658 -54.184 4.15082 
v -37.4668 -53.9704 4.25873 
v -37.8658 -54.184 4.15082 
v -37.8658 -54.184 4.25873 
v -37.8469 -54.3365 3.70422 
v -37.3503 -54.0707 3.70422 
v -37.3919 -53.9931 3.81213 
v -37.3503 -54.0707 3.81213 
v -37.3503 -54.0707 3.70422 
v -37.3919 -53.9931 3.70422 
v -37.3919 -53.9931 3.81213 
v -37.3503 -54.0707 4.25873 
v -37.3503 -54.0707 4.15082 
v -37.3919 -53.9931 4.15082 
v -37.3503 -54.0707 4.25873 
v -37.3919 -53.9931 4.15082 
v -37.3919 -53.9931 4.25873 
v -37.8658 -54.184 3.70422 
v -37.373 -54.1456 4.25873 
v -37.373 -54.1456 3.70422 
v -37.3503 -54.0707 3.81213 
v -37.373 -54.1456 3.81213 
v -37.373 -54.1456 3.70422 
v -37.3503 -54.0707 3.70422 
v -37.3503 -54.0707 3.81213 
v -37.772 -54.3592 3.81213 
v -37.373 -54.1456 4.25873 
v -37.373 -54.1456 4.15082 
v -37.3503 -54.0707 4.15082 
v -37.373 -54.1456 4.25873 
v -37.3503 -54.0707 4.15082 
v -37.3503 -54.0707 4.25873 
v -37.8469 -54.3365 3.81213 
v -37.3503 -54.0707 3.70422 
v -37.8469 -54.3365 4.15082 
v -37.8469 -54.3365 4.25873 
v -37.3503 -54.0707 4.25873 
v -37.3919 -53.9931 4.25873 
v -37.373 -54.1456 3.70422 
v -37.8658 -54.184 3.70422 
v -37.3919 -53.9931 4.25873 
v -37.373 -54.1456 4.25873 
v -37.3503 -54.0707 4.25873 
v -37.373 -54.1456 4.25873 
v -37.8658 -54.184 4.25873 
v -37.772 -54.3592 4.25873 
v -37.772 -54.3592 4.25873 
v -37.8658 -54.184 4.25873 
v -37.8469 -54.3365 4.25873 
v -37.8469 -54.3365 4.25873 
v -37.8658 -54.184 4.25873 
v -37.8885 -54.2589 4.25873 
v -37.8658 -54.184 4.25873 
v -37.373 -54.1456 4.25873 
v -37.4668 -53.9704 4.25873 
v -37.4668 -53.9704 4.25873 
v -37.373 -54.1456 4.25873 
v -37.3919 -53.9931 4.25873 
v -37.4668 -53.9704 3.81213 
v -37.772 -54.3592 3.81213 
v -37.4668 -53.9704 4.15082 
v -37.8885 -54.2589 3.81213 
v -37.8469 -54.3365 3.81213 
v -37.772 -54.3592 3.81213 
v -37.772 -54.3592 3.81213 
v -37.373 -54.1456 3.81213 
v -37.4668 -53.9704 3.81213 
v -37.373 -54.1456 3.81213 
v -37.3503 -54.0707 3.81213 
v -37.4668 -53.9704 3.81213 
v -37.3503 -54.0707 3.81213 
v -37.3919 -53.9931 3.81213 
v -37.4668 -53.9704 3.81213 
v -37.4668 -53.9704 3.81213 
v -37.8658 -54.184 3.81213 
v -37.772 -54.3592 3.81213 
v -37.8658 -54.184 3.81213 
v -37.8885 -54.2589 3.81213 
v -37.772 -54.3592 3.81213 
v -37.8469 -54.3365 4.15082 
v -37.8469 -54.3365 4.25873 
v -37.373 -54.1456 4.25873 
v -37.772 -54.3592 4.25873 
v -37.772 -54.3592 3.70422 
v -37.8469 -54.3365 3.81213 
v -37.8469 -54.3365 3.70422 
v -37.772 -54.3592 3.70422 
v -37.772 -54.3592 3.81213 
v -37.8469 -54.3365 3.81213 
v -37.373 -54.1456 4.15082 
v -37.772 -54.3592 4.25873 
v -37.8469 -54.3365 4.25873 
v -37.8469 -54.3365 4.15082 
v -37.772 -54.3592 4.25873 
v -37.8469 -54.3365 4.15082 
v -37.772 -54.3592 4.15082 
v -37.373 -54.1456 3.81213 
v -37.772 -54.3592 3.70422 
v -37.373 -54.1456 3.70422 
v -37.373 -54.1456 3.81213 
v -37.772 -54.3592 3.81213 
v -37.772 -54.3592 3.70422 
v -37.373 -54.1456 4.15082 
v -37.373 -54.1456 4.25873 
v -37.772 -54.3592 4.25873 
v -37.373 -54.1456 4.15082 
v -37.772 -54.3592 4.25873 
v -37.772 -54.3592 4.15082 
v -37.8885 -54.2589 3.81213 
v -37.8469 -54.3365 3.70422 
v -37.8469 -54.3365 3.81213 
v -37.8885 -54.2589 3.81213 
v -37.8885 -54.2589 3.70422 
v -37.8469 -54.3365 3.70422 
v -37.8885 -54.2589 4.15082 
v -37.8469 -54.3365 4.15082 
v -37.8469 -54.3365 4.25873 
v -37.8885 -54.2589 4.15082 
v -37.8469 -54.3365 4.25873 
v -37.8885 -54.2589 4.25873 
v -37.8658 -54.184 3.70422 
v -37.8658 -54.184 4.25873 
v -37.8658 -54.184 3.70422 
v -37.8885 -54.2589 3.81213 
v -37.8658 -54.184 3.81213 
v -37.772 -54.3592 3.81213 
v -37.8658 -54.184 3.70422 
v -37.8885 -54.2589 3.70422 
v -37.8885 -54.2589 3.81213 
v -37.8658 -54.184 4.25873 
v -37.8658 -54.184 4.15082 
v -37.8885 -54.2589 4.15082 
v -37.8658 -54.184 4.25873 
v -37.8885 -54.2589 4.15082 
v -37.8885 -54.2589 4.25873 

vn -0.88189 -0.472441 0 
vn 0.88189 0.472441 0 
vn -0.88189 -0.472441 0 
vn 0.88189 0.472441 0 
vn 0.88189 0.472441 0 
vn 0 0 -1 
vn 0 0 -1 
vn 0 0 -1 
vn 0 0 -1 
vn 0 0 -1 
vn 0 0 -1 
vn 0 0 -1 
vn 0 0 -1 
vn 0 0 -1 
vn 0 0 -1 
vn 0 0 -1 
vn 0 0 -1 
vn 0 0 -1 
vn 0 0 -1 
vn 0 0 -1 
vn 0 0 -1 
vn 0 0 -1 
vn 0 0 -1 
vn 0 0 1 
vn 0.291339 0.96063 0 
vn -0.291339 -0.96063 0 
vn 0.96063 -0.291339 0 
vn 0.291339 0.96063 0 
vn -0.96063 0.291339 0 
vn -0.291339 -0.96063 0 
vn 0 0 -1 
vn 0 0 -1 
vn 0 0 -1 
vn 0 0 -1 
vn 0 0 -1 
vn 0 0 -1 
vn 0 0 -1 
vn 0 0 -1 
vn 0 0 -1 
vn 0 0 -1 
vn 0 0 -1 
vn 0 0 -1 
vn 0 0 -1 
vn 0 0 -1 
vn 0 0 -1 
vn 0 0 -1 
vn 0 0 -1 
vn 0 0 -1 
vn 0.88189 0.472441 0 
vn 0.88189 0.472441 0 
vn 0 0 1 
vn 0 0 1 
vn 0.291339 0.96063 0 
vn 0.291339 0.96063 0 
vn 0.291339 0.96063 0 
vn 0.291339 0.96063 0 
vn 0.291339 0.96063 0 
vn 0.291339 0.96063 0 
vn 0.291339 0.96063 0 
vn 0.291339 0.96063 0 
vn 0.291339 0.96063 0 
vn -0.96063 0.291339 0 
vn 0.291339 0.96063 0 
vn 0.291339 0.96063 0 
vn 0.291339 0.96063 0 
vn -0.472441 0.88189 0 
vn -0.472441 0.88189 0 
vn -0.472441 0.88189 0 
vn -0.472441 0.88189 0 
vn -0.472441 0.88189 0 
vn -0.472441 0.88189 0 
vn -0.472441 0.88189 0 
vn -0.472441 0.88189 0 
vn -0.472441 0.88189 0 
vn -0.472441 0.88189 0 
vn -0.472441 0.88189 0 
vn -0.472441 0.88189 0 
vn -0.88189 -0.472441 0 
vn 0.88189 0.472441 0 
vn 0.88189 0.472441 0 
vn 0.88189 0.472441 0 
vn 0.88189 0.472441 0 
vn 0.88189 0.472441 0 
vn 0.88189 0.472441 0 
vn 0.88189 0.472441 0 
vn 0.88189 0.472441 0 
vn 0.88189 0.472441 0 
vn 0.88189 0.472441 0 
vn 0.88189 0.472441 0 
vn 0.88189 0.472441 0 
vn 0 0 -1 
vn 0 0 1 
vn 0.96063 -0.291339 0 
vn 0.96063 -0.291339 0 
vn 0.96063 -0.291339 0 
vn 0.96063 -0.291339 0 
vn 0.96063 -0.291339 0 
vn 0.96063 -0.291339 0 
vn -0.291339 -0.96063 0 
vn 0.96063 -0.291339 0 
vn 0.96063 -0.291339 0 
vn 0.96063 -0.291339 0 
vn 0.96063 -0.291339 0 
vn 0.96063 -0.291339 0 
vn 0.96063 -0.291339 0 
vn -0.88189 -0.472441 0 
vn 0.88189 0.472441 0 
vn -0.88189 -0.472441 0 
vn -0.88189 -0.472441 0 
vn 0.88189 0.472441 0 
vn 0.88189 0.472441 0 
vn 0 0 -1 
vn 0 0 -1 
vn 0 0 1 
vn 0 0 1 
vn 0 0 1 
vn 0 0 1 
vn 0 0 1 
vn 0 0 1 
vn 0 0 1 
vn 0 0 1 
vn 0 0 1 
vn 0 0 1 
vn 0 0 1 
vn 0 0 1 
vn 0 0 1 
vn 0 0 1 
vn 0 0 1 
vn 0 0 1 
vn 0 0 1 
vn 0 0 1 
vn 0.291339 0.96063 0 
vn -0.291339 -0.96063 0 
vn 0.291339 0.96063 0 
vn 0 0 1 
vn 0 0 1 
vn 0 0 1 
vn 0 0 1 
vn 0 0 1 
vn 0 0 1 
vn 0 0 1 
vn 0 0 1 
vn 0 0 1 
vn 0 0 1 
vn 0 0 1 
vn 0 0 1 
vn 0 0 1 
vn 0 0 1 
vn 0 0 1 
vn 0 0 1 
vn 0 0 1 
vn 0 0 1 
vn -0.88189 -0.472441 0 
vn -0.88189 -0.472441 0 
vn 0 0 1 
vn 0 0 1 
vn -0.291339 -0.96063 0 
vn -0.291339 -0.96063 0 
vn -0.291339 -0.96063 0 
vn -0.291339 -0.96063 0 
vn -0.291339 -0.96063 0 
vn -0.291339 -0.96063 0 
vn 0.96063 -0.291339 0 
vn -0.291339 -0.96063 0 
vn -0.291339 -0.96063 0 
vn -0.291339 -0.96063 0 
vn -0.291339 -0.96063 0 
vn -0.291339 -0.96063 0 
vn -0.291339 -0.96063 0 
vn 0.472441 -0.88189 0 
vn 0.472441 -0.88189 0 
vn 0.472441 -0.88189 0 
vn 0.472441 -0.88189 0 
vn 0.472441 -0.88189 0 
vn 0.472441 -0.88189 0 
vn 0.472441 -0.88189 0 
vn 0.472441 -0.88189 0 
vn 0.472441 -0.88189 0 
vn 0.472441 -0.88189 0 
vn 0.472441 -0.88189 0 
vn 0.472441 -0.88189 0 
vn -0.88189 -0.472441 0 
vn -0.88189 -0.472441 0 
vn -0.88189 -0.472441 0 
vn -0.88189 -0.472441 0 
vn -0.88189 -0.472441 0 
vn -0.88189 -0.472441 0 
vn -0.88189 -0.472441 0 
vn -0.88189 -0.472441 0 
vn -0.88189 -0.472441 0 
vn -0.88189 -0.472441 0 
vn -0.88189 -0.472441 0 
vn -0.88189 -0.472441 0 
vn 0 0 -1 
vn 0 0 1 
vn -0.96063 0.291339 0 
vn -0.96063 0.291339 0 
vn -0.96063 0.291339 0 
vn -0.291339 -0.96063 0 
vn -0.96063 0.291339 0 
vn -0.96063 0.291339 0 
vn -0.96063 0.291339 0 
vn -0.96063 0.291339 0 
vn -0.96063 0.291339 0 
vn -0.96063 0.291339 0 
vn -0.96063 0.291339 0 
vn -0.96063 0.291339 0 
vn -0.96063 0.291339 0 

vt 44.0284 -61.0215 
vt 43.9664 -60.9882 
vt 44.0284 -61.0215 
vt 43.9664 -60.9882 
vt 43.9664 -60.9882 
vt 43.9716 -60.9785 
vt 43.9664 -60.9882 
vt 43.9692 -60.9976 
vt 43.9692 -60.9976 
vt 44.0191 -61.0243 
vt 44.0308 -61.0024 
vt 44.0191 -61.0243 
vt 44.0284 -61.0215 
vt 44.0308 -61.0024 
vt 44.0284 -61.0215 
vt 44.0336 -61.0118 
vt 44.0308 -61.0024 
vt 44.0308 -61.0024 
vt 43.9809 -60.9757 
vt 43.9692 -60.9976 
vt 43.9809 -60.9757 
vt 43.9716 -60.9785 
vt 43.9692 -60.9976 
vt 44.0308 -61.0024 
vt 43.9809 -60.9757 
vt 44.0191 -61.0243 
vt 43.9692 -60.9976 
vt 43.9809 -60.9757 
vt 44.0308 -61.0024 
vt 44.0191 -61.0243 
vt 44.0336 -61.0118 
vt 44.0191 -61.0243 
vt 44.0284 -61.0215 
vt 44.0191 -61.0243 
vt 43.9809 -60.9757 
vt 43.9692 -60.9976 
vt 43.9692 -60.9976 
vt 43.9809 -60.9757 
vt 43.9664 -60.9882 
vt 43.9664 -60.9882 
vt 43.9809 -60.9757 
vt 43.9716 -60.9785 
vt 43.9809 -60.9757 
vt 44.0191 -61.0243 
vt 44.0308 -61.0024 
vt 44.0308 -61.0024 
vt 44.0191 -61.0243 
vt 44.0336 -61.0118 
vt 44.0212 -60.9664 
vt 44.0347 -60.9716 
vt 44.0347 -61.0308 
vt 44.0347 -60.9809 
vt 43.9788 -60.9809 
vt 43.9653 -60.9716 
vt 43.9653 -60.9809 
vt 43.9788 -60.9809 
vt 43.9788 -60.9716 
vt 43.9653 -60.9716 
vt 44.0212 -60.9809 
vt 44.0347 -60.9809 
vt 44.0347 -60.9716 
vt 44.0212 -61.0308 
vt 44.0212 -60.9809 
vt 44.0347 -60.9716 
vt 44.0212 -60.9716 
vt 43.9653 -60.9809 
vt 43.9788 -61.0308 
vt 43.9788 -60.9809 
vt 43.9653 -60.9809 
vt 43.9653 -61.0308 
vt 43.9788 -61.0308 
vt 44.0347 -60.9809 
vt 44.0212 -60.9809 
vt 44.0212 -61.0308 
vt 44.0347 -60.9809 
vt 44.0212 -61.0308 
vt 44.0347 -61.0308 
vt 44.0347 -61.0215 
vt 44.0347 -60.9882 
vt 44.0212 -60.9785 
vt 44.0212 -60.9882 
vt 44.0347 -60.9882 
vt 44.0347 -60.9785 
vt 44.0212 -60.9785 
vt 43.9653 -60.9882 
vt 43.9788 -60.9882 
vt 43.9788 -60.9785 
vt 43.9653 -60.9882 
vt 43.9788 -60.9785 
vt 43.9653 -60.9785 
vt 44.0347 -61.0024 
vt 43.9653 -60.9976 
vt 44.0347 -60.9976 
vt 44.0212 -60.9882 
vt 44.0212 -60.9976 
vt 44.0347 -60.9976 
vt 44.0347 -60.9882 
vt 44.0212 -60.9882 
vt 44.0212 -61.0243 
vt 43.9653 -60.9976 
vt 43.9788 -60.9976 
vt 43.9788 -60.9882 
vt 43.9653 -60.9976 
vt 43.9788 -60.9882 
vt 43.9653 -60.9882 
vt 43.9716 -61.0215 
vt 44.0336 -60.9882 
vt 43.9716 -61.0215 
vt 43.9716 -61.0215 
vt 44.0336 -60.9882 
vt 44.0284 -60.9785 
vt 44.0308 -60.9976 
vt 43.9692 -61.0024 
vt 44.0284 -60.9785 
vt 44.0308 -60.9976 
vt 44.0336 -60.9882 
vt 44.0308 -60.9976 
vt 43.9692 -61.0024 
vt 43.9809 -61.0243 
vt 43.9809 -61.0243 
vt 43.9692 -61.0024 
vt 43.9716 -61.0215 
vt 43.9716 -61.0215 
vt 43.9692 -61.0024 
vt 43.9664 -61.0118 
vt 43.9692 -61.0024 
vt 44.0308 -60.9976 
vt 44.0191 -60.9757 
vt 44.0191 -60.9757 
vt 44.0308 -60.9976 
vt 44.0284 -60.9785 
vt 44.0191 -60.9757 
vt 43.9809 -61.0243 
vt 44.0191 -60.9757 
vt 43.9664 -61.0118 
vt 43.9716 -61.0215 
vt 43.9809 -61.0243 
vt 43.9809 -61.0243 
vt 44.0308 -60.9976 
vt 44.0191 -60.9757 
vt 44.0308 -60.9976 
vt 44.0336 -60.9882 
vt 44.0191 -60.9757 
vt 44.0336 -60.9882 
vt 44.0284 -60.9785 
vt 44.0191 -60.9757 
vt 44.0191 -60.9757 
vt 43.9692 -61.0024 
vt 43.9809 -61.0243 
vt 43.9692 -61.0024 
vt 43.9664 -61.0118 
vt 43.9809 -61.0243 
vt 43.9788 -61.0284 
vt 43.9653 -61.0284 
vt 43.9653 -60.9692 
vt 43.9653 -61.0191 
vt 44.0347 -61.0191 
vt 44.0212 -61.0284 
vt 44.0347 -61.0284 
vt 44.0347 -61.0191 
vt 44.0212 -61.0191 
vt 44.0212 -61.0284 
vt 43.9788 -60.9692 
vt 43.9653 -61.0191 
vt 43.9653 -61.0284 
vt 43.9788 -61.0284 
vt 43.9653 -61.0191 
vt 43.9788 -61.0284 
vt 43.9788 -61.0191 
vt 44.0212 -60.9692 
vt 44.0347 -61.0191 
vt 44.0347 -60.9692 
vt 44.0212 -60.9692 
vt 44.0212 -61.0191 
vt 44.0347 -61.0191 
vt 43.9788 -60.9692 
vt 43.9653 -60.9692 
vt 43.9653 -61.0191 
vt 43.9788 -60.9692 
vt 43.9653 -61.0191 
vt 43.9788 -61.0191 
vt 43.9788 -61.0118 
vt 43.9653 -61.0215 
vt 43.9788 -61.0215 
vt 43.9788 -61.0118 
vt 43.9653 -61.0118 
vt 43.9653 -61.0215 
vt 44.0212 -61.0118 
vt 44.0212 -61.0215 
vt 44.0347 -61.0215 
vt 44.0212 -61.0118 
vt 44.0347 -61.0215 
vt 44.0347 -61.0118 
vt 43.9653 -61.0024 
vt 44.0347 -61.0024 
vt 43.9653 -61.0024 
vt 43.9788 -61.0118 
vt 43.9788 -61.0024 
vt 43.9788 -61.0243 
vt 43.9653 -61.0024 
vt 43.9653 -61.0118 
vt 43.9788 -61.0118 
vt 44.0347 -61.0024 
vt 44.0212 -61.0024 
vt 44.0212 -61.0118 
vt 44.0347 -61.0024 
vt 44.0212 -61.0118 
vt 44.0347 -61.0118 

usemtl Hinge1Mtl

f 294/294/294 295/295/295 296/296/296 
f 297/297/297 298/298/298 299/299/299 
f 300/300/300 301/301/301 302/302/302 
f 303/303/303 304/304/304 305/305/305 
f 306/306/306 307/307/307 308/308/308 
f 309/309/309 310/310/310 311/311/311 
f 319/319/319 320/320/320 321/321/321 
f 322/322/322 323/323/323 324/324/324 
f 325/325/325 326/326/326 327/327/327 
f 328/328/328 329/329/329 330/330/330 
f 331/331/331 332/332/332 333/333/333 
f 334/334/334 335/335/335 336/336/336 
f 341/341/341 342/342/342 343/343/343 
f 344/344/344 345/345/345 346/346/346 
f 347/347/347 348/348/348 349/349/349 
f 351/351/351 352/352/352 353/353/353 
f 354/354/354 355/355/355 356/356/356 
f 357/357/357 358/358/358 359/359/359 
f 360/360/360 361/361/361 362/362/362 
f 363/363/363 364/364/364 365/365/365 
f 367/367/367 368/368/368 369/369/369 
f 370/370/370 371/371/371 372/372/372 
f 373/373/373 374/374/374 375/375/375 
f 376/376/376 377/377/377 378/378/378 
f 381/381/381 382/382/382 383/383/383 
f 384/384/384 385/385/385 386/386/386 
f 388/388/388 389/389/389 390/390/390 
f 391/391/391 392/392/392 393/393/393 
f 402/402/402 403/403/403 404/404/404 
f 405/405/405 406/406/406 407/407/407 
f 408/408/408 409/409/409 410/410/410 
f 411/411/411 412/412/412 413/413/413 
f 414/414/414 415/415/415 416/416/416 
f 417/417/417 418/418/418 419/419/419 
f 423/423/423 424/424/424 425/425/425 
f 426/426/426 427/427/427 428/428/428 
f 429/429/429 430/430/430 431/431/431 
f 432/432/432 433/433/433 434/434/434 
f 435/435/435 436/436/436 437/437/437 
f 438/438/438 439/439/439 440/440/440 
f 445/445/445 446/446/446 447/447/447 
f 448/448/448 449/449/449 450/450/450 
f 452/452/452 453/453/453 454/454/454 
f 455/455/455 456/456/456 457/457/457 
f 458/458/458 459/459/459 460/460/460 
f 461/461/461 462/462/462 463/463/463 
f 464/464/464 465/465/465 466/466/466 
f 467/467/467 468/468/468 469/469/469 
f 470/470/470 471/471/471 472/472/472 
f 473/473/473 474/474/474 475/475/475 
f 476/476/476 477/477/477 478/478/478 
f 479/479/479 480/480/480 481/481/481 
f 484/484/484 485/485/485 486/486/486 
f 488/488/488 489/489/489 490/490/490 
f 491/491/491 492/492/492 493/493/493 
f 494/494/494 495/495/495 496/496/496 

g Color1

v -36.555 -57.2246 4.761 
v -36.6476 -57.1698 4.83834 
v -36.4609 -57.1798 4.66168 
v -36.555 -57.2246 4.761 
v -36.651 -57.2338 4.85481 
v -36.6476 -57.1698 4.83834 
v -36.6476 -57.1698 4.83834 
v -36.5133 -57.067 4.84428 
v -36.4609 -57.1798 4.66168 
v -36.6476 -57.1698 4.83834 
v -36.648 -57.1248 4.89302 
v -36.5133 -57.067 4.84428 
v -36.4129 -57.1724 4.84605 
v -36.4144 -57.2566 4.89123 
v -36.4609 -57.1798 4.66168 
v -36.5133 -57.067 4.84428 
v -36.4129 -57.1724 4.84605 
v -36.4609 -57.1798 4.66168 
v -36.5133 -57.067 4.84428 
v -36.4627 -57.095 4.92487 
v -36.4129 -57.1724 4.84605 
v -36.4144 -57.2566 4.89123 
v -36.555 -57.2246 4.761 
v -36.4609 -57.1798 4.66168 
v -36.4144 -57.2566 4.89123 
v -36.554 -57.269 4.88597 
v -36.555 -57.2246 4.761 

vn -0.685039 -0.149606 -0.716535 
vn -0.685039 -0.149606 -0.716535 
vn -0.685039 -0.149606 -0.716535 
vn -0.685039 -0.149606 -0.716535 
vn -0.685039 -0.149606 -0.716535 
vn -0.685039 -0.149606 -0.716535 
vn -0.488189 0.669291 -0.559055 
vn -0.488189 0.669291 -0.559055 
vn -0.488189 0.669291 -0.559055 
vn -0.488189 0.669291 -0.559055 
vn -0.488189 0.669291 -0.559055 
vn -0.488189 0.669291 -0.559055 
vn 0.96063 -0.149606 -0.244094 
vn 0.96063 -0.149606 -0.244094 
vn 0.96063 -0.149606 -0.244094 
vn 0.708661 0.669291 -0.212598 
vn 0.708661 0.669291 -0.212598 
vn 0.708661 0.669291 -0.212598 
vn 0.708661 0.669291 -0.212598 
vn 0.708661 0.669291 -0.212598 
vn 0.708661 0.669291 -0.212598 
vn 0.0944882 -0.937008 -0.330709 
vn 0.0944882 -0.937008 -0.330709 
vn 0.0944882 -0.937008 -0.330709 
vn 0.0944882 -0.937008 -0.330709 
vn 0.0944882 -0.937008 -0.330709 
vn 0.0944882 -0.937008 -0.330709 

vt 40.0029 -21.0071 
vt 40.0145 -21.0002 
vt 39.9911 -21.0015 
vt 40.0029 -21.0071 
vt 40.0149 -21.0082 
vt 40.0145 -21.0002 
vt 40.0056 -21.0145 
vt 40.0064 -20.9977 
vt 39.9836 -20.9911 
vt 40.0056 -21.0145 
vt 40.0125 -21.0145 
vt 40.0064 -20.9977 
vt 39.9934 -21.0005 
vt 39.9878 -21.0111 
vt 40.0164 -21.0015 
vt 39.9936 -20.9874 
vt 39.9934 -21.0005 
vt 40.0164 -21.0015 
vt 39.9936 -20.9874 
vt 39.9836 -20.9909 
vt 39.9934 -21.0005 
vt 39.9878 -20.9853 
vt 40.004 -21.0029 
vt 40.0164 -20.9911 
vt 39.9878 -20.9853 
vt 39.9884 -21.0028 
vt 40.004 -21.0029 

usemtl Color1Mtl

f 497/497/497 498/498/498 499/499/499 
f 500/500/500 501/501/501 502/502/502 
f 503/503/503 504/504/504 505/505/505 
f 506/506/506 507/507/507 508/508/508 
f 509/509/509 510/510/510 511/511/511 
f 512/512/512 513/513/513 514/514/514 
f 515/515/515 516/516/516 517/517/517 
f 518/518/518 519/519/519 520/520/520 
f 521/521/521 522/522/522 523/523/523 

g Base1

v -36.651 -57.2338 4.8548 
v -36.555 -57.2246 4.76099 
v -36.69 -57.289 4.90357 
v -36.69 -57.289 4.90357 
v -36.7527 -57.1641 4.93771 
v -36.651 -57.2338 4.8548 
v -36.7527 -57.1641 4.93771 
v -36.6476 -57.1698 4.83833 
v -36.651 -57.2338 4.8548 
v -36.5934 -57.1378 5.23659 
v -36.5636 -56.9584 5.01998 
v -36.6529 -57.1379 5.21945 
v -36.3596 -57.1641 5.05039 
v -36.5934 -57.1378 5.23659 
v -36.5521 -57.1908 5.25402 
v -36.3596 -57.1641 5.05039 
v -36.5636 -56.9584 5.01998 
v -36.5934 -57.1378 5.23659 
v -36.648 -57.1248 4.89301 
v -36.6476 -57.1698 4.83833 
v -36.7527 -57.1641 4.93771 
v -36.7527 -57.1641 4.93771 
v -36.5636 -56.9584 5.01998 
v -36.648 -57.1248 4.89301 
v -36.5636 -56.9584 5.01998 
v -36.5132 -57.067 4.84427 
v -36.648 -57.1248 4.89301 
v -36.3596 -57.1641 5.05039 
v -36.4144 -57.2566 4.89122 
v -36.4129 -57.1723 4.84605 
v -36.3596 -57.1641 5.05039 
v -36.3948 -57.2891 4.98819 
v -36.4144 -57.2566 4.89122 
v -36.3948 -57.2891 4.98819 
v -36.5521 -57.1908 5.25402 
v -36.5889 -57.2579 5.24133 
v -36.3948 -57.2891 4.98819 
v -36.3596 -57.1641 5.05039 
v -36.5521 -57.1908 5.25402 
v -36.5636 -56.9584 5.01998 
v -36.3596 -57.1641 5.05039 
v -36.4627 -57.0949 4.92486 
v -36.3596 -57.1641 5.05039 
v -36.4129 -57.1723 4.84605 
v -36.4627 -57.0949 4.92486 
v -36.4627 -57.0949 4.92486 
v -36.5132 -57.067 4.84427 
v -36.5636 -56.9584 5.01998 
v -36.69 -57.289 4.90357 
v -36.555 -57.2246 4.76099 
v -36.554 -57.2689 4.88596 
v -36.3948 -57.2891 4.98819 
v -36.69 -57.289 4.90357 
v -36.554 -57.2689 4.88596 
v -36.4144 -57.2566 4.89122 
v -36.3948 -57.2891 4.98819 
v -36.554 -57.2689 4.88596 
v -36.6594 -57.2584 5.22116 
v -36.3948 -57.2891 4.98819 
v -36.5889 -57.2579 5.24133 
v -36.6594 -57.2584 5.22116 
v -36.69 -57.289 4.90357 
v -36.3948 -57.2891 4.98819 
v -36.6975 -57.1907 5.21247 
v -36.69 -57.289 4.90357 
v -36.6594 -57.2584 5.22116 
v -36.6975 -57.1907 5.21247 
v -36.7527 -57.1641 4.93771 
v -36.69 -57.289 4.90357 
v -36.6529 -57.1379 5.21945 
v -36.7527 -57.1641 4.93771 
v -36.6975 -57.1907 5.21247 
v -36.6529 -57.1379 5.21945 
v -36.5636 -56.9584 5.01998 
v -36.7527 -57.1641 4.93771 

vn -0.685039 -0.149606 -0.716535 
vn -0.685039 -0.149606 -0.716535 
vn -0.685039 -0.149606 -0.716535 
vn -0.685039 -0.149606 -0.716535 
vn -0.685039 -0.149606 -0.716535 
vn -0.685039 -0.149606 -0.716535 
vn -0.685039 -0.149606 -0.716535 
vn -0.685039 -0.149606 -0.716535 
vn -0.685039 -0.149606 -0.716535 
vn -0.181102 0.771654 0.614173 
vn -0.181102 0.771654 0.614173 
vn -0.181102 0.771654 0.614173 
vn 0.535433 0.606299 0.582677 
vn 0.535433 0.606299 0.582677 
vn 0.535433 0.606299 0.582677 
vn 0.535433 0.614173 0.582677 
vn 0.535433 0.614173 0.582677 
vn 0.535433 0.614173 0.582677 
vn -0.488189 0.669291 -0.559055 
vn -0.488189 0.669291 -0.559055 
vn -0.488189 0.669291 -0.559055 
vn -0.488189 0.669291 -0.559055 
vn -0.488189 0.669291 -0.559055 
vn -0.488189 0.669291 -0.559055 
vn -0.488189 0.669291 -0.559055 
vn -0.488189 0.669291 -0.559055 
vn -0.488189 0.669291 -0.559055 
vn 0.96063 -0.149606 -0.244094 
vn 0.96063 -0.149606 -0.244094 
vn 0.96063 -0.149606 -0.244094 
vn 0.96063 -0.149606 -0.244094 
vn 0.96063 -0.149606 -0.244094 
vn 0.96063 -0.149606 -0.244094 
vn 0.669291 -0.472441 0.574803 
vn 0.669291 -0.472441 0.574803 
vn 0.669291 -0.472441 0.574803 
vn 0.669291 -0.472441 0.574803 
vn 0.669291 -0.472441 0.574803 
vn 0.669291 -0.472441 0.574803 
vn 0.708661 0.669291 -0.212598 
vn 0.708661 0.669291 -0.212598 
vn 0.708661 0.669291 -0.212598 
vn 0.708661 0.669291 -0.212598 
vn 0.708661 0.669291 -0.212598 
vn 0.708661 0.669291 -0.212598 
vn 0.708661 0.669291 -0.212598 
vn 0.708661 0.669291 -0.212598 
vn 0.708661 0.669291 -0.212598 
vn 0.0944882 -0.937008 -0.330709 
vn 0.0944882 -0.937008 -0.330709 
vn 0.0944882 -0.937008 -0.330709 
vn 0.0944882 -0.937008 -0.330709 
vn 0.0944882 -0.937008 -0.330709 
vn 0.0944882 -0.937008 -0.330709 
vn 0.0944882 -0.937008 -0.330709 
vn 0.0944882 -0.937008 -0.330709 
vn 0.0944882 -0.937008 -0.330709 
vn -0.023622 -0.992126 0.102362 
vn -0.023622 -0.992126 0.102362 
vn -0.023622 -0.992126 0.102362 
vn -0.0314961 -0.992126 0.102362 
vn -0.0314961 -0.992126 0.102362 
vn -0.0314961 -0.992126 0.102362 
vn -0.874016 -0.472441 0.133858 
vn -0.874016 -0.472441 0.133858 
vn -0.874016 -0.472441 0.133858 
vn -0.874016 -0.472441 0.125984 
vn -0.874016 -0.472441 0.125984 
vn -0.874016 -0.472441 0.125984 
vn -0.76378 0.614173 0.212598 
vn -0.76378 0.614173 0.212598 
vn -0.76378 0.614173 0.212598 
vn -0.76378 0.614173 0.212598 
vn -0.76378 0.614173 0.212598 
vn -0.76378 0.614173 0.212598 

vt 6.01185 -59.0138 
vt 5.99985 -59.0126 
vt 6.01673 -59.0207 
vt 6.01673 -59.0207 
vt 6.02456 -59.005 
vt 6.01185 -59.0138 
vt 6.02456 -59.005 
vt 6.01143 -59.0057 
vt 6.01185 -59.0138 
vt 6.02864 -59.0047 
vt 6.00156 -59.0009 
vt 6.02649 -59.0121 
vt 6.00536 -58.9754 
vt 6.02864 -59.0047 
vt 6.03081 -58.9995 
vt 6.00536 -58.9754 
vt 6.00156 -59.0009 
vt 6.02864 -59.0047 
vt 5.98569 -59.0115 
vt 5.97885 -59.0114 
vt 5.99128 -59.0246 
vt 5.99128 -59.0246 
vt 6.00156 -59.0009 
vt 5.98569 -59.0115 
vt 6.00156 -59.0009 
vt 5.9796 -58.9946 
vt 5.98569 -59.0115 
vt 5.99464 -59.005 
vt 6.01454 -59.0166 
vt 6.02018 -59.0061 
vt 5.99464 -59.005 
vt 6.00241 -59.0207 
vt 6.01454 -59.0166 
vt 6.00241 -59.0207 
vt 5.96919 -59.0084 
vt 5.97077 -59.0168 
vt 6.00241 -59.0207 
vt 5.99464 -59.005 
vt 5.96919 -59.0084 
vt 5.99844 -58.9793 
vt 5.99464 -59.005 
vt 6.01033 -58.9964 
vt 5.99464 -59.005 
vt 6.02018 -59.0061 
vt 6.01033 -58.9964 
vt 6.01033 -58.9964 
vt 6.0204 -58.9929 
vt 5.99844 -58.9793 
vt 6.01299 -59.0167 
vt 6.03081 -58.9999 
vt 6.01519 -58.9997 
vt 6.00241 -58.9798 
vt 6.01299 -59.0167 
vt 6.01519 -58.9997 
vt 6.01454 -58.9823 
vt 6.00241 -58.9798 
vt 6.01519 -58.9997 
vt 5.97329 -59.0129 
vt 6.00241 -58.9798 
vt 5.97077 -59.0041 
vt 5.97329 -59.0129 
vt 6.01299 -59.0167 
vt 6.00241 -58.9798 
vt 6.02562 -59.0084 
vt 5.98701 -59.0207 
vt 6.02671 -59.0168 
vt 6.02562 -59.0084 
vt 5.99128 -59.005 
vt 5.98701 -59.0207 
vt 6.02649 -59.0018 
vt 5.99128 -59.005 
vt 6.02562 -59.0084 
vt 6.02649 -59.0018 
vt 6.00156 -58.9793 
vt 5.99128 -59.005 

usemtl Base1Mtl

f 524/524/524 525/525/525 526/526/526 
f 527/527/527 528/528/528 529/529/529 
f 530/530/530 531/531/531 532/532/532 
f 533/533/533 534/534/534 535/535/535 
f 536/536/536 537/537/537 538/538/538 
f 539/539/539 540/540/540 541/541/541 
f 542/542/542 543/543/543 544/544/544 
f 545/545/545 546/546/546 547/547/547 
f 548/548/548 549/549/549 550/550/550 
f 551/551/551 552/552/552 553/553/553 
f 554/554/554 555/555/555 556/556/556 
f 557/557/557 558/558/558 559/559/559 
f 560/560/560 561/561/561 562/562/562 
f 563/563/563 564/564/564 565/565/565 
f 566/566/566 567/567/567 568/568/568 
f 569/569/569 570/570/570 571/571/571 
f 572/572/572 573/573/573 574/574/574 
f 575/575/575 576/576/576 577/577/577 
f 578/578/578 579/579/579 580/580/580 
f 581/581/581 582/582/582 583/583/583 
f 584/584/584 585/585/585 586/586/586 
f 587/587/587 588/588/588 589/589/589 
f 590/590/590 591/591/591 592/592/592 
f 593/593/593 594/594/594 595/595/595 
f 596/596/596 597/597/597 598/598/598 

g Highlight1

v -36.6405 -57.0299 5.61898 
v -36.8637 -57.0077 5.6901 
v -36.664 -57.0077 5.74735 
v -36.6405 -57.0299 5.61898 
v -36.8156 -57.0299 5.56879 
v -36.8637 -57.0077 5.6901 
v -36.664 -57.0077 5.74735 
v -36.8821 -57.0391 5.81994 
v -36.7172 -57.0391 5.86719 
v -36.8637 -57.0077 5.6901 
v -36.553 -57.1876 5.64408 
v -36.664 -57.0077 5.74735 
v -36.5641 -57.1876 5.77598 
v -36.664 -57.3676 5.74735 
v -36.553 -57.1876 5.64408 
v -36.5641 -57.1876 5.77598 
v -36.553 -57.1876 5.64408 
v -36.6405 -57.0299 5.61898 
v -36.664 -57.0077 5.74735 
v -36.664 -57.3676 5.74735 
v -36.6405 -57.3454 5.61898 
v -36.553 -57.1876 5.64408 
v -36.7172 -57.3361 5.86719 
v -36.5641 -57.1876 5.77598 
v -36.6348 -57.1876 5.89081 
v -36.7172 -57.3361 5.86719 
v -36.664 -57.3676 5.74735 
v -36.5641 -57.1876 5.77598 
v -36.5641 -57.1876 5.77598 
v -36.7172 -57.0391 5.86719 
v -36.6348 -57.1876 5.89081 
v -36.5641 -57.1876 5.77598 
v -36.664 -57.0077 5.74735 
v -36.7172 -57.0391 5.86719 
v -36.8156 -57.3454 5.56879 
v -36.664 -57.3676 5.74735 
v -36.8637 -57.3676 5.6901 
v -36.6405 -57.3454 5.61898 
v -36.8637 -57.3676 5.6901 
v -36.7172 -57.3361 5.86719 
v -36.8821 -57.3361 5.81994 
v -36.8637 -57.3676 5.6901 
v -36.664 -57.3676 5.74735 
v -36.7172 -57.3361 5.86719 
v -36.9032 -57.1876 5.5437 
v -36.8637 -57.3676 5.6901 
v -36.9636 -57.1876 5.66147 
v -36.9032 -57.1876 5.5437 
v -36.8156 -57.3454 5.56879 
v -36.8637 -57.3676 5.6901 
v -36.8156 -57.0299 5.56879 
v -36.9636 -57.1876 5.66147 
v -36.8637 -57.0077 5.6901 
v -36.8156 -57.0299 5.56879 
v -36.9032 -57.1876 5.5437 
v -36.9636 -57.1876 5.66147 
v -36.9636 -57.1876 5.66147 
v -36.8821 -57.3361 5.81994 
v -36.9645 -57.1876 5.79631 
v -36.9636 -57.1876 5.66147 
v -36.8637 -57.3676 5.6901 
v -36.8821 -57.3361 5.81994 
v -36.8637 -57.0077 5.6901 
v -36.9645 -57.1876 5.79631 
v -36.8821 -57.0391 5.81994 
v -36.8637 -57.0077 5.6901 
v -36.9636 -57.1876 5.66147 
v -36.9645 -57.1876 5.79631 

vn 0.0472441 0.984252 -0.165354 
vn 0.0472441 0.984252 -0.165354 
vn 0.0472441 0.984252 -0.165354 
vn 0.0472441 0.984252 -0.165354 
vn 0.0472441 0.984252 -0.165354 
vn 0.0472441 0.984252 -0.165354 
vn -0.0629921 0.968504 0.228346 
vn -0.0629921 0.968504 0.228346 
vn -0.0629921 0.968504 0.228346 
vn -0.0629921 0.968504 0.228346 
vn 0.866142 0.496063 0.0708661 
vn 0.866142 0.496063 0.0708661 
vn 0.866142 0.496063 0.0708661 
vn 0.866142 -0.496063 0.0708661 
vn 0.866142 -0.496063 0.0708661 
vn 0.866142 -0.496063 0.0708661 
vn 0.866142 0.496063 0.0708661 
vn 0.866142 0.496063 0.0708661 
vn 0.866142 0.496063 0.0708661 
vn 0.866142 -0.496063 0.0708661 
vn 0.866142 -0.496063 0.0708661 
vn 0.866142 -0.496063 0.0708661 
vn 0.748031 -0.488189 0.456693 
vn 0.748031 -0.488189 0.456693 
vn 0.748031 -0.488189 0.456693 
vn 0.748031 -0.488189 0.456693 
vn 0.748031 -0.488189 0.456693 
vn 0.748031 -0.488189 0.456693 
vn 0.748031 0.488189 0.456693 
vn 0.748031 0.488189 0.456693 
vn 0.748031 0.488189 0.456693 
vn 0.748031 0.488189 0.456693 
vn 0.748031 0.488189 0.456693 
vn 0.748031 0.488189 0.456693 
vn 0.0472441 -0.984252 -0.165354 
vn 0.0472441 -0.984252 -0.165354 
vn 0.0472441 -0.984252 -0.165354 
vn 0.0472441 -0.984252 -0.165354 
vn -0.0629921 -0.968504 0.228346 
vn -0.0629921 -0.968504 0.228346 
vn -0.0629921 -0.968504 0.228346 
vn -0.0629921 -0.968504 0.228346 
vn -0.0629921 -0.968504 0.228346 
vn -0.0629921 -0.968504 0.228346 
vn -0.771654 -0.496063 -0.393701 
vn -0.771654 -0.496063 -0.393701 
vn -0.771654 -0.496063 -0.393701 
vn -0.771654 -0.496063 -0.393701 
vn -0.771654 -0.496063 -0.393701 
vn -0.771654 -0.496063 -0.393701 
vn -0.771654 0.496063 -0.393701 
vn -0.771654 0.496063 -0.393701 
vn -0.771654 0.496063 -0.393701 
vn -0.771654 0.496063 -0.393701 
vn -0.771654 0.496063 -0.393701 
vn -0.771654 0.496063 -0.393701 
vn -0.874016 -0.488189 -0.00787402 
vn -0.874016 -0.488189 -0.00787402 
vn -0.874016 -0.488189 -0.00787402 
vn -0.874016 -0.488189 -0.00787402 
vn -0.874016 -0.488189 -0.00787402 
vn -0.874016 -0.488189 -0.00787402 
vn -0.874016 0.488189 -0.00787402 
vn -0.874016 0.488189 -0.00787402 
vn -0.874016 0.488189 -0.00787402 
vn -0.874016 0.488189 -0.00787402 
vn -0.874016 0.488189 -0.00787402 
vn -0.874016 0.488189 -0.00787402 

vt 15.9877 -10.9852 
vt 15.9966 -11.0131 
vt 16.0038 -10.9882 
vt 15.9877 -10.9852 
vt 15.9814 -11.0071 
vt 15.9966 -11.0131 
vt 16.0038 -10.9882 
vt 16.0128 -11.0154 
vt 16.0187 -10.9948 
vt 15.9966 -11.0131 
vt 16.0091 -11 
vt 15.9962 -10.9775 
vt 15.9927 -11 
vt 15.9962 -11.0225 
vt 16.0091 -11 
vt 15.9927 -11 
vt 16.0091 -11 
vt 16.0123 -10.9803 
vt 15.9962 -10.9775 
vt 15.9962 -11.0225 
vt 16.0123 -11.0197 
vt 16.0091 -11 
vt 15.9813 -11.0186 
vt 15.9927 -11 
vt 15.9783 -11 
vt 15.9813 -11.0186 
vt 15.9962 -11.0225 
vt 15.9927 -11 
vt 15.9927 -11 
vt 15.9813 -10.9814 
vt 15.9783 -11 
vt 15.9927 -11 
vt 15.9962 -10.9775 
vt 15.9813 -10.9814 
vt 16.0186 -11.0071 
vt 15.9962 -10.9882 
vt 16.0034 -11.0131 
vt 16.0123 -10.9852 
vt 16.0034 -11.0131 
vt 15.9813 -10.9948 
vt 15.9872 -11.0154 
vt 16.0034 -11.0131 
vt 15.9962 -10.9882 
vt 15.9813 -10.9948 
vt 15.9783 -11 
vt 15.9966 -11.0225 
vt 15.993 -11 
vt 15.9783 -11 
vt 15.9814 -11.0197 
vt 15.9966 -11.0225 
vt 15.9814 -10.9803 
vt 15.993 -11 
vt 15.9966 -10.9775 
vt 15.9814 -10.9803 
vt 15.9783 -11 
vt 15.993 -11 
vt 15.993 -11 
vt 16.0128 -11.0186 
vt 16.0099 -11 
vt 15.993 -11 
vt 15.9966 -11.0225 
vt 16.0128 -11.0186 
vt 15.9966 -10.9775 
vt 16.0099 -11 
vt 16.0128 -10.9814 
vt 15.9966 -10.9775 
vt 15.993 -11 
vt 16.0099 -11 

usemtl Highlight1Mtl

f 599/599/599 600/600/600 601/601/601 
f 602/602/602 603/603/603 604/604/604 
f 605/605/605 606/606/606 607/607/607 
f 605/605/605 608/608/608 606/606/606 
f 609/609/609 610/610/610 611/611/611 
f 612/612/612 613/613/613 614/614/614 
f 615/615/615 616/616/616 617/617/617 
f 618/618/618 619/619/619 620/620/620 
f 621/621/621 622/622/622 623/623/623 
f 624/624/624 625/625/625 626/626/626 
f 627/627/627 628/628/628 629/629/629 
f 630/630/630 631/631/631 632/632/632 
f 633/633/633 634/634/634 635/635/635 
f 633/633/633 636/636/636 634/634/634 
f 637/637/637 638/638/638 639/639/639 
f 640/640/640 641/641/641 642/642/642 
f 643/643/643 644/644/644 645/645/645 
f 646/646/646 647/647/647 648/648/648 
f 649/649/649 650/650/650 651/651/651 
f 652/652/652 653/653/653 654/654/654 
f 655/655/655 656/656/656 657/657/657 
f 658/658/658 659/659/659 660/660/660 
f 661/661/661 662/662/662 663/663/663 
f 664/664/664 665/665/665 666/666/666 

g Body1

v -36.5195 -57.1876 5.24837 
v -36.6713 -57.2788 5.20486 
v -36.6713 -57.0965 5.20486 
v -36.7219 -57.1876 5.19036 
v -36.6713 -57.0965 5.20486 
v -36.5701 -57.0965 5.23387 
v -36.5195 -57.1876 5.24837 
v -36.5195 -57.1876 5.24837 
v -36.5701 -57.2788 5.23387 
v -36.6713 -57.2788 5.20486 
v -36.5701 -57.0965 5.23387 
v -36.8156 -57.0299 5.56878 
v -36.6405 -57.0299 5.61897 
v -36.5701 -57.0965 5.23387 
v -36.6713 -57.0965 5.20486 
v -36.8156 -57.0299 5.56878 
v -36.7172 -57.0391 5.86717 
v -36.937 -57.1334 6.20944 
v -36.8769 -57.1334 6.22668 
v -36.7172 -57.0391 5.86717 
v -36.882 -57.0391 5.81992 
v -36.937 -57.1334 6.20944 
v -36.5529 -57.1876 5.64406 
v -36.5701 -57.0965 5.23387 
v -36.6405 -57.0299 5.61897 
v -36.5529 -57.1876 5.64406 
v -36.5195 -57.1876 5.24837 
v -36.5701 -57.0965 5.23387 
v -36.6405 -57.3454 5.61897 
v -36.5195 -57.1876 5.24837 
v -36.5529 -57.1876 5.64406 
v -36.6405 -57.3454 5.61897 
v -36.5701 -57.2788 5.23387 
v -36.5195 -57.1876 5.24837 
v -36.6348 -57.1876 5.8908 
v -36.8769 -57.1334 6.22668 
v -36.8468 -57.1876 6.2353 
v -36.6348 -57.1876 5.8908 
v -36.7172 -57.0391 5.86717 
v -36.8769 -57.1334 6.22668 
v -36.8769 -57.2418 6.22668 
v -36.6348 -57.1876 5.8908 
v -36.8468 -57.1876 6.2353 
v -36.8769 -57.2418 6.22668 
v -36.7172 -57.3361 5.86717 
v -36.6348 -57.1876 5.8908 
v -36.8769 -57.1334 6.22668 
v -36.9671 -57.1876 6.20082 
v -36.8769 -57.2418 6.22668 
v -36.937 -57.2418 6.20944 
v -36.8468 -57.1876 6.2353 
v -36.937 -57.1334 6.20944 
v -36.8156 -57.3454 5.56878 
v -36.5701 -57.2788 5.23387 
v -36.6405 -57.3454 5.61897 
v -36.8156 -57.3454 5.56878 
v -36.6713 -57.2788 5.20486 
v -36.5701 -57.2788 5.23387 
v -36.937 -57.2418 6.20944 
v -36.7172 -57.3361 5.86717 
v -36.8769 -57.2418 6.22668 
v -36.937 -57.2418 6.20944 
v -36.882 -57.3361 5.81992 
v -36.7172 -57.3361 5.86717 
v -36.6713 -57.0965 5.20486 
v -36.9032 -57.1876 5.54369 
v -36.8156 -57.0299 5.56878 
v -36.6713 -57.0965 5.20486 
v -36.7219 -57.1876 5.19036 
v -36.9032 -57.1876 5.54369 
v -36.7219 -57.1876 5.19036 
v -36.8156 -57.3454 5.56878 
v -36.9032 -57.1876 5.54369 
v -36.7219 -57.1876 5.19036 
v -36.6713 -57.2788 5.20486 
v -36.8156 -57.3454 5.56878 
v -36.882 -57.0391 5.81992 
v -36.9671 -57.1876 6.20082 
v -36.937 -57.1334 6.20944 
v -36.882 -57.0391 5.81992 
v -36.9645 -57.1876 5.7963 
v -36.9671 -57.1876 6.20082 
v -36.9645 -57.1876 5.7963 
v -36.937 -57.2418 6.20944 
v -36.9671 -57.1876 6.20082 
v -36.9645 -57.1876 5.7963 
v -36.882 -57.3361 5.81992 
v -36.937 -57.2418 6.20944 

vn 0.275591 0 -0.96063 
vn 0.275591 0 -0.96063 
vn 0.275591 0 -0.96063 
vn 0.275591 0 -0.96063 
vn 0.275591 0 -0.96063 
vn 0.275591 0 -0.96063 
vn 0.275591 0 -0.96063 
vn 0.275591 0 -0.96063 
vn 0.275591 0 -0.96063 
vn 0.275591 0 -0.96063 
vn 0.0472441 0.984252 -0.165354 
vn 0.0472441 0.984252 -0.165354 
vn 0.0472441 0.984252 -0.165354 
vn 0.0472441 0.984252 -0.165354 
vn 0.0472441 0.984252 -0.165354 
vn 0.0472441 0.984252 -0.165354 
vn -0.0629921 0.968504 0.228346 
vn -0.0629921 0.968504 0.228346 
vn -0.0629921 0.968504 0.228346 
vn -0.0629921 0.968504 0.228346 
vn -0.0629921 0.968504 0.228346 
vn -0.0629921 0.968504 0.228346 
vn 0.866142 0.496063 0.0708661 
vn 0.866142 0.496063 0.0708661 
vn 0.866142 0.496063 0.0708661 
vn 0.866142 0.496063 0.0708661 
vn 0.866142 0.496063 0.0708661 
vn 0.866142 0.496063 0.0708661 
vn 0.866142 -0.496063 0.0708661 
vn 0.866142 -0.496063 0.0708661 
vn 0.866142 -0.496063 0.0708661 
vn 0.866142 -0.496063 0.0708661 
vn 0.866142 -0.496063 0.0708661 
vn 0.866142 -0.496063 0.0708661 
vn 0.740157 0.488189 0.456693 
vn 0.740157 0.488189 0.456693 
vn 0.740157 0.488189 0.456693 
vn 0.740157 0.488189 0.456693 
vn 0.740157 0.488189 0.456693 
vn 0.740157 0.488189 0.456693 
vn 0.740157 -0.488189 0.456693 
vn 0.740157 -0.488189 0.456693 
vn 0.740157 -0.488189 0.456693 
vn 0.740157 -0.488189 0.456693 
vn 0.740157 -0.488189 0.456693 
vn 0.740157 -0.488189 0.456693 
vn -0.275591 0 0.96063 
vn -0.275591 0 0.96063 
vn -0.275591 0 0.96063 
vn -0.275591 0 0.96063 
vn -0.275591 0 0.96063 
vn -0.275591 0 0.96063 
vn 0.0472441 -0.984252 -0.165354 
vn 0.0472441 -0.984252 -0.165354 
vn 0.0472441 -0.984252 -0.165354 
vn 0.0472441 -0.984252 -0.165354 
vn 0.0472441 -0.984252 -0.165354 
vn 0.0472441 -0.984252 -0.165354 
vn -0.0629921 -0.968504 0.228346 
vn -0.0629921 -0.968504 0.228346 
vn -0.0629921 -0.968504 0.228346 
vn -0.0629921 -0.968504 0.228346 
vn -0.0629921 -0.968504 0.228346 
vn -0.0629921 -0.968504 0.228346 
vn -0.771654 0.496063 -0.401575 
vn -0.771654 0.496063 -0.401575 
vn -0.771654 0.496063 -0.401575 
vn -0.771654 0.496063 -0.401575 
vn -0.771654 0.496063 -0.401575 
vn -0.771654 0.496063 -0.401575 
vn -0.771654 -0.496063 -0.401575 
vn -0.771654 -0.496063 -0.401575 
vn -0.771654 -0.496063 -0.401575 
vn -0.771654 -0.496063 -0.401575 
vn -0.771654 -0.496063 -0.401575 
vn -0.771654 -0.496063 -0.401575 
vn -0.874016 0.488189 -0.00787402 
vn -0.874016 0.488189 -0.00787402 
vn -0.874016 0.488189 -0.00787402 
vn -0.874016 0.488189 -0.00787402 
vn -0.874016 0.488189 -0.00787402 
vn -0.874016 0.488189 -0.00787402 
vn -0.874016 -0.488189 -0.00787402 
vn -0.874016 -0.488189 -0.00787402 
vn -0.874016 -0.488189 -0.00787402 
vn -0.874016 -0.488189 -0.00787402 
vn -0.874016 -0.488189 -0.00787402 
vn -0.874016 -0.488189 -0.00787402 

vt 37.972 -39 
vt 37.991 -39.0114 
vt 37.991 -38.9886 
vt 37.9973 -39 
vt 37.991 -38.9886 
vt 37.9784 -38.9886 
vt 37.972 -39 
vt 37.972 -39 
vt 37.9784 -39.0114 
vt 37.991 -39.0114 
vt 37.9401 -38.9784 
vt 37.982 -39.009 
vt 37.9883 -38.9871 
vt 37.9401 -38.9784 
vt 37.9365 -38.991 
vt 37.982 -39.009 
vt 38.0193 -38.9967 
vt 38.0621 -39.0242 
vt 38.0642 -39.0167 
vt 38.0193 -38.9967 
vt 38.0134 -39.0173 
vt 38.0621 -39.0242 
vt 38.0086 -39 
vt 38.0599 -38.9886 
vt 38.0117 -38.9803 
vt 38.0086 -39 
vt 38.0581 -39 
vt 38.0599 -38.9886 
vt 38.0117 -39.0197 
vt 38.0581 -39 
vt 38.0086 -39 
vt 38.0117 -39.0197 
vt 38.0599 -39.0114 
vt 38.0581 -39 
vt 37.9778 -39 
vt 37.9358 -38.9932 
vt 37.9347 -39 
vt 37.9778 -39 
vt 37.9807 -38.9814 
vt 37.9358 -38.9932 
vt 37.9358 -39.0068 
vt 37.9778 -39 
vt 37.9347 -39 
vt 37.9358 -39.0068 
vt 37.9807 -39.0186 
vt 37.9778 -39 
vt 37.9833 -38.9932 
vt 37.972 -39 
vt 37.9833 -39.0068 
vt 37.9758 -39.0068 
vt 37.9871 -39 
vt 37.9758 -38.9932 
vt 38.018 -39.009 
vt 38.0599 -38.9784 
vt 38.0117 -38.9871 
vt 38.018 -39.009 
vt 38.0635 -38.991 
vt 38.0599 -38.9784 
vt 37.9379 -39.0242 
vt 37.9807 -38.9967 
vt 37.9358 -39.0167 
vt 37.9379 -39.0242 
vt 37.9866 -39.0173 
vt 37.9807 -38.9967 
vt 37.9365 -38.9886 
vt 37.9789 -39 
vt 37.982 -38.9803 
vt 37.9365 -38.9886 
vt 37.9347 -39 
vt 37.9789 -39 
vt 37.9347 -39 
vt 37.982 -39.0197 
vt 37.9789 -39 
vt 37.9347 -39 
vt 37.9365 -39.0114 
vt 37.982 -39.0197 
vt 38.0134 -38.9814 
vt 38.061 -39 
vt 38.0621 -38.9932 
vt 38.0134 -38.9814 
vt 38.0104 -39 
vt 38.061 -39 
vt 38.0104 -39 
vt 38.0621 -39.0068 
vt 38.061 -39 
vt 38.0104 -39 
vt 38.0134 -39.0186 
vt 38.0621 -39.0068 

usemtl Body1Mtl

f 667/667/667 668/668/668 669/669/669 
f 668/668/668 670/670/670 669/669/669 
f 671/671/671 672/672/672 673/673/673 
f 674/674/674 675/675/675 676/676/676 
f 677/677/677 678/678/678 679/679/679 
f 680/680/680 681/681/681 682/682/682 
f 683/683/683 684/684/684 685/685/685 
f 686/686/686 687/687/687 688/688/688 
f 689/689/689 690/690/690 691/691/691 
f 692/692/692 693/693/693 694/694/694 
f 695/695/695 696/696/696 697/697/697 
f 698/698/698 699/699/699 700/700/700 
f 701/701/701 702/702/702 703/703/703 
f 704/704/704 705/705/705 706/706/706 
f 707/707/707 708/708/708 709/709/709 
f 710/710/710 711/711/711 712/712/712 
f 713/713/713 714/714/714 715/715/715 
f 714/714/714 716/716/716 715/715/715 
f 715/715/715 717/717/717 713/713/713 
f 713/713/713 718/718/718 714/714/714 
f 719/719/719 720/720/720 721/721/721 
f 722/722/722 723/723/723 724/724/724 
f 725/725/725 726/726/726 727/727/727 
f 728/728/728 729/729/729 730/730/730 
f 731/731/731 732/732/732 733/733/733 
f 734/734/734 735/735/735 736/736/736 
f 737/737/737 738/738/738 739/739/739 
f 740/740/740 741/741/741 742/742/742 
f 743/743/743 744/744/744 745/745/745 
f 746/746/746 747/747/747 748/748/748 
f 749/749/749 750/750/750 751/751/751 
f 752/752/752 753/753/753 754/754/754 

g Color2

v -36.5812 -57.1895 2.36768 
v -36.5796 -57.1092 2.54382 
v -36.5168 -57.1694 2.46752 
v -36.5796 -57.1092 2.54382 
v -36.5078 -57.2228 2.55035 
v -36.5168 -57.1694 2.46752 
v -36.5067 -57.2811 2.4303 
v -36.5812 -57.1895 2.36768 
v -36.5168 -57.1694 2.46752 
v -36.5078 -57.2228 2.55035 
v -36.5067 -57.2811 2.4303 
v -36.5168 -57.1694 2.46752 

vn 0.338583 0.850394 -0.393701 
vn 0.338583 0.850394 -0.393701 
vn 0.338583 0.850394 -0.393701 
vn 0.811024 0.527559 0.251969 
vn 0.811024 0.527559 0.251969 
vn 0.811024 0.527559 0.251969 
vn 0.787402 0.259843 -0.559055 
vn 0.787402 0.259843 -0.559055 
vn 0.787402 0.259843 -0.559055 
vn 0.992126 0.102362 -0.0393701 
vn 0.992126 0.102362 -0.0393701 
vn 0.992126 0.102362 -0.0393701 

vt 11.9886 0.995347 
vt 12.0106 0.995538 
vt 12.0011 1.0034 
vt 11.9894 1.01075 
vt 11.9886 0.996537 
vt 11.9989 1.00322 
vt 12.0036 0.989253 
vt 12.0114 1.0007 
vt 11.9989 1.00322 
vt 11.9886 0.996537 
vt 12.0036 0.989253 
vt 11.9989 1.00322 

usemtl Base1Mtl

f 755/755/755 756/756/756 757/757/757 
f 758/758/758 759/759/759 760/760/760 
f 761/761/761 762/762/762 763/763/763 
f 764/764/764 765/765/765 766/766/766 

g Color3

v -36.4817 -57.3765 2.31821 
v -36.4382 -57.3668 2.48916 
v -36.3904 -57.408 2.39867 
v -36.3883 -57.507 2.36364 
v -36.4817 -57.3765 2.31821 
v -36.3904 -57.408 2.39867 
v -36.383 -57.465 2.47129 
v -36.3883 -57.507 2.36364 
v -36.3904 -57.408 2.39867 
v -36.4382 -57.3668 2.48916 
v -36.383 -57.465 2.47129 
v -36.3904 -57.408 2.39867 

vn 0.448819 0.88189 -0.165354 
vn 0.448819 0.88189 -0.165354 
vn 0.448819 0.88189 -0.165354 
vn 0.685039 0.251969 -0.677165 
vn 0.685039 0.251969 -0.677165 
vn 0.685039 0.251969 -0.677165 
vn 1 0.0472441 -0.0629921 
vn 1 0.0472441 -0.0629921 
vn 1 0.0472441 -0.0629921 
vn 0.858268 0.440945 0.251969 
vn 0.858268 0.440945 0.251969 
vn 0.858268 0.440945 0.251969 

vt 41.9893 -25.0062 
vt 42.0107 -25.0007 
vt 41.9994 -24.9948 
vt 42.005 -25.0088 
vt 42.0107 -24.9924 
vt 42.0006 -24.9964 
vt 41.9916 -25.0035 
vt 42.005 -25.0088 
vt 42.0006 -24.9964 
vt 41.9893 -24.9912 
vt 41.9916 -25.0035 
vt 42.0006 -24.9964 

usemtl Color3Mtl

f 767/767/767 768/768/768 769/769/769 
f 770/770/770 771/771/771 772/772/772 
f 773/773/773 774/774/774 775/775/775 
f 776/776/776 777/777/777 778/778/778 

g Color4

v -36.3635 -57.4215 2.62353 
v -36.4468 -57.3128 2.56683 
v -36.3645 -57.3238 2.64389 
v -36.4468 -57.3128 2.56683 
v -36.44 -57.2584 2.70592 
v -36.3645 -57.3238 2.64389 
v -36.3663 -57.3547 2.7558 
v -36.3635 -57.4215 2.62353 
v -36.3645 -57.3238 2.64389 
v -36.44 -57.2584 2.70592 
v -36.3663 -57.3547 2.7558 
v -36.3645 -57.3238 2.64389 

vn 0.685039 0.15748 -0.708661 
vn 0.685039 0.15748 -0.708661 
vn 0.685039 0.15748 -0.708661 
vn 0.433071 0.834646 -0.346457 
vn 0.433071 0.834646 -0.346457 
vn 0.433071 0.834646 -0.346457 
vn 1 0.00787402 0.015748 
vn 1 0.00787402 0.015748 
vn 1 0.00787402 0.015748 
vn 0.732283 0.653543 0.19685 
vn 0.732283 0.653543 0.19685 
vn 0.732283 0.653543 0.19685 

vt 61.9948 -23.0102 
vt 62.0052 -22.9966 
vt 61.9949 -22.998 
vt 61.9882 -23.0052 
vt 62.0056 -23.0044 
vt 61.9978 -22.9949 
vt 61.9882 -23.0018 
vt 62.0047 -23.0102 
vt 62.0022 -22.998 
vt 61.9944 -22.9898 
vt 61.9882 -23.0018 
vt 62.0022 -22.998 

usemtl Color4Mtl

f 779/779/779 780/780/780 781/781/781 
f 782/782/782 783/783/783 784/784/784 
f 785/785/785 786/786/786 787/787/787 
f 788/788/788 789/789/789 790/790/790 

g Color5

v -36.5142 -57.0532 2.83549 
v -36.4237 -57.1636 2.91345 
v -36.4255 -57.1202 2.80633 
v -36.5123 -57.1148 2.7107 
v -36.5142 -57.0532 2.83549 
v -36.4255 -57.1202 2.80633 
v -36.4237 -57.1636 2.91345 
v -36.4329 -57.2064 2.79028 
v -36.4255 -57.1202 2.80633 
v -36.4329 -57.2064 2.79028 
v -36.5123 -57.1148 2.7107 
v -36.4255 -57.1202 2.80633 

vn 0.637795 0.716535 0.283465 
vn 0.637795 0.716535 0.283465 
vn 0.637795 0.716535 0.283465 
vn 0.472441 0.795276 -0.385827 
vn 0.472441 0.795276 -0.385827 
vn 0.472441 0.795276 -0.385827 
vn 0.992126 -0.0787402 -0.0472441 
vn 0.992126 -0.0787402 -0.0472441 
vn 0.992126 -0.0787402 -0.0472441 
vn 0.740157 0.0629921 -0.669291 
vn 0.740157 0.0629921 -0.669291 
vn 0.740157 0.0629921 -0.669291 

vt 26.0029 -59.0057 
vt 26.0127 -58.9943 
vt 25.9993 -58.9946 
vt 25.9873 -59.0054 
vt 26.0029 -59.0057 
vt 25.9993 -58.9946 
vt 25.9873 -59.0042 
vt 26.0027 -59.0096 
vt 26.0007 -58.9988 
vt 26.0027 -59.0096 
vt 26.0127 -58.9981 
vt 26.0007 -58.9988 

usemtl Color5Mtl

f 791/791/791 792/792/792 793/793/793 
f 794/794/794 795/795/795 796/796/796 
f 797/797/797 798/798/798 799/799/799 
f 800/800/800 801/801/801 802/802/802 

g Color6

v -36.6051 -57.0353 2.5558 
v -36.6783 -56.883 2.62638 
v -36.5869 -56.9308 2.64783 
v -36.6783 -56.883 2.62638 
v -36.6198 -56.9228 2.74437 
v -36.5869 -56.9308 2.64783 
v -36.6198 -56.9228 2.74437 
v -36.5477 -57.0526 2.71743 
v -36.5869 -56.9308 2.64783 
v -36.5477 -57.0526 2.71743 
v -36.6051 -57.0353 2.5558 
v -36.5869 -56.9308 2.64783 

vn 0.448819 0.543307 -0.708661 
vn 0.448819 0.543307 -0.708661 
vn 0.448819 0.543307 -0.708661 
vn 0.448819 0.889764 0.0787402 
vn 0.448819 0.889764 0.0787402 
vn 0.448819 0.889764 0.0787402 
vn 0.866142 0.425197 0.259843 
vn 0.866142 0.425197 0.259843 
vn 0.866142 0.425197 0.259843 
vn 0.937008 0.11811 -0.322835 
vn 0.937008 0.11811 -0.322835 
vn 0.937008 0.11811 -0.322835 

vt 1.99901 -31.0084 
vt 2.00817 -30.9894 
vt 1.99673 -30.9954 
vt 1.99704 -31.0082 
vt 2.01179 -31.0008 
vt 1.99972 -30.9967 
vt 1.98821 -30.9944 
vt 1.99158 -31.0106 
vt 2.00028 -30.9954 
vt 1.99158 -31.0106 
vt 2.01179 -31.0084 
vt 2.00028 -30.9954 

usemtl Color6Mtl

f 803/803/803 804/804/804 805/805/805 
f 806/806/806 807/807/807 808/808/808 
f 809/809/809 810/810/810 811/811/811 
f 812/812/812 813/813/813 814/814/814 

g Color7

v -36.7411 -56.8834 2.43664 
v -36.6829 -56.962 2.47053 
v -36.6576 -56.9358 2.38625 
v -36.762 -56.9287 2.26811 
v -36.7411 -56.8834 2.43664 
v -36.6576 -56.9358 2.38625 
v -36.6829 -56.962 2.47053 
v -36.6591 -57.0616 2.3412 
v -36.6576 -56.9358 2.38625 
v -36.6591 -57.0616 2.3412 
v -36.762 -56.9287 2.26811 
v -36.6576 -56.9358 2.38625 

vn 0.645669 0.653543 0.393701 
vn 0.645669 0.653543 0.393701 
vn 0.645669 0.653543 0.393701 
vn 0.377953 0.88189 -0.283465 
vn 0.377953 0.88189 -0.283465 
vn 0.377953 0.88189 -0.283465 
vn 0.96063 -0.102362 0.259843 
vn 0.96063 -0.102362 0.259843 
vn 0.96063 -0.102362 0.259843 
vn 0.740157 0.220472 -0.637795 
vn 0.740157 0.220472 -0.637795 
vn 0.740157 0.220472 -0.637795 

vt 8.00841 0.996093 
vt 8.01265 1.00336 
vt 8.00212 1.00652 
vt 7.98735 0.993477 
vt 8.00841 0.996093 
vt 8.00212 1.00652 
vt 7.98735 1.00131 
vt 8.00352 0.988866 
vt 7.99788 1.00459 
vt 8.00352 0.988866 
vt 8.01265 1.00548 
vt 7.99788 1.00459 

usemtl Color7Mtl

f 815/815/815 816/816/816 817/817/817 
f 818/818/818 819/819/819 820/820/820 
f 821/821/821 822/822/822 823/823/823 
f 824/824/824 825/825/825 826/826/826 

g Board1

v -36.8786 -56.8301 2.37252 
v -36.8203 -56.7943 2.35567 
v -36.8966 -57.0062 1.93578 
v -36.8153 -57.033 1.86557 
v -36.8735 -57.0689 1.88242 
v -36.8966 -57.0062 1.93578 
v -36.8383 -56.9704 1.91893 
v -36.8153 -57.033 1.86557 
v -36.6877 -57.391 1.83978 
v -36.5061 -57.4806 1.9825 
v -36.5644 -57.5164 1.99935 
v -36.6877 -57.391 1.83978 
v -36.6294 -57.3552 1.82293 
v -36.5061 -57.4806 1.9825 
v -36.7399 -57.2884 1.87744 
v -36.6294 -57.3552 1.82293 
v -36.6877 -57.391 1.83978 
v -36.7399 -57.2884 1.87744 
v -36.6816 -57.2526 1.86059 
v -36.6294 -57.3552 1.82293 
v -36.8424 -57.1123 1.89783 
v -36.8735 -57.0689 1.88242 
v -36.8153 -57.033 1.86557 
v -36.8424 -57.1123 1.89783 
v -36.8153 -57.033 1.86557 
v -36.7841 -57.0764 1.88097 
v -36.7857 -57.0931 2.13427 
v -36.6974 -57.1141 2.10065 
v -36.7556 -57.1499 2.1175 
v -36.7857 -57.0931 2.13427 
v -36.7275 -57.0573 2.11742 
v -36.6974 -57.1141 2.10065 
v -36.5593 -57.252 2.28497 
v -36.6175 -57.2878 2.30182 
v -36.5722 -57.3885 2.24443 
v -36.815 -57.0694 2.08367 
v -36.6175 -57.2878 2.30182 
v -36.519 -57.3164 2.28706 
v -36.5773 -57.3523 2.30392 
v -36.6175 -57.2878 2.30182 
v -36.5593 -57.252 2.28497 
v -36.519 -57.3164 2.28706 
v -36.4094 -57.2824 3.03291 
v -36.3533 -57.4655 2.8375 
v -36.5857 -57.0008 3.0221 
v -36.679 -56.8261 2.77673 
v -36.7372 -56.8619 2.79358 
v -36.5857 -57.0008 3.0221 
v -36.5275 -56.965 3.00525 
v -36.679 -56.8261 2.77673 
v -36.3388 -57.5497 2.41387 
v -36.8786 -56.8301 2.37252 
v -36.679 -56.8261 2.77673 
v -36.8203 -56.7943 2.35567 
v -36.8786 -56.8301 2.37252 
v -36.7372 -56.8619 2.79358 
v -36.679 -56.8261 2.77673 
v -36.8153 -57.033 1.86557 
v -36.9087 -56.9091 2.1005 
v -36.8383 -56.9704 1.91893 
v -36.8966 -57.0062 1.93578 
v -36.9087 -56.9091 2.1005 
v -36.8504 -56.8733 2.08365 
v -36.8383 -56.9704 1.91893 
v -36.9087 -56.9091 2.1005 
v -36.8203 -56.7943 2.35567 
v -36.8504 -56.8733 2.08365 
v -36.9087 -56.9091 2.1005 
v -36.8786 -56.8301 2.37252 
v -36.8203 -56.7943 2.35567 
v -36.5061 -57.4806 1.9825 
v -36.6294 -57.3552 1.82293 
v -36.7399 -57.2884 1.87744 
v -36.7556 -57.1499 2.1175 
v -36.6816 -57.2526 1.86059 
v -36.7399 -57.2884 1.87744 
v -36.7556 -57.1499 2.1175 
v -36.6974 -57.1141 2.10065 
v -36.6816 -57.2526 1.86059 
v -36.6917 -57.2453 2.13576 
v -36.6247 -57.251 2.06074 
v -36.5722 -57.3885 2.24443 
v -36.6465 -57.342 2.08629 
v -36.815 -57.0694 2.08367 
v -36.5773 -57.3523 2.30392 
v -36.514 -57.3527 2.22757 
v -36.5722 -57.3885 2.24443 
v -36.5773 -57.3523 2.30392 
v -36.519 -57.3164 2.28706 
v -36.514 -57.3527 2.22757 
v -36.5722 -57.3885 2.24443 
v -36.5438 -57.3465 2.13753 
v -36.602 -57.3824 2.15438 
v -36.5722 -57.3885 2.24443 
v -36.514 -57.3527 2.22757 
v -36.5438 -57.3465 2.13753 
v -36.6465 -57.342 2.08629 
v -36.5438 -57.3465 2.13753 
v -36.5883 -57.3062 2.06943 
v -36.6465 -57.342 2.08629 
v -36.602 -57.3824 2.15438 
v -36.5438 -57.3465 2.13753 
v -36.5857 -57.0008 3.0221 
v -36.5275 -56.965 3.00525 
v -36.4094 -57.2824 3.03291 
v -36.3533 -57.4655 2.8375 
v -36.679 -56.8261 2.77673 
v -36.3971 -57.5856 2.43072 
v -36.8203 -56.7943 2.35567 
v -36.8153 -57.033 1.86557 
v -36.8383 -56.9704 1.91893 
v -36.8504 -56.8733 2.08365 
v -36.6294 -57.3552 1.82293 
v -36.6816 -57.2526 1.86059 
v -36.7841 -57.0764 1.88097 
v -36.7275 -57.0573 2.11742 
v -36.6917 -57.2453 2.13576 
v -36.5593 -57.252 2.28497 
v -36.679 -56.8261 2.77673 
v -36.5275 -56.965 3.00525 
v -36.295 -57.4297 2.82065 
v -36.295 -57.4297 2.82065 
v -36.5593 -57.252 2.28497 
v -36.679 -56.8261 2.77673 
v -36.6247 -57.251 2.06074 
v -36.5883 -57.3062 2.06943 
v -36.6816 -57.2526 1.86059 
v -36.6294 -57.3552 1.82293 
v -36.6974 -57.1141 2.10065 
v -36.6334 -57.2095 2.11891 
v -36.7275 -57.0573 2.11742 
v -36.7567 -57.0335 2.06682 
v -36.8504 -56.8733 2.08365 
v -36.5722 -57.3885 2.24443 
v -36.6465 -57.342 2.08629 
v -36.8504 -56.8733 2.08365 
v -36.8203 -56.7943 2.35567 
v -36.7275 -57.0573 2.11742 
v -36.3388 -57.5497 2.41387 
v -36.5061 -57.4806 1.9825 
v -36.514 -57.3527 2.22757 
v -36.7841 -57.0764 1.88097 
v -36.8153 -57.033 1.86557 
v -36.8383 -56.9704 1.91893 
v -36.5593 -57.252 2.28497 
v -36.6024 -57.2152 2.21406 
v -36.8203 -56.7943 2.35567 
v -36.5061 -57.4806 1.9825 
v -36.6294 -57.3552 1.82293 
v -36.5883 -57.3062 2.06943 
v -36.8203 -56.7943 2.35567 
v -36.679 -56.8261 2.77673 
v -36.5593 -57.252 2.28497 
v -36.5883 -57.3062 2.06943 
v -36.5438 -57.3465 2.13753 
v -36.5061 -57.4806 1.9825 
v -36.8383 -56.9704 1.91893 
v -36.8504 -56.8733 2.08365 
v -36.7567 -57.0335 2.06682 
v -36.514 -57.3527 2.22757 
v -36.5061 -57.4806 1.9825 
v -36.5438 -57.3465 2.13753 
v -36.7567 -57.0335 2.06682 
v -36.7841 -57.0764 1.88097 
v -36.8383 -56.9704 1.91893 
v -36.6334 -57.2095 2.11891 
v -36.6974 -57.1141 2.10065 
v -36.6024 -57.2152 2.21406 
v -36.295 -57.4297 2.82065 
v -36.3388 -57.5497 2.41387 
v -36.519 -57.3164 2.28706 
v -36.514 -57.3527 2.22757 
v -36.5593 -57.252 2.28497 
v -36.6974 -57.1141 2.10065 
v -36.7275 -57.0573 2.11742 
v -36.6024 -57.2152 2.21406 
v -36.8203 -56.7943 2.35567 
v -36.6024 -57.2152 2.21406 
v -36.7275 -57.0573 2.11742 
v -36.5275 -56.965 3.00525 
v -36.3512 -57.2465 3.01606 
v -36.295 -57.4297 2.82065 
v -36.5857 -57.0008 3.0221 
v -36.3512 -57.2465 3.01606 
v -36.5275 -56.965 3.00525 
v -36.5857 -57.0008 3.0221 
v -36.4094 -57.2824 3.03291 
v -36.3512 -57.2465 3.01606 
v -36.3533 -57.4655 2.8375 
v -36.3512 -57.2465 3.01606 
v -36.4094 -57.2824 3.03291 
v -36.3533 -57.4655 2.8375 
v -36.295 -57.4297 2.82065 
v -36.3512 -57.2465 3.01606 
v -36.6877 -57.391 1.83978 
v -36.5061 -57.4806 1.9825 
v -36.6294 -57.3552 1.82293 
v -36.6917 -57.2453 2.13576 
v -36.6465 -57.342 2.08629 
v -36.815 -57.0694 2.08367 
v -36.683 -57.2868 2.07759 
v -36.5883 -57.3062 2.06943 
v -36.6247 -57.251 2.06074 
v -36.683 -57.2868 2.07759 
v -36.6465 -57.342 2.08629 
v -36.5883 -57.3062 2.06943 
v -36.4094 -57.2824 3.03291 
v -36.3533 -57.4655 2.8375 
v -36.3971 -57.5856 2.43072 
v -36.295 -57.4297 2.82065 
v -36.3533 -57.4655 2.8375 
v -36.3971 -57.5856 2.43072 
v -36.3388 -57.5497 2.41387 
v -36.295 -57.4297 2.82065 
v -36.8203 -56.7943 2.35567 
v -36.9087 -56.9091 2.1005 
v -36.5061 -57.4806 1.9825 
v -36.5644 -57.5164 1.99935 
v -36.6294 -57.3552 1.82293 
v -36.5644 -57.5164 1.99935 
v -36.3388 -57.5497 2.41387 
v -36.3971 -57.5856 2.43072 
v -36.5644 -57.5164 1.99935 
v -36.5061 -57.4806 1.9825 
v -36.3388 -57.5497 2.41387 
v -36.7399 -57.2884 1.87744 
v -36.8424 -57.1123 1.89783 
v -36.7841 -57.0764 1.88097 
v -36.7275 -57.0573 2.11742 
v -36.6917 -57.2453 2.13576 
v -36.6024 -57.2152 2.21406 
v -36.6606 -57.2511 2.23091 
v -36.6606 -57.2511 2.23091 
v -36.5593 -57.252 2.28497 
v -36.6175 -57.2878 2.30182 
v -36.6917 -57.2453 2.13576 
v -36.6334 -57.2095 2.11891 
v -36.6024 -57.2152 2.21406 
v -36.6606 -57.2511 2.23091 
v -36.6024 -57.2152 2.21406 
v -36.5593 -57.252 2.28497 
v -36.6247 -57.251 2.06074 
v -36.5722 -57.3885 2.24443 
v -36.6465 -57.342 2.08629 
v -36.815 -57.0694 2.08367 
v -36.683 -57.2868 2.07759 
v -36.6334 -57.2095 2.11891 
v -36.6917 -57.2453 2.13576 
v -36.683 -57.2868 2.07759 
v -36.6247 -57.251 2.06074 
v -36.6334 -57.2095 2.11891 
v -36.7857 -57.0931 2.13427 
v -36.7567 -57.0335 2.06682 
v -36.7275 -57.0573 2.11742 
v -36.7857 -57.0931 2.13427 
v -36.815 -57.0694 2.08367 
v -36.7567 -57.0335 2.06682 
v -36.8424 -57.1123 1.89783 
v -36.7567 -57.0335 2.06682 
v -36.815 -57.0694 2.08367 
v -36.7841 -57.0764 1.88097 
v -36.5857 -57.0008 3.0221 
v -36.5275 -56.965 3.00525 
v -36.4094 -57.2824 3.03291 
v -36.3533 -57.4655 2.8375 
v -36.679 -56.8261 2.77673 
v -36.3971 -57.5856 2.43072 
v -36.3388 -57.5497 2.41387 
v -36.8786 -56.8301 2.37252 
v -36.8203 -56.7943 2.35567 
v -36.8153 -57.033 1.86557 
v -36.8383 -56.9704 1.91893 
v -36.9087 -56.9091 2.1005 
v -36.5644 -57.5164 1.99935 
v -36.6294 -57.3552 1.82293 
v -36.7399 -57.2884 1.87744 
v -36.6816 -57.2526 1.86059 
v -36.8424 -57.1123 1.89783 
v -36.7275 -57.0573 2.11742 
v -36.6917 -57.2453 2.13576 
v -36.5593 -57.252 2.28497 
v -36.6175 -57.2878 2.30182 
v -36.7556 -57.1499 2.1175 
v -36.6917 -57.2453 2.13576 
v -36.6606 -57.2511 2.23091 
v -36.7372 -56.8619 2.79358 
v -36.8786 -56.8301 2.37252 
v -36.6175 -57.2878 2.30182 
v -36.7857 -57.0931 2.13427 
v -36.7556 -57.1499 2.1175 
v -36.6606 -57.2511 2.23091 
v -36.8786 -56.8301 2.37252 
v -36.7857 -57.0931 2.13427 
v -36.6606 -57.2511 2.23091 
v -36.5773 -57.3523 2.30392 
v -36.3533 -57.4655 2.8375 
v -36.6175 -57.2878 2.30182 
v -36.5722 -57.3885 2.24443 
v -36.3971 -57.5856 2.43072 
v -36.602 -57.3824 2.15438 
v -36.6465 -57.342 2.08629 
v -36.5644 -57.5164 1.99935 
v -36.9087 -56.9091 2.1005 
v -36.815 -57.0694 2.08367 
v -36.7857 -57.0931 2.13427 
v -36.5644 -57.5164 1.99935 
v -36.6465 -57.342 2.08629 
v -36.6877 -57.391 1.83978 
v -36.7399 -57.2884 1.87744 
v -36.5857 -57.0008 3.0221 
v -36.7372 -56.8619 2.79358 
v -36.3533 -57.4655 2.8375 
v -36.5644 -57.5164 1.99935 
v -36.3971 -57.5856 2.43072 
v -36.5722 -57.3885 2.24443 
v -36.8966 -57.0062 1.93578 
v -36.8735 -57.0689 1.88242 
v -36.8424 -57.1123 1.89783 
v -36.683 -57.2868 2.07759 
v -36.7556 -57.1499 2.1175 
v -36.7399 -57.2884 1.87744 
v -36.8966 -57.0062 1.93578 
v -36.8424 -57.1123 1.89783 
v -36.815 -57.0694 2.08367 
v -36.6175 -57.2878 2.30182 
v -36.8786 -56.8301 2.37252 
v -36.6606 -57.2511 2.23091 
v -36.3533 -57.4655 2.8375 
v -36.4094 -57.2824 3.03291 
v -36.5857 -57.0008 3.0221 
v -36.6175 -57.2878 2.30182 
v -36.3533 -57.4655 2.8375 
v -36.7372 -56.8619 2.79358 
v -36.3971 -57.5856 2.43072 
v -36.3533 -57.4655 2.8375 
v -36.5773 -57.3523 2.30392 
v -36.7556 -57.1499 2.1175 
v -36.683 -57.2868 2.07759 
v -36.6917 -57.2453 2.13576 
v -36.6465 -57.342 2.08629 
v -36.683 -57.2868 2.07759 
v -36.7399 -57.2884 1.87744 
v -36.5722 -57.3885 2.24443 
v -36.602 -57.3824 2.15438 
v -36.5644 -57.5164 1.99935 
v -36.9087 -56.9091 2.1005 
v -36.8966 -57.0062 1.93578 
v -36.815 -57.0694 2.08367 
v -36.8786 -56.8301 2.37252 
v -36.9087 -56.9091 2.1005 
v -36.7857 -57.0931 2.13427 

vn -0.464567 0.858268 0.220472 
vn -0.464567 0.858268 0.220472 
vn -0.496063 0.448819 -0.740157 
vn -0.496063 0.448819 -0.740157 
vn -0.496063 0.448819 -0.740157 
vn -0.496063 0.448819 -0.740157 
vn -0.496063 0.448819 -0.740157 
vn -0.496063 0.448819 -0.740157 
vn 0.212598 -0.677165 -0.700787 
vn 0.212598 -0.677165 -0.700787 
vn 0.212598 -0.677165 -0.700787 
vn 0.212598 -0.677165 -0.700787 
vn 0.212598 -0.677165 -0.700787 
vn 0.212598 -0.677165 -0.700787 
vn -0.362205 0.15748 -0.92126 
vn -0.362205 0.15748 -0.92126 
vn -0.362205 0.15748 -0.92126 
vn -0.362205 0.15748 -0.92126 
vn -0.362205 0.15748 -0.92126 
vn -0.362205 0.15748 -0.92126 
vn -0.0472441 -0.362205 -0.929134 
vn -0.0472441 -0.362205 -0.929134 
vn -0.0472441 -0.362205 -0.929134 
vn -0.0472441 -0.362205 -0.929134 
vn -0.0472441 -0.362205 -0.929134 
vn -0.0472441 -0.362205 -0.929134 
vn -0.330709 0.102362 -0.937008 
vn -0.330709 0.102362 -0.937008 
vn -0.330709 0.102362 -0.937008 
vn -0.330709 0.102362 -0.937008 
vn -0.330709 0.102362 -0.937008 
vn -0.330709 0.102362 -0.937008 
vn 0.299213 -0.76378 -0.574803 
vn 0.299213 -0.76378 -0.574803 
vn -0.826772 -0.511811 0.23622 
vn -0.826772 -0.511811 0.23622 
vn -0.188976 -0.149606 -0.968504 
vn -0.188976 -0.149606 -0.968504 
vn -0.188976 -0.149606 -0.968504 
vn -0.188976 -0.149606 -0.968504 
vn -0.188976 -0.149606 -0.968504 
vn -0.188976 -0.149606 -0.968504 
vn 0.188976 0.15748 0.968504 
vn 0.519685 -0.543307 0.661417 
vn -0.267717 0.732283 0.622047 
vn -0.267717 0.732283 0.622047 
vn -0.267717 0.732283 0.622047 
vn -0.267717 0.732283 0.622047 
vn -0.267717 0.732283 0.622047 
vn -0.267717 0.732283 0.622047 
vn 0.551181 -0.811024 0.181102 
vn -0.464567 0.858268 0.220472 
vn -0.464567 0.858268 0.220472 
vn -0.464567 0.858268 0.220472 
vn -0.464567 0.858268 0.220472 
vn -0.464567 0.858268 0.220472 
vn -0.464567 0.858268 0.220472 
vn -0.496063 0.448819 -0.740157 
vn -0.559055 0.692913 -0.448819 
vn -0.559055 0.692913 -0.448819 
vn -0.559055 0.692913 -0.448819 
vn -0.559055 0.692913 -0.448819 
vn -0.559055 0.692913 -0.448819 
vn -0.559055 0.692913 -0.448819 
vn -0.551181 0.818898 -0.173228 
vn -0.551181 0.818898 -0.173228 
vn -0.551181 0.818898 -0.173228 
vn -0.551181 0.818898 -0.173228 
vn -0.551181 0.818898 -0.173228 
vn -0.551181 0.818898 -0.173228 
vn 0.212598 -0.677165 -0.700787 
vn 0.212598 -0.677165 -0.700787 
vn -0.362205 0.15748 -0.92126 
vn -0.559055 0.700787 -0.440945 
vn -0.559055 0.700787 -0.440945 
vn -0.559055 0.700787 -0.440945 
vn -0.559055 0.700787 -0.440945 
vn -0.559055 0.700787 -0.440945 
vn -0.559055 0.700787 -0.440945 
vn 0.472441 -0.858268 -0.204724 
vn 0.826772 0.511811 -0.23622 
vn -0.826772 -0.511811 0.23622 
vn -0.826772 -0.511811 0.23622 
vn -0.826772 -0.511811 0.23622 
vn -0.559055 0.685039 -0.464567 
vn -0.559055 0.685039 -0.464567 
vn -0.559055 0.685039 -0.464567 
vn -0.559055 0.685039 -0.464567 
vn -0.559055 0.685039 -0.464567 
vn -0.559055 0.685039 -0.464567 
vn -0.464567 0.858268 0.212598 
vn -0.464567 0.858268 0.212598 
vn -0.464567 0.858268 0.212598 
vn -0.464567 0.858268 0.212598 
vn -0.464567 0.858268 0.212598 
vn -0.464567 0.858268 0.212598 
vn -0.275591 0.740157 0.614173 
vn -0.275591 0.740157 0.614173 
vn -0.275591 0.740157 0.614173 
vn -0.275591 0.740157 0.614173 
vn -0.275591 0.740157 0.614173 
vn -0.275591 0.740157 0.614173 
vn 0.188976 0.15748 0.968504 
vn 0.188976 0.15748 0.968504 
vn 0.188976 0.15748 0.968504 
vn 0.519685 -0.543307 0.661417 
vn -0.267717 0.732283 0.622047 
vn 0.551181 -0.811024 0.181102 
vn -0.464567 0.858268 0.220472 
vn -0.496063 0.448819 -0.740157 
vn -0.496063 0.448819 -0.740157 
vn -0.559055 0.692913 -0.448819 
vn 0.212598 -0.677165 -0.700787 
vn -0.362205 0.15748 -0.92126 
vn -0.0472441 -0.362205 -0.929134 
vn -0.330709 0.102362 -0.937008 
vn 0.472441 -0.858268 -0.204724 
vn 0.299213 -0.76378 -0.574803 
vn 0.826772 0.511811 -0.23622 
vn 0.826772 0.511811 -0.23622 
vn 0.826772 0.511811 -0.23622 
vn 0.826772 0.511811 -0.23622 
vn 0.826772 0.511811 -0.23622 
vn 0.826772 0.511811 -0.23622 
vn 0.826772 0.511811 -0.23622 
vn 0.826772 0.511811 -0.23622 
vn 0.826772 0.511811 -0.23622 
vn 0.826772 0.511811 -0.23622 
vn 0.826772 0.511811 -0.23622 
vn 0.826772 0.511811 -0.23622 
vn 0.826772 0.511811 -0.23622 
vn 0.826772 0.511811 -0.23622 
vn 0.826772 0.511811 -0.23622 
vn -0.826772 -0.511811 0.23622 
vn -0.826772 -0.511811 0.23622 
vn 0.826772 0.511811 -0.23622 
vn 0.826772 0.511811 -0.23622 
vn 0.826772 0.511811 -0.23622 
vn 0.826772 0.511811 -0.23622 
vn 0.826772 0.511811 -0.23622 
vn 0.826772 0.511811 -0.23622 
vn 0.826772 0.511811 -0.23622 
vn 0.826772 0.511811 -0.23622 
vn 0.826772 0.511811 -0.23622 
vn 0.826772 0.511811 -0.23622 
vn 0.826772 0.511811 -0.23622 
vn 0.826772 0.511811 -0.23622 
vn 0.826772 0.511811 -0.23622 
vn 0.826772 0.511811 -0.23622 
vn 0.826772 0.511811 -0.23622 
vn 0.826772 0.511811 -0.23622 
vn 0.826772 0.511811 -0.23622 
vn 0.826772 0.511811 -0.23622 
vn 0.826772 0.511811 -0.23622 
vn 0.826772 0.511811 -0.23622 
vn 0.826772 0.511811 -0.23622 
vn 0.826772 0.511811 -0.23622 
vn 0.826772 0.511811 -0.23622 
vn 0.826772 0.511811 -0.23622 
vn 0.826772 0.511811 -0.23622 
vn 0.826772 0.511811 -0.23622 
vn 0.826772 0.511811 -0.23622 
vn 0.826772 0.511811 -0.23622 
vn 0.826772 0.511811 -0.23622 
vn 0.826772 0.511811 -0.23622 
vn 0.826772 0.511811 -0.23622 
vn 0.826772 0.511811 -0.23622 
vn 0.826772 0.511811 -0.23622 
vn 0.826772 0.511811 -0.23622 
vn 0.826772 0.511811 -0.23622 
vn 0.826772 0.511811 -0.23622 
vn 0.826772 0.511811 -0.23622 
vn 0.826772 0.511811 -0.23622 
vn 0.826772 0.511811 -0.23622 
vn 0.826772 0.511811 -0.23622 
vn 0.826772 0.511811 -0.23622 
vn 0.826772 0.511811 -0.23622 
vn 0.826772 0.511811 -0.23622 
vn 0.826772 0.511811 -0.23622 
vn 0.826772 0.511811 -0.23622 
vn 0.826772 0.511811 -0.23622 
vn 0.826772 0.511811 -0.23622 
vn 0.188976 0.15748 0.968504 
vn 0.188976 0.15748 0.968504 
vn 0.188976 0.15748 0.968504 
vn 0.188976 0.15748 0.968504 
vn 0.188976 0.15748 0.968504 
vn 0.188976 0.15748 0.968504 
vn 0.519685 -0.543307 0.661417 
vn 0.519685 -0.543307 0.661417 
vn 0.519685 -0.543307 0.661417 
vn 0.519685 -0.543307 0.661417 
vn 0.519685 -0.543307 0.661417 
vn 0.519685 -0.543307 0.661417 
vn 0.212598 -0.677165 -0.700787 
vn 0.212598 -0.677165 -0.700787 
vn 0.212598 -0.677165 -0.700787 
vn 0.472441 -0.858268 -0.204724 
vn -0.826772 -0.511811 0.23622 
vn -0.826772 -0.511811 0.23622 
vn 0.133858 0.23622 0.96063 
vn 0.133858 0.23622 0.96063 
vn 0.133858 0.23622 0.96063 
vn 0.133858 0.23622 0.96063 
vn 0.133858 0.23622 0.96063 
vn 0.133858 0.23622 0.96063 
vn 0.188976 0.15748 0.968504 
vn 0.519685 -0.543307 0.661417 
vn 0.551181 -0.811024 0.181102 
vn 0.551181 -0.811024 0.181102 
vn 0.551181 -0.811024 0.181102 
vn 0.551181 -0.811024 0.181102 
vn 0.551181 -0.811024 0.181102 
vn 0.551181 -0.811024 0.181102 
vn -0.464567 0.858268 0.220472 
vn -0.559055 0.692913 -0.448819 
vn 0.212598 -0.677165 -0.700787 
vn 0.212598 -0.677165 -0.700787 
vn 0.212598 -0.677165 -0.700787 
vn 0.433071 -0.850394 -0.307087 
vn 0.433071 -0.850394 -0.307087 
vn 0.433071 -0.850394 -0.307087 
vn 0.433071 -0.850394 -0.307087 
vn 0.433071 -0.850394 -0.307087 
vn 0.433071 -0.850394 -0.307087 
vn -0.362205 0.15748 -0.92126 
vn -0.0472441 -0.362205 -0.929134 
vn -0.0472441 -0.362205 -0.929134 
vn -0.330709 0.102362 -0.937008 
vn 0.472441 -0.858268 -0.204724 
vn 0.472441 -0.858268 -0.204724 
vn 0.472441 -0.858268 -0.204724 
vn 0.299213 -0.76378 -0.574803 
vn 0.299213 -0.76378 -0.574803 
vn 0.299213 -0.76378 -0.574803 
vn 0.472441 -0.858268 -0.204724 
vn 0.472441 -0.858268 -0.204724 
vn 0.472441 -0.858268 -0.204724 
vn 0.299213 -0.76378 -0.574803 
vn 0.299213 -0.76378 -0.574803 
vn 0.299213 -0.76378 -0.574803 
vn 0.826772 0.511811 -0.23622 
vn -0.826772 -0.511811 0.23622 
vn -0.826772 -0.511811 0.23622 
vn -0.826772 -0.511811 0.23622 
vn 0.551181 -0.637795 0.535433 
vn 0.551181 -0.637795 0.535433 
vn 0.551181 -0.637795 0.535433 
vn 0.551181 -0.637795 0.535433 
vn 0.551181 -0.637795 0.535433 
vn 0.551181 -0.637795 0.535433 
vn 0.314961 -0.771654 -0.551181 
vn 0.314961 -0.771654 -0.551181 
vn 0.314961 -0.771654 -0.551181 
vn 0.314961 -0.771654 -0.551181 
vn 0.314961 -0.771654 -0.551181 
vn 0.314961 -0.771654 -0.551181 
vn 0.543307 -0.834646 0.110236 
vn 0.543307 -0.834646 0.110236 
vn 0.543307 -0.834646 0.110236 
vn 0.543307 -0.834646 0.110236 
vn 0.188976 0.15748 0.968504 
vn 0.188976 0.15748 0.968504 
vn 0.188976 0.15748 0.968504 
vn 0.519685 -0.543307 0.661417 
vn -0.267717 0.732283 0.622047 
vn 0.551181 -0.811024 0.181102 
vn 0.551181 -0.811024 0.181102 
vn -0.464567 0.858268 0.220472 
vn -0.464567 0.858268 0.220472 
vn -0.496063 0.448819 -0.740157 
vn -0.496063 0.448819 -0.740157 
vn -0.559055 0.692913 -0.448819 
vn 0.212598 -0.677165 -0.700787 
vn 0.212598 -0.677165 -0.700787 
vn -0.362205 0.15748 -0.92126 
vn -0.362205 0.15748 -0.92126 
vn -0.0472441 -0.362205 -0.929134 
vn -0.330709 0.102362 -0.937008 
vn 0.472441 -0.858268 -0.204724 
vn 0.299213 -0.76378 -0.574803 
vn 0.299213 -0.76378 -0.574803 
vn -0.826772 -0.511811 0.23622 
vn -0.826772 -0.511811 0.23622 
vn -0.826772 -0.511811 0.23622 
vn -0.826772 -0.511811 0.23622 
vn -0.826772 -0.511811 0.23622 
vn -0.826772 -0.511811 0.23622 
vn -0.826772 -0.511811 0.23622 
vn -0.826772 -0.511811 0.23622 
vn -0.826772 -0.511811 0.23622 
vn -0.826772 -0.511811 0.23622 
vn -0.826772 -0.511811 0.23622 
vn -0.826772 -0.511811 0.23622 
vn -0.826772 -0.511811 0.23622 
vn -0.826772 -0.511811 0.23622 
vn -0.826772 -0.511811 0.23622 
vn -0.826772 -0.511811 0.23622 
vn -0.826772 -0.511811 0.23622 
vn -0.826772 -0.511811 0.23622 
vn -0.826772 -0.511811 0.23622 
vn -0.826772 -0.511811 0.23622 
vn -0.826772 -0.511811 0.23622 
vn -0.826772 -0.511811 0.23622 
vn -0.826772 -0.511811 0.23622 
vn -0.826772 -0.511811 0.23622 
vn -0.826772 -0.511811 0.23622 
vn -0.826772 -0.511811 0.23622 
vn -0.826772 -0.511811 0.23622 
vn -0.826772 -0.511811 0.23622 
vn -0.826772 -0.511811 0.23622 
vn -0.826772 -0.511811 0.23622 
vn -0.826772 -0.511811 0.23622 
vn -0.826772 -0.511811 0.23622 
vn -0.826772 -0.511811 0.23622 
vn -0.826772 -0.511811 0.23622 
vn -0.826772 -0.511811 0.23622 
vn -0.826772 -0.511811 0.23622 
vn -0.826772 -0.511811 0.23622 
vn -0.826772 -0.511811 0.23622 
vn -0.826772 -0.511811 0.23622 
vn -0.826772 -0.511811 0.23622 
vn -0.826772 -0.511811 0.23622 
vn -0.826772 -0.511811 0.23622 
vn -0.826772 -0.511811 0.23622 
vn -0.826772 -0.511811 0.23622 
vn -0.826772 -0.511811 0.23622 
vn -0.826772 -0.511811 0.23622 
vn -0.826772 -0.511811 0.23622 
vn -0.826772 -0.511811 0.23622 
vn -0.826772 -0.511811 0.23622 
vn -0.826772 -0.511811 0.23622 
vn -0.826772 -0.511811 0.23622 
vn -0.826772 -0.511811 0.23622 
vn -0.826772 -0.511811 0.23622 
vn -0.826772 -0.511811 0.23622 
vn -0.826772 -0.511811 0.23622 
vn -0.826772 -0.511811 0.23622 
vn -0.826772 -0.511811 0.23622 
vn -0.826772 -0.511811 0.23622 
vn -0.826772 -0.511811 0.23622 
vn -0.826772 -0.511811 0.23622 
vn -0.826772 -0.511811 0.23622 
vn -0.826772 -0.511811 0.23622 
vn -0.826772 -0.511811 0.23622 
vn -0.826772 -0.511811 0.23622 
vn -0.826772 -0.511811 0.23622 
vn -0.826772 -0.511811 0.23622 
vn -0.826772 -0.511811 0.23622 
vn -0.826772 -0.511811 0.23622 
vn -0.826772 -0.511811 0.23622 

vt 4.03459 -60.955 
vt 4.02731 -60.9505 
vt 4.03684 -60.977 
vt 4.02667 -60.9804 
vt 4.03396 -60.9849 
vt 4.03684 -60.977 
vt 4.02956 -60.9726 
vt 4.02667 -60.9804 
vt 4.01073 -61.0251 
vt 3.98804 -61.0363 
vt 3.99532 -61.0408 
vt 4.01073 -61.0251 
vt 4.00345 -61.0207 
vt 3.98804 -61.0363 
vt 4.01725 -61.0123 
vt 4.00345 -61.0207 
vt 4.01073 -61.0251 
vt 4.01725 -61.0123 
vt 4.00997 -61.0078 
vt 4.00345 -61.0207 
vt 4.03006 -60.9903 
vt 4.03396 -60.9849 
vt 4.02667 -60.9804 
vt 4.03006 -60.9903 
vt 4.02667 -60.9804 
vt 4.02278 -60.9858 
vt 4.02298 -60.9879 
vt 4.01194 -60.9905 
vt 4.01922 -60.995 
vt 4.02298 -60.9879 
vt 4.0157 -60.9834 
vt 4.01194 -60.9905 
vt 3.99468 -61.0078 
vt 4.00196 -61.0122 
vt 3.99629 -61.0248 
vt 4.02664 -60.9849 
vt 4.00196 -61.0122 
vt 3.98965 -61.0158 
vt 3.99693 -61.0203 
vt 4.00196 -61.0122 
vt 3.99468 -61.0078 
vt 3.98965 -61.0158 
vt 4.07562 -60.9759 
vt 4.0512 -60.9689 
vt 4.07427 -60.998 
vt 4.0436 -61.0096 
vt 4.04571 -61.0169 
vt 4.07427 -60.998 
vt 4.07217 -60.9907 
vt 4.0436 -61.0096 
vt 3.99824 -60.9671 
vt 3.99308 -61.0346 
vt 4.0436 -61.0096 
vt 3.99097 -61.0273 
vt 3.99308 -61.0346 
vt 4.04571 -61.0169 
vt 4.0436 -61.0096 
vt 3.92971 -61.0267 
vt 3.95907 -61.0384 
vt 3.93638 -61.0296 
vt 3.93848 -61.0368 
vt 3.95907 -61.0384 
vt 3.95697 -61.0311 
vt 3.93638 -61.0296 
vt 3.95907 -61.0384 
vt 3.99097 -61.0273 
vt 3.95697 -61.0311 
vt 3.95907 -61.0384 
vt 3.99308 -61.0346 
vt 3.99097 -61.0273 
vt 3.94432 -60.988 
vt 3.92438 -61.0034 
vt 3.93119 -61.0173 
vt 3.9612 -61.0192 
vt 3.92908 -61.01 
vt 3.93119 -61.0173 
vt 3.9612 -61.0192 
vt 3.95909 -61.0119 
vt 3.92908 -61.01 
vt 3.96348 -61.0112 
vt 3.9541 -61.0029 
vt 3.97706 -60.9963 
vt 3.9573 -61.0056 
vt 3.95697 -61.0266 
vt 3.9845 -60.9969 
vt 3.97496 -60.989 
vt 3.97706 -60.9963 
vt 3.9845 -60.9969 
vt 3.98239 -60.9896 
vt 3.97496 -60.989 
vt 3.97706 -60.9963 
vt 3.9637 -60.9927 
vt 3.96581 -61 
vt 3.97706 -60.9963 
vt 3.97496 -60.989 
vt 3.9637 -60.9927 
vt 3.9573 -61.0056 
vt 3.9637 -60.9927 
vt 3.95519 -60.9983 
vt 3.9573 -61.0056 
vt 3.96581 -61 
vt 3.9637 -60.9927 
vt 3.92573 -60.9764 
vt 3.92783 -60.9719 
vt 3.92438 -61.0116 
vt 3.9488 -61.0345 
vt 3.9564 -60.9545 
vt 3.99965 -61.0495 
vt 4.00903 -60.9505 
vt 4.07029 -60.9804 
vt 4.06362 -60.9726 
vt 4.04303 -60.9604 
vt 4.07562 -61.0207 
vt 4.07092 -61.0078 
vt 4.06837 -60.9858 
vt 4.03881 -60.9834 
vt 4.03652 -61.0069 
vt 4.01787 -61.0078 
vt 3.9564 -60.9545 
vt 3.92783 -60.9719 
vt 3.95091 -61.03 
vt 3.95091 -61.03 
vt 4.01787 -61.0078 
vt 3.9564 -60.9545 
vt 4.0459 -61.0076 
vt 4.04481 -61.0145 
vt 4.07092 -61.0078 
vt 4.07562 -61.0207 
vt 4.04091 -60.9905 
vt 4.03863 -61.0024 
vt 4.03881 -60.9834 
vt 4.04514 -60.9804 
vt 4.04303 -60.9604 
vt 4.02294 -61.0248 
vt 4.0427 -61.019 
vt 4.04303 -60.9604 
vt 4.00903 -60.9505 
vt 4.03881 -60.9834 
vt 4.00176 -61.045 
vt 4.05568 -61.0363 
vt 4.02504 -61.0203 
vt 4.06837 -60.9858 
vt 4.07029 -60.9804 
vt 4.06362 -60.9726 
vt 4.01787 -61.0078 
vt 4.02673 -61.0032 
vt 4.00903 -60.9505 
vt 4.05568 -61.0363 
vt 4.07562 -61.0207 
vt 4.04481 -61.0145 
vt 4.00903 -60.9505 
vt 3.9564 -60.9545 
vt 4.01787 -61.0078 
vt 4.04481 -61.0145 
vt 4.0363 -61.0196 
vt 4.05568 -61.0363 
vt 4.06362 -60.9726 
vt 4.04303 -60.9604 
vt 4.04514 -60.9804 
vt 4.02504 -61.0203 
vt 4.05568 -61.0363 
vt 4.0363 -61.0196 
vt 4.04514 -60.9804 
vt 4.06837 -60.9858 
vt 4.06362 -60.9726 
vt 4.03863 -61.0024 
vt 4.04091 -60.9905 
vt 4.02673 -61.0032 
vt 3.95091 -61.03 
vt 4.00176 -61.045 
vt 4.01761 -61.0158 
vt 4.02504 -61.0203 
vt 4.01787 -61.0078 
vt 4.04091 -60.9905 
vt 4.03881 -60.9834 
vt 4.02673 -61.0032 
vt 4.00903 -60.9505 
vt 4.02673 -61.0032 
vt 4.03881 -60.9834 
vt 3.92783 -60.9719 
vt 3.92648 -61.0071 
vt 3.95091 -61.03 
vt 4.00202 -60.9764 
vt 4.03134 -61.0071 
vt 4.0093 -60.9719 
vt 4.00202 -60.9764 
vt 4.02406 -61.0116 
vt 4.03134 -61.0071 
vt 4.03107 -61.0345 
vt 4.03134 -61.0071 
vt 4.02406 -61.0116 
vt 4.03107 -61.0345 
vt 4.03835 -61.03 
vt 4.03134 -61.0071 
vt 3.98927 -61.0251 
vt 4.01196 -61.0363 
vt 3.99655 -61.0207 
vt 3.98877 -61.0069 
vt 3.99442 -61.019 
vt 3.97336 -60.9849 
vt 3.98986 -61.0121 
vt 4.0017 -61.0145 
vt 3.99714 -61.0076 
vt 3.98986 -61.0121 
vt 3.99442 -61.019 
vt 4.0017 -61.0145 
vt 3.92438 -60.9759 
vt 3.9488 -60.9689 
vt 3.99965 -60.9744 
vt 3.95091 -60.9616 
vt 3.9488 -60.9689 
vt 3.99965 -60.9744 
vt 4.00176 -60.9671 
vt 3.95091 -60.9616 
vt 4.00903 -61.0273 
vt 4.04093 -61.0384 
vt 4.05568 -60.988 
vt 4.05357 -60.9953 
vt 4.07562 -61.0034 
vt 4.05357 -60.9953 
vt 4.00176 -60.9671 
vt 3.99965 -60.9744 
vt 4.05357 -60.9953 
vt 4.05568 -60.988 
vt 4.00176 -60.9671 
vt 4.06881 -61.0173 
vt 4.06626 -61.0301 
vt 4.06837 -61.0228 
vt 4.03881 -61.0157 
vt 4.03652 -61.0112 
vt 4.02673 -61.0001 
vt 4.02463 -61.0073 
vt 4.02463 -61.0073 
vt 4.01787 -60.9947 
vt 4.01576 -61.002 
vt 4.03652 -61.0112 
vt 4.03863 -61.0039 
vt 4.02673 -61.0001 
vt 4.02463 -61.0073 
vt 4.02673 -61.0001 
vt 4.01787 -60.9947 
vt 4.0459 -61.0029 
vt 4.02294 -60.9963 
vt 4.0427 -61.0056 
vt 4.04303 -61.0266 
vt 4.04379 -61.0101 
vt 4.03863 -61.0039 
vt 4.03652 -61.0112 
vt 4.04379 -61.0101 
vt 4.0459 -61.0029 
vt 4.03863 -61.0039 
vt 4.03671 -61.023 
vt 4.04514 -61.0194 
vt 4.03881 -61.0157 
vt 4.03671 -61.023 
vt 4.04303 -61.0266 
vt 4.04514 -61.0194 
vt 4.06626 -61.0301 
vt 4.04514 -61.0194 
vt 4.04303 -61.0266 
vt 4.06837 -61.0228 
vt 4.07427 -60.9764 
vt 4.07217 -60.9719 
vt 4.07562 -61.0116 
vt 4.0512 -61.0345 
vt 4.0436 -60.9545 
vt 4.00035 -61.0495 
vt 3.99824 -61.045 
vt 3.99308 -60.955 
vt 3.99097 -60.9505 
vt 3.92971 -60.9804 
vt 3.93638 -60.9726 
vt 3.95907 -60.9649 
vt 3.94643 -61.0408 
vt 3.92438 -61.0207 
vt 3.93119 -61.0123 
vt 3.92908 -61.0078 
vt 3.93374 -60.9903 
vt 3.96119 -60.9834 
vt 3.96348 -61.0069 
vt 3.98213 -61.0078 
vt 3.98424 -61.0122 
vt 3.9612 -60.995 
vt 3.96348 -61.0069 
vt 3.97537 -61.0076 
vt 4.04571 -60.959 
vt 3.99308 -60.955 
vt 3.98424 -61.0122 
vt 3.96329 -60.9879 
vt 3.9612 -60.995 
vt 3.97537 -61.0076 
vt 3.99308 -60.955 
vt 3.96329 -60.9879 
vt 3.97537 -61.0076 
vt 3.9845 -61.0203 
vt 4.0512 -61.0345 
vt 3.98424 -61.0122 
vt 3.97706 -61.0248 
vt 4.00035 -61.0495 
vt 3.96581 -61.0241 
vt 3.9573 -61.019 
vt 3.94643 -61.0408 
vt 3.95907 -60.9649 
vt 3.95697 -60.9849 
vt 3.96329 -60.9879 
vt 3.94643 -61.0408 
vt 3.9573 -61.019 
vt 3.92648 -61.0251 
vt 3.93119 -61.0123 
vt 4.07427 -60.9764 
vt 4.04571 -60.959 
vt 4.0512 -61.0345 
vt 3.94643 -61.0408 
vt 4.00035 -61.0495 
vt 3.97706 -61.0248 
vt 3.93848 -60.977 
vt 3.93181 -60.9849 
vt 3.93374 -60.9903 
vt 3.95621 -61.0121 
vt 3.9612 -60.995 
vt 3.93119 -61.0123 
vt 3.93848 -60.977 
vt 3.93374 -60.9903 
vt 3.95697 -60.9849 
vt 3.98424 -61.0122 
vt 3.99308 -60.955 
vt 3.97537 -61.0076 
vt 4.0512 -61.0345 
vt 4.07562 -61.0116 
vt 4.07427 -60.9764 
vt 3.98424 -61.0122 
vt 4.0512 -61.0345 
vt 4.04571 -60.959 
vt 4.00035 -61.0495 
vt 4.0512 -61.0345 
vt 3.9845 -61.0203 
vt 3.9612 -60.995 
vt 3.95621 -61.0121 
vt 3.96348 -61.0069 
vt 3.9573 -61.019 
vt 3.95621 -61.0121 
vt 3.93119 -61.0123 
vt 3.97706 -61.0248 
vt 3.96581 -61.0241 
vt 3.94643 -61.0408 
vt 3.95907 -60.9649 
vt 3.93848 -60.977 
vt 3.95697 -60.9849 
vt 3.99308 -60.955 
vt 3.95907 -60.9649 
vt 3.96329 -60.9879 

usemtl Board1Mtl

f 829/829/829 830/830/830 831/831/831 
f 832/832/832 833/833/833 834/834/834 
f 835/835/835 836/836/836 837/837/837 
f 838/838/838 839/839/839 840/840/840 
f 841/841/841 842/842/842 843/843/843 
f 844/844/844 845/845/845 846/846/846 
f 847/847/847 848/848/848 849/849/849 
f 850/850/850 851/851/851 852/852/852 
f 853/853/853 854/854/854 855/855/855 
f 856/856/856 857/857/857 858/858/858 
f 863/863/863 864/864/864 865/865/865 
f 866/866/866 867/867/867 868/868/868 
f 871/871/871 872/872/872 873/873/873 
f 874/874/874 875/875/875 876/876/876 
f 878/878/878 879/879/879 880/880/880 
f 881/881/881 882/882/882 883/883/883 
f 885/885/885 886/886/886 887/887/887 
f 888/888/888 889/889/889 890/890/890 
f 891/891/891 892/892/892 893/893/893 
f 894/894/894 895/895/895 896/896/896 
f 900/900/900 901/901/901 902/902/902 
f 903/903/903 904/904/904 905/905/905 
f 911/911/911 912/912/912 913/913/913 
f 914/914/914 915/915/915 916/916/916 
f 917/917/917 918/918/918 919/919/919 
f 920/920/920 921/921/921 922/922/922 
f 923/923/923 924/924/924 925/925/925 
f 926/926/926 927/927/927 928/928/928 
f 945/945/945 946/946/946 947/947/947 
f 948/948/948 949/949/949 950/950/950 
f 951/951/951 952/952/952 953/953/953 
f 954/954/954 953/953/953 952/952/952 
f 953/953/953 955/955/955 951/951/951 
f 956/956/956 951/951/951 955/955/955 
f 957/957/957 958/958/958 959/959/959 
f 962/962/962 963/963/963 964/964/964 
f 965/965/965 966/966/966 967/967/967 
f 968/968/968 969/969/969 970/970/970 
f 971/971/971 972/972/972 973/973/973 
f 974/974/974 975/975/975 976/976/976 
f 977/977/977 978/978/978 979/979/979 
f 980/980/980 981/981/981 982/982/982 
f 983/983/983 984/984/984 985/985/985 
f 986/986/986 987/987/987 988/988/988 
f 989/989/989 990/990/990 991/991/991 
f 992/992/992 993/993/993 994/994/994 
f 995/995/995 996/996/996 997/997/997 
f 998/998/998 997/997/997 996/996/996 
f 997/997/997 999/999/999 995/995/995 
f 1000/1000/1000 1001/1001/1001 1002/1002/1002 
f 1003/1003/1003 1004/1004/1004 1005/1005/1005 
f 1006/1006/1006 1007/1007/1007 1008/1008/1008 
f 1009/1009/1009 1010/1010/1010 1011/1011/1011 
f 1012/1012/1012 1013/1013/1013 1014/1014/1014 
f 1015/1015/1015 1016/1016/1016 1017/1017/1017 
f 1018/1018/1018 1019/1019/1019 1020/1020/1020 
f 1027/1027/1027 1028/1028/1028 1029/1029/1029 
f 1030/1030/1030 1031/1031/1031 1032/1032/1032 
f 1035/1035/1035 1036/1036/1036 1037/1037/1037 
f 1038/1038/1038 1039/1039/1039 1040/1040/1040 
f 1046/1046/1046 1047/1047/1047 1048/1048/1048 
f 1049/1049/1049 1050/1050/1050 1051/1051/1051 
f 1056/1056/1056 1057/1057/1057 1058/1058/1058 
f 1059/1059/1059 1060/1060/1060 1061/1061/1061 
f 1062/1062/1062 1063/1063/1063 1064/1064/1064 
f 1065/1065/1065 1066/1066/1066 1067/1067/1067 
f 1072/1072/1072 1073/1073/1073 1074/1074/1074 
f 1075/1075/1075 1076/1076/1076 1077/1077/1077 
f 1078/1078/1078 1079/1079/1079 1080/1080/1080 
f 1081/1081/1081 1082/1082/1082 1083/1083/1083 
f 1084/1084/1084 1085/1085/1085 1086/1086/1086 
f 1084/1084/1084 1087/1087/1087 1085/1085/1085 
f 1109/1109/1109 1110/1110/1110 1111/1111/1111 
f 1112/1112/1112 1113/1113/1113 1114/1114/1114 
f 1115/1115/1115 1116/1116/1116 1117/1117/1117 
f 1118/1118/1118 1119/1119/1119 1120/1120/1120 
f 1121/1121/1121 1122/1122/1122 1123/1123/1123 
f 1124/1124/1124 1125/1125/1125 1121/1121/1121 
f 1126/1126/1126 1127/1127/1127 1128/1128/1128 
f 1129/1129/1129 1130/1130/1130 1131/1131/1131 
f 1132/1132/1132 1133/1133/1133 1134/1134/1134 
f 1135/1135/1135 1134/1134/1134 1133/1133/1133 
f 1136/1136/1136 1137/1137/1137 1138/1138/1138 
f 1139/1139/1139 1140/1140/1140 1141/1141/1141 
f 1142/1142/1142 1143/1143/1143 1144/1144/1144 
f 1145/1145/1145 1146/1146/1146 1147/1147/1147 
f 1148/1148/1148 1149/1149/1149 1150/1150/1150 
f 1151/1151/1151 1152/1152/1152 1153/1153/1153 
f 1154/1154/1154 1155/1155/1155 1156/1156/1156 
f 1157/1157/1157 1158/1158/1158 1159/1159/1159 
f 1160/1160/1160 1161/1161/1161 1162/1162/1162 
f 1163/1163/1163 1164/1164/1164 1165/1165/1165 
f 1166/1166/1166 1167/1167/1167 1168/1168/1168 
f 1169/1169/1169 1170/1170/1170 1171/1171/1171 
f 1172/1172/1172 1173/1173/1173 1174/1174/1174 
f 1175/1175/1175 1176/1176/1176 1177/1177/1177 

g Bolts1

v -36.7651 -57.6196 4.75472 
v -36.7382 -57.6245 4.69929 
v -36.7675 -57.5968 4.69929 
v -36.7651 -57.6196 4.75472 
v -36.7367 -57.6384 4.73301 
v -36.7382 -57.6245 4.69929 
v -36.7651 -57.6196 3.20829 
v -36.7675 -57.5968 3.26372 
v -36.7382 -57.6245 3.26372 
v -36.7651 -57.6196 3.20829 
v -36.7382 -57.6245 3.26372 
v -36.7367 -57.6384 3.23001 
v -36.7382 -57.6245 4.69929 
v -36.7651 -57.6196 4.64386 
v -36.7675 -57.5968 4.69929 
v -36.7382 -57.6245 4.69929 
v -36.7367 -57.6384 4.66557 
v -36.7651 -57.6196 4.64386 
v -36.7382 -57.6245 3.26372 
v -36.7675 -57.5968 3.26372 
v -36.7651 -57.6196 3.31916 
v -36.7382 -57.6245 3.26372 
v -36.7651 -57.6196 3.31916 
v -36.7367 -57.6384 3.29744 
v -36.7296 -57.7055 4.73301 
v -36.7593 -57.6747 4.77768 
v -36.7534 -57.7298 4.75472 
v -36.7296 -57.7055 4.73301 
v -36.7332 -57.672 4.74697 
v -36.7593 -57.6747 4.77768 
v -36.7296 -57.7055 3.23001 
v -36.7534 -57.7298 3.20829 
v -36.7593 -57.6747 3.18533 
v -36.7296 -57.7055 3.23001 
v -36.7593 -57.6747 3.18533 
v -36.7332 -57.672 3.21604 
v -36.7332 -57.672 4.74697 
v -36.7651 -57.6196 4.75472 
v -36.7593 -57.6747 4.77768 
v -36.7332 -57.672 4.74697 
v -36.7367 -57.6384 4.73301 
v -36.7651 -57.6196 4.75472 
v -36.7332 -57.672 3.21604 
v -36.7593 -57.6747 3.18533 
v -36.7651 -57.6196 3.20829 
v -36.7332 -57.672 3.21604 
v -36.7651 -57.6196 3.20829 
v -36.7367 -57.6384 3.23001 
v -36.7281 -57.7194 4.69929 
v -36.7534 -57.7298 4.75472 
v -36.751 -57.7527 4.69929 
v -36.7281 -57.7194 4.69929 
v -36.7296 -57.7055 4.73301 
v -36.7534 -57.7298 4.75472 
v -36.7281 -57.7194 3.26372 
v -36.751 -57.7527 3.26372 
v -36.7534 -57.7298 3.20829 
v -36.7281 -57.7194 3.26372 
v -36.7534 -57.7298 3.20829 
v -36.7296 -57.7055 3.23001 
v -36.7281 -57.7194 4.69929 
v -36.7332 -57.672 4.6516 
v -36.7382 -57.6245 4.69929 
v -36.7281 -57.7194 4.69929 
v -36.7296 -57.7055 4.66557 
v -36.7332 -57.672 4.6516 
v -36.7332 -57.672 4.6516 
v -36.7367 -57.6384 4.66557 
v -36.7382 -57.6245 4.69929 
v -36.7382 -57.6245 4.69929 
v -36.7367 -57.6384 4.73301 
v -36.7332 -57.672 4.74697 
v -36.7332 -57.672 4.74697 
v -36.7296 -57.7055 4.73301 
v -36.7382 -57.6245 4.69929 
v -36.7296 -57.7055 4.73301 
v -36.7281 -57.7194 4.69929 
v -36.7382 -57.6245 4.69929 
v -36.7281 -57.7194 3.26372 
v -36.7382 -57.6245 3.26372 
v -36.7332 -57.672 3.31141 
v -36.7281 -57.7194 3.26372 
v -36.7332 -57.672 3.31141 
v -36.7296 -57.7055 3.29744 
v -36.7332 -57.672 3.31141 
v -36.7382 -57.6245 3.26372 
v -36.7367 -57.6384 3.29744 
v -36.7382 -57.6245 3.26372 
v -36.7332 -57.672 3.21604 
v -36.7367 -57.6384 3.23001 
v -36.7332 -57.672 3.21604 
v -36.7382 -57.6245 3.26372 
v -36.7296 -57.7055 3.23001 
v -36.7296 -57.7055 3.23001 
v -36.7382 -57.6245 3.26372 
v -36.7281 -57.7194 3.26372 
v -36.7296 -57.7055 4.66557 
v -36.751 -57.7527 4.69929 
v -36.7534 -57.7298 4.64386 
v -36.7296 -57.7055 4.66557 
v -36.7281 -57.7194 4.69929 
v -36.751 -57.7527 4.69929 
v -36.7296 -57.7055 3.29744 
v -36.7534 -57.7298 3.31916 
v -36.751 -57.7527 3.26372 
v -36.7296 -57.7055 3.29744 
v -36.751 -57.7527 3.26372 
v -36.7281 -57.7194 3.26372 
v -36.7332 -57.672 4.6516 
v -36.7534 -57.7298 4.64386 
v -36.7593 -57.6747 4.62089 
v -36.7332 -57.672 4.6516 
v -36.7296 -57.7055 4.66557 
v -36.7534 -57.7298 4.64386 
v -36.7332 -57.672 3.31141 
v -36.7593 -57.6747 3.34212 
v -36.7534 -57.7298 3.31916 
v -36.7332 -57.672 3.31141 
v -36.7534 -57.7298 3.31916 
v -36.7296 -57.7055 3.29744 
v -36.7367 -57.6384 4.66557 
v -36.7593 -57.6747 4.62089 
v -36.7651 -57.6196 4.64386 
v -36.7367 -57.6384 4.66557 
v -36.7332 -57.672 4.6516 
v -36.7593 -57.6747 4.62089 
v -36.7367 -57.6384 3.29744 
v -36.7651 -57.6196 3.31916 
v -36.7593 -57.6747 3.34212 
v -36.7367 -57.6384 3.29744 
v -36.7593 -57.6747 3.34212 
v -36.7332 -57.672 3.31141 

vn 0.661417 0.700787 0.259843 
vn 0.661417 0.700787 0.259843 
vn 0.661417 0.700787 0.259843 
vn 0.661417 0.700787 0.259843 
vn 0.661417 0.700787 0.259843 
vn 0.661417 0.700787 0.259843 
vn 0.661417 0.700787 -0.259843 
vn 0.661417 0.700787 -0.259843 
vn 0.661417 0.700787 -0.259843 
vn 0.661417 0.700787 -0.259843 
vn 0.661417 0.700787 -0.259843 
vn 0.661417 0.700787 -0.259843 
vn 0.661417 0.700787 -0.259843 
vn 0.661417 0.700787 -0.259843 
vn 0.661417 0.700787 -0.259843 
vn 0.661417 0.700787 -0.259843 
vn 0.661417 0.700787 -0.259843 
vn 0.661417 0.700787 -0.259843 
vn 0.661417 0.700787 0.259843 
vn 0.661417 0.700787 0.259843 
vn 0.661417 0.700787 0.259843 
vn 0.661417 0.700787 0.259843 
vn 0.661417 0.700787 0.259843 
vn 0.661417 0.700787 0.259843 
vn 0.755906 -0.181102 0.629921 
vn 0.755906 -0.181102 0.629921 
vn 0.755906 -0.181102 0.629921 
vn 0.755906 -0.181102 0.629921 
vn 0.755906 -0.181102 0.629921 
vn 0.755906 -0.181102 0.629921 
vn 0.755906 -0.181102 -0.629921 
vn 0.755906 -0.181102 -0.629921 
vn 0.755906 -0.181102 -0.629921 
vn 0.755906 -0.181102 -0.629921 
vn 0.755906 -0.181102 -0.629921 
vn 0.755906 -0.181102 -0.629921 
vn 0.700787 0.338583 0.629921 
vn 0.700787 0.338583 0.629921 
vn 0.700787 0.338583 0.629921 
vn 0.700787 0.338583 0.629921 
vn 0.700787 0.338583 0.629921 
vn 0.700787 0.338583 0.629921 
vn 0.700787 0.338583 -0.629921 
vn 0.700787 0.338583 -0.629921 
vn 0.700787 0.338583 -0.629921 
vn 0.700787 0.338583 -0.629921 
vn 0.700787 0.338583 -0.629921 
vn 0.700787 0.338583 -0.629921 
vn 0.795276 -0.543307 0.259843 
vn 0.795276 -0.543307 0.259843 
vn 0.795276 -0.543307 0.259843 
vn 0.795276 -0.543307 0.259843 
vn 0.795276 -0.543307 0.259843 
vn 0.795276 -0.543307 0.259843 
vn 0.795276 -0.543307 -0.259843 
vn 0.795276 -0.543307 -0.259843 
vn 0.795276 -0.543307 -0.259843 
vn 0.795276 -0.543307 -0.259843 
vn 0.795276 -0.543307 -0.259843 
vn 0.795276 -0.543307 -0.259843 
vn 0.992126 0.102362 0 
vn 0.992126 0.102362 0 
vn 0.992126 0.102362 0 
vn 0.992126 0.102362 0 
vn 0.992126 0.102362 0 
vn 0.992126 0.102362 0 
vn 0.992126 0.102362 0 
vn 0.992126 0.102362 0 
vn 0.992126 0.102362 0 
vn 0.992126 0.102362 0 
vn 0.992126 0.102362 0 
vn 0.992126 0.102362 0 
vn 0.992126 0.102362 0 
vn 0.992126 0.102362 0 
vn 0.992126 0.102362 0 
vn 0.992126 0.102362 0 
vn 0.992126 0.102362 0 
vn 0.992126 0.102362 0 
vn 0.992126 0.102362 0 
vn 0.992126 0.102362 0 
vn 0.992126 0.102362 0 
vn 0.992126 0.102362 0 
vn 0.992126 0.102362 0 
vn 0.992126 0.102362 0 
vn 0.992126 0.102362 0 
vn 0.992126 0.102362 0 
vn 0.992126 0.102362 0 
vn 0.992126 0.102362 0 
vn 0.992126 0.102362 0 
vn 0.992126 0.102362 0 
vn 0.992126 0.102362 0 
vn 0.992126 0.102362 0 
vn 0.992126 0.102362 0 
vn 0.992126 0.102362 0 
vn 0.992126 0.102362 0 
vn 0.992126 0.102362 0 
vn 0.795276 -0.543307 -0.259843 
vn 0.795276 -0.543307 -0.259843 
vn 0.795276 -0.543307 -0.259843 
vn 0.795276 -0.543307 -0.259843 
vn 0.795276 -0.543307 -0.259843 
vn 0.795276 -0.543307 -0.259843 
vn 0.795276 -0.543307 0.259843 
vn 0.795276 -0.543307 0.259843 
vn 0.795276 -0.543307 0.259843 
vn 0.795276 -0.543307 0.259843 
vn 0.795276 -0.543307 0.259843 
vn 0.795276 -0.543307 0.259843 
vn 0.755906 -0.181102 -0.629921 
vn 0.755906 -0.181102 -0.629921 
vn 0.755906 -0.181102 -0.629921 
vn 0.755906 -0.181102 -0.629921 
vn 0.755906 -0.181102 -0.629921 
vn 0.755906 -0.181102 -0.629921 
vn 0.755906 -0.181102 0.629921 
vn 0.755906 -0.181102 0.629921 
vn 0.755906 -0.181102 0.629921 
vn 0.755906 -0.181102 0.629921 
vn 0.755906 -0.181102 0.629921 
vn 0.755906 -0.181102 0.629921 
vn 0.700787 0.338583 -0.629921 
vn 0.700787 0.338583 -0.629921 
vn 0.700787 0.338583 -0.629921 
vn 0.700787 0.338583 -0.629921 
vn 0.700787 0.338583 -0.629921 
vn 0.700787 0.338583 -0.629921 
vn 0.700787 0.338583 0.629921 
vn 0.700787 0.338583 0.629921 
vn 0.700787 0.338583 0.629921 
vn 0.700787 0.338583 0.629921 
vn 0.700787 0.338583 0.629921 
vn 0.700787 0.338583 0.629921 

vt 30.0967 -7.00216 
vt 30.0897 -6.99879 
vt 30.0897 -7.00246 
vt 30.0967 -7.00216 
vt 30.0939 -6.99861 
vt 30.0897 -6.99879 
vt 29.9033 -7.00216 
vt 29.9103 -7.00246 
vt 29.9103 -6.99879 
vt 29.9033 -7.00216 
vt 29.9103 -6.99879 
vt 29.9061 -6.99861 
vt 30.0897 -6.99879 
vt 30.0828 -7.00216 
vt 30.0897 -7.00246 
vt 30.0897 -6.99879 
vt 30.0855 -6.99861 
vt 30.0828 -7.00216 
vt 29.9103 -6.99879 
vt 29.9103 -7.00246 
vt 29.9172 -7.00216 
vt 29.9103 -6.99879 
vt 29.9172 -7.00216 
vt 29.9145 -6.99861 
vt 29.9061 -7.00385 
vt 29.9005 -7 
vt 29.9033 -7.00689 
vt 29.9061 -7.00385 
vt 29.9043 -6.99965 
vt 29.9005 -7 
vt 30.0939 -7.00385 
vt 30.0967 -7.00689 
vt 30.0995 -7 
vt 30.0939 -7.00385 
vt 30.0995 -7 
vt 30.0957 -6.99965 
vt 29.9043 -6.99965 
vt 29.9033 -6.99311 
vt 29.9005 -7 
vt 29.9043 -6.99965 
vt 29.9061 -6.99546 
vt 29.9033 -6.99311 
vt 30.0957 -6.99965 
vt 30.0995 -7 
vt 30.0967 -6.99311 
vt 30.0957 -6.99965 
vt 30.0967 -6.99311 
vt 30.0939 -6.99546 
vt 29.9103 -7.00558 
vt 29.9033 -7.00689 
vt 29.9103 -7.00974 
vt 29.9103 -7.00558 
vt 29.9061 -7.00385 
vt 29.9033 -7.00689 
vt 30.0897 -7.00558 
vt 30.0897 -7.00974 
vt 30.0967 -7.00689 
vt 30.0897 -7.00558 
vt 30.0967 -7.00689 
vt 30.0939 -7.00385 
vt 29.9103 -7.00558 
vt 29.9162 -6.99965 
vt 29.9103 -6.99373 
vt 29.9103 -7.00558 
vt 29.9145 -7.00385 
vt 29.9162 -6.99965 
vt 29.9162 -6.99965 
vt 29.9145 -6.99546 
vt 29.9103 -6.99373 
vt 29.9103 -6.99373 
vt 29.9061 -6.99546 
vt 29.9043 -6.99965 
vt 29.9043 -6.99965 
vt 29.9061 -7.00385 
vt 29.9103 -6.99373 
vt 29.9061 -7.00385 
vt 29.9103 -7.00558 
vt 29.9103 -6.99373 
vt 30.0897 -7.00558 
vt 30.0897 -6.99373 
vt 30.0838 -6.99965 
vt 30.0897 -7.00558 
vt 30.0838 -6.99965 
vt 30.0855 -7.00385 
vt 30.0838 -6.99965 
vt 30.0897 -6.99373 
vt 30.0855 -6.99546 
vt 30.0897 -6.99373 
vt 30.0957 -6.99965 
vt 30.0939 -6.99546 
vt 30.0957 -6.99965 
vt 30.0897 -6.99373 
vt 30.0939 -7.00385 
vt 30.0939 -7.00385 
vt 30.0897 -6.99373 
vt 30.0897 -7.00558 
vt 29.9145 -7.00385 
vt 29.9103 -7.00974 
vt 29.9172 -7.00689 
vt 29.9145 -7.00385 
vt 29.9103 -7.00558 
vt 29.9103 -7.00974 
vt 30.0855 -7.00385 
vt 30.0828 -7.00689 
vt 30.0897 -7.00974 
vt 30.0855 -7.00385 
vt 30.0897 -7.00974 
vt 30.0897 -7.00558 
vt 29.9162 -6.99965 
vt 29.9172 -7.00689 
vt 29.9201 -7 
vt 29.9162 -6.99965 
vt 29.9145 -7.00385 
vt 29.9172 -7.00689 
vt 30.0838 -6.99965 
vt 30.0799 -7 
vt 30.0828 -7.00689 
vt 30.0838 -6.99965 
vt 30.0828 -7.00689 
vt 30.0855 -7.00385 
vt 29.9145 -6.99546 
vt 29.9201 -7 
vt 29.9172 -6.99311 
vt 29.9145 -6.99546 
vt 29.9162 -6.99965 
vt 29.9201 -7 
vt 30.0855 -6.99546 
vt 30.0828 -6.99311 
vt 30.0799 -7 
vt 30.0855 -6.99546 
vt 30.0799 -7 
vt 30.0838 -6.99965 

usemtl Bolt1Mtl

f 1178/1178/1178 1179/1179/1179 1180/1180/1180 
f 1181/1181/1181 1182/1182/1182 1183/1183/1183 
f 1184/1184/1184 1185/1185/1185 1186/1186/1186 
f 1187/1187/1187 1188/1188/1188 1189/1189/1189 
f 1190/1190/1190 1191/1191/1191 1192/1192/1192 
f 1193/1193/1193 1194/1194/1194 1195/1195/1195 
f 1196/1196/1196 1197/1197/1197 1198/1198/1198 
f 1199/1199/1199 1200/1200/1200 1201/1201/1201 
f 1202/1202/1202 1203/1203/1203 1204/1204/1204 
f 1205/1205/1205 1206/1206/1206 1207/1207/1207 
f 1208/1208/1208 1209/1209/1209 1210/1210/1210 
f 1211/1211/1211 1212/1212/1212 1213/1213/1213 
f 1214/1214/1214 1215/1215/1215 1216/1216/1216 
f 1217/1217/1217 1218/1218/1218 1219/1219/1219 
f 1220/1220/1220 1221/1221/1221 1222/1222/1222 
f 1223/1223/1223 1224/1224/1224 1225/1225/1225 
f 1226/1226/1226 1227/1227/1227 1228/1228/1228 
f 1229/1229/1229 1230/1230/1230 1231/1231/1231 
f 1232/1232/1232 1233/1233/1233 1234/1234/1234 
f 1235/1235/1235 1236/1236/1236 1237/1237/1237 
f 1238/1238/1238 1239/1239/1239 1240/1240/1240 
f 1241/1241/1241 1242/1242/1242 1243/1243/1243 
f 1244/1244/1244 1245/1245/1245 1246/1246/1246 
f 1247/1247/1247 1248/1248/1248 1249/1249/1249 
f 1250/1250/1250 1251/1251/1251 1252/1252/1252 
f 1253/1253/1253 1254/1254/1254 1255/1255/1255 
f 1256/1256/1256 1257/1257/1257 1258/1258/1258 
f 1259/1259/1259 1260/1260/1260 1261/1261/1261 
f 1262/1262/1262 1263/1263/1263 1264/1264/1264 
f 1265/1265/1265 1266/1266/1266 1267/1267/1267 
f 1268/1268/1268 1269/1269/1269 1270/1270/1270 
f 1271/1271/1271 1272/1272/1272 1273/1273/1273 
f 1274/1274/1274 1275/1275/1275 1276/1276/1276 
f 1277/1277/1277 1278/1278/1278 1279/1279/1279 
f 1280/1280/1280 1281/1281/1281 1282/1282/1282 
f 1283/1283/1283 1284/1284/1284 1285/1285/1285 
f 1286/1286/1286 1287/1287/1287 1288/1288/1288 
f 1289/1289/1289 1290/1290/1290 1291/1291/1291 
f 1292/1292/1292 1293/1293/1293 1294/1294/1294 
f 1295/1295/1295 1296/1296/1296 1297/1297/1297 
f 1298/1298/1298 1299/1299/1299 1300/1300/1300 
f 1301/1301/1301 1302/1302/1302 1303/1303/1303 
f 1304/1304/1304 1305/1305/1305 1306/1306/1306 
f 1307/1307/1307 1308/1308/1308 1309/1309/1309 

g Base2

v -37.0891 -57.2952 1.96931 
v -36.5388 -57.5632 2.05964 
v -37.076 -57.5934 1.89274 
v -36.5516 -57.2645 2.1407 
v -36.5516 -57.2645 2.1407 
v -37.0891 -57.2952 5.99364 
v -36.5516 -57.2645 5.82225 
v -37.0891 -57.2952 1.96931 
v -36.5516 -57.2645 5.82225 
v -36.5388 -57.5632 2.05964 
v -36.5516 -57.2645 2.1407 
v -36.5388 -57.5632 5.90331 
v -36.7609 -57.5834 2.89815 
v -36.7609 -57.5834 5.0648 
v -36.7465 -57.7707 3.21572 
v -36.7465 -57.7707 4.74723 
v -37.0891 -57.2952 5.99364 
v -36.5388 -57.5632 5.90331 
v -36.5516 -57.2645 5.82225 
v -37.076 -57.5934 6.07022 
v -36.7609 -57.5834 2.89815 
v -37.0617 -57.7819 3.21572 
v -37.0761 -57.5947 2.89815 
v -36.7465 -57.7707 3.21572 
v -37.0617 -57.7819 4.74723 
v -36.7609 -57.5834 5.0648 
v -37.0761 -57.5947 5.0648 
v -36.7465 -57.7707 4.74723 
v -37.0617 -57.7819 3.21572 
v -36.7465 -57.7707 3.21572 
v -37.0617 -57.7819 4.74723 
v -36.7465 -57.7707 4.74723 
v -36.5388 -57.5632 5.90331 
v -37.076 -57.5934 6.07022 
v -36.7609 -57.5834 5.0648 
v -36.7609 -57.5834 2.89815 
v -37.076 -57.5934 1.89274 
v -36.5388 -57.5632 2.05964 
v -36.5388 -57.5632 5.90331 
v -36.7609 -57.5834 2.89815 
v -36.5388 -57.5632 2.05964 
v -36.7609 -57.5834 5.0648 
v -36.7609 -57.5834 2.89815 
v -37.0761 -57.5947 2.89815 
v -37.076 -57.5934 1.89274 
v -37.076 -57.5934 6.07022 
v -37.0761 -57.5947 5.0648 
v -36.7609 -57.5834 5.0648 
v -37.0891 -57.2952 1.96931 
v -37.0761 -57.5947 2.89815 
v -37.0891 -57.2952 5.99364 
v -37.0761 -57.5947 5.0648 
v -37.0761 -57.5947 5.0648 
v -37.0761 -57.5947 2.89815 
v -37.0617 -57.7819 4.74723 
v -37.0617 -57.7819 3.21572 
v -37.0761 -57.5947 5.0648 
v -37.076 -57.5934 6.07022 
v -37.0891 -57.2952 5.99364 
v -37.0891 -57.2952 1.96931 
v -37.076 -57.5934 1.89274 
v -37.0761 -57.5947 2.89815 

vn 0.275591 0.259843 -0.929134 
vn 0.275591 0.259843 -0.929134 
vn 0.275591 0.259843 -0.929134 
vn 0.275591 0.259843 -0.929134 
vn -0.0551181 1 0 
vn -0.0551181 1 0 
vn -0.0551181 1 0 
vn -0.0551181 1 0 
vn 1 0.0393701 0 
vn 1 0.0393701 0 
vn 1 0.0393701 0 
vn 1 0.0393701 0 
vn 1 0.0787402 0 
vn 1 0.0787402 0 
vn 1 0.0787402 0 
vn 1 0.0787402 0 
vn 0.275591 0.259843 0.929134 
vn 0.275591 0.259843 0.929134 
vn 0.275591 0.259843 0.929134 
vn 0.275591 0.259843 0.929134 
vn 0.0314961 -0.858268 -0.511811 
vn 0.0314961 -0.858268 -0.511811 
vn 0.0314961 -0.858268 -0.511811 
vn 0.0314961 -0.858268 -0.511811 
vn 0.0314961 -0.858268 0.511811 
vn 0.0314961 -0.858268 0.511811 
vn 0.0314961 -0.858268 0.511811 
vn 0.0314961 -0.858268 0.511811 
vn 0.0393701 -1 0 
vn 0.0393701 -1 0 
vn 0.0393701 -1 0 
vn 0.0393701 -1 0 
vn 0.0629921 -1 0.00787402 
vn 0.0629921 -1 0.00787402 
vn 0.0629921 -1 0.00787402 
vn 0.0629921 -1 -0.00787402 
vn 0.0629921 -1 -0.00787402 
vn 0.0629921 -1 -0.00787402 
vn 0.0866142 -0.992126 0 
vn 0.0866142 -0.992126 0 
vn 0.0866142 -0.992126 0 
vn 0.0866142 -0.992126 0 
vn 0.0393701 -1 0 
vn 0.0393701 -1 0 
vn 0.0393701 -1 0 
vn 0.0393701 -1 0 
vn 0.0393701 -1 0 
vn 0.0393701 -1 0 
vn -1 -0.0472441 0 
vn -1 -0.0472441 0 
vn -1 -0.0472441 0 
vn -1 -0.0472441 0 
vn -1 -0.0787402 0 
vn -1 -0.0787402 0 
vn -1 -0.0787402 0 
vn -1 -0.0787402 0 
vn -1 -0.0472441 0 
vn -1 -0.0472441 0 
vn -1 -0.0472441 0 
vn -1 -0.0472441 0 
vn -1 -0.0472441 0 
vn -1 -0.0472441 0 

vt 26.0344 -20.9715 
vt 25.9656 -21.005 
vt 26.0328 -21.0088 
vt 25.9672 -20.9677 
vt 25.7699 -20.9672 
vt 26.2515 -21.0344 
vt 26.2301 -20.9672 
vt 25.7485 -21.0344 
vt 25.7699 -20.9677 
vt 26.2402 -21.005 
vt 26.2301 -20.9677 
vt 25.7598 -21.005 
vt 26.1354 -21.0075 
vt 25.8646 -21.0075 
vt 26.0957 -21.0309 
vt 25.9043 -21.0309 
vt 25.9656 -20.9715 
vt 26.0344 -21.005 
vt 26.0328 -20.9677 
vt 25.9672 -21.0088 
vt 26.1354 -20.9934 
vt 26.0957 -21.031 
vt 26.1354 -21.0328 
vt 26.0957 -20.9916 
vt 25.9043 -21.031 
vt 25.8646 -20.9934 
vt 25.8646 -21.0328 
vt 25.9043 -20.9916 
vt 26.0957 -21.031 
vt 26.0957 -20.9916 
vt 25.9043 -21.031 
vt 25.9043 -20.9916 
vt 25.7598 -20.9656 
vt 25.7389 -21.0328 
vt 25.8646 -20.9934 
vt 26.1354 -20.9934 
vt 26.2611 -21.0328 
vt 26.2402 -20.9656 
vt 25.7598 -20.9656 
vt 26.1354 -20.9934 
vt 26.2402 -20.9656 
vt 25.8646 -20.9934 
vt 26.1354 -20.9934 
vt 26.1354 -21.0328 
vt 26.2611 -21.0328 
vt 25.7389 -21.0328 
vt 25.8646 -21.0328 
vt 25.8646 -20.9934 
vt 25.7485 -20.9715 
vt 25.8646 -21.0089 
vt 26.2515 -20.9715 
vt 26.1354 -21.0089 
vt 26.1354 -21.0089 
vt 25.8646 -21.0089 
vt 26.0957 -21.0323 
vt 25.9043 -21.0323 
vt 26.1354 -21.0089 
vt 26.2611 -21.0088 
vt 26.2515 -20.9715 
vt 25.7485 -20.9715 
vt 25.7389 -21.0088 
vt 25.8646 -21.0089 

usemtl Hinge1Mtl

f 1310/1310/1310 1311/1311/1311 1312/1312/1312 
f 1311/1311/1311 1310/1310/1310 1313/1313/1313 
f 1314/1314/1314 1315/1315/1315 1316/1316/1316 
f 1315/1315/1315 1314/1314/1314 1317/1317/1317 
f 1318/1318/1318 1319/1319/1319 1320/1320/1320 
f 1319/1319/1319 1318/1318/1318 1321/1321/1321 
f 1322/1322/1322 1323/1323/1323 1324/1324/1324 
f 1323/1323/1323 1325/1325/1325 1324/1324/1324 
f 1326/1326/1326 1327/1327/1327 1328/1328/1328 
f 1327/1327/1327 1326/1326/1326 1329/1329/1329 
f 1330/1330/1330 1331/1331/1331 1332/1332/1332 
f 1331/1331/1331 1330/1330/1330 1333/1333/1333 
f 1334/1334/1334 1335/1335/1335 1336/1336/1336 
f 1335/1335/1335 1334/1334/1334 1337/1337/1337 
f 1338/1338/1338 1339/1339/1339 1340/1340/1340 
f 1340/1340/1340 1339/1339/1339 1341/1341/1341 
f 1342/1342/1342 1343/1343/1343 1344/1344/1344 
f 1345/1345/1345 1346/1346/1346 1347/1347/1347 
f 1348/1348/1348 1349/1349/1349 1350/1350/1350 
f 1349/1349/1349 1348/1348/1348 1351/1351/1351 
f 1352/1352/1352 1353/1353/1353 1354/1354/1354 
f 1355/1355/1355 1356/1356/1356 1357/1357/1357 
f 1358/1358/1358 1359/1359/1359 1360/1360/1360 
f 1360/1360/1360 1359/1359/1359 1361/1361/1361 
f 1362/1362/1362 1363/1363/1363 1364/1364/1364 
f 1363/1363/1363 1365/1365/1365 1364/1364/1364 
f 1366/1366/1366 1367/1367/1367 1368/1368/1368 
f 1369/1369/1369 1370/1370/1370 1371/1371/1371 

g Bracket1

v -37.3239 -53.2946 4.58886 
v -37.5767 -53.334 3.5774 
v -37.5767 -53.334 4.38549 
v -37.3239 -53.2946 4.58886 
v -37.3239 -53.2946 3.37403 
v -37.5767 -53.334 3.5774 
v -37.2931 -53.5252 4.70274 
v -37.6059 -53.5114 3.53552 
v -37.2931 -53.5252 3.26015 
v -37.2931 -53.5252 4.70274 
v -37.6059 -53.5114 4.42737 
v -37.6059 -53.5114 3.53552 
v -37.6059 -53.5114 3.53552 
v -37.3239 -53.2946 3.37403 
v -37.2931 -53.5252 3.26015 
v -37.6059 -53.5114 3.53552 
v -37.5767 -53.334 3.5774 
v -37.3239 -53.2946 3.37403 
v -37.3239 -53.2946 4.58886 
v -37.6059 -53.5114 4.42737 
v -37.2931 -53.5252 4.70274 
v -37.3239 -53.2946 4.58886 
v -37.5767 -53.334 4.38549 
v -37.6059 -53.5114 4.42737 
v -37.5767 -53.334 4.38549 
v -37.6059 -53.5114 3.53552 
v -37.6059 -53.5114 4.42737 
v -37.5767 -53.334 4.38549 
v -37.5767 -53.334 3.5774 
v -37.6059 -53.5114 3.53552 

vn -0.15748 0.984252 0 
vn -0.15748 0.984252 0 
vn -0.15748 0.984252 0 
vn -0.15748 0.984252 0 
vn -0.15748 0.984252 0 
vn -0.15748 0.984252 0 
vn -0.0472441 -1 0 
vn -0.0472441 -1 0 
vn -0.0472441 -1 0 
vn -0.0472441 -1 0 
vn -0.0472441 -1 0 
vn -0.0472441 -1 0 
vn -0.629921 0.275591 -0.724409 
vn -0.629921 0.275591 -0.724409 
vn -0.629921 0.275591 -0.724409 
vn -0.629921 0.275591 -0.724409 
vn -0.629921 0.275591 -0.724409 
vn -0.629921 0.275591 -0.724409 
vn -0.629921 0.275591 0.724409 
vn -0.629921 0.275591 0.724409 
vn -0.629921 0.275591 0.724409 
vn -0.629921 0.275591 0.724409 
vn -0.629921 0.275591 0.724409 
vn -0.629921 0.275591 0.724409 
vn -0.984252 0.165354 0 
vn -0.984252 0.165354 0 
vn -0.984252 0.165354 0 
vn -0.984252 0.165354 0 
vn -0.984252 0.165354 0 
vn -0.984252 0.165354 0 

vt 50.0759 -54.9843 
vt 49.9495 -55.0159 
vt 50.0505 -55.0159 
vt 50.0759 -54.9843 
vt 49.9241 -54.9843 
vt 49.9495 -55.0159 
vt 49.9098 -54.9804 
vt 50.0557 -55.0196 
vt 50.0902 -54.9804 
vt 49.9098 -54.9804 
vt 49.9443 -55.0196 
vt 50.0557 -55.0196 
vt 49.9443 -55.0127 
vt 49.9241 -54.9856 
vt 49.9098 -55.0144 
vt 49.9443 -55.0127 
vt 49.9495 -54.9905 
vt 49.9241 -54.9856 
vt 50.0759 -54.9856 
vt 50.0557 -55.0127 
vt 50.0902 -55.0144 
vt 50.0759 -54.9856 
vt 50.0505 -54.9905 
vt 50.0557 -55.0127 
vt 50.0505 -54.9905 
vt 49.9443 -55.0127 
vt 50.0557 -55.0127 
vt 50.0505 -54.9905 
vt 49.9495 -54.9905 
vt 49.9443 -55.0127 

usemtl Bolt1Mtl

f 1372/1372/1372 1373/1373/1373 1374/1374/1374 
f 1375/1375/1375 1376/1376/1376 1377/1377/1377 
f 1378/1378/1378 1379/1379/1379 1380/1380/1380 
f 1381/1381/1381 1382/1382/1382 1383/1383/1383 
f 1384/1384/1384 1385/1385/1385 1386/1386/1386 
f 1387/1387/1387 1388/1388/1388 1389/1389/1389 
f 1390/1390/1390 1391/1391/1391 1392/1392/1392 
f 1393/1393/1393 1394/1394/1394 1395/1395/1395 
f 1396/1396/1396 1397/1397/1397 1398/1398/1398 
f 1399/1399/1399 1400/1400/1400 1401/1401/1401 

g Bolts2

v -37.1503 -53.4743 3.31066 
v -37.159 -53.3922 3.27645 
v -37.083 -53.3841 3.32295 
v -37.1503 -53.4743 3.31066 
v -37.083 -53.3841 3.32295 
v -37.0778 -53.4335 3.34354 
v -37.083 -53.3841 3.32295 
v -37.159 -53.3922 3.27645 
v -37.1677 -53.31 3.31066 
v -37.083 -53.3841 3.32295 
v -37.1677 -53.31 3.31066 
v -37.0883 -53.3347 3.34354 
v -37.0756 -53.454 3.39324 
v -37.083 -53.3841 4.49936 
v -37.1503 -53.4743 4.48707 
v -37.159 -53.3922 4.45286 
v -37.1677 -53.31 4.48707 
v -37.0883 -53.3347 3.44294 
v -37.083 -53.3841 4.49936 
v -37.1503 -53.4743 4.48707 
v -37.159 -53.3922 4.45286 
v -37.083 -53.3841 4.49936 
v -37.0778 -53.4335 4.51995 
v -37.1503 -53.4743 4.48707 
v -37.0883 -53.3347 4.51995 
v -37.159 -53.3922 4.45286 
v -37.1677 -53.31 4.48707 
v -37.0883 -53.3347 4.51995 
v -37.083 -53.3841 4.49936 
v -37.159 -53.3922 4.45286 
v -37.083 -53.3841 4.63994 
v -37.083 -53.3841 3.32295 
v -37.1677 -53.31 4.65223 
v -37.1677 -53.31 3.31066 
v -37.1677 -53.31 4.65223 
v -37.0905 -53.3142 4.56965 
v -37.1713 -53.276 4.56965 
v -37.1677 -53.31 4.65223 
v -37.0883 -53.3347 4.61935 
v -37.0905 -53.3142 4.56965 
v -37.1677 -53.31 3.31066 
v -37.1713 -53.276 3.39324 
v -37.0905 -53.3142 3.39324 
v -37.1677 -53.31 3.31066 
v -37.0905 -53.3142 3.39324 
v -37.0883 -53.3347 3.34354 
v -37.083 -53.3841 4.49936 
v -37.1677 -53.31 4.48707 
v -37.0883 -53.3347 3.44294 
v -37.1677 -53.31 3.47582 
v -37.0905 -53.3142 4.56965 
v -37.1677 -53.31 4.48707 
v -37.1713 -53.276 4.56965 
v -37.0905 -53.3142 4.56965 
v -37.0883 -53.3347 4.51995 
v -37.1677 -53.31 4.48707 
v -37.0905 -53.3142 3.39324 
v -37.1713 -53.276 3.39324 
v -37.1677 -53.31 3.47582 
v -37.0905 -53.3142 3.39324 
v -37.1677 -53.31 3.47582 
v -37.0883 -53.3347 3.44294 
v -37.1503 -53.4743 4.65223 
v -37.083 -53.3841 4.63994 
v -37.1503 -53.4743 3.31066 
v -37.083 -53.3841 3.32295 
v -37.1677 -53.31 4.65223 
v -37.0883 -53.3347 4.61935 
v -37.1677 -53.31 3.31066 
v -37.0756 -53.454 4.56965 
v -37.1467 -53.5083 3.39324 
v -37.1713 -53.276 4.56965 
v -37.0778 -53.4335 4.61935 
v -37.0756 -53.454 4.56965 
v -37.0905 -53.3142 4.56965 
v -37.083 -53.3841 4.63994 
v -37.0778 -53.4335 4.51995 
v -37.083 -53.3841 4.49936 
v -37.083 -53.3841 4.49936 
v -37.0883 -53.3347 4.51995 
v -37.0905 -53.3142 4.56965 
v -37.0905 -53.3142 4.56965 
v -37.0883 -53.3347 4.61935 
v -37.083 -53.3841 4.63994 
v -37.1503 -53.4743 4.48707 
v -37.0778 -53.4335 3.34354 
v -37.0905 -53.3142 3.39324 
v -37.0756 -53.454 3.39324 
v -37.083 -53.3841 3.32295 
v -37.0778 -53.4335 3.44294 
v -37.083 -53.3841 3.46353 
v -37.083 -53.3841 3.46353 
v -37.0905 -53.3142 3.39324 
v -37.0883 -53.3347 3.44294 
v -37.0905 -53.3142 3.39324 
v -37.083 -53.3841 3.32295 
v -37.0883 -53.3347 3.34354 
v -37.1503 -53.4743 4.65223 
v -37.083 -53.3841 4.63994 
v -37.159 -53.3922 4.68644 
v -37.1503 -53.4743 4.65223 
v -37.0778 -53.4335 4.61935 
v -37.083 -53.3841 4.63994 
v -37.083 -53.3841 4.63994 
v -37.1677 -53.31 4.65223 
v -37.159 -53.3922 4.68644 
v -37.083 -53.3841 4.63994 
v -37.0883 -53.3347 4.61935 
v -37.1677 -53.31 4.65223 
v -37.0756 -53.454 3.39324 
v -37.1467 -53.5083 3.39324 
v -37.0883 -53.3347 3.44294 
v -37.1677 -53.31 3.47582 
v -37.1503 -53.4743 3.47582 
v -37.083 -53.3841 3.46353 
v -37.159 -53.3922 3.51003 
v -37.1503 -53.4743 3.47582 
v -37.083 -53.3841 3.46353 
v -37.1503 -53.4743 3.47582 
v -37.0778 -53.4335 3.44294 
v -37.0883 -53.3347 3.44294 
v -37.1677 -53.31 3.47582 
v -37.159 -53.3922 3.51003 
v -37.0883 -53.3347 3.44294 
v -37.159 -53.3922 3.51003 
v -37.083 -53.3841 3.46353 
v -37.1503 -53.4743 4.65223 
v -37.1503 -53.4743 3.31066 
v -37.0756 -53.454 4.56965 
v -37.1503 -53.4743 4.65223 
v -37.1467 -53.5083 4.56965 
v -37.0756 -53.454 4.56965 
v -37.0778 -53.4335 4.61935 
v -37.1503 -53.4743 4.65223 
v -37.0756 -53.454 3.39324 
v -37.1467 -53.5083 3.39324 
v -37.1503 -53.4743 3.31066 
v -37.0756 -53.454 3.39324 
v -37.1503 -53.4743 3.31066 
v -37.0778 -53.4335 3.34354 
v -37.1503 -53.4743 4.48707 
v -37.0778 -53.4335 4.51995 
v -37.1467 -53.5083 4.56965 
v -37.1503 -53.4743 4.48707 
v -37.0778 -53.4335 4.51995 
v -37.0756 -53.454 4.56965 
v -37.1467 -53.5083 4.56965 
v -37.0778 -53.4335 3.44294 
v -37.1503 -53.4743 3.47582 
v -37.1467 -53.5083 3.39324 
v -37.0778 -53.4335 3.44294 
v -37.1467 -53.5083 3.39324 
v -37.0756 -53.454 3.39324 
v -37.1503 -53.4743 4.65223 
v -37.1503 -53.4743 3.31066 
v -37.1677 -53.31 4.65223 
v -37.0883 -53.3347 4.61935 
v -37.1677 -53.31 3.31066 
v -37.1467 -53.5083 3.39324 
v -37.1713 -53.276 4.56965 
v -37.1713 -53.276 3.39324 
v -37.0883 -53.3347 4.51995 
v -37.1677 -53.31 4.65223 
v -37.1503 -53.4743 4.65223 
v -37.159 -53.3922 4.68644 
v -37.1503 -53.4743 4.48707 
v -37.1467 -53.5083 4.56965 
v -37.159 -53.3922 4.45286 
v -37.1677 -53.31 4.48707 
v -37.1713 -53.276 4.56965 
v -37.0883 -53.3347 3.44294 
v -37.1677 -53.31 3.31066 
v -37.159 -53.3922 3.51003 
v -37.1677 -53.31 3.47582 
v -37.1713 -53.276 3.39324 
v -37.1503 -53.4743 3.31066 
v -37.159 -53.3922 3.27645 
v -37.1503 -53.4743 3.47582 
v -37.1467 -53.5083 3.39324 

vn 0.519685 -0.283465 -0.80315 
vn 0.519685 -0.283465 -0.80315 
vn 0.519685 -0.283465 -0.80315 
vn 0.519685 -0.283465 -0.80315 
vn 0.519685 -0.283465 -0.80315 
vn 0.519685 -0.283465 -0.80315 
vn 0.448819 0.385827 -0.80315 
vn 0.448819 0.385827 -0.80315 
vn 0.448819 0.385827 -0.80315 
vn 0.448819 0.385827 -0.80315 
vn 0.448819 0.385827 -0.80315 
vn 0.448819 0.385827 -0.80315 
vn 0.574803 -0.748031 -0.330709 
vn 0.992126 0.102362 0 
vn -0.992126 -0.102362 0 
vn -0.992126 -0.102362 0 
vn -0.992126 -0.102362 0 
vn 0.992126 0.102362 0 
vn 0.519685 -0.283465 -0.80315 
vn 0.519685 -0.283465 -0.80315 
vn 0.519685 -0.283465 -0.80315 
vn 0.519685 -0.283465 -0.80315 
vn 0.519685 -0.283465 -0.80315 
vn 0.519685 -0.283465 -0.80315 
vn 0.448819 0.385827 -0.80315 
vn 0.448819 0.385827 -0.80315 
vn 0.448819 0.385827 -0.80315 
vn 0.448819 0.385827 -0.80315 
vn 0.448819 0.385827 -0.80315 
vn 0.448819 0.385827 -0.80315 
vn 0.519685 -0.283465 0.80315 
vn 0.519685 -0.283465 -0.80315 
vn 0.448819 0.385827 0.80315 
vn 0.448819 0.385827 -0.80315 
vn 0.401575 0.850394 0.330709 
vn 0.401575 0.850394 0.330709 
vn 0.401575 0.850394 0.330709 
vn 0.401575 0.850394 0.330709 
vn 0.401575 0.850394 0.330709 
vn 0.401575 0.850394 0.330709 
vn 0.401575 0.850394 -0.330709 
vn 0.401575 0.850394 -0.330709 
vn 0.401575 0.850394 -0.330709 
vn 0.401575 0.850394 -0.330709 
vn 0.401575 0.850394 -0.330709 
vn 0.401575 0.850394 -0.330709 
vn 0.992126 0.102362 0 
vn -0.992126 -0.102362 0 
vn 0.992126 0.102362 0 
vn -0.992126 -0.102362 0 
vn 0.401575 0.850394 -0.330709 
vn 0.401575 0.850394 -0.330709 
vn 0.401575 0.850394 -0.330709 
vn 0.401575 0.850394 -0.330709 
vn 0.401575 0.850394 -0.330709 
vn 0.401575 0.850394 -0.330709 
vn 0.401575 0.850394 0.330709 
vn 0.401575 0.850394 0.330709 
vn 0.401575 0.850394 0.330709 
vn 0.401575 0.850394 0.330709 
vn 0.401575 0.850394 0.330709 
vn 0.401575 0.850394 0.330709 
vn 0.519685 -0.283465 0.80315 
vn 0.519685 -0.283465 0.80315 
vn 0.519685 -0.283465 -0.80315 
vn 0.519685 -0.283465 -0.80315 
vn 0.448819 0.385827 0.80315 
vn 0.448819 0.385827 0.80315 
vn 0.448819 0.385827 -0.80315 
vn 0.574803 -0.748031 0.330709 
vn 0.574803 -0.748031 -0.330709 
vn 0.401575 0.850394 0.330709 
vn 0.992126 0.102362 0 
vn 0.992126 0.102362 0 
vn 0.992126 0.102362 0 
vn 0.992126 0.102362 0 
vn 0.992126 0.102362 0 
vn 0.992126 0.102362 0 
vn 0.992126 0.102362 0 
vn 0.992126 0.102362 0 
vn 0.992126 0.102362 0 
vn 0.992126 0.102362 0 
vn 0.992126 0.102362 0 
vn 0.992126 0.102362 0 
vn -0.992126 -0.102362 0 
vn 0.992126 0.102362 0 
vn 0.992126 0.102362 0 
vn 0.992126 0.102362 0 
vn 0.992126 0.102362 0 
vn 0.992126 0.102362 0 
vn 0.992126 0.102362 0 
vn 0.992126 0.102362 0 
vn 0.992126 0.102362 0 
vn 0.992126 0.102362 0 
vn 0.992126 0.102362 0 
vn 0.992126 0.102362 0 
vn 0.992126 0.102362 0 
vn 0.519685 -0.283465 0.80315 
vn 0.519685 -0.283465 0.80315 
vn 0.519685 -0.283465 0.80315 
vn 0.519685 -0.283465 0.80315 
vn 0.519685 -0.283465 0.80315 
vn 0.519685 -0.283465 0.80315 
vn 0.448819 0.385827 0.80315 
vn 0.448819 0.385827 0.80315 
vn 0.448819 0.385827 0.80315 
vn 0.448819 0.385827 0.80315 
vn 0.448819 0.385827 0.80315 
vn 0.448819 0.385827 0.80315 
vn 0.574803 -0.748031 -0.330709 
vn 0.574803 -0.748031 -0.330709 
vn 0.992126 0.102362 0 
vn -0.992126 -0.102362 0 
vn -0.992126 -0.102362 0 
vn 0.519685 -0.283465 0.80315 
vn 0.519685 -0.283465 0.80315 
vn 0.519685 -0.283465 0.80315 
vn 0.519685 -0.283465 0.80315 
vn 0.519685 -0.283465 0.80315 
vn 0.519685 -0.283465 0.80315 
vn 0.448819 0.385827 0.80315 
vn 0.448819 0.385827 0.80315 
vn 0.448819 0.385827 0.80315 
vn 0.448819 0.385827 0.80315 
vn 0.448819 0.385827 0.80315 
vn 0.448819 0.385827 0.80315 
vn 0.519685 -0.283465 0.80315 
vn 0.519685 -0.283465 -0.80315 
vn 0.574803 -0.748031 0.330709 
vn 0.574803 -0.748031 0.330709 
vn 0.574803 -0.748031 0.330709 
vn 0.574803 -0.748031 0.330709 
vn 0.574803 -0.748031 0.330709 
vn 0.574803 -0.748031 0.330709 
vn 0.574803 -0.748031 -0.330709 
vn 0.574803 -0.748031 -0.330709 
vn 0.574803 -0.748031 -0.330709 
vn 0.574803 -0.748031 -0.330709 
vn 0.574803 -0.748031 -0.330709 
vn 0.574803 -0.748031 -0.330709 
vn -0.992126 -0.102362 0 
vn 0.574803 -0.748031 -0.330709 
vn 0.574803 -0.748031 -0.330709 
vn 0.574803 -0.748031 -0.330709 
vn 0.574803 -0.748031 -0.330709 
vn 0.574803 -0.748031 -0.330709 
vn 0.574803 -0.748031 -0.330709 
vn 0.574803 -0.748031 0.330709 
vn 0.574803 -0.748031 0.330709 
vn 0.574803 -0.748031 0.330709 
vn 0.574803 -0.748031 0.330709 
vn 0.574803 -0.748031 0.330709 
vn 0.574803 -0.748031 0.330709 
vn 0.519685 -0.283465 0.80315 
vn 0.519685 -0.283465 -0.80315 
vn 0.448819 0.385827 0.80315 
vn 0.448819 0.385827 0.80315 
vn 0.448819 0.385827 -0.80315 
vn 0.574803 -0.748031 -0.330709 
vn 0.401575 0.850394 0.330709 
vn 0.401575 0.850394 -0.330709 
vn 0.992126 0.102362 0 
vn -0.992126 -0.102362 0 
vn -0.992126 -0.102362 0 
vn -0.992126 -0.102362 0 
vn -0.992126 -0.102362 0 
vn -0.992126 -0.102362 0 
vn -0.992126 -0.102362 0 
vn -0.992126 -0.102362 0 
vn -0.992126 -0.102362 0 
vn 0.992126 0.102362 0 
vn -0.992126 -0.102362 0 
vn -0.992126 -0.102362 0 
vn -0.992126 -0.102362 0 
vn -0.992126 -0.102362 0 
vn -0.992126 -0.102362 0 
vn -0.992126 -0.102362 0 
vn -0.992126 -0.102362 0 
vn -0.992126 -0.102362 0 

vt 38.0034 -45.0103 
vt 38.0044 -45 
vt 37.9949 -44.999 
vt 38.0034 -45.0103 
vt 37.9949 -44.999 
vt 37.9943 -45.0052 
vt 37.9949 -44.999 
vt 38.0044 -45 
vt 38.0055 -44.9897 
vt 37.9949 -44.999 
vt 38.0055 -44.9897 
vt 37.9956 -44.9928 
vt 37.994 -45.0077 
vt 37.9949 -44.999 
vt 38.0034 -45.0103 
vt 38.0044 -45 
vt 38.0055 -44.9897 
vt 37.9956 -44.9928 
vt 37.9949 -44.999 
vt 38.0034 -45.0103 
vt 38.0044 -45 
vt 37.9949 -44.999 
vt 37.9943 -45.0052 
vt 38.0034 -45.0103 
vt 37.9956 -44.9928 
vt 38.0044 -45 
vt 38.0055 -44.9897 
vt 37.9956 -44.9928 
vt 37.9949 -44.999 
vt 38.0044 -45 
vt 38.0823 -44.9949 
vt 37.9177 -44.9949 
vt 38.0838 -45.0055 
vt 37.9162 -45.0055 
vt 38.0838 -45.0055 
vt 38.0735 -44.9959 
vt 38.0735 -45.006 
vt 38.0838 -45.0055 
vt 38.0797 -44.9956 
vt 38.0735 -44.9959 
vt 37.9162 -45.0055 
vt 37.9265 -45.006 
vt 37.9265 -44.9959 
vt 37.9162 -45.0055 
vt 37.9265 -44.9959 
vt 37.9203 -44.9956 
vt 38.0647 -44.9949 
vt 38.0632 -45.0055 
vt 37.9327 -44.9956 
vt 37.9368 -45.0055 
vt 38.0735 -44.9959 
vt 38.0632 -45.0055 
vt 38.0735 -45.006 
vt 38.0735 -44.9959 
vt 38.0673 -44.9956 
vt 38.0632 -45.0055 
vt 37.9265 -44.9959 
vt 37.9265 -45.006 
vt 37.9368 -45.0055 
vt 37.9265 -44.9959 
vt 37.9368 -45.0055 
vt 37.9327 -44.9956 
vt 37.9162 -45.0103 
vt 37.9177 -44.999 
vt 38.0838 -45.0103 
vt 38.0823 -44.999 
vt 37.9162 -44.9897 
vt 37.9203 -44.9928 
vt 38.0838 -44.9897 
vt 37.9265 -45.0077 
vt 38.0735 -45.0145 
vt 37.9265 -44.9855 
vt 37.9203 -45.0052 
vt 37.9265 -45.0077 
vt 37.9265 -44.9903 
vt 37.9177 -44.999 
vt 37.9327 -45.0052 
vt 37.9353 -44.999 
vt 37.9353 -44.999 
vt 37.9327 -44.9928 
vt 37.9265 -44.9903 
vt 37.9265 -44.9903 
vt 37.9203 -44.9928 
vt 37.9177 -44.999 
vt 37.9368 -45.0103 
vt 38.0797 -45.0052 
vt 38.0735 -44.9903 
vt 38.0735 -45.0077 
vt 38.0823 -44.999 
vt 38.0673 -45.0052 
vt 38.0647 -44.999 
vt 38.0647 -44.999 
vt 38.0735 -44.9903 
vt 38.0673 -44.9928 
vt 38.0735 -44.9903 
vt 38.0823 -44.999 
vt 38.0797 -44.9928 
vt 37.9966 -45.0103 
vt 38.0051 -44.999 
vt 37.9956 -45 
vt 37.9966 -45.0103 
vt 38.0057 -45.0052 
vt 38.0051 -44.999 
vt 38.0051 -44.999 
vt 37.9945 -44.9897 
vt 37.9956 -45 
vt 38.0051 -44.999 
vt 38.0044 -44.9928 
vt 37.9945 -44.9897 
vt 38.006 -45.0077 
vt 37.9971 -45.0145 
vt 38.0044 -44.9928 
vt 37.9945 -44.9897 
vt 37.9966 -45.0103 
vt 38.0051 -44.999 
vt 37.9956 -45 
vt 37.9966 -45.0103 
vt 38.0051 -44.999 
vt 37.9966 -45.0103 
vt 38.0057 -45.0052 
vt 38.0044 -44.9928 
vt 37.9945 -44.9897 
vt 37.9956 -45 
vt 38.0044 -44.9928 
vt 37.9956 -45 
vt 38.0051 -44.999 
vt 37.9162 -45.0034 
vt 38.0838 -45.0034 
vt 37.9265 -44.994 
vt 37.9162 -45.0034 
vt 37.9265 -45.0029 
vt 37.9265 -44.994 
vt 37.9203 -44.9943 
vt 37.9162 -45.0034 
vt 38.0735 -44.994 
vt 38.0735 -45.0029 
vt 38.0838 -45.0034 
vt 38.0735 -44.994 
vt 38.0838 -45.0034 
vt 38.0797 -44.9943 
vt 37.9368 -45.0034 
vt 37.9327 -44.9943 
vt 37.9265 -45.0029 
vt 37.9368 -45.0034 
vt 37.9327 -44.9943 
vt 37.9265 -44.994 
vt 37.9265 -45.0029 
vt 38.0673 -44.9943 
vt 38.0632 -45.0034 
vt 38.0735 -45.0029 
vt 38.0673 -44.9943 
vt 38.0735 -45.0029 
vt 38.0735 -44.994 
vt 38.0838 -45.0103 
vt 37.9162 -45.0103 
vt 38.0838 -44.9897 
vt 38.0797 -44.9928 
vt 37.9162 -44.9897 
vt 37.9265 -45.0145 
vt 38.0735 -44.9855 
vt 37.9265 -44.9855 
vt 38.0673 -44.9928 
vt 38.0838 -44.9897 
vt 38.0838 -45.0103 
vt 38.0881 -45 
vt 38.0632 -45.0103 
vt 38.0735 -45.0145 
vt 38.0589 -45 
vt 38.0632 -44.9897 
vt 38.0735 -44.9855 
vt 37.9327 -44.9928 
vt 37.9162 -44.9897 
vt 37.9411 -45 
vt 37.9368 -44.9897 
vt 37.9265 -44.9855 
vt 37.9162 -45.0103 
vt 37.9119 -45 
vt 37.9368 -45.0103 
vt 37.9265 -45.0145 

usemtl Bolt1Mtl

f 1402/1402/1402 1403/1403/1403 1404/1404/1404 
f 1405/1405/1405 1406/1406/1406 1407/1407/1407 
f 1408/1408/1408 1409/1409/1409 1410/1410/1410 
f 1411/1411/1411 1412/1412/1412 1413/1413/1413 
f 1420/1420/1420 1421/1421/1421 1422/1422/1422 
f 1423/1423/1423 1424/1424/1424 1425/1425/1425 
f 1426/1426/1426 1427/1427/1427 1428/1428/1428 
f 1429/1429/1429 1430/1430/1430 1431/1431/1431 
f 1436/1436/1436 1437/1437/1437 1438/1438/1438 
f 1439/1439/1439 1440/1440/1440 1441/1441/1441 
f 1442/1442/1442 1443/1443/1443 1444/1444/1444 
f 1445/1445/1445 1446/1446/1446 1447/1447/1447 
f 1452/1452/1452 1453/1453/1453 1454/1454/1454 
f 1455/1455/1455 1456/1456/1456 1457/1457/1457 
f 1458/1458/1458 1459/1459/1459 1460/1460/1460 
f 1461/1461/1461 1462/1462/1462 1463/1463/1463 
f 1474/1474/1474 1475/1475/1475 1476/1476/1476 
f 1477/1477/1477 1474/1474/1474 1476/1476/1476 
f 1475/1475/1475 1478/1478/1478 1476/1476/1476 
f 1478/1478/1478 1479/1479/1479 1476/1476/1476 
f 1480/1480/1480 1481/1481/1481 1482/1482/1482 
f 1483/1483/1483 1484/1484/1484 1485/1485/1485 
f 1487/1487/1487 1488/1488/1488 1489/1489/1489 
f 1490/1490/1490 1488/1488/1488 1487/1487/1487 
f 1489/1489/1489 1488/1488/1488 1491/1491/1491 
f 1491/1491/1491 1488/1488/1488 1492/1492/1492 
f 1493/1493/1493 1494/1494/1494 1495/1495/1495 
f 1496/1496/1496 1497/1497/1497 1498/1498/1498 
f 1499/1499/1499 1500/1500/1500 1501/1501/1501 
f 1502/1502/1502 1503/1503/1503 1504/1504/1504 
f 1505/1505/1505 1506/1506/1506 1507/1507/1507 
f 1508/1508/1508 1509/1509/1509 1510/1510/1510 
f 1516/1516/1516 1517/1517/1517 1518/1518/1518 
f 1519/1519/1519 1520/1520/1520 1521/1521/1521 
f 1522/1522/1522 1523/1523/1523 1524/1524/1524 
f 1525/1525/1525 1526/1526/1526 1527/1527/1527 
f 1530/1530/1530 1531/1531/1531 1532/1532/1532 
f 1533/1533/1533 1534/1534/1534 1535/1535/1535 
f 1536/1536/1536 1537/1537/1537 1538/1538/1538 
f 1539/1539/1539 1540/1540/1540 1541/1541/1541 
f 1543/1543/1543 1544/1544/1544 1545/1545/1545 
f 1546/1546/1546 1547/1547/1547 1548/1548/1548 
f 1549/1549/1549 1550/1550/1550 1551/1551/1551 
f 1552/1552/1552 1553/1553/1553 1554/1554/1554 
f 1564/1564/1564 1565/1565/1565 1566/1566/1566 
f 1565/1565/1565 1567/1567/1567 1568/1568/1568 
f 1567/1567/1567 1565/1565/1565 1569/1569/1569 
f 1564/1564/1564 1569/1569/1569 1565/1565/1565 
f 1569/1569/1569 1564/1564/1564 1570/1570/1570 
f 1570/1570/1570 1564/1564/1564 1571/1571/1571 
f 1573/1573/1573 1574/1574/1574 1575/1575/1575 
f 1573/1573/1573 1575/1575/1575 1576/1576/1576 
f 1577/1577/1577 1574/1574/1574 1573/1573/1573 
f 1577/1577/1577 1573/1573/1573 1578/1578/1578 
f 1574/1574/1574 1577/1577/1577 1579/1579/1579 
f 1579/1579/1579 1577/1577/1577 1580/1580/1580 

g Base3

v -37.3139 -53.5274 3.02692 
v -37.1428 -53.4332 3.05108 
v -37.1349 -53.5123 3.04644 
v -37.3214 -53.4492 3.0524 
v -37.1428 -53.4332 3.05108 
v -37.3214 -53.4492 3.0524 
v -37.1662 -53.1993 3.31238 
v -37.344 -53.2144 3.31284 
v -37.1662 -53.1993 4.65058 
v -37.3214 -53.4492 4.91055 
v -37.1428 -53.4332 4.91187 
v -37.344 -53.2144 4.65011 
v -37.344 -53.2144 4.65011 
v -37.1662 -53.1993 4.65058 
v -37.344 -53.2144 3.31284 
v -37.1662 -53.1993 3.31238 
v -37.1428 -53.4332 3.05108 
v -37.1662 -53.1993 4.65058 
v -37.1428 -53.4332 4.91187 
v -37.1662 -53.1993 3.31238 
v -37.1428 -53.4332 3.05108 
v -37.1349 -53.5123 4.91651 
v -37.1349 -53.5123 3.04644 
v -37.1428 -53.4332 4.91187 
v -37.1349 -53.5123 4.91651 
v -37.1289 -53.573 3.38198 
v -37.1349 -53.5123 3.04644 
v -37.1289 -53.573 4.58098 
v -37.3139 -53.5274 4.93603 
v -37.1349 -53.5123 4.91651 
v -37.1428 -53.4332 4.91187 
v -37.3214 -53.4492 4.91055 
v -37.3081 -53.5878 4.58319 
v -37.1349 -53.5123 4.91651 
v -37.3139 -53.5274 4.93603 
v -37.1289 -53.573 4.58098 
v -37.3081 -53.5878 3.37976 
v -37.1349 -53.5123 3.04644 
v -37.1289 -53.573 3.38198 
v -37.3139 -53.5274 3.02692 
v -37.1289 -53.573 4.58098 
v -37.3081 -53.5878 3.37976 
v -37.1289 -53.573 3.38198 
v -37.3081 -53.5878 4.58319 
v -37.3214 -53.4498 4.46885 
v -37.344 -53.2144 3.31284 
v -37.3214 -53.4498 3.4941 
v -37.344 -53.2144 4.65011 
v -37.3214 -53.4498 4.46885 
v -37.3081 -53.5878 4.58319 
v -37.3139 -53.5274 4.93603 
v -37.3081 -53.5878 3.37976 
v -37.3081 -53.5878 4.58319 
v -37.3214 -53.4498 3.4941 
v -37.3214 -53.4498 4.46885 
v -37.3214 -53.4498 3.4941 
v -37.3139 -53.5274 3.02692 
v -37.3081 -53.5878 3.37976 
v -37.3214 -53.4498 4.46885 
v -37.3139 -53.5274 4.93603 
v -37.3214 -53.4492 4.91055 
v -37.3214 -53.4498 4.46885 
v -37.3214 -53.4492 4.91055 
v -37.344 -53.2144 4.65011 
v -37.3214 -53.4498 3.4941 
v -37.3214 -53.4492 3.0524 
v -37.3139 -53.5274 3.02692 
v -37.344 -53.2144 3.31284 
v -37.3214 -53.4492 3.0524 
v -37.3214 -53.4498 3.4941 

vn 0.0314961 0.188976 -0.984252 
vn 0.0314961 0.188976 -0.984252 
vn 0.0314961 0.188976 -0.984252 
vn 0.0314961 0.188976 -0.984252 
vn -0.0708661 0.740157 -0.669291 
vn -0.0708661 0.740157 -0.669291 
vn -0.0708661 0.740157 -0.669291 
vn -0.0708661 0.740157 -0.669291 
vn -0.0708661 0.740157 0.669291 
vn -0.0708661 0.740157 0.669291 
vn -0.0708661 0.740157 0.669291 
vn -0.0708661 0.740157 0.669291 
vn -0.0866142 1 0 
vn -0.0866142 1 0 
vn -0.0866142 1 0 
vn -0.0866142 1 0 
vn 0.992126 0.102362 0 
vn 0.992126 0.102362 0 
vn 0.992126 0.102362 0 
vn 0.992126 0.102362 0 
vn 0.992126 0.102362 0 
vn 0.992126 0.102362 0 
vn 0.992126 0.102362 0 
vn 0.992126 0.102362 0 
vn 0.992126 0.102362 0 
vn 0.992126 0.102362 0 
vn 0.992126 0.102362 0 
vn 0.992126 0.102362 0 
vn 0.0314961 0.188976 0.984252 
vn 0.0314961 0.188976 0.984252 
vn 0.0314961 0.188976 0.984252 
vn 0.0314961 0.188976 0.984252 
vn 0.0944882 -0.984252 0.173228 
vn 0.0944882 -0.984252 0.173228 
vn 0.0944882 -0.984252 0.173228 
vn 0.0944882 -0.984252 0.173228 
vn 0.0944882 -0.984252 -0.173228 
vn 0.0944882 -0.984252 -0.173228 
vn 0.0944882 -0.984252 -0.173228 
vn 0.0944882 -0.984252 -0.173228 
vn 0.0787402 -1 0 
vn 0.0787402 -1 0 
vn 0.0787402 -1 0 
vn 0.0787402 -1 0 
vn -0.992126 -0.0944882 0 
vn -0.992126 -0.0944882 0 
vn -0.992126 -0.0944882 0 
vn -0.992126 -0.0944882 0 
vn -0.992126 -0.0944882 0 
vn -0.992126 -0.0944882 0 
vn -0.992126 -0.0944882 0 
vn -0.992126 -0.0944882 0 
vn -0.992126 -0.0944882 0 
vn -0.992126 -0.0944882 0 
vn -0.992126 -0.0944882 0 
vn -0.992126 -0.0944882 0 
vn -0.992126 -0.0944882 0 
vn -0.992126 -0.0944882 0 
vn -0.992126 -0.0944882 0 
vn -0.992126 -0.0944882 0 
vn -0.992126 -0.0944882 0 
vn -0.992126 -0.0944882 0 
vn -0.992126 -0.0944882 0 
vn -0.992126 -0.0944882 0 
vn -0.992126 -0.0944882 0 
vn -0.992126 -0.0944882 0 
vn -0.992126 -0.0944882 0 
vn -0.992126 -0.0944882 0 
vn -0.992126 -0.0944882 0 
vn -0.992126 -0.0944882 0 

vt 28.0097 -51.0167 
vt 27.9883 -51.005 
vt 27.9873 -51.0149 
vt 28.0106 -51.007 
vt 27.8837 -50.9883 
vt 27.8839 -51.0106 
vt 27.9164 -50.9912 
vt 27.9164 -51.0134 
vt 28.0836 -50.9912 
vt 28.1161 -51.0106 
vt 28.1163 -50.9883 
vt 28.0836 -51.0134 
vt 28.0836 -51.0134 
vt 28.0836 -50.9912 
vt 27.9164 -51.0134 
vt 27.9164 -50.9912 
vt 28.1163 -51.005 
vt 27.9164 -50.9757 
vt 27.8837 -51.005 
vt 28.0836 -50.9757 
vt 28.1163 -51.005 
vt 27.8831 -51.0149 
vt 28.1169 -51.0149 
vt 27.8837 -51.005 
vt 27.8831 -51.0149 
vt 28.0749 -51.0224 
vt 28.1169 -51.0149 
vt 27.9251 -51.0224 
vt 27.9903 -51.0167 
vt 28.0127 -51.0149 
vt 28.0117 -51.005 
vt 27.9894 -51.007 
vt 27.9248 -51.009 
vt 27.8831 -50.9873 
vt 27.8807 -51.0097 
vt 27.9251 -50.9866 
vt 28.0752 -51.009 
vt 28.1169 -50.9873 
vt 28.0749 -50.9866 
vt 28.1193 -51.0097 
vt 27.9251 -50.9866 
vt 28.0752 -51.009 
vt 28.0749 -50.9866 
vt 27.9248 -51.009 
vt 28.0609 -51.007 
vt 27.9164 -50.9776 
vt 27.9391 -51.007 
vt 28.0836 -50.9776 
vt 28.0609 -51.007 
vt 28.0752 -51.0243 
vt 28.1193 -51.0167 
vt 27.9248 -51.0243 
vt 28.0752 -51.0243 
vt 27.9391 -51.007 
vt 28.0609 -51.007 
vt 27.9391 -51.007 
vt 27.8807 -51.0167 
vt 27.9248 -51.0243 
vt 28.0609 -51.007 
vt 28.1193 -51.0167 
vt 28.1161 -51.007 
vt 28.0609 -51.007 
vt 28.1161 -51.007 
vt 28.0836 -50.9776 
vt 27.9391 -51.007 
vt 27.8839 -51.007 
vt 27.8807 -51.0167 
vt 27.9164 -50.9776 
vt 27.8839 -51.007 
vt 27.9391 -51.007 

usemtl Hinge1Mtl

f 1581/1581/1581 1582/1582/1582 1583/1583/1583 
f 1582/1582/1582 1581/1581/1581 1584/1584/1584 
f 1585/1585/1585 1586/1586/1586 1587/1587/1587 
f 1586/1586/1586 1588/1588/1588 1587/1587/1587 
f 1589/1589/1589 1590/1590/1590 1591/1591/1591 
f 1590/1590/1590 1589/1589/1589 1592/1592/1592 
f 1593/1593/1593 1594/1594/1594 1595/1595/1595 
f 1595/1595/1595 1594/1594/1594 1596/1596/1596 
f 1597/1597/1597 1598/1598/1598 1599/1599/1599 
f 1598/1598/1598 1597/1597/1597 1600/1600/1600 
f 1601/1601/1601 1602/1602/1602 1603/1603/1603 
f 1602/1602/1602 1601/1601/1601 1604/1604/1604 
f 1605/1605/1605 1606/1606/1606 1607/1607/1607 
f 1606/1606/1606 1605/1605/1605 1608/1608/1608 
f 1609/1609/1609 1610/1610/1610 1611/1611/1611 
f 1609/1609/1609 1611/1611/1611 1612/1612/1612 
f 1613/1613/1613 1614/1614/1614 1615/1615/1615 
f 1614/1614/1614 1613/1613/1613 1616/1616/1616 
f 1617/1617/1617 1618/1618/1618 1619/1619/1619 
f 1618/1618/1618 1617/1617/1617 1620/1620/1620 
f 1621/1621/1621 1622/1622/1622 1623/1623/1623 
f 1622/1622/1622 1621/1621/1621 1624/1624/1624 
f 1625/1625/1625 1626/1626/1626 1627/1627/1627 
f 1626/1626/1626 1625/1625/1625 1628/1628/1628 
f 1629/1629/1629 1630/1630/1630 1631/1631/1631 
f 1632/1632/1632 1633/1633/1633 1634/1634/1634 
f 1633/1633/1633 1635/1635/1635 1634/1634/1634 
f 1636/1636/1636 1637/1637/1637 1638/1638/1638 
f 1639/1639/1639 1640/1640/1640 1641/1641/1641 
f 1642/1642/1642 1643/1643/1643 1644/1644/1644 
f 1645/1645/1645 1646/1646/1646 1647/1647/1647 
f 1648/1648/1648 1649/1649/1649 1650/1650/1650 

g Support1

v -37.8789 -53.9416 3.80178 
v -38.7823 -60.5825 3.80374 
v -39.0808 -60.5721 3.80593 
v -37.8789 -53.9416 3.80178 
v -37.5635 -53.8815 3.80719 
v -38.7823 -60.5825 3.80374 
v -37.5635 -53.8815 4.15569 
v -37.8789 -53.9416 3.80178 
v -37.8789 -53.9416 4.16111 
v -37.5635 -53.8815 4.15569 
v -37.5635 -53.8815 3.80719 
v -37.8789 -53.9416 3.80178 
v -37.5635 -53.8815 3.80719 
v -38.7823 -60.5825 4.15915 
v -38.7823 -60.5825 3.80374 
v -37.5635 -53.8815 3.80719 
v -37.5635 -53.8815 4.15569 
v -38.7823 -60.5825 4.15915 
v -38.7823 -60.5825 4.15915 
v -37.8789 -53.9416 4.16111 
v -39.0808 -60.5721 4.15696 
v -38.7823 -60.5825 4.15915 
v -37.5635 -53.8815 4.15569 
v -37.8789 -53.9416 4.16111 
v -38.7823 -60.5825 4.15915 
v -39.0808 -60.5721 3.80593 
v -38.7823 -60.5825 3.80374 
v -38.7823 -60.5825 4.15915 
v -39.0808 -60.5721 4.15696 
v -39.0808 -60.5721 3.80593 
v -37.8789 -53.9416 4.16111 
v -39.0808 -60.5721 3.80593 
v -39.0808 -60.5721 4.15696 
v -37.8789 -53.9416 4.16111 
v -37.8789 -53.9416 3.80178 
v -39.0808 -60.5721 3.80593 

vn -0.00787402 0 -1 
vn -0.00787402 0 -1 
vn -0.00787402 0 -1 
vn 0.015748 0 -1 
vn 0.015748 0 -1 
vn 0.015748 0 -1 
vn -0.188976 0.984252 0 
vn -0.188976 0.984252 0 
vn -0.188976 0.984252 0 
vn -0.188976 0.984252 0 
vn -0.188976 0.984252 0 
vn -0.188976 0.984252 0 
vn 0.984252 -0.181102 0 
vn 0.984252 -0.181102 0 
vn 0.984252 -0.181102 0 
vn 0.984252 -0.181102 0 
vn 0.984252 -0.181102 0 
vn 0.984252 -0.181102 0 
vn -0.00787402 0 1 
vn -0.00787402 0 1 
vn -0.00787402 0 1 
vn 0.015748 0 1 
vn 0.015748 0 1 
vn 0.015748 0 1 
vn -0.0314961 -1 0 
vn -0.0314961 -1 0 
vn -0.0314961 -1 0 
vn -0.0314961 -1 0 
vn -0.0314961 -1 0 
vn -0.0314961 -1 0 
vn -0.984252 0.181102 0 
vn -0.984252 0.181102 0 
vn -0.984252 0.181102 0 
vn -0.984252 0.181102 0 
vn -0.984252 0.181102 0 
vn -0.984252 0.181102 0 

vt 45.9446 -32.5887 
vt 46.0575 -33.4188 
vt 46.0948 -33.4175 
vt 45.9446 -32.5887 
vt 45.9052 -32.5812 
vt 46.0575 -33.4188 
vt 46.0218 -32.9052 
vt 45.9775 -32.9446 
vt 46.0225 -32.9446 
vt 46.0218 -32.9052 
vt 45.9782 -32.9052 
vt 45.9775 -32.9446 
vt 46.0218 -32.5812 
vt 45.9778 -33.4188 
vt 46.0222 -33.4188 
vt 46.0218 -32.5812 
vt 45.9782 -32.5812 
vt 45.9778 -33.4188 
vt 45.9425 -33.4188 
vt 46.0554 -32.5887 
vt 45.9052 -33.4175 
vt 45.9425 -33.4188 
vt 46.0948 -32.5812 
vt 46.0554 -32.5887 
vt 45.9778 -33.0575 
vt 46.0219 -33.0948 
vt 46.0222 -33.0575 
vt 45.9778 -33.0575 
vt 45.9781 -33.0948 
vt 46.0219 -33.0948 
vt 46.0225 -32.5887 
vt 45.9781 -33.4175 
vt 46.0219 -33.4175 
vt 46.0225 -32.5887 
vt 45.9775 -32.5887 
vt 45.9781 -33.4175 

usemtl Support1Mtl

f 1651/1651/1651 1652/1652/1652 1653/1653/1653 
f 1654/1654/1654 1655/1655/1655 1656/1656/1656 
f 1657/1657/1657 1658/1658/1658 1659/1659/1659 
f 1660/1660/1660 1661/1661/1661 1662/1662/1662 
f 1663/1663/1663 1664/1664/1664 1665/1665/1665 
f 1666/1666/1666 1667/1667/1667 1668/1668/1668 
f 1669/1669/1669 1670/1670/1670 1671/1671/1671 
f 1672/1672/1672 1673/1673/1673 1674/1674/1674 
f 1675/1675/1675 1676/1676/1676 1677/1677/1677 
f 1678/1678/1678 1679/1679/1679 1680/1680/1680 
f 1681/1681/1681 1682/1682/1682 1683/1683/1683 
f 1684/1684/1684 1685/1685/1685 1686/1686/1686 

g Beam1

v -37.1882 -54.8376 2.85231 
v -37.4425 -54.8376 5.11637 
v -37.1882 -54.8376 5.11637 
v -37.4425 -54.8376 2.85231 
v -37.1882 -54.8376 2.85231 
v -37.1882 -55.2977 5.11637 
v -37.1882 -55.2977 2.85231 
v -37.1882 -54.8376 5.11637 
v -37.1882 -55.2977 5.11637 
v -37.4425 -55.2977 2.85231 
v -37.1882 -55.2977 2.85231 
v -37.4425 -55.2977 5.11637 
v -37.4425 -54.8376 5.11637 
v -37.4425 -55.2977 2.85231 
v -37.4425 -55.2977 5.11637 
v -37.4425 -54.8376 2.85231 

vn 0 1 0 
vn 0 1 0 
vn 0 1 0 
vn 0 1 0 
vn 1 0 0 
vn 1 0 0 
vn 1 0 0 
vn 1 0 0 
vn 0 -1 0 
vn 0 -1 0 
vn 0 -1 0 
vn 0 -1 0 
vn -1 0 0 
vn -1 0 0 
vn -1 0 0 
vn -1 0 0 

vt 47.8585 -34.9841 
vt 48.1415 -35.0159 
vt 48.1415 -34.9841 
vt 47.8585 -35.0159 
vt 48.1415 -34.9712 
vt 47.8585 -35.0288 
vt 48.1415 -35.0288 
vt 47.8585 -34.9712 
vt 47.8585 -34.9841 
vt 48.1415 -35.0159 
vt 48.1415 -34.9841 
vt 47.8585 -35.0159 
vt 48.1415 -34.9712 
vt 47.8585 -35.0288 
vt 48.1415 -35.0288 
vt 47.8585 -34.9712 

usemtl Support1Mtl

f 1687/1687/1687 1688/1688/1688 1689/1689/1689 
f 1687/1687/1687 1690/1690/1690 1688/1688/1688 
f 1691/1691/1691 1692/1692/1692 1693/1693/1693 
f 1691/1691/1691 1694/1694/1694 1692/1692/1692 
f 1695/1695/1695 1696/1696/1696 1697/1697/1697 
f 1695/1695/1695 1698/1698/1698 1696/1696/1696 
f 1699/1699/1699 1700/1700/1700 1701/1701/1701 
f 1699/1699/1699 1702/1702/1702 1700/1700/1700 

g Beam2

v -36.9249 -58.348 2.55284 
v -37.1792 -58.348 5.41011 
v -36.9249 -58.348 5.41011 
v -37.1792 -58.348 2.55284 
v -36.9249 -58.348 2.55284 
v -36.9249 -58.8081 5.41011 
v -36.9249 -58.8081 2.55284 
v -36.9249 -58.348 5.41011 
v -36.9249 -58.8081 5.41011 
v -37.1792 -58.8081 2.55284 
v -36.9249 -58.8081 2.55284 
v -37.1792 -58.8081 5.41011 
v -37.1792 -58.348 5.41011 
v -37.1792 -58.8081 2.55284 
v -37.1792 -58.8081 5.41011 
v -37.1792 -58.348 2.55284 

vn 0 1 0 
vn 0 1 0 
vn 0 1 0 
vn 0 1 0 
vn 1 0 0 
vn 1 0 0 
vn 1 0 0 
vn 1 0 0 
vn 0 -1 0 
vn 0 -1 0 
vn 0 -1 0 
vn 0 -1 0 
vn -1 0 0 
vn -1 0 0 
vn -1 0 0 
vn -1 0 0 

vt 25.8214 -30.9841 
vt 26.1786 -31.0159 
vt 26.1786 -30.9841 
vt 25.8214 -31.0159 
vt 26.1786 -30.9712 
vt 25.8214 -31.0288 
vt 26.1786 -31.0288 
vt 25.8214 -30.9712 
vt 25.8214 -30.9841 
vt 26.1786 -31.0159 
vt 26.1786 -30.9841 
vt 25.8214 -31.0159 
vt 26.1786 -30.9712 
vt 25.8214 -31.0288 
vt 26.1786 -31.0288 
vt 25.8214 -30.9712 

usemtl Support1Mtl

f 1703/1703/1703 1704/1704/1704 1705/1705/1705 
f 1703/1703/1703 1706/1706/1706 1704/1704/1704 
f 1707/1707/1707 1708/1708/1708 1709/1709/1709 
f 1707/1707/1707 1710/1710/1710 1708/1708/1708 
f 1711/1711/1711 1712/1712/1712 1713/1713/1713 
f 1711/1711/1711 1714/1714/1714 1712/1712/1712 
f 1715/1715/1715 1716/1716/1716 1717/1717/1717 
f 1715/1715/1715 1718/1718/1718 1716/1716/1716 

g Legs1

v -37.1058 -60.6173 2.08203 
v -37.6728 -53.8374 2.73788 
v -37.215 -53.7996 2.7378 
v -37.1058 -60.6173 2.08203 
v -37.215 -53.7996 2.7378 
v -36.6463 -60.6143 2.08241 
v -37.1036 -60.62 5.41963 
v -37.2041 -53.8904 4.77025 
v -36.6423 -60.6173 5.42103 
v -37.1036 -60.62 5.41963 
v -37.667 -53.9274 4.77056 
v -37.2041 -53.8904 4.77025 
v -37.667 -53.9274 4.77056 
v -37.6728 -53.8374 5.22507 
v -37.215 -53.7996 5.22516 
v -37.667 -53.9274 3.19239 
v -37.215 -53.7996 2.7378 
v -37.6728 -53.8374 2.73788 
v -37.667 -53.9274 4.77056 
v -37.215 -53.7996 5.22516 
v -37.2041 -53.8904 4.77025 
v -37.667 -53.9274 3.19239 
v -37.2041 -53.8904 3.1927 
v -37.215 -53.7996 2.7378 
v -36.6463 -60.6143 5.88054 
v -37.2041 -53.8904 4.77025 
v -37.215 -53.7996 5.22516 
v -36.6463 -60.6143 5.88054 
v -36.6423 -60.6173 5.42103 
v -37.2041 -53.8904 4.77025 
v -36.6463 -60.6143 2.08241 
v -37.215 -53.7996 2.7378 
v -37.2041 -53.8904 3.1927 
v -36.6463 -60.6143 2.08241 
v -37.2041 -53.8904 3.1927 
v -36.6423 -60.6173 2.54192 
v -37.1058 -60.6173 5.88092 
v -37.215 -53.7996 5.22516 
v -37.6728 -53.8374 5.22507 
v -37.1058 -60.6173 5.88092 
v -36.6463 -60.6143 5.88054 
v -37.215 -53.7996 5.22516 
v -37.1036 -60.62 2.54332 
v -36.6423 -60.6173 2.54192 
v -37.2041 -53.8904 3.1927 
v -37.1036 -60.62 2.54332 
v -37.2041 -53.8904 3.1927 
v -37.667 -53.9274 3.19239 
v -36.6463 -60.6143 5.88054 
v -37.1036 -60.62 5.41963 
v -36.6423 -60.6173 5.42103 
v -36.6463 -60.6143 5.88054 
v -37.1058 -60.6173 5.88092 
v -37.1036 -60.62 5.41963 
v -36.6463 -60.6143 2.08241 
v -36.6423 -60.6173 2.54192 
v -37.1036 -60.62 2.54332 
v -36.6463 -60.6143 2.08241 
v -37.1036 -60.62 2.54332 
v -37.1058 -60.6173 2.08203 
v -37.1058 -60.6173 5.88092 
v -37.6728 -53.8374 5.22507 
v -37.667 -53.9274 4.77056 
v -37.1058 -60.6173 2.08203 
v -37.667 -53.9274 3.19239 
v -37.6728 -53.8374 2.73788 
v -37.1058 -60.6173 5.88092 
v -37.667 -53.9274 4.77056 
v -37.1036 -60.62 5.41963 
v -37.1058 -60.6173 2.08203 
v -37.1036 -60.62 2.54332 
v -37.667 -53.9274 3.19239 

vn -0.00787402 0.0944882 -0.992126 
vn -0.00787402 0.0944882 -0.992126 
vn -0.00787402 0.0944882 -0.992126 
vn 0 0.0944882 -0.992126 
vn 0 0.0944882 -0.992126 
vn 0 0.0944882 -0.992126 
vn 0 -0.0944882 -0.992126 
vn 0 -0.0944882 -0.992126 
vn 0 -0.0944882 -0.992126 
vn 0.00787402 -0.0944882 -0.992126 
vn 0.00787402 -0.0944882 -0.992126 
vn 0.00787402 -0.0944882 -0.992126 
vn -0.0787402 0.976378 -0.19685 
vn -0.0787402 0.976378 -0.19685 
vn -0.0787402 0.976378 -0.19685 
vn -0.0787402 0.976378 0.19685 
vn -0.0787402 0.976378 0.19685 
vn -0.0787402 0.976378 0.19685 
vn -0.0787402 0.976378 -0.19685 
vn -0.0787402 0.976378 -0.19685 
vn -0.0787402 0.976378 -0.19685 
vn -0.0787402 0.976378 0.19685 
vn -0.0787402 0.976378 0.19685 
vn -0.0787402 0.976378 0.19685 
vn 1 0.0866142 0.00787402 
vn 1 0.0866142 0.00787402 
vn 1 0.0866142 0.00787402 
vn 1 0.0866142 0.00787402 
vn 1 0.0866142 0.00787402 
vn 1 0.0866142 0.00787402 
vn 1 0.0866142 -0.00787402 
vn 1 0.0866142 -0.00787402 
vn 1 0.0866142 -0.00787402 
vn 1 0.0866142 -0.00787402 
vn 1 0.0866142 -0.00787402 
vn 1 0.0866142 -0.00787402 
vn -0.00787402 0.0944882 0.992126 
vn -0.00787402 0.0944882 0.992126 
vn -0.00787402 0.0944882 0.992126 
vn 0 0.0944882 0.992126 
vn 0 0.0944882 0.992126 
vn 0 0.0944882 0.992126 
vn 0 -0.0944882 0.992126 
vn 0 -0.0944882 0.992126 
vn 0 -0.0944882 0.992126 
vn 0.00787402 -0.0944882 0.992126 
vn 0.00787402 -0.0944882 0.992126 
vn 0.00787402 -0.0944882 0.992126 
vn 0.00787402 -1 0.00787402 
vn 0.00787402 -1 0.00787402 
vn 0.00787402 -1 0.00787402 
vn 0.00787402 -1 0.00787402 
vn 0.00787402 -1 0.00787402 
vn 0.00787402 -1 0.00787402 
vn 0.00787402 -1 -0.00787402 
vn 0.00787402 -1 -0.00787402 
vn 0.00787402 -1 -0.00787402 
vn 0.00787402 -1 -0.00787402 
vn 0.00787402 -1 -0.00787402 
vn 0.00787402 -1 -0.00787402 
vn -1 -0.0866142 0 
vn -1 -0.0866142 0 
vn -1 -0.0866142 0 
vn -1 -0.0866142 0 
vn -1 -0.0866142 0 
vn -1 -0.0866142 0 
vn -1 -0.0866142 -0.00787402 
vn -1 -0.0866142 -0.00787402 
vn -1 -0.0866142 -0.00787402 
vn -1 -0.0866142 0.00787402 
vn -1 -0.0866142 0.00787402 
vn -1 -0.0866142 0.00787402 

vt -0.00646544 -3.42593 
vt 0.06441 -2.57845 
vt 0.00718146 -2.57373 
vt -0.00646544 -3.42593 
vt 0.00718146 -2.57373 
vt -0.0639106 -3.42556 
vt -0.00673976 -3.42627 
vt 0.00581631 -2.58507 
vt -0.06441 -3.42594 
vt -0.00673976 -3.42627 
vt 0.0636759 -2.5897 
vt 0.00581631 -2.58507 
vt 0.0986354 -3.06368 
vt 0.15545 -3.06441 
vt 0.15546 -3.00718 
vt -0.0986354 -3.06368 
vt -0.15546 -3.00718 
vt -0.15545 -3.06441 
vt 0.0986354 -3.06368 
vt 0.15546 -3.00718 
vt 0.0985968 -3.00582 
vt -0.0986354 -3.06368 
vt -0.0985968 -3.00582 
vt -0.15546 -3.00718 
vt -0.237384 -3.42556 
vt -0.0985968 -2.58507 
vt -0.15546 -2.57373 
vt -0.237384 -3.42556 
vt -0.179945 -3.42594 
vt -0.0985968 -2.58507 
vt 0.237384 -3.42556 
vt 0.15546 -2.57373 
vt 0.0985968 -2.58507 
vt 0.237384 -3.42556 
vt 0.0985968 -2.58507 
vt 0.179945 -3.42594 
vt 0.00646544 -3.42593 
vt -0.00718146 -2.57373 
vt -0.06441 -2.57845 
vt 0.00646544 -3.42593 
vt 0.0639106 -3.42556 
vt -0.00718146 -2.57373 
vt 0.00673976 -3.42627 
vt 0.06441 -3.42594 
vt -0.00581631 -2.58507 
vt 0.00673976 -3.42627 
vt -0.00581631 -2.58507 
vt -0.0636759 -2.5897 
vt -0.237384 -2.93609 
vt -0.179769 -2.99326 
vt -0.179945 -2.93559 
vt -0.237384 -2.93609 
vt -0.237431 -2.99353 
vt -0.179769 -2.99326 
vt 0.237384 -2.93609 
vt 0.179945 -2.93559 
vt 0.179769 -2.99326 
vt 0.237384 -2.93609 
vt 0.179769 -2.99326 
vt 0.237431 -2.99353 
vt 0.237431 -3.42593 
vt 0.15545 -2.57845 
vt 0.0986354 -2.5897 
vt -0.237431 -3.42593 
vt -0.0986354 -2.5897 
vt -0.15545 -2.57845 
vt 0.237431 -3.42593 
vt 0.0986354 -2.5897 
vt 0.179769 -3.42627 
vt -0.237431 -3.42593 
vt -0.179769 -3.42627 
vt -0.0986354 -2.5897 

usemtl Support1Mtl

f 1719/1719/1719 1720/1720/1720 1721/1721/1721 
f 1722/1722/1722 1723/1723/1723 1724/1724/1724 
f 1725/1725/1725 1726/1726/1726 1727/1727/1727 
f 1728/1728/1728 1729/1729/1729 1730/1730/1730 
f 1731/1731/1731 1732/1732/1732 1733/1733/1733 
f 1734/1734/1734 1735/1735/1735 1736/1736/1736 
f 1737/1737/1737 1738/1738/1738 1739/1739/1739 
f 1740/1740/1740 1741/1741/1741 1742/1742/1742 
f 1743/1743/1743 1744/1744/1744 1745/1745/1745 
f 1746/1746/1746 1747/1747/1747 1748/1748/1748 
f 1749/1749/1749 1750/1750/1750 1751/1751/1751 
f 1752/1752/1752 1753/1753/1753 1754/1754/1754 
f 1755/1755/1755 1756/1756/1756 1757/1757/1757 
f 1758/1758/1758 1759/1759/1759 1760/1760/1760 
f 1761/1761/1761 1762/1762/1762 1763/1763/1763 
f 1764/1764/1764 1765/1765/1765 1766/1766/1766 
f 1767/1767/1767 1768/1768/1768 1769/1769/1769 
f 1770/1770/1770 1771/1771/1771 1772/1772/1772 
f 1773/1773/1773 1774/1774/1774 1775/1775/1775 
f 1776/1776/1776 1777/1777/1777 1778/1778/1778 
f 1779/1779/1779 1780/1780/1780 1781/1781/1781 
f 1782/1782/1782 1783/1783/1783 1784/1784/1784 
f 1785/1785/1785 1786/1786/1786 1787/1787/1787 
f 1788/1788/1788 1789/1789/1789 1790/1790/1790 

g Spine1

v -37.1645 -58.3816 3.80969 
v -37.4151 -52.6521 3.81024 
v -36.9885 -58.377 3.81064 
v -37.1645 -58.3816 3.80969 
v -37.6101 -52.6704 3.81016 
v -37.4151 -52.6521 3.81024 
v -37.4151 -52.6521 3.81024 
v -37.6101 -52.6704 4.1528 
v -37.4151 -52.6521 4.15271 
v -37.4151 -52.6521 3.81024 
v -37.6101 -52.6704 3.81016 
v -37.6101 -52.6704 4.1528 
v -36.9885 -58.377 3.81064 
v -37.4151 -52.6521 4.15271 
v -36.9885 -58.377 4.15231 
v -36.9885 -58.377 3.81064 
v -37.4151 -52.6521 3.81024 
v -37.4151 -52.6521 4.15271 
v -37.4151 -52.6521 4.15271 
v -37.1645 -58.3816 4.15327 
v -36.9885 -58.377 4.15231 
v -37.4151 -52.6521 4.15271 
v -37.6101 -52.6704 4.1528 
v -37.1645 -58.3816 4.15327 
v -36.9885 -58.377 4.15231 
v -37.1645 -58.3816 3.80969 
v -36.9885 -58.377 3.81064 
v -36.9885 -58.377 4.15231 
v -37.1645 -58.3816 4.15327 
v -37.1645 -58.3816 3.80969 
v -37.6101 -52.6704 4.1528 
v -37.1645 -58.3816 3.80969 
v -37.1645 -58.3816 4.15327 
v -37.6101 -52.6704 4.1528 
v -37.6101 -52.6704 3.81016 
v -37.1645 -58.3816 3.80969 

vn 0.00787402 0 -1 
vn 0.00787402 0 -1 
vn 0.00787402 0 -1 
vn 0 0 -1 
vn 0 0 -1 
vn 0 0 -1 
vn -0.0944882 0.992126 0 
vn -0.0944882 0.992126 0 
vn -0.0944882 0.992126 0 
vn -0.0944882 0.992126 0 
vn -0.0944882 0.992126 0 
vn -0.0944882 0.992126 0 
vn 1 0.0708661 0 
vn 1 0.0708661 0 
vn 1 0.0708661 0 
vn 1 0.0708661 0 
vn 1 0.0708661 0 
vn 1 0.0708661 0 
vn 0.00787402 0 1 
vn 0.00787402 0 1 
vn 0.00787402 0 1 
vn 0 0 1 
vn 0 0 1 
vn 0 0 1 
vn 0.023622 -1 0 
vn 0.023622 -1 0 
vn 0.023622 -1 0 
vn 0.023622 -1 0 
vn 0.023622 -1 0 
vn 0.023622 -1 0 
vn -1 -0.0787402 0 
vn -1 -0.0787402 0 
vn -1 -0.0787402 0 
vn -1 -0.0787402 0 
vn -1 -0.0787402 0 
vn -1 -0.0787402 0 

vt 39.9832 -37.3581 
vt 40.0145 -36.6419 
vt 39.9612 -37.3575 
vt 39.9832 -37.3581 
vt 40.0388 -36.6442 
vt 40.0145 -36.6419 
vt 39.9786 -37.0145 
vt 40.0214 -37.0388 
vt 40.0214 -37.0145 
vt 39.9786 -37.0145 
vt 39.9786 -37.0388 
vt 40.0214 -37.0388 
vt 40.0214 -37.3575 
vt 39.9786 -36.6419 
vt 39.9786 -37.3575 
vt 40.0214 -37.3575 
vt 40.0214 -36.6419 
vt 39.9786 -36.6419 
vt 39.9855 -36.6419 
vt 40.0168 -37.3581 
vt 40.0388 -37.3575 
vt 39.9855 -36.6419 
vt 39.9612 -36.6442 
vt 40.0168 -37.3581 
vt 39.9786 -36.9612 
vt 40.0215 -36.9832 
vt 40.0214 -36.9612 
vt 39.9786 -36.9612 
vt 39.9785 -36.9832 
vt 40.0215 -36.9832 
vt 40.0214 -36.6442 
vt 39.9785 -37.3581 
vt 40.0215 -37.3581 
vt 40.0214 -36.6442 
vt 39.9786 -36.6442 
vt 39.9785 -37.3581 

usemtl Support1Mtl

f 1791/1791/1791 1792/1792/1792 1793/1793/1793 
f 1794/1794/1794 1795/1795/1795 1796/1796/1796 
f 1797/1797/1797 1798/1798/1798 1799/1799/1799 
f 1800/1800/1800 1801/1801/1801 1802/1802/1802 
f 1803/1803/1803 1804/1804/1804 1805/1805/1805 
f 1806/1806/1806 1807/1807/1807 1808/1808/1808 
f 1809/1809/1809 1810/1810/1810 1811/1811/1811 
f 1812/1812/1812 1813/1813/1813 1814/1814/1814 
f 1815/1815/1815 1816/1816/1816 1817/1817/1817 
f 1818/1818/1818 1819/1819/1819 1820/1820/1820 
f 1821/1821/1821 1822/1822/1822 1823/1823/1823 
f 1824/1824/1824 1825/1825/1825 1826/1826/1826 

