# This file is brought to you by Roblox Corporation
# Generated by Roblox Studio

mtllib GokartOBJ.mtl

g Cube0231

v 2.49406 0.885404 22.3093 1 1 1 1 
v 2.4936 0.849499 22.6665 1 1 1 1 
v 2.49407 0.863406 22.3011 1 1 1 1 
v 2.49355 0.873963 22.6681 1 1 1 1 
v 2.46376 0.834392 22.9744 1 1 1 1 
v 2.42508 0.946543 23.0584 1 1 1 1 
v 2.2888 1.06101 23.1908 1 1 1 1 
v 2.4257 0.851662 23.1406 1 1 1 1 
v 2.46371 0.858857 22.976 1 1 1 1 
v 2.42575 0.827197 23.139 1 1 1 1 
v 2.4936 0.849499 22.6665 1 1 1 1 
v 2.46376 0.834392 22.9744 1 1 1 1 
v 2.40941 0.777996 22.9453 1 1 1 1 
v 2.4936 0.849499 22.6665 1 1 1 1 
v 2.40941 0.777996 22.9453 1 1 1 1 
v 2.43597 0.791468 22.6709 1 1 1 1 
v 2.49407 0.863406 22.3011 1 1 1 1 
v 2.43637 0.811487 22.2821 1 1 1 1 
v 1.06468 1.40606 22.5113 1 1 1 1 
v 0.417178 0.955311 21.4364 1 1 1 1 
v 0.3349 1.77937 21.2852 1 1 1 1 
v 0.953392 0.890888 22.3202 1 1 1 1 
v 0.951289 0.818159 22.2931 1 1 1 1 
v 0.413374 0.873395 21.4318 1 1 1 1 
v -0.0766407 1.80189 21.2565 1 1 1 1 
v -0.278904 1.94628 21.2938 1 1 1 1 
v 2.1355 0.804689 23.4935 1 1 1 1 
v 2.25515 0.759108 23.3229 1 1 1 1 
v 2.13419 1.11036 23.2756 1 1 1 1 
v 2.2888 1.06101 23.1908 1 1 1 1 
v 2.30044 0.839364 23.3656 1 1 1 1 
v 2.4257 0.851662 23.1406 1 1 1 1 
v 2.30049 0.814898 23.364 1 1 1 1 
v 2.42575 0.827197 23.139 1 1 1 1 
v 2.46371 0.858857 22.976 1 1 1 1 
v 2.46376 0.834392 22.9744 1 1 1 1 
v 2.49355 0.873963 22.6681 1 1 1 1 
v 2.4936 0.849499 22.6665 1 1 1 1 
v 2.49406 0.885404 22.3093 1 1 1 1 
v 2.41487 1.17941 22.4193 1 1 1 1 
v 2.42108 1.06162 22.842 1 1 1 1 
v 2.28779 1.32067 22.4726 1 1 1 1 
v 2.42508 0.946543 23.0584 1 1 1 1 
v 2.28821 1.17746 22.975 1 1 1 1 
v 2.13302 1.38643 22.4979 1 1 1 1 
v -0.188207 1.85207 21.2687 1 1 1 1 
v -0.0214298 1.48938 22.56 1 1 1 1 
v -0.0254014 1.38189 23.1987 1 1 1 1 
v -0.112123 1.58359 22.5852 1 1 1 1 
v -0.278904 1.94628 21.2938 1 1 1 1 
v 2.49407 0.863406 22.3011 1 1 1 1 
v 2.42575 0.827197 23.139 1 1 1 1 
v -3.93168 0.827197 23.139 1 1 1 1 
v 1.06468 1.40606 22.5113 1 1 1 1 
v 0.3349 1.77937 21.2852 1 1 1 1 
v 0.953392 0.890888 22.3202 1 1 1 1 
v -2.57061 1.40606 22.5113 1 1 1 1 
v -1.84083 1.77937 21.2852 1 1 1 1 
v -1.1156 1.99722 21.3079 1 1 1 1 
v -1.22702 1.94628 21.2938 1 1 1 1 
v -2.50105 1.07056 23.5715 1 1 1 1 
v -3.64091 0.93258 23.4375 1 1 1 1 
v -2.50153 0.900738 23.7463 1 1 1 1 
v -3.64012 1.11036 23.2756 1 1 1 1 
v -2.50202 0.796544 23.8167 1 1 1 1 
v -3.64142 0.804689 23.4935 1 1 1 1 
v -1.68862 0.784989 23.9249 1 1 1 1 
v -1.68867 0.760523 23.9233 1 1 1 1 
v -1.11453 0.777729 24 1 1 1 1 
v -1.11455 0.753262 23.9984 1 1 1 1 
v -3.79414 1.17746 22.975 1 1 1 1 
v -3.92701 1.06162 22.842 1 1 1 1 
v -3.92079 1.17941 22.4193 1 1 1 1 
v -0.0766407 1.80189 21.2565 1 1 1 1 
v -0.278904 1.94628 21.2938 1 1 1 1 
v -0.390325 1.99722 21.3079 1 1 1 1 
v -1.42929 1.80189 21.2565 1 1 1 1 
v 2.1355 0.804689 23.4935 1 1 1 1 
v 0.179147 0.898713 23.8483 1 1 1 1 
v 0.995124 1.07056 23.5715 1 1 1 1 
v 0.165658 1.07559 23.6777 1 1 1 1 
v -0.392419 1.18945 23.604 1 1 1 1 
v 0.21414 1.17375 23.5116 1 1 1 1 
v -0.391344 0.898475 23.919 1 1 1 1 
v -0.391749 1.08178 23.7525 1 1 1 1 
v 0.996095 0.796544 23.8167 1 1 1 1 
v 0.995607 0.900738 23.7463 1 1 1 1 
v 2.13498 0.93258 23.4375 1 1 1 1 
v 2.13419 1.11036 23.2756 1 1 1 1 
v 2.41487 1.17941 22.4193 1 1 1 1 
v 2.42108 1.06162 22.842 1 1 1 1 
v 2.28821 1.17746 22.975 1 1 1 1 
v -2.50153 0.900738 23.7463 1 1 1 1 
v -1.68507 0.898713 23.8483 1 1 1 1 
v -2.50105 1.07056 23.5715 1 1 1 1 
v -1.67159 1.07559 23.6777 1 1 1 1 
v -1.11458 0.898475 23.919 1 1 1 1 
v -1.11418 1.08178 23.7525 1 1 1 1 
v -1.11351 1.18945 23.604 1 1 1 1 
v -1.72007 1.17375 23.5116 1 1 1 1 
v -1.52777 1.24869 23.4312 1 1 1 1 
v -1.57123 1.28922 23.2962 1 1 1 1 
v -1.72007 1.17375 23.5116 1 1 1 1 
v -1.11351 1.18945 23.604 1 1 1 1 
v -1.11343 1.26243 23.4949 1 1 1 1 
v -1.39664 1.36382 23.2937 1 1 1 1 
v -1.48053 1.38189 23.1987 1 1 1 1 
v -1.11434 1.36437 23.3406 1 1 1 1 
v 0.165658 1.07559 23.6777 1 1 1 1 
v -0.392419 1.18945 23.604 1 1 1 1 
v -0.391749 1.08178 23.7525 1 1 1 1 
v 0.0218452 1.24869 23.4312 1 1 1 1 
v -0.392499 1.26243 23.4949 1 1 1 1 
v 0.21414 1.17375 23.5116 1 1 1 1 
v -0.109288 1.36382 23.2937 1 1 1 1 
v -0.0254014 1.38189 23.1987 1 1 1 1 
v -0.15204 1.4255 23.1845 1 1 1 1 
v 0.065299 1.28922 23.2962 1 1 1 1 
v -0.391591 1.36437 23.3406 1 1 1 1 
v -0.391155 1.42393 23.2228 1 1 1 1 
v -0.392499 1.26243 23.4949 1 1 1 1 
v 0.0218452 1.24869 23.4312 1 1 1 1 
v -1.39664 1.36382 23.2937 1 1 1 1 
v -1.35389 1.4255 23.1845 1 1 1 1 
v -1.48053 1.38189 23.1987 1 1 1 1 
v -1.11434 1.36437 23.3406 1 1 1 1 
v -1.11477 1.42393 23.2228 1 1 1 1 
v -2.50128 1.18292 23.3505 1 1 1 1 
v -3.64012 1.11036 23.2756 1 1 1 1 
v -2.50105 1.07056 23.5715 1 1 1 1 
v -1.72007 1.17375 23.5116 1 1 1 1 
v -1.67159 1.07559 23.6777 1 1 1 1 
v -1.59584 1.44076 22.5461 1 1 1 1 
v -2.57061 1.40606 22.5113 1 1 1 1 
v -3.63963 1.22616 23.0596 1 1 1 1 
v -3.79472 1.06101 23.1908 1 1 1 1 
v -3.63895 1.38643 22.4979 1 1 1 1 
v -3.79414 1.17746 22.975 1 1 1 1 
v -3.79371 1.32067 22.4726 1 1 1 1 
v -1.57123 1.28922 23.2962 1 1 1 1 
v -1.4845 1.48938 22.56 1 1 1 1 
v -1.48053 1.38189 23.1987 1 1 1 1 
v -1.39381 1.58359 22.5852 1 1 1 1 
v -1.35389 1.4255 23.1845 1 1 1 1 
v -1.28218 1.63382 22.5979 1 1 1 1 
v -1.11493 1.6421 22.5982 1 1 1 1 
v -1.11477 1.42393 23.2228 1 1 1 1 
v 2.13419 1.11036 23.2756 1 1 1 1 
v 0.995351 1.18292 23.3505 1 1 1 1 
v 0.995124 1.07056 23.5715 1 1 1 1 
v 0.21414 1.17375 23.5116 1 1 1 1 
v 0.165658 1.07559 23.6777 1 1 1 1 
v 2.1337 1.22616 23.0596 1 1 1 1 
v 2.2888 1.06101 23.1908 1 1 1 1 
v 2.28821 1.17746 22.975 1 1 1 1 
v 2.13302 1.38643 22.4979 1 1 1 1 
v 2.28779 1.32067 22.4726 1 1 1 1 
v 1.06468 1.40606 22.5113 1 1 1 1 
v 0.0899134 1.44076 22.5461 1 1 1 1 
v 0.3349 1.77937 21.2852 1 1 1 1 
v -0.0766407 1.80189 21.2565 1 1 1 1 
v 0.065299 1.28922 23.2962 1 1 1 1 
v -0.188207 1.85207 21.2687 1 1 1 1 
v -0.0214298 1.48938 22.56 1 1 1 1 
v -0.0254014 1.38189 23.1987 1 1 1 1 
v -0.112123 1.58359 22.5852 1 1 1 1 
v -0.278904 1.94628 21.2938 1 1 1 1 
v -0.15204 1.4255 23.1845 1 1 1 1 
v -0.390325 1.99722 21.3079 1 1 1 1 
v -0.223744 1.63382 22.5979 1 1 1 1 
v -0.391001 1.6421 22.5982 1 1 1 1 
v -0.391155 1.42393 23.2228 1 1 1 1 
v -0.391179 1.99727 21.3079 1 1 1 1 
v -1.4845 1.48938 22.56 1 1 1 1 
v -1.31772 1.85207 21.2687 1 1 1 1 
v -1.59584 1.44076 22.5461 1 1 1 1 
v -1.42929 1.80189 21.2565 1 1 1 1 
v -1.84083 1.77937 21.2852 1 1 1 1 
v -2.57061 1.40606 22.5113 1 1 1 1 
v -1.57123 1.28922 23.2962 1 1 1 1 
v -1.72007 1.17375 23.5116 1 1 1 1 
v -1.39381 1.58359 22.5852 1 1 1 1 
v -1.1156 1.99722 21.3079 1 1 1 1 
v -1.22702 1.94628 21.2938 1 1 1 1 
v -1.28218 1.63382 22.5979 1 1 1 1 
v -1.11493 1.6421 22.5982 1 1 1 1 
v -1.11475 1.99727 21.3079 1 1 1 1 
v 2.42575 0.827197 23.139 1 1 1 1 
v -3.93168 0.827197 23.139 1 1 1 1 
v -3.76108 0.759108 23.3229 1 1 1 1 
v -2.50105 1.07056 23.5715 1 1 1 1 
v -3.64091 0.93258 23.4375 1 1 1 1 
v -2.50153 0.900738 23.7463 1 1 1 1 
v -3.64012 1.11036 23.2756 1 1 1 1 
v -3.79472 1.06101 23.1908 1 1 1 1 
v -3.64138 0.829155 23.4951 1 1 1 1 
v -2.50202 0.796544 23.8167 1 1 1 1 
v -3.80637 0.839364 23.3656 1 1 1 1 
v -3.80642 0.814898 23.364 1 1 1 1 
v -3.64142 0.804689 23.4935 1 1 1 1 
v -2.50202 0.796544 23.8167 1 1 1 1 
v -2.50207 0.772077 23.8151 1 1 1 1 
v -1.68862 0.784989 23.9249 1 1 1 1 
v -1.68867 0.760523 23.9233 1 1 1 1 
v -1.11453 0.777729 24 1 1 1 1 
v -1.11455 0.753262 23.9984 1 1 1 1 
v 0.182738 0.760523 23.9233 1 1 1 1 
v 0.176093 0.706708 23.8619 1 1 1 1 
v -0.391246 0.699579 23.9361 1 1 1 1 
v 0.996259 0.718129 23.7527 1 1 1 1 
v 2.1355 0.804689 23.4935 1 1 1 1 
v 2.25515 0.759108 23.3229 1 1 1 1 
v -1.68202 0.706708 23.8619 1 1 1 1 
v -1.11468 0.699579 23.9361 1 1 1 1 
v -2.50219 0.718129 23.7527 1 1 1 1 
v 0.179147 0.898713 23.8483 1 1 1 1 
v 0.995124 1.07056 23.5715 1 1 1 1 
v 0.165658 1.07559 23.6777 1 1 1 1 
v 0.21414 1.17375 23.5116 1 1 1 1 
v -0.391344 0.898475 23.919 1 1 1 1 
v -0.391749 1.08178 23.7525 1 1 1 1 
v 0.182689 0.784989 23.9249 1 1 1 1 
v -0.391399 0.777729 24 1 1 1 1 
v 0.996095 0.796544 23.8167 1 1 1 1 
v 0.995607 0.900738 23.7463 1 1 1 1 
v 2.13545 0.829155 23.4951 1 1 1 1 
v 2.13498 0.93258 23.4375 1 1 1 1 
v 2.13419 1.11036 23.2756 1 1 1 1 
v 2.2888 1.06101 23.1908 1 1 1 1 
v 2.30044 0.839364 23.3656 1 1 1 1 
v 2.30049 0.814898 23.364 1 1 1 1 
v 2.1355 0.804689 23.4935 1 1 1 1 
v 0.996095 0.796544 23.8167 1 1 1 1 
v 0.996144 0.772077 23.8151 1 1 1 1 
v 0.182689 0.784989 23.9249 1 1 1 1 
v 0.182738 0.760523 23.9233 1 1 1 1 
v -0.391399 0.777729 24 1 1 1 1 
v -0.391376 0.753262 23.9984 1 1 1 1 
v -2.50153 0.900738 23.7463 1 1 1 1 
v -1.68507 0.898713 23.8483 1 1 1 1 
v -2.50105 1.07056 23.5715 1 1 1 1 
v -2.50202 0.796544 23.8167 1 1 1 1 
v -1.68862 0.784989 23.9249 1 1 1 1 
v -1.67159 1.07559 23.6777 1 1 1 1 
v -1.11458 0.898475 23.919 1 1 1 1 
v -1.11453 0.777729 24 1 1 1 1 
v -1.11418 1.08178 23.7525 1 1 1 1 
v -3.93163 0.851662 23.1406 1 1 1 1 
v -3.80637 0.839364 23.3656 1 1 1 1 
v -3.79472 1.06101 23.1908 1 1 1 1 
v -3.80642 0.814898 23.364 1 1 1 1 
v -3.93168 0.827197 23.139 1 1 1 1 
v -3.96968 0.834392 22.9744 1 1 1 1 
v -3.99953 0.849499 22.6665 1 1 1 1 
v -3.91534 0.777996 22.9453 1 1 1 1 
v -3.9419 0.791468 22.6709 1 1 1 1 
v -4 0.863406 22.3011 1 1 1 1 
v -3.94229 0.811487 22.2821 1 1 1 1 
v -3.76108 0.759108 23.3229 1 1 1 1 
v -2.57061 1.40606 22.5113 1 1 1 1 
v -1.84083 1.77937 21.2852 1 1 1 1 
v -1.92311 0.955311 21.4364 1 1 1 1 
v -2.45932 0.890888 22.3202 1 1 1 1 
v -1.9193 0.873395 21.4318 1 1 1 1 
v -2.45722 0.818159 22.2931 1 1 1 1 
v -1.92311 0.955311 21.4364 1 1 1 1 
v -2.45932 0.890888 22.3202 1 1 1 1 
v -2.50105 1.07056 23.5715 1 1 1 1 
v -3.64012 1.11036 23.2756 1 1 1 1 
v -3.79472 1.06101 23.1908 1 1 1 1 
v -3.64142 0.804689 23.4935 1 1 1 1 
v -3.93101 0.946543 23.0584 1 1 1 1 
v -3.93163 0.851662 23.1406 1 1 1 1 
v -3.79414 1.17746 22.975 1 1 1 1 
v -3.96964 0.858857 22.976 1 1 1 1 
v -3.93168 0.827197 23.139 1 1 1 1 
v -3.96968 0.834392 22.9744 1 1 1 1 
v -3.92701 1.06162 22.842 1 1 1 1 
v -3.79371 1.32067 22.4726 1 1 1 1 
v -3.92079 1.17941 22.4193 1 1 1 1 
v -3.99948 0.873963 22.6681 1 1 1 1 
v -3.99953 0.849499 22.6665 1 1 1 1 
v -3.99999 0.885404 22.3093 1 1 1 1 
v -4 0.863406 22.3011 1 1 1 1 
v -1.42929 1.80189 21.2565 1 1 1 1 
v -3.63895 1.38643 22.4979 1 1 1 1 
v -1.4845 1.48938 22.56 1 1 1 1 
v -1.39381 1.58359 22.5852 1 1 1 1 
v -1.31772 1.85207 21.2687 1 1 1 1 
v -1.22702 1.94628 21.2938 1 1 1 1 
v -1.4845 1.48938 22.56 1 1 1 1 
v -1.48053 1.38189 23.1987 1 1 1 1 
v -1.39381 1.58359 22.5852 1 1 1 1 
v 2.49407 0.863406 22.3011 1 1 1 1 
v 2.42575 0.827197 23.139 1 1 1 1 
v -3.93168 0.827197 23.139 1 1 1 1 
v 2.46376 0.834392 22.9744 1 1 1 1 
v 2.40941 0.777996 22.9453 1 1 1 1 
v 2.36987 0.768354 23.1169 1 1 1 1 
v 2.42575 0.827197 23.139 1 1 1 1 
v 2.43597 0.791468 22.6709 1 1 1 1 
v 2.49407 0.863406 22.3011 1 1 1 1 
v 2.43637 0.811487 22.2821 1 1 1 1 
v -3.96968 0.834392 22.9744 1 1 1 1 
v -3.91534 0.777996 22.9453 1 1 1 1 
v -3.8758 0.768354 23.1169 1 1 1 1 
v -3.93168 0.827197 23.139 1 1 1 1 
v -3.9419 0.791468 22.6709 1 1 1 1 
v -4 0.863406 22.3011 1 1 1 1 
v -3.94229 0.811487 22.2821 1 1 1 1 
v -3.93168 0.827197 23.139 1 1 1 1 
v -3.76108 0.759108 23.3229 1 1 1 1 
v -3.80642 0.814898 23.364 1 1 1 1 
v -3.8758 0.768354 23.1169 1 1 1 1 
v 0.953392 0.890888 22.3202 1 1 1 1 
v 0.951289 0.818159 22.2931 1 1 1 1 
v 0.413374 0.873395 21.4318 1 1 1 1 
v -2.57061 1.40606 22.5113 1 1 1 1 
v -1.9193 0.873395 21.4318 1 1 1 1 
v -2.45722 0.818159 22.2931 1 1 1 1 
v -2.50105 1.07056 23.5715 1 1 1 1 
v -2.50202 0.796544 23.8167 1 1 1 1 
v -3.64142 0.804689 23.4935 1 1 1 1 
v -1.68862 0.784989 23.9249 1 1 1 1 
v -1.68867 0.760523 23.9233 1 1 1 1 
v -1.11453 0.777729 24 1 1 1 1 
v -1.11455 0.753262 23.9984 1 1 1 1 
v -3.92701 1.06162 22.842 1 1 1 1 
v -0.391071 0.876533 21.4567 1 1 1 1 
v -1.11486 0.876533 21.4567 1 1 1 1 
v 0.996144 0.772077 23.8151 1 1 1 1 
v 0.182738 0.760523 23.9233 1 1 1 1 
v 0.176093 0.706708 23.8619 1 1 1 1 
v -0.391246 0.699579 23.9361 1 1 1 1 
v -0.391376 0.753262 23.9984 1 1 1 1 
v 0.996259 0.718129 23.7527 1 1 1 1 
v 2.1355 0.804689 23.4935 1 1 1 1 
v 2.1071 0.750139 23.4391 1 1 1 1 
v 2.30049 0.814898 23.364 1 1 1 1 
v 2.25515 0.759108 23.3229 1 1 1 1 
v 2.42575 0.827197 23.139 1 1 1 1 
v 2.36987 0.768354 23.1169 1 1 1 1 
v -1.68867 0.760523 23.9233 1 1 1 1 
v -2.50207 0.772077 23.8151 1 1 1 1 
v -1.68202 0.706708 23.8619 1 1 1 1 
v -1.11468 0.699579 23.9361 1 1 1 1 
v -1.11455 0.753262 23.9984 1 1 1 1 
v -2.50219 0.718129 23.7527 1 1 1 1 
v -3.64142 0.804689 23.4935 1 1 1 1 
v -3.61303 0.750139 23.4391 1 1 1 1 
v -3.80642 0.814898 23.364 1 1 1 1 
v -3.76108 0.759108 23.3229 1 1 1 1 
v 0.179147 0.898713 23.8483 1 1 1 1 
v 0.996095 0.796544 23.8167 1 1 1 1 
v 2.13419 1.11036 23.2756 1 1 1 1 
v 2.42108 1.06162 22.842 1 1 1 1 
v -1.57123 1.28922 23.2962 1 1 1 1 
v -0.15204 1.4255 23.1845 1 1 1 1 
v -1.35389 1.4255 23.1845 1 1 1 1 
v -1.49939 0.809482 22.3017 1 1 1 1 
v -1.9193 0.873395 21.4318 1 1 1 1 
v -1.39956 0.8758 21.4492 1 1 1 1 
v -2.45722 0.818159 22.2931 1 1 1 1 
v -1.1148 0.809633 22.294 1 1 1 1 
v -1.11486 0.876533 21.4567 1 1 1 1 
v 0.413374 0.873395 21.4318 1 1 1 1 
v -0.00654066 0.809482 22.3017 1 1 1 1 
v -0.106363 0.8758 21.4492 1 1 1 1 
v -0.391123 0.809633 22.294 1 1 1 1 
v -0.391071 0.876533 21.4567 1 1 1 1 
v -0.391246 0.699579 23.9361 1 1 1 1 
v 0.176093 0.706708 23.8619 1 1 1 1 
v 0.951289 0.818159 22.2931 1 1 1 1 
v 0.996259 0.718129 23.7527 1 1 1 1 
v 2.1071 0.750139 23.4391 1 1 1 1 
v 2.25515 0.759108 23.3229 1 1 1 1 
v 2.40941 0.777996 22.9453 1 1 1 1 
v 2.36987 0.768354 23.1169 1 1 1 1 
v 2.43597 0.791468 22.6709 1 1 1 1 
v 2.43637 0.811487 22.2821 1 1 1 1 
v -2.45722 0.818159 22.2931 1 1 1 1 
v -1.68202 0.706708 23.8619 1 1 1 1 
v -2.50219 0.718129 23.7527 1 1 1 1 
v -3.61303 0.750139 23.4391 1 1 1 1 
v -3.76108 0.759108 23.3229 1 1 1 1 
v -1.49939 0.809482 22.3017 1 1 1 1 
v -1.11468 0.699579 23.9361 1 1 1 1 
v -1.1148 0.809633 22.294 1 1 1 1 
v -3.91534 0.777996 22.9453 1 1 1 1 
v -3.8758 0.768354 23.1169 1 1 1 1 
v -3.9419 0.791468 22.6709 1 1 1 1 
v -3.94229 0.811487 22.2821 1 1 1 1 
v 2.49407 0.863406 22.3011 1 1 1 1 
v 2.49355 0.873963 22.6681 1 1 1 1 
v 2.43597 0.791468 22.6709 1 1 1 1 
v 2.43637 0.811487 22.2821 1 1 1 1 
v -3.9419 0.791468 22.6709 1 1 1 1 
v -4 0.863406 22.3011 1 1 1 1 
v -3.94229 0.811487 22.2821 1 1 1 1 
v 1.06468 1.40606 22.5113 1 1 1 1 
v 0.3349 1.77937 21.2852 1 1 1 1 
v 0.953392 0.890888 22.3202 1 1 1 1 
v 0.951289 0.818159 22.2931 1 1 1 1 
v 0.413374 0.873395 21.4318 1 1 1 1 
v -2.57061 1.40606 22.5113 1 1 1 1 
v -1.84083 1.77937 21.2852 1 1 1 1 
v -2.45932 0.890888 22.3202 1 1 1 1 
v -1.9193 0.873395 21.4318 1 1 1 1 
v -2.45722 0.818159 22.2931 1 1 1 1 
v -1.11486 1.81509 21.2589 1 1 1 1 
v -1.1156 1.99722 21.3079 1 1 1 1 
v -1.11475 1.99727 21.3079 1 1 1 1 
v -1.22702 1.94628 21.2938 1 1 1 1 
v -1.29692 1.80787 21.2569 1 1 1 1 
v -1.31772 1.85207 21.2687 1 1 1 1 
v -3.92079 1.17941 22.4193 1 1 1 1 
v -3.99948 0.873963 22.6681 1 1 1 1 
v -0.106527 0.957886 21.4545 1 1 1 1 
v 0.417178 0.955311 21.4364 1 1 1 1 
v 0.413374 0.873395 21.4318 1 1 1 1 
v 0.3349 1.77937 21.2852 1 1 1 1 
v -0.106363 0.8758 21.4492 1 1 1 1 
v -0.39107 0.958619 21.4619 1 1 1 1 
v -0.391071 0.876533 21.4567 1 1 1 1 
v -0.140374 1.74113 21.2712 1 1 1 1 
v -0.0766407 1.80189 21.2565 1 1 1 1 
v -0.188207 1.85207 21.2687 1 1 1 1 
v -0.391068 1.81509 21.2589 1 1 1 1 
v -0.209009 1.80787 21.2569 1 1 1 1 
v -0.278904 1.94628 21.2938 1 1 1 1 
v -0.390325 1.99722 21.3079 1 1 1 1 
v -0.391179 1.99727 21.3079 1 1 1 1 
v -1.36555 1.74113 21.2712 1 1 1 1 
v -1.42929 1.80189 21.2565 1 1 1 1 
v -1.31772 1.85207 21.2687 1 1 1 1 
v -1.29692 1.80787 21.2569 1 1 1 1 
v -1.11486 1.81509 21.2589 1 1 1 1 
v -1.84083 1.77937 21.2852 1 1 1 1 
v -1.11486 0.958619 21.4619 1 1 1 1 
v -1.3994 0.957886 21.4545 1 1 1 1 
v -1.92311 0.955311 21.4364 1 1 1 1 
v -1.11486 0.876533 21.4567 1 1 1 1 
v -1.39956 0.8758 21.4492 1 1 1 1 
v -1.39956 0.8758 21.4492 1 1 1 1 
v -1.9193 0.873395 21.4318 1 1 1 1 
v -1.3994 0.957886 21.4545 1 1 1 1 
v -1.92311 0.955311 21.4364 1 1 1 1 
v -1.11486 0.958619 21.4619 1 1 1 1 
v 2.41487 1.17941 22.4193 1 1 1 1 
v 2.42108 1.06162 22.842 1 1 1 1 
v -3.63895 1.38643 22.4979 1 1 1 1 
v 2.13302 1.38643 22.4979 1 1 1 1 
v 2.13302 1.38643 22.4979 1 1 1 1 
v 0.953392 0.890888 22.3202 1 1 1 1 
v 1.06468 1.40606 22.5113 1 1 1 1 
v 2.28779 1.32067 22.4726 1 1 1 1 
v 2.49406 0.885404 22.3093 1 1 1 1 
v 2.41487 1.17941 22.4193 1 1 1 1 
v 2.43637 0.811487 22.2821 1 1 1 1 
v 0.951289 0.818159 22.2931 1 1 1 1 
v 2.49407 0.863406 22.3011 1 1 1 1 
v -2.45932 0.890888 22.3202 1 1 1 1 
v -3.79371 1.32067 22.4726 1 1 1 1 
v -3.63895 1.38643 22.4979 1 1 1 1 
v -2.57061 1.40606 22.5113 1 1 1 1 
v -3.99999 0.885404 22.3093 1 1 1 1 
v -3.92079 1.17941 22.4193 1 1 1 1 
v -3.94229 0.811487 22.2821 1 1 1 1 
v -4 0.863406 22.3011 1 1 1 1 
v -2.45722 0.818159 22.2931 1 1 1 1 

vn 0.992126 0.110236 0.015748 
vn 1 0 0.0472441 
vn 1 0 0 
vn 0.992126 0.141732 0.0551181 
vn 0.984252 -0.00787402 0.15748 
vn 0.874016 0.385827 0.291339 
vn 0.645669 0.598425 0.464567 
vn 0.905512 0.165354 0.385827 
vn 0.976378 0.125984 0.15748 
vn 0.937008 -0.023622 0.354331 
vn 0.700787 -0.716535 0 
vn 0.700787 -0.708661 0.0866142 
vn 0.700787 -0.708661 0.0708661 
vn 0.700787 -0.716535 0 
vn 0.700787 -0.708661 0.0708661 
vn 0.700787 -0.708661 0 
vn 0.692913 -0.724409 -0.0314961 
vn 0.692913 -0.724409 -0.0314961 
vn 0.858268 0 -0.511811 
vn 0.858268 0.0314961 -0.519685 
vn 0.858268 0 -0.511811 
vn 0.858268 0.0314961 -0.519685 
vn 0.850394 0.0708661 -0.519685 
vn 0.850394 0.0708661 -0.519685 
vn 0 -0.141732 -0.992126 
vn 0 0.259843 -0.968504 
vn 0.330709 -0.748031 0.574803 
vn 0.535433 -0.732283 0.417323 
vn 0.322835 0.755906 0.574803 
vn 0.645669 0.598425 0.464567 
vn 0.724409 0.220472 0.645669 
vn 0.905512 0.165354 0.385827 
vn 0.76378 -0.0393701 0.645669 
vn 0.937008 -0.023622 0.354331 
vn 0.976378 0.125984 0.15748 
vn 0.984252 -0.00787402 0.15748 
vn 0.992126 0.141732 0.0551181 
vn 1 0 0.0472441 
vn 0.992126 0.110236 0.015748 
vn 0.88189 0.456693 0.102362 
vn 0.874016 0.464567 0.15748 
vn 0.598425 0.771654 0.212598 
vn 0.874016 0.385827 0.291339 
vn 0.606299 0.740157 0.291339 
vn 0.228346 0.937008 0.259843 
vn 0.598425 0.787402 0.141732 
vn 0.566929 0.80315 0.15748 
vn 0.488189 0.834646 0.267717 
vn 0.559055 0.811024 0.173228 
vn 0.574803 0.80315 0.149606 
vn 1 0 0 
vn 0.937008 -0.023622 0.354331 
vn -0.937008 -0.023622 0.354331 
vn 0.858268 0 -0.511811 
vn 0.858268 0 -0.511811 
vn 0.858268 0.0314961 -0.519685 
vn -0.858268 0 -0.511811 
vn -0.858268 0 -0.511811 
vn 0 0.259843 -0.968504 
vn 0 0.259843 -0.968504 
vn -0.110236 0.787402 0.598425 
vn -0.370079 0.559055 0.740157 
vn -0.141732 0.614173 0.771654 
vn -0.322835 0.755906 0.574803 
vn -0.15748 0.535433 0.826772 
vn -0.456693 -0.0551181 0.889764 
vn -0.133858 -0.0629921 0.992126 
vn -0.133858 -0.0629921 0.992126 
vn -0.133858 -0.0629921 0.992126 
vn -0.133858 -0.0629921 0.992126 
vn -0.606299 0.740157 0.291339 
vn -0.874016 0.464567 0.15748 
vn -0.88189 0.456693 0.102362 
vn 0 -0.141732 -0.992126 
vn 0 0.259843 -0.968504 
vn 0 0.259843 -0.968504 
vn 0 -0.141732 -0.992126 
vn 0.330709 -0.748031 0.574803 
vn 0.0944882 0.629921 0.771654 
vn 0.110236 0.787402 0.598425 
vn 0.0944882 0.771654 0.622047 
vn 0.102362 0.826772 0.551181 
vn 0.110236 0.897638 0.425197 
vn 0.102362 0.614173 0.779528 
vn 0.0944882 0.755906 0.645669 
vn 0.15748 0.535433 0.826772 
vn 0.141732 0.614173 0.771654 
vn 0.370079 0.559055 0.740157 
vn 0.322835 0.755906 0.574803 
vn 0.88189 0.456693 0.102362 
vn 0.874016 0.464567 0.15748 
vn 0.606299 0.740157 0.291339 
vn -0.141732 0.614173 0.771654 
vn -0.0944882 0.629921 0.771654 
vn -0.110236 0.787402 0.598425 
vn -0.0944882 0.771654 0.622047 
vn -0.102362 0.614173 0.779528 
vn -0.0944882 0.755906 0.645669 
vn -0.102362 0.826772 0.551181 
vn -0.110236 0.897638 0.425197 
vn -0.181102 0.866142 0.472441 
vn -0.401575 0.874016 0.283465 
vn -0.110236 0.897638 0.425197 
vn -0.102362 0.826772 0.551181 
vn -0.110236 0.826772 0.551181 
vn -0.19685 0.858268 0.472441 
vn -0.488189 0.834646 0.267717 
vn -0.0944882 0.850394 0.519685 
vn 0.0944882 0.771654 0.622047 
vn 0.102362 0.826772 0.551181 
vn 0.0944882 0.755906 0.645669 
vn 0.181102 0.866142 0.472441 
vn 0.110236 0.826772 0.551181 
vn 0.110236 0.897638 0.425197 
vn 0.19685 0.858268 0.472441 
vn 0.488189 0.834646 0.267717 
vn 0.181102 0.913386 0.362205 
vn 0.401575 0.874016 0.283465 
vn 0.0944882 0.850394 0.519685 
vn 0.0629921 0.913386 0.401575 
vn 0.110236 0.826772 0.551181 
vn 0.181102 0.866142 0.472441 
vn -0.19685 0.858268 0.472441 
vn -0.181102 0.913386 0.362205 
vn -0.488189 0.834646 0.267717 
vn -0.0944882 0.850394 0.519685 
vn -0.0629921 0.913386 0.401575 
vn -0.0629921 0.929134 0.370079 
vn -0.322835 0.755906 0.574803 
vn -0.110236 0.787402 0.598425 
vn -0.110236 0.897638 0.425197 
vn -0.0944882 0.771654 0.622047 
vn -0.228346 0.944882 0.23622 
vn -0.0393701 0.96063 0.259843 
vn -0.251969 0.897638 0.362205 
vn -0.645669 0.598425 0.464567 
vn -0.228346 0.937008 0.259843 
vn -0.606299 0.740157 0.291339 
vn -0.598425 0.771654 0.212598 
vn -0.401575 0.874016 0.283465 
vn -0.566929 0.80315 0.15748 
vn -0.488189 0.834646 0.267717 
vn -0.559055 0.811024 0.173228 
vn -0.181102 0.913386 0.362205 
vn -0.220472 0.937008 0.267717 
vn -0.0472441 0.952756 0.299213 
vn -0.0629921 0.913386 0.401575 
vn 0.322835 0.755906 0.574803 
vn 0.0629921 0.929134 0.370079 
vn 0.110236 0.787402 0.598425 
vn 0.110236 0.897638 0.425197 
vn 0.0944882 0.771654 0.622047 
vn 0.251969 0.897638 0.362205 
vn 0.645669 0.598425 0.464567 
vn 0.606299 0.740157 0.291339 
vn 0.228346 0.937008 0.259843 
vn 0.598425 0.771654 0.212598 
vn 0.0393701 0.96063 0.259843 
vn 0.228346 0.944882 0.23622 
vn 0.0393701 0.96063 0.267717 
vn 0.251969 0.937008 0.228346 
vn 0.401575 0.874016 0.283465 
vn 0.598425 0.787402 0.141732 
vn 0.566929 0.80315 0.15748 
vn 0.488189 0.834646 0.267717 
vn 0.559055 0.811024 0.173228 
vn 0.574803 0.80315 0.149606 
vn 0.181102 0.913386 0.362205 
vn 0.228346 0.944882 0.23622 
vn 0.220472 0.937008 0.267717 
vn 0.0472441 0.952756 0.299213 
vn 0.0629921 0.913386 0.401575 
vn 0.0472441 0.96063 0.267717 
vn -0.566929 0.80315 0.15748 
vn -0.598425 0.787402 0.141732 
vn -0.228346 0.944882 0.23622 
vn -0.251969 0.937008 0.228346 
vn -0.0393701 0.96063 0.267717 
vn -0.0393701 0.96063 0.259843 
vn -0.401575 0.874016 0.283465 
vn -0.110236 0.897638 0.425197 
vn -0.559055 0.811024 0.173228 
vn -0.228346 0.944882 0.23622 
vn -0.574803 0.80315 0.149606 
vn -0.220472 0.937008 0.267717 
vn -0.0472441 0.952756 0.299213 
vn -0.0472441 0.96063 0.267717 
vn 0.937008 -0.023622 0.354331 
vn -0.937008 -0.023622 0.354331 
vn -0.535433 -0.732283 0.417323 
vn -0.110236 0.787402 0.598425 
vn -0.370079 0.559055 0.740157 
vn -0.141732 0.614173 0.771654 
vn -0.322835 0.755906 0.574803 
vn -0.645669 0.598425 0.464567 
vn -0.425197 0.212598 0.88189 
vn -0.15748 0.535433 0.826772 
vn -0.724409 0.220472 0.645669 
vn -0.76378 -0.0393701 0.645669 
vn -0.456693 -0.0551181 0.889764 
vn -0.204724 -0.0629921 0.976378 
vn -0.204724 -0.0629921 0.976378 
vn -0.133858 -0.0629921 0.992126 
vn -0.133858 -0.0629921 0.992126 
vn -0.133858 -0.0629921 0.992126 
vn -0.133858 -0.0629921 0.992126 
vn 0.0944882 -0.755906 0.653543 
vn 0.0944882 -0.755906 0.653543 
vn 0.0944882 -0.755906 0.653543 
vn 0.15748 -0.748031 0.645669 
vn 0.330709 -0.748031 0.574803 
vn 0.535433 -0.732283 0.417323 
vn -0.0944882 -0.755906 0.653543 
vn -0.0944882 -0.755906 0.653543 
vn -0.15748 -0.748031 0.645669 
vn 0.0944882 0.629921 0.771654 
vn 0.110236 0.787402 0.598425 
vn 0.0944882 0.771654 0.622047 
vn 0.110236 0.897638 0.425197 
vn 0.102362 0.614173 0.779528 
vn 0.0944882 0.755906 0.645669 
vn 0.102362 0.559055 0.826772 
vn 0.102362 0.559055 0.826772 
vn 0.15748 0.535433 0.826772 
vn 0.141732 0.614173 0.771654 
vn 0.425197 0.212598 0.88189 
vn 0.370079 0.559055 0.740157 
vn 0.322835 0.755906 0.574803 
vn 0.645669 0.598425 0.464567 
vn 0.724409 0.220472 0.645669 
vn 0.76378 -0.0393701 0.645669 
vn 0.456693 -0.0551181 0.889764 
vn 0.204724 -0.0629921 0.976378 
vn 0.204724 -0.0629921 0.976378 
vn 0.133858 -0.0629921 0.992126 
vn 0.133858 -0.0629921 0.992126 
vn 0.133858 -0.0629921 0.992126 
vn 0.133858 -0.0629921 0.992126 
vn -0.141732 0.614173 0.771654 
vn -0.0944882 0.629921 0.771654 
vn -0.110236 0.787402 0.598425 
vn -0.15748 0.535433 0.826772 
vn -0.102362 0.559055 0.826772 
vn -0.0944882 0.771654 0.622047 
vn -0.102362 0.614173 0.779528 
vn -0.102362 0.559055 0.826772 
vn -0.0944882 0.755906 0.645669 
vn -0.905512 0.165354 0.385827 
vn -0.724409 0.220472 0.645669 
vn -0.645669 0.598425 0.464567 
vn -0.76378 -0.0393701 0.645669 
vn -0.937008 -0.023622 0.354331 
vn -0.700787 -0.708661 0.0866142 
vn -0.700787 -0.716535 0 
vn -0.700787 -0.708661 0.0708661 
vn -0.700787 -0.708661 0 
vn -0.692913 -0.724409 -0.0314961 
vn -0.692913 -0.724409 -0.0314961 
vn -0.535433 -0.732283 0.417323 
vn -0.858268 0 -0.511811 
vn -0.858268 0 -0.511811 
vn -0.858268 0.0314961 -0.519685 
vn -0.858268 0.0314961 -0.519685 
vn -0.850394 0.0708661 -0.519685 
vn -0.850394 0.0708661 -0.519685 
vn -0.858268 0.0314961 -0.519685 
vn -0.858268 0.0314961 -0.519685 
vn -0.110236 0.787402 0.598425 
vn -0.322835 0.755906 0.574803 
vn -0.645669 0.598425 0.464567 
vn -0.456693 -0.0551181 0.889764 
vn -0.874016 0.385827 0.291339 
vn -0.905512 0.165354 0.385827 
vn -0.606299 0.740157 0.291339 
vn -0.976378 0.125984 0.15748 
vn -0.937008 -0.023622 0.354331 
vn -0.984252 -0.00787402 0.15748 
vn -0.874016 0.464567 0.15748 
vn -0.598425 0.771654 0.212598 
vn -0.88189 0.456693 0.102362 
vn -0.992126 0.141732 0.0551181 
vn -1 0 0.0472441 
vn -0.992126 0.110236 0.015748 
vn -1 0 0 
vn 0 -0.141732 -0.992126 
vn -0.228346 0.937008 0.259843 
vn -0.566929 0.80315 0.15748 
vn -0.559055 0.811024 0.173228 
vn -0.598425 0.787402 0.141732 
vn -0.574803 0.80315 0.149606 
vn -0.566929 0.80315 0.15748 
vn -0.488189 0.834646 0.267717 
vn -0.559055 0.811024 0.173228 
vn 1 0 0 
vn 0.937008 -0.023622 0.354331 
vn -0.937008 -0.023622 0.354331 
vn 0.700787 -0.708661 0.0866142 
vn 0.700787 -0.708661 0.0708661 
vn 0.661417 -0.716535 0.220472 
vn 0.661417 -0.716535 0.220472 
vn 0.700787 -0.708661 0 
vn 0.692913 -0.724409 -0.0314961 
vn 0.692913 -0.724409 -0.0314961 
vn -0.700787 -0.708661 0.0866142 
vn -0.700787 -0.708661 0.0708661 
vn -0.661417 -0.716535 0.220472 
vn -0.661417 -0.716535 0.220472 
vn -0.700787 -0.708661 0 
vn -0.692913 -0.724409 -0.0314961 
vn -0.692913 -0.724409 -0.0314961 
vn -0.661417 -0.716535 0.220472 
vn -0.535433 -0.732283 0.417323 
vn -0.535433 -0.732283 0.409449 
vn -0.661417 -0.716535 0.220472 
vn 0.858268 0.0314961 -0.519685 
vn 0.850394 0.0708661 -0.519685 
vn 0.850394 0.0708661 -0.519685 
vn -0.858268 0 -0.511811 
vn -0.850394 0.0708661 -0.519685 
vn -0.850394 0.0708661 -0.519685 
vn -0.110236 0.787402 0.598425 
vn -0.15748 0.535433 0.826772 
vn -0.456693 -0.0551181 0.889764 
vn -0.133858 -0.0629921 0.992126 
vn -0.133858 -0.0629921 0.992126 
vn -0.133858 -0.0629921 0.992126 
vn -0.133858 -0.0629921 0.992126 
vn -0.874016 0.464567 0.15748 
vn -0.023622 0.0629921 -1 
vn 0.023622 0.0629921 -1 
vn 0.141732 -0.748031 0.645669 
vn 0.0944882 -0.755906 0.653543 
vn 0.0944882 -0.755906 0.653543 
vn 0.0944882 -0.755906 0.653543 
vn 0.0944882 -0.755906 0.653543 
vn 0.15748 -0.748031 0.645669 
vn 0.330709 -0.748031 0.574803 
vn 0.322835 -0.748031 0.582677 
vn 0.535433 -0.732283 0.409449 
vn 0.535433 -0.732283 0.417323 
vn 0.661417 -0.716535 0.220472 
vn 0.661417 -0.716535 0.220472 
vn -0.0944882 -0.755906 0.653543 
vn -0.141732 -0.748031 0.645669 
vn -0.0944882 -0.755906 0.653543 
vn -0.0944882 -0.755906 0.653543 
vn -0.0944882 -0.755906 0.653543 
vn -0.15748 -0.748031 0.645669 
vn -0.330709 -0.748031 0.574803 
vn -0.322835 -0.748031 0.582677 
vn -0.535433 -0.732283 0.409449 
vn -0.535433 -0.732283 0.417323 
vn 0.0944882 0.629921 0.771654 
vn 0.15748 0.535433 0.826772 
vn 0.322835 0.755906 0.574803 
vn 0.874016 0.464567 0.15748 
vn -0.401575 0.874016 0.283465 
vn 0.181102 0.913386 0.362205 
vn -0.181102 0.913386 0.362205 
vn 0 -1 -0.0708661 
vn 0 -1 -0.0708661 
vn 0 -1 -0.0787402 
vn -0.00787402 -1 -0.0629921 
vn 0 -1 -0.0708661 
vn 0 -1 -0.0787402 
vn 0 -1 -0.0708661 
vn 0 -1 -0.0708661 
vn 0 -1 -0.0787402 
vn 0 -1 -0.0708661 
vn 0 -1 -0.0787402 
vn 0 -1 -0.0629921 
vn 0.00787402 -1 -0.0629921 
vn 0.00787402 -1 -0.0629921 
vn 0.00787402 -1 -0.0708661 
vn 0.00787402 -1 -0.0708661 
vn 0 -1 -0.0629921 
vn -0.00787402 -1 -0.0472441 
vn -0.00787402 -1 -0.0551181 
vn -0.00787402 -1 -0.0472441 
vn -0.00787402 -1 -0.0472441 
vn -0.00787402 -1 -0.0629921 
vn -0.00787402 -1 -0.0629921 
vn -0.00787402 -1 -0.0708661 
vn -0.00787402 -1 -0.0708661 
vn 0 -1 -0.0629921 
vn 0 -1 -0.0708661 
vn 0 -1 -0.0629921 
vn 0 -1 -0.0708661 
vn 0.00787402 -1 -0.0472441 
vn 0.00787402 -1 -0.0551181 
vn 0.00787402 -1 -0.0472441 
vn 0.00787402 -1 -0.0472441 
vn 1 0 0 
vn 0.992126 0.141732 0.0551181 
vn 0.700787 -0.708661 0 
vn 0.692913 -0.724409 -0.0314961 
vn -0.700787 -0.708661 0 
vn -0.692913 -0.724409 -0.0314961 
vn -0.692913 -0.724409 -0.0314961 
vn 0.858268 0 -0.511811 
vn 0.858268 0 -0.511811 
vn 0.858268 0.0314961 -0.519685 
vn 0.850394 0.0708661 -0.519685 
vn 0.850394 0.0708661 -0.519685 
vn -0.858268 0 -0.511811 
vn -0.858268 0 -0.511811 
vn -0.858268 0.0314961 -0.519685 
vn -0.850394 0.0708661 -0.519685 
vn -0.850394 0.0708661 -0.519685 
vn 0.015748 0.023622 -1 
vn 0 0.259843 -0.968504 
vn 0 0.259843 -0.968504 
vn 0 0.259843 -0.968504 
vn 0.00787402 -0.015748 -1 
vn 0 0.133858 -0.992126 
vn -0.88189 0.456693 0.102362 
vn -0.992126 0.141732 0.0551181 
vn -0.015748 -0.0787402 -1 
vn -0.015748 -0.0708661 -1 
vn -0.0314961 0.0629921 -1 
vn 0.00787402 -0.204724 -0.976378 
vn -0.0314961 0.0629921 -1 
vn -0.023622 -0.0866142 -1 
vn -0.023622 0.0629921 -1 
vn -0.00787402 -0.173228 -0.984252 
vn 0 -0.141732 -0.992126 
vn 0 0.133858 -0.992126 
vn -0.015748 0.023622 -1 
vn -0.00787402 -0.015748 -1 
vn 0 0.259843 -0.968504 
vn 0 0.259843 -0.968504 
vn 0 0.259843 -0.968504 
vn 0.00787402 -0.173228 -0.984252 
vn 0 -0.141732 -0.992126 
vn 0 0.133858 -0.992126 
vn 0.00787402 -0.015748 -1 
vn 0.015748 0.023622 -1 
vn -0.00787402 -0.204724 -0.976378 
vn 0.023622 -0.0866142 -1 
vn 0.015748 -0.0787402 -1 
vn 0.015748 -0.0708661 -1 
vn 0.023622 0.0629921 -1 
vn 0.0314961 0.0629921 -1 
vn 0.0314961 0.0629921 -1 
vn 0.0314961 0.0629921 -1 
vn 0.015748 -0.0787402 -1 
vn 0.015748 -0.0708661 -1 
vn 0.023622 -0.0866142 -1 
vn 0.88189 0.456693 0.102362 
vn 0.874016 0.464567 0.15748 
vn -0.228346 0.937008 0.259843 
vn 0.228346 0.937008 0.259843 
vn -0.00787402 0.346457 -0.937008 
vn -0.00787402 0.346457 -0.937008 
vn -0.00787402 0.346457 -0.937008 
vn -0.00787402 0.346457 -0.937008 
vn -0.00787402 0.346457 -0.937008 
vn -0.00787402 0.346457 -0.937008 
vn -0.00787402 0.346457 -0.937008 
vn -0.00787402 0.346457 -0.937008 
vn -0.00787402 0.346457 -0.937008 
vn 0.00787402 0.346457 -0.937008 
vn 0.00787402 0.346457 -0.937008 
vn 0.00787402 0.346457 -0.937008 
vn 0.00787402 0.346457 -0.937008 
vn 0.00787402 0.346457 -0.937008 
vn 0.00787402 0.346457 -0.937008 
vn 0.00787402 0.346457 -0.937008 
vn 0.00787402 0.346457 -0.937008 
vn 0.00787402 0.346457 -0.937008 

vt 10.0399 -29.0579 
vt 9.99522 -29.0624 
vt 10.0409 -29.0606 
vt 9.99502 -29.0593 
vt 9.95673 -29.0643 
vt 9.94623 -29.0502 
vt 9.92968 -29.0359 
vt 9.93595 -29.0621 
vt 9.95653 -29.0612 
vt 9.93615 -29.0652 
vt 9.99522 -29.0624 
vt 9.95673 -29.0643 
vt 9.96036 -29.0713 
vt 9.99522 -29.0624 
vt 9.96036 -29.0713 
vt 9.99467 -29.0696 
vt 10.0409 -29.0606 
vt 10.0433 -29.0671 
vt 10.0146 -28.9928 
vt 10.149 -29.0491 
vt 10.1679 -28.9461 
vt 10.0385 -29.0572 
vt 10.0419 -29.0663 
vt 10.1496 -29.0594 
vt 10.1715 -28.9433 
vt 10.1668 -28.9253 
vt 9.89184 -29.068 
vt 9.91317 -29.0737 
vt 9.91908 -29.0298 
vt 9.92968 -29.0359 
vt 9.90783 -29.0636 
vt 9.93595 -29.0621 
vt 9.90803 -29.0667 
vt 9.93615 -29.0652 
vt 9.95653 -29.0612 
vt 9.95673 -29.0643 
vt 9.99502 -29.0593 
vt 9.99522 -29.0624 
vt 10.0399 -29.0579 
vt 10.0261 -29.0211 
vt 9.97328 -29.0359 
vt 10.0195 -29.0035 
vt 9.94623 -29.0502 
vt 9.95666 -29.0214 
vt 10.0163 -28.9952 
vt 10.1699 -28.937 
vt 10.0085 -28.9824 
vt 9.9287 -28.9958 
vt 10.0054 -28.9706 
vt 10.1668 -28.9253 
vt 9.59412 -29.0409 
vt 9.60266 -28.9361 
vt 10.3973 -28.9361 
vt 9.77279 -29.0146 
vt 9.86402 -29.1679 
vt 9.78671 -29.0385 
vt 10.2272 -29.0146 
vt 10.136 -29.1679 
vt 10.0453 -29.165 
vt 10.0593 -29.1668 
vt 10.2185 -28.8821 
vt 10.361 -28.8988 
vt 10.2186 -28.8602 
vt 10.3609 -28.9191 
vt 10.2186 -28.8514 
vt 10.3611 -28.8918 
vt 10.117 -28.8379 
vt 10.117 -28.8381 
vt 10.0452 -28.8285 
vt 10.0452 -28.8287 
vt 10.3801 -28.9567 
vt 10.3968 -28.9733 
vt 10.396 -29.0261 
vt 9.91546 -29.1715 
vt 9.94074 -29.1668 
vt 9.95467 -29.165 
vt 10.0845 -29.1715 
vt 9.63894 -28.8918 
vt 9.88349 -28.8475 
vt 9.78149 -28.8821 
vt 9.88517 -28.8688 
vt 9.95493 -28.878 
vt 9.87911 -28.8896 
vt 9.9548 -28.8387 
vt 9.95485 -28.8595 
vt 9.78137 -28.8514 
vt 9.78143 -28.8602 
vt 9.63901 -28.8988 
vt 9.63911 -28.9191 
vt 9.60402 -29.0261 
vt 9.60324 -28.9733 
vt 9.61985 -28.9567 
vt 10.2186 -28.8602 
vt 10.1165 -28.8475 
vt 10.2185 -28.8821 
vt 10.1148 -28.8688 
vt 10.0452 -28.8387 
vt 10.0452 -28.8595 
vt 10.0451 -28.878 
vt 10.1209 -28.8896 
vt 10.0969 -28.8996 
vt 10.1023 -28.9165 
vt 10.1209 -28.8896 
vt 10.0451 -28.878 
vt 10.0451 -28.8917 
vt 10.0805 -28.9168 
vt 10.0909 -28.9287 
vt 10.0452 -28.911 
vt 9.88517 -28.8688 
vt 9.95493 -28.878 
vt 9.95485 -28.8595 
vt 9.90315 -28.8996 
vt 9.95494 -28.8917 
vt 9.87911 -28.8896 
vt 9.91954 -28.9168 
vt 9.90905 -28.9287 
vt 9.92488 -28.9305 
vt 9.89772 -28.9165 
vt 9.95483 -28.911 
vt 9.95477 -28.9257 
vt 9.95494 -28.8917 
vt 9.90315 -28.8996 
vt 10.0805 -28.9168 
vt 10.0751 -28.9305 
vt 10.0909 -28.9287 
vt 10.0452 -28.911 
vt 10.0452 -28.9257 
vt 10.2185 -28.9097 
vt 10.3609 -28.9191 
vt 10.2185 -28.8821 
vt 10.1209 -28.8896 
vt 10.1148 -28.8688 
vt 10.1054 -29.0103 
vt 10.2272 -29.0146 
vt 10.3608 -28.9461 
vt 10.3802 -28.9297 
vt 10.3607 -29.0163 
vt 10.3801 -28.9567 
vt 10.3801 -29.0195 
vt 10.1023 -28.9165 
vt 10.0914 -29.0085 
vt 10.0909 -28.9287 
vt 10.0801 -29.0054 
vt 10.0751 -28.9305 
vt 10.0662 -29.0038 
vt 10.0452 -29.0038 
vt 10.0452 -28.9257 
vt 9.63911 -28.9191 
vt 9.78146 -28.9097 
vt 9.78149 -28.8821 
vt 9.87911 -28.8896 
vt 9.88517 -28.8688 
vt 9.63917 -28.9461 
vt 9.61978 -28.9297 
vt 9.61985 -28.9567 
vt 9.63925 -29.0163 
vt 9.61991 -29.0195 
vt 9.77279 -29.0146 
vt 9.89464 -29.0103 
vt 9.86402 -29.1679 
vt 9.91546 -29.1715 
vt 9.89772 -28.9165 
vt 9.92941 -29.1699 
vt 9.90856 -29.0085 
vt 9.90905 -28.9287 
vt 9.9199 -29.0054 
vt 9.94074 -29.1668 
vt 9.92488 -28.9305 
vt 9.95467 -29.165 
vt 9.93385 -29.0038 
vt 9.95475 -29.0038 
vt 9.95477 -28.9257 
vt 9.95478 -29.165 
vt 10.0914 -29.0085 
vt 10.0706 -29.1699 
vt 10.1054 -29.0103 
vt 10.0845 -29.1715 
vt 10.136 -29.1679 
vt 10.2272 -29.0146 
vt 10.1023 -28.9165 
vt 10.1209 -28.8896 
vt 10.0801 -29.0054 
vt 10.0453 -29.165 
vt 10.0593 -29.1668 
vt 10.0662 -29.0038 
vt 10.0452 -29.0038 
vt 10.0452 -29.165 
vt 10.3973 -29.0652 
vt 9.60266 -29.0652 
vt 9.62399 -29.0737 
vt 9.78149 -29.0347 
vt 9.63901 -29.052 
vt 9.78143 -29.056 
vt 9.63911 -29.0298 
vt 9.61978 -29.0359 
vt 9.63895 -29.0649 
vt 9.78137 -29.069 
vt 9.61832 -29.0636 
vt 9.61832 -29.0667 
vt 9.63894 -29.068 
vt 9.78137 -29.069 
vt 9.78136 -29.072 
vt 9.88304 -29.0704 
vt 9.88304 -29.0735 
vt 9.9548 -29.0713 
vt 9.9548 -29.0744 
vt 10.117 -29.0735 
vt 10.1161 -29.0802 
vt 10.0452 -29.0811 
vt 10.2187 -29.0788 
vt 10.3611 -29.068 
vt 10.376 -29.0737 
vt 9.88387 -29.0802 
vt 9.95479 -29.0811 
vt 9.78135 -29.0788 
vt 10.1165 -29.0562 
vt 10.2185 -29.0347 
vt 10.1148 -29.0341 
vt 10.1209 -29.0218 
vt 10.0452 -29.0562 
vt 10.0452 -29.0333 
vt 10.117 -29.0704 
vt 10.0452 -29.0713 
vt 10.2186 -29.069 
vt 10.2186 -29.056 
vt 10.3611 -29.0649 
vt 10.361 -29.052 
vt 10.3609 -29.0298 
vt 10.3802 -29.0359 
vt 10.3817 -29.0636 
vt 10.3817 -29.0667 
vt 10.3611 -29.068 
vt 10.2186 -29.069 
vt 10.2186 -29.072 
vt 10.117 -29.0704 
vt 10.117 -29.0735 
vt 10.0452 -29.0713 
vt 10.0452 -29.0744 
vt 9.78143 -29.056 
vt 9.88349 -29.0562 
vt 9.78149 -29.0347 
vt 9.78137 -29.069 
vt 9.88304 -29.0704 
vt 9.88517 -29.0341 
vt 9.9548 -29.0562 
vt 9.9548 -29.0713 
vt 9.95485 -29.0333 
vt 10.064 -29.0621 
vt 10.0922 -29.0636 
vt 10.0703 -29.0359 
vt 10.092 -29.0667 
vt 10.0639 -29.0652 
vt 10.0433 -29.0643 
vt 10.0048 -29.0624 
vt 10.0396 -29.0713 
vt 10.0053 -29.0696 
vt 9.95911 -29.0606 
vt 9.95674 -29.0671 
vt 10.0868 -29.0737 
vt 9.98539 -28.9928 
vt 9.83212 -28.9461 
vt 9.85102 -29.0491 
vt 9.96149 -29.0572 
vt 9.85044 -29.0594 
vt 9.95811 -29.0663 
vt 9.85102 -29.0491 
vt 9.96149 -29.0572 
vt 10.1179 -29.0347 
vt 10.0809 -29.0298 
vt 10.0703 -29.0359 
vt 10.1082 -29.068 
vt 10.0538 -29.0502 
vt 10.064 -29.0621 
vt 10.0433 -29.0214 
vt 10.0435 -29.0612 
vt 10.0639 -29.0652 
vt 10.0433 -29.0643 
vt 10.0267 -29.0359 
vt 9.98054 -29.0035 
vt 9.97388 -29.0211 
vt 10.005 -29.0593 
vt 10.0048 -29.0624 
vt 9.96014 -29.0579 
vt 9.95911 -29.0606 
vt 9.82853 -28.9433 
vt 9.98371 -28.9952 
vt 9.99147 -28.9824 
vt 9.99462 -28.9706 
vt 9.83005 -28.937 
vt 9.8332 -28.9253 
vt 9.99147 -28.9824 
vt 10.0713 -28.9958 
vt 9.99462 -28.9706 
vt 10.4059 -29.0409 
vt 10.3973 -28.9361 
vt 9.60266 -28.9361 
vt 10.4021 -28.9567 
vt 10.3953 -28.9604 
vt 10.3904 -28.9389 
vt 10.3973 -28.9361 
vt 10.3986 -28.9947 
vt 10.4059 -29.0409 
vt 10.3987 -29.0433 
vt 9.59791 -28.9567 
vt 9.6047 -28.9604 
vt 9.60965 -28.9389 
vt 9.60266 -28.9361 
vt 9.60138 -28.9947 
vt 9.59412 -29.0409 
vt 9.60133 -29.0433 
vt 9.60266 -28.9361 
vt 9.62399 -28.9132 
vt 9.61832 -28.908 
vt 9.60965 -28.9389 
vt 10.2133 -29.0385 
vt 10.213 -29.0419 
vt 10.1458 -29.1496 
vt 9.77279 -29.0146 
vt 9.85421 -29.1496 
vt 9.78697 -29.0419 
vt 9.78149 -28.8821 
vt 9.78137 -28.8514 
vt 9.63894 -28.8918 
vt 9.88304 -28.8379 
vt 9.88304 -28.8381 
vt 9.9548 -28.8285 
vt 9.9548 -28.8287 
vt 9.60324 -28.9733 
vt 10.0452 -29.1464 
vt 9.95476 -29.1464 
vt 10.2186 -28.8516 
vt 10.117 -28.8381 
vt 10.1161 -28.8458 
vt 10.0452 -28.8365 
vt 10.0452 -28.8287 
vt 10.2187 -28.8594 
vt 10.3611 -28.8918 
vt 10.3575 -28.8986 
vt 10.3817 -28.908 
vt 10.376 -28.9132 
vt 10.3973 -28.9361 
vt 10.3904 -28.9389 
vt 9.88304 -28.8381 
vt 9.78136 -28.8516 
vt 9.88387 -28.8458 
vt 9.95479 -28.8365 
vt 9.9548 -28.8287 
vt 9.78135 -28.8594 
vt 9.63894 -28.8918 
vt 9.64249 -28.8986 
vt 9.61832 -28.908 
vt 9.62399 -28.9132 
vt 10.1165 -28.8475 
vt 10.2186 -28.8514 
vt 10.3609 -28.9191 
vt 10.3968 -28.9733 
vt 9.89772 -28.9165 
vt 10.0751 -28.9305 
vt 9.92488 -28.9305 
vt 9.9067 -29.0408 
vt 9.85421 -29.1496 
vt 9.91918 -29.1474 
vt 9.78697 -29.0419 
vt 9.95477 -29.0418 
vt 9.95476 -29.1464 
vt 10.1458 -29.1496 
vt 10.0933 -29.0408 
vt 10.0808 -29.1474 
vt 10.0452 -29.0418 
vt 10.0452 -29.1464 
vt 10.0452 -28.8365 
vt 10.1161 -28.8458 
vt 10.213 -29.0419 
vt 10.2187 -28.8594 
vt 10.3575 -28.8986 
vt 10.376 -28.9132 
vt 10.3953 -28.9604 
vt 10.3904 -28.9389 
vt 10.3986 -28.9947 
vt 10.3987 -29.0433 
vt 9.78697 -29.0419 
vt 9.88387 -28.8458 
vt 9.78135 -28.8594 
vt 9.64249 -28.8986 
vt 9.62399 -28.9132 
vt 9.9067 -29.0408 
vt 9.95479 -28.8365 
vt 9.95477 -29.0418 
vt 9.6047 -28.9604 
vt 9.60965 -28.9389 
vt 9.60138 -28.9947 
vt 9.60133 -29.0433 
vt 9.59412 -29.0606 
vt 9.59419 -29.0593 
vt 9.60138 -29.0696 
vt 9.60133 -29.0671 
vt 10.3986 -29.0696 
vt 10.4059 -29.0606 
vt 10.3987 -29.0671 
vt 9.77279 -28.9928 
vt 9.86402 -28.9461 
vt 9.78671 -29.0572 
vt 9.78697 -29.0663 
vt 9.85421 -29.0594 
vt 10.2272 -28.9928 
vt 10.136 -28.9461 
vt 10.2133 -29.0572 
vt 10.1458 -29.0594 
vt 10.213 -29.0663 
vt 10.0452 -28.9417 
vt 10.0453 -28.9189 
vt 10.0452 -28.9189 
vt 10.0593 -28.9253 
vt 10.068 -28.9426 
vt 10.0706 -28.937 
vt 10.396 -29.0211 
vt 10.4058 -29.0593 
vt 9.9192 -29.0488 
vt 9.85373 -29.0491 
vt 9.85421 -29.0594 
vt 9.86402 -28.9461 
vt 9.91918 -29.0591 
vt 9.95476 -29.0487 
vt 9.95476 -29.059 
vt 9.92343 -28.9509 
vt 9.91546 -28.9433 
vt 9.92941 -28.937 
vt 9.95476 -28.9417 
vt 9.93201 -28.9426 
vt 9.94074 -28.9253 
vt 9.95467 -28.9189 
vt 9.95478 -28.9189 
vt 10.0766 -28.9509 
vt 10.0845 -28.9433 
vt 10.0706 -28.937 
vt 10.068 -28.9426 
vt 10.0452 -28.9417 
vt 10.136 -28.9461 
vt 10.0452 -29.0487 
vt 10.0808 -29.0488 
vt 10.1463 -29.0491 
vt 10.0452 -29.059 
vt 10.0808 -29.0591 
vt 10.0808 -29.0591 
vt 10.1458 -29.0594 
vt 10.0808 -29.0488 
vt 10.1463 -29.0491 
vt 10.0452 -29.0487 
vt 9.60402 -29.0211 
vt 9.60324 -29.0359 
vt 10.3607 -28.9952 
vt 9.63925 -28.9952 
vt 9.63925 -28.9952 
vt 9.78671 -29.0572 
vt 9.77279 -28.9928 
vt 9.61991 -29.0035 
vt 9.59412 -29.0579 
vt 9.60402 -29.0211 
vt 9.60133 -29.0671 
vt 9.78697 -29.0663 
vt 9.59412 -29.0606 
vt 10.2133 -29.0572 
vt 10.3801 -29.0035 
vt 10.3607 -28.9952 
vt 10.2272 -28.9928 
vt 10.4059 -29.0579 
vt 10.396 -29.0211 
vt 10.3987 -29.0671 
vt 10.4059 -29.0606 
vt 10.213 -29.0663 

usemtl Cube0231Mtl

f 1/1/1 2/2/2 3/3/3 
f 4/4/4 5/5/5 2/2/2 
f 6/6/6 7/7/7 8/8/8 
f 9/9/9 6/6/6 8/8/8 
f 10/10/10 9/9/9 8/8/8 
f 11/11/11 12/12/12 13/13/13 
f 14/14/14 15/15/15 16/16/16 
f 17/17/17 14/14/14 16/16/16 
f 19/19/19 20/20/20 21/21/21 
f 20/20/20 19/19/19 22/22/22 
f 23/23/23 20/20/20 22/22/22 
f 20/20/20 23/23/23 24/24/24 
f 32/32/32 30/30/30 31/31/31 
f 33/33/33 32/32/32 31/31/31 
f 32/32/32 33/33/33 34/34/34 
f 35/35/35 34/34/34 36/36/36 
f 36/36/36 37/37/37 35/35/35 
f 38/38/38 39/39/39 37/37/37 
f 37/37/37 39/39/39 40/40/40 
f 41/41/41 35/35/35 37/37/37 
f 41/41/41 37/37/37 40/40/40 
f 42/42/42 41/41/41 40/40/40 
f 35/35/35 41/41/41 43/43/43 
f 41/41/41 42/42/42 44/44/44 
f 43/43/43 41/41/41 44/44/44 
f 43/43/43 44/44/44 30/30/30 
f 46/46/46 49/49/49 47/47/47 
f 48/48/48 47/47/47 49/49/49 
f 49/49/49 46/46/46 50/50/50 
f 61/61/61 62/62/62 63/63/63 
f 82/82/82 81/81/81 83/83/83 
f 80/80/80 79/79/79 87/87/87 
f 88/88/88 80/80/80 87/87/87 
f 93/93/93 94/94/94 95/95/95 
f 99/99/99 96/96/96 98/98/98 
f 96/96/96 99/99/99 100/100/100 
f 101/101/101 102/102/102 103/103/103 
f 103/103/103 104/104/104 101/101/101 
f 101/101/101 104/104/104 105/105/105 
f 102/102/102 101/101/101 106/106/106 
f 105/105/105 106/106/106 101/101/101 
f 106/106/106 107/107/107 102/102/102 
f 106/106/106 105/105/105 108/108/108 
f 109/109/109 110/110/110 111/111/111 
f 110/110/110 112/112/112 113/113/113 
f 110/110/110 114/114/114 112/112/112 
f 115/115/115 116/116/116 117/117/117 
f 115/115/115 118/118/118 116/116/116 
f 119/119/119 115/115/115 117/117/117 
f 119/119/119 117/117/117 120/120/120 
f 115/115/115 119/119/119 121/121/121 
f 121/121/121 122/122/122 115/115/115 
f 118/118/118 115/115/115 122/122/122 
f 122/122/122 83/83/83 118/118/118 
f 123/123/123 124/124/124 125/125/125 
f 126/126/126 124/124/124 123/123/123 
f 124/124/124 126/126/126 127/127/127 
f 128/128/128 129/129/129 130/130/130 
f 131/131/131 130/130/130 132/132/132 
f 130/130/130 131/131/131 128/128/128 
f 133/133/133 128/128/128 131/131/131 
f 128/128/128 133/133/133 134/134/134 
f 129/129/129 128/128/128 135/135/135 
f 135/135/135 128/128/128 134/134/134 
f 135/135/135 136/136/136 129/129/129 
f 135/135/135 134/134/134 137/137/137 
f 136/136/136 135/135/135 138/138/138 
f 135/135/135 137/137/137 138/138/138 
f 138/138/138 137/137/137 139/139/139 
f 133/133/133 140/140/140 141/141/141 
f 142/142/142 141/141/141 140/140/140 
f 144/144/144 143/143/143 142/142/142 
f 143/143/143 144/144/144 145/145/145 
f 144/144/144 146/146/146 145/145/145 
f 146/146/146 144/144/144 147/147/147 
f 148/148/148 149/149/149 150/150/150 
f 150/150/150 151/151/151 152/152/152 
f 151/151/151 150/150/150 149/149/149 
f 149/149/149 148/148/148 153/153/153 
f 154/154/154 153/153/153 148/148/148 
f 153/153/153 154/154/154 155/155/155 
f 156/156/156 153/153/153 155/155/155 
f 155/155/155 157/157/157 156/156/156 
f 158/158/158 153/153/153 156/156/156 
f 153/153/153 158/158/158 149/149/149 
f 149/149/149 159/159/159 151/151/151 
f 159/159/159 149/149/149 158/158/158 
f 160/160/160 159/159/159 158/158/158 
f 159/159/159 160/160/160 161/161/161 
f 159/159/159 162/162/162 151/151/151 
f 159/159/159 161/161/161 163/163/163 
f 162/162/162 159/159/159 164/164/164 
f 163/163/163 164/164/164 159/159/159 
f 164/164/164 165/165/165 162/162/162 
f 166/166/166 168/168/168 165/165/165 
f 166/166/166 167/167/167 169/169/169 
f 168/168/168 166/166/166 170/170/170 
f 169/169/169 170/170/170 166/166/166 
f 171/171/171 168/168/168 170/170/170 
f 169/169/169 171/171/171 170/170/170 
f 168/168/168 171/171/171 172/172/172 
f 171/171/171 169/169/169 173/173/173 
f 174/174/174 175/175/175 176/176/176 
f 176/176/176 175/175/175 177/177/177 
f 176/176/176 177/177/177 178/178/178 
f 178/178/178 179/179/179 176/176/176 
f 180/180/180 176/176/176 181/181/181 
f 182/182/182 183/183/183 184/184/184 
f 185/185/185 183/183/183 182/182/182 
f 183/183/183 185/185/185 186/186/186 
f 186/186/186 187/187/187 183/183/183 
f 192/192/192 191/191/191 194/194/194 
f 194/194/194 195/195/195 192/192/192 
f 193/193/193 192/192/192 196/196/196 
f 193/193/193 196/196/196 197/197/197 
f 195/195/195 198/198/198 192/192/192 
f 192/192/192 198/198/198 196/196/196 
f 199/199/199 196/196/196 198/198/198 
f 196/196/196 199/199/199 200/200/200 
f 200/200/200 201/201/201 196/196/196 
f 201/201/201 200/200/200 202/202/202 
f 202/202/202 203/203/203 201/201/201 
f 203/203/203 202/202/202 204/204/204 
f 204/204/204 205/205/205 203/203/203 
f 205/205/205 204/204/204 206/206/206 
f 216/216/216 217/217/217 218/218/218 
f 218/218/218 220/220/220 216/216/216 
f 220/220/220 218/218/218 221/221/221 
f 220/220/220 222/222/222 216/216/216 
f 222/222/222 220/220/220 223/223/223 
f 224/224/224 216/216/216 222/222/222 
f 216/216/216 224/224/224 225/225/225 
f 224/224/224 226/226/226 225/225/225 
f 227/227/227 225/225/225 226/226/226 
f 217/217/217 227/227/227 228/228/228 
f 228/228/228 227/227/227 229/229/229 
f 227/227/227 226/226/226 230/230/230 
f 230/230/230 229/229/229 227/227/227 
f 226/226/226 231/231/231 230/230/230 
f 231/231/231 226/226/226 232/232/232 
f 233/233/233 232/232/232 226/226/226 
f 232/232/232 233/233/233 234/234/234 
f 235/235/235 234/234/234 233/233/233 
f 234/234/234 235/235/235 236/236/236 
f 237/237/237 236/236/236 235/235/235 
f 236/236/236 237/237/237 238/238/238 
f 240/240/240 239/239/239 242/242/242 
f 240/240/240 242/242/242 243/243/243 
f 244/244/244 241/241/241 240/240/240 
f 245/245/245 240/240/240 243/243/243 
f 240/240/240 245/245/245 244/244/244 
f 245/245/245 243/243/243 246/246/246 
f 247/247/247 244/244/244 245/245/245 
f 248/248/248 249/249/249 250/250/250 
f 249/249/249 248/248/248 251/251/251 
f 252/252/252 251/251/251 248/248/248 
f 253/253/253 254/254/254 255/255/255 
f 255/255/255 254/254/254 256/256/256 
f 257/257/257 256/256/256 254/254/254 
f 260/260/260 261/261/261 262/262/262 
f 260/260/260 262/262/262 263/263/263 
f 264/264/264 265/265/265 266/266/266 
f 267/267/267 266/266/266 265/265/265 
f 272/272/272 273/273/273 270/270/270 
f 270/270/270 274/274/274 272/272/272 
f 275/275/275 273/273/273 272/272/272 
f 273/273/273 275/275/275 276/276/276 
f 277/277/277 276/276/276 275/275/275 
f 278/278/278 272/272/272 274/274/274 
f 278/278/278 275/275/275 272/272/272 
f 274/274/274 279/279/279 278/278/278 
f 278/278/278 279/279/279 280/280/280 
f 275/275/275 278/278/278 281/281/281 
f 275/275/275 281/281/281 277/277/277 
f 278/278/278 280/280/280 281/281/281 
f 282/282/282 277/277/277 281/281/281 
f 281/281/281 280/280/280 283/283/283 
f 281/281/281 283/283/283 282/282/282 
f 284/284/284 282/282/282 283/283/283 
f 288/288/288 289/289/289 287/287/287 
f 289/289/289 288/288/288 290/290/290 
f 291/291/291 292/292/292 293/293/293 
f 297/297/297 299/299/299 298/298/298 
f 297/297/297 300/300/300 299/299/299 
f 301/301/301 303/303/303 302/302/302 
f 306/306/306 304/304/304 305/305/305 
f 304/304/304 306/306/306 307/307/307 
f 310/310/310 308/308/308 309/309/309 
f 311/311/311 312/312/312 313/313/313 
f 312/312/312 311/311/311 314/314/314 
f 331/331/331 332/332/332 333/333/333 
f 334/334/334 333/333/333 332/332/332 
f 334/334/334 332/332/332 335/335/335 
f 333/333/333 336/336/336 331/331/331 
f 337/337/337 331/331/331 336/336/336 
f 336/336/336 338/338/338 337/337/337 
f 339/339/339 337/337/337 338/338/338 
f 338/338/338 340/340/340 339/339/339 
f 341/341/341 339/339/339 340/340/340 
f 341/341/341 340/340/340 342/342/342 
f 343/343/343 344/344/344 345/345/345 
f 345/345/345 346/346/346 343/343/343 
f 347/347/347 343/343/343 346/346/346 
f 348/348/348 345/345/345 344/344/344 
f 344/344/344 349/349/349 348/348/348 
f 348/348/348 349/349/349 350/350/350 
f 349/349/349 351/351/351 350/350/350 
f 350/350/350 351/351/351 352/352/352 
f 360/360/360 361/361/361 362/362/362 
f 361/361/361 360/360/360 363/363/363 
f 362/362/362 364/364/364 360/360/360 
f 364/364/364 362/362/362 365/365/365 
f 366/366/366 367/367/367 368/368/368 
f 368/368/368 369/369/369 370/370/370 
f 369/369/369 368/368/368 367/367/367 
f 367/367/367 371/371/371 369/369/369 
f 371/371/371 367/367/367 372/372/372 
f 367/367/367 366/366/366 373/373/373 
f 373/373/373 372/372/372 367/367/367 
f 372/372/372 373/373/373 374/374/374 
f 373/373/373 375/375/375 374/374/374 
f 375/375/375 373/373/373 376/376/376 
f 373/373/373 377/377/377 376/376/376 
f 376/376/376 377/377/377 378/378/378 
f 377/377/377 373/373/373 379/379/379 
f 373/373/373 380/380/380 379/379/379 
f 381/381/381 382/382/382 383/383/383 
f 384/384/384 381/381/381 383/383/383 
f 381/381/381 384/384/384 385/385/385 
f 382/382/382 381/381/381 386/386/386 
f 386/386/386 387/387/387 382/382/382 
f 387/387/387 386/386/386 388/388/388 
f 381/381/381 385/385/385 389/389/389 
f 389/389/389 385/385/385 390/390/390 
f 391/391/391 381/381/381 389/389/389 
f 392/392/392 381/381/381 391/391/391 
f 410/410/410 411/411/411 412/412/412 
f 411/411/411 410/410/410 413/413/413 
f 413/413/413 410/410/410 414/414/414 
f 413/413/413 414/414/414 415/415/415 
f 418/418/418 419/419/419 420/420/420 
f 418/418/418 421/421/421 419/419/419 
f 418/418/418 420/420/420 422/422/422 
f 423/423/423 418/418/418 422/422/422 
f 423/423/423 422/422/422 424/424/424 
f 425/425/425 421/421/421 418/418/418 
f 423/423/423 425/425/425 418/418/418 
f 421/421/421 425/425/425 426/426/426 
f 425/425/425 427/427/427 426/426/426 
f 428/428/428 425/425/425 423/423/423 
f 427/427/427 425/425/425 429/429/429 
f 425/425/425 428/428/428 429/429/429 
f 429/429/429 430/430/430 427/427/427 
f 430/430/430 429/429/429 428/428/428 
f 428/428/428 431/431/431 430/430/430 
f 431/431/431 428/428/428 432/432/432 
f 433/433/433 434/434/434 435/435/435 
f 433/433/433 435/435/435 436/436/436 
f 437/437/437 433/433/433 436/436/436 
f 433/433/433 438/438/438 434/434/434 
f 433/433/433 437/437/437 439/439/439 
f 438/438/438 433/433/433 440/440/440 
f 433/433/433 439/439/439 440/440/440 
f 438/438/438 440/440/440 441/441/441 
f 442/442/442 443/443/443 439/439/439 
f 444/444/444 445/445/445 446/446/446 
f 447/447/447 446/446/446 445/445/445 
f 446/446/446 448/448/448 444/444/444 
f 453/453/453 454/454/454 455/455/455 
f 456/456/456 454/454/454 453/453/453 
f 457/457/457 454/454/454 456/456/456 
f 457/457/457 456/456/456 458/458/458 
f 457/457/457 459/459/459 454/454/454 
f 454/454/454 459/459/459 460/460/460 
f 459/459/459 457/457/457 461/461/461 
f 462/462/462 463/463/463 464/464/464 
f 462/462/462 464/464/464 465/465/465 
f 462/462/462 466/466/466 463/463/463 
f 463/463/463 466/466/466 467/467/467 
f 468/468/468 466/466/466 462/462/462 
f 466/466/466 468/468/468 469/469/469 
f 470/470/470 468/468/468 462/462/462 

g Cube0261

v -0.391749 1.08178 23.7525 1 1 1 1 
v -1.11418 1.08178 23.7525 1 1 1 1 
v -1.11351 1.18945 23.604 1 1 1 1 
v -0.392419 1.18945 23.604 1 1 1 1 
v -1.11343 1.26243 23.4949 1 1 1 1 
v -0.392499 1.26243 23.4949 1 1 1 1 
v -1.11434 1.36437 23.3406 1 1 1 1 
v -0.391591 1.36437 23.3406 1 1 1 1 
v -0.391155 1.42393 23.2228 1 1 1 1 
v -1.11477 1.42393 23.2228 1 1 1 1 
v -1.11493 1.6421 22.5982 1 1 1 1 
v -0.391 1.6421 22.5982 1 1 1 1 
v -1.11475 1.99727 21.3079 1 1 1 1 
v -0.391179 1.99727 21.3079 1 1 1 1 
v -0.391155 1.42393 23.2228 1 1 1 1 
v -1.11477 1.42393 23.2228 1 1 1 1 
v -1.11455 0.753262 23.9984 1 1 1 1 
v -0.391376 0.753262 23.9984 1 1 1 1 
v -1.11453 0.777729 24 1 1 1 1 
v -0.391399 0.777729 24 1 1 1 1 
v -1.11458 0.898475 23.919 1 1 1 1 
v -0.391749 1.08178 23.7525 1 1 1 1 
v -1.11418 1.08178 23.7525 1 1 1 1 
v -0.391344 0.898475 23.919 1 1 1 1 
v -0.391399 0.777729 24 1 1 1 1 
v -1.11453 0.777729 24 1 1 1 1 
v -0.391246 0.699579 23.9361 1 1 1 1 
v -1.11455 0.753262 23.9984 1 1 1 1 
v -1.11468 0.699579 23.9361 1 1 1 1 
v -0.391376 0.753262 23.9984 1 1 1 1 
v -1.11486 0.876533 21.4567 1 1 1 1 
v -0.391071 0.876533 21.4567 1 1 1 1 
v -1.1148 0.809633 22.294 1 1 1 1 
v -0.391123 0.809633 22.294 1 1 1 1 
v -0.391246 0.699579 23.9361 1 1 1 1 
v -1.11468 0.699579 23.9361 1 1 1 1 
v -1.11486 1.81509 21.2589 1 1 1 1 
v -0.391068 1.81509 21.2589 1 1 1 1 
v -1.11486 0.958619 21.4619 1 1 1 1 
v -0.391179 1.99727 21.3079 1 1 1 1 
v -1.11475 1.99727 21.3079 1 1 1 1 
v -0.39107 0.958619 21.4619 1 1 1 1 
v -1.11486 0.876533 21.4567 1 1 1 1 
v -0.391071 0.876533 21.4567 1 1 1 1 

vn 0 0.748031 0.669291 
vn 0 0.748031 0.669291 
vn 0 0.818898 0.574803 
vn 0 0.818898 0.574803 
vn 0 0.834646 0.551181 
vn 0 0.834646 0.551181 
vn 0 0.866142 0.503937 
vn 0 0.866142 0.503937 
vn 0 0.92126 0.393701 
vn 0 0.92126 0.393701 
vn 0 0.952756 0.299213 
vn 0 0.952756 0.299213 
vn 0 0.96063 0.267717 
vn 0 0.96063 0.267717 
vn 0 0.92126 0.393701 
vn 0 0.92126 0.393701 
vn 0 -0.0629921 1 
vn 0 -0.0629921 1 
vn 0 -0.0629921 1 
vn 0 -0.0629921 1 
vn 0 0.614173 0.787402 
vn 0 0.748031 0.669291 
vn 0 0.748031 0.669291 
vn 0 0.614173 0.787402 
vn 0 0.559055 0.826772 
vn 0 0.559055 0.826772 
vn 0 -0.755906 0.653543 
vn 0 -0.755906 0.653543 
vn 0 -0.755906 0.653543 
vn 0 -0.755906 0.653543 
vn 0 -1 -0.0787402 
vn 0 -1 -0.0787402 
vn 0 -1 -0.0708661 
vn 0 -1 -0.0708661 
vn 0 -1 -0.0629921 
vn 0 -1 -0.0629921 
vn 0 0.015748 -1 
vn 0 0.015748 -1 
vn 0 -0.0866142 -1 
vn 0 0.259843 -0.968504 
vn 0 0.259843 -0.968504 
vn 0 -0.0866142 -1 
vn 0 0.0629921 -1 
vn 0 0.0629921 -1 

vt 1.95485 -40.8596 
vt 2.04515 -40.8596 
vt 2.04507 -40.8782 
vt 1.95493 -40.8782 
vt 2.04506 -40.8918 
vt 1.95494 -40.8918 
vt 2.04517 -40.9111 
vt 1.95483 -40.9111 
vt 1.95477 -40.9258 
vt 2.04523 -40.9258 
vt 2.04525 -41.0039 
vt 1.95475 -41.0039 
vt 2.04522 -41.1652 
vt 1.95478 -41.1652 
vt 1.95477 -40.9258 
vt 2.04523 -40.9258 
vt 1.9548 -41.0744 
vt 2.0452 -41.0744 
vt 1.9548 -41.0713 
vt 2.0452 -41.0713 
vt 1.9548 -41.0562 
vt 2.04515 -41.0333 
vt 1.95485 -41.0333 
vt 2.0452 -41.0562 
vt 2.0452 -41.0713 
vt 1.9548 -41.0713 
vt 2.04521 -40.8367 
vt 1.9548 -40.8289 
vt 1.95479 -40.8367 
vt 2.0452 -40.8289 
vt 1.95476 -41.1466 
vt 2.04524 -41.1466 
vt 1.95477 -41.0419 
vt 2.04523 -41.0419 
vt 2.04521 -40.8367 
vt 1.95479 -40.8367 
vt 2.04524 -40.9417 
vt 1.95476 -40.9417 
vt 2.04524 -41.0487 
vt 1.95478 -40.9189 
vt 2.04522 -40.9189 
vt 1.95476 -41.0487 
vt 2.04524 -41.059 
vt 1.95476 -41.059 

usemtl Cube0231Mtl

f 472/472/472 471/471/471 473/473/473 
f 474/474/474 473/473/473 471/471/471 
f 473/473/473 474/474/474 475/475/475 
f 476/476/476 475/475/475 474/474/474 
f 475/475/475 476/476/476 477/477/477 
f 478/478/478 477/477/477 476/476/476 
f 479/479/479 477/477/477 478/478/478 
f 477/477/477 479/479/479 480/480/480 
f 481/481/481 482/482/482 483/483/483 
f 482/482/482 484/484/484 483/483/483 
f 481/481/481 485/485/485 482/482/482 
f 485/485/485 481/481/481 486/486/486 
f 487/487/487 488/488/488 489/489/489 
f 490/490/490 489/489/489 488/488/488 
f 491/491/491 492/492/492 493/493/493 
f 492/492/492 491/491/491 494/494/494 
f 494/494/494 491/491/491 495/495/495 
f 496/496/496 495/495/495 491/491/491 
f 497/497/497 498/498/498 499/499/499 
f 498/498/498 497/497/497 500/500/500 
f 501/501/501 502/502/502 503/503/503 
f 502/502/502 504/504/504 503/503/503 
f 505/505/505 503/503/503 504/504/504 
f 503/503/503 505/505/505 506/506/506 
f 507/507/507 508/508/508 509/509/509 
f 507/507/507 510/510/510 508/508/508 
f 510/510/510 507/507/507 511/511/511 
f 508/508/508 512/512/512 509/509/509 
f 512/512/512 513/513/513 509/509/509 
f 513/513/513 512/512/512 514/514/514 

g Cube0271

v -0.604116 3.86532 19.885 1 1 1 1 
v -0.901812 3.86532 19.885 1 1 1 1 
v -0.901812 3.9103 19.9448 1 1 1 1 
v -0.604116 3.9103 19.9448 1 1 1 1 
v -0.901887 2.29129 21.4664 1 1 1 1 
v -0.604092 3.87735 20.0145 1 1 1 1 
v -0.901836 3.87735 20.0145 1 1 1 1 
v -0.604116 3.9103 19.9448 1 1 1 1 
v -0.901812 3.9103 19.9448 1 1 1 1 
v -0.604041 2.29129 21.4664 1 1 1 1 
v -0.901968 2.12495 21.6989 1 1 1 1 
v -0.60396 2.12495 21.6989 1 1 1 1 
v -0.902086 2.04574 21.8182 1 1 1 1 
v -0.603842 2.04574 21.8182 1 1 1 1 
v -0.603679 1.96174 21.9028 1 1 1 1 
v -0.90225 1.96174 21.9028 1 1 1 1 
v -0.903175 1.66912 21.9257 1 1 1 1 
v -0.602753 1.66912 21.9257 1 1 1 1 
v -0.902773 1.73198 21.9507 1 1 1 1 
v -0.603155 1.73198 21.9507 1 1 1 1 
v -0.902473 1.85157 21.9493 1 1 1 1 
v -0.603455 1.85157 21.9493 1 1 1 1 
v -0.901887 2.29129 21.4664 1 1 1 1 
v -0.604092 3.87735 20.0145 1 1 1 1 
v -0.901836 3.87735 20.0145 1 1 1 1 
v -0.604041 2.29129 21.4664 1 1 1 1 
v -0.603679 1.96174 21.9028 1 1 1 1 
v -0.90225 1.96174 21.9028 1 1 1 1 
v -0.603455 1.85157 21.9493 1 1 1 1 
v -0.902473 1.85157 21.9493 1 1 1 1 
v -0.90371 1.6447 21.8625 1 1 1 1 
v -0.90371 1.6447 21.8625 1 1 1 1 
v -0.602218 1.6447 21.8625 1 1 1 1 
v -0.602218 1.6447 21.8625 1 1 1 1 
v -0.602753 1.66912 21.9257 1 1 1 1 
v -0.90371 1.6447 21.8625 1 1 1 1 
v -0.602218 1.6447 21.8625 1 1 1 1 
v -0.903175 1.66912 21.9257 1 1 1 1 
v -0.90225 3.21299 19.664 1 1 1 1 
v -0.603679 3.21299 19.664 1 1 1 1 
v -0.902473 1.94147 21.305 1 1 1 1 
v -0.603455 1.94147 21.305 1 1 1 1 
v -0.902773 1.8091 21.5537 1 1 1 1 
v -0.603155 1.8091 21.5537 1 1 1 1 
v -0.903175 1.70146 21.7559 1 1 1 1 
v -0.602753 1.70146 21.7559 1 1 1 1 
v -0.90371 1.6447 21.8625 1 1 1 1 
v -0.602218 1.6447 21.8625 1 1 1 1 
v -0.604041 3.43356 19.6567 1 1 1 1 
v -0.901968 3.38411 19.6305 1 1 1 1 
v -0.901887 3.43356 19.6567 1 1 1 1 
v -0.901836 3.78682 19.8435 1 1 1 1 
v -0.60396 3.38411 19.6305 1 1 1 1 
v -0.902086 3.29254 19.6184 1 1 1 1 
v -0.603842 3.29254 19.6184 1 1 1 1 
v -0.604092 3.78682 19.8435 1 1 1 1 
v -0.604116 3.86532 19.885 1 1 1 1 
v -0.901812 3.86532 19.885 1 1 1 1 
v -0.603842 3.29254 19.6184 1 1 1 1 
v -0.90225 3.21299 19.664 1 1 1 1 
v -0.902086 3.29254 19.6184 1 1 1 1 
v -0.603679 3.21299 19.664 1 1 1 1 

vn 0 0.645669 -0.76378 
vn 0 0.645669 -0.76378 
vn 0 0.80315 -0.598425 
vn 0 0.80315 -0.598425 
vn 0 0.748031 0.661417 
vn 0 0.80315 0.590551 
vn 0 0.80315 0.590551 
vn 0 0.905512 0.425197 
vn 0 0.905512 0.425197 
vn 0 0.748031 0.661417 
vn 0 0.826772 0.566929 
vn 0 0.826772 0.566929 
vn 0 0.771654 0.629921 
vn 0 0.771654 0.629921 
vn 0 0.559055 0.826772 
vn 0 0.559055 0.826772 
vn 0 -0.708661 0.700787 
vn 0 -0.708661 0.700787 
vn 0 -0.181102 0.984252 
vn 0 -0.181102 0.984252 
vn 0 0.204724 0.976378 
vn 0 0.204724 0.976378 
vn 0 0.748031 0.661417 
vn 0 0.80315 0.590551 
vn 0 0.80315 0.590551 
vn 0 0.748031 0.661417 
vn 0 0.559055 0.826772 
vn 0 0.559055 0.826772 
vn 0 0.204724 0.976378 
vn 0 0.204724 0.976378 
vn 0 0.779528 0.629921 
vn 0 0.779528 0.629921 
vn 0 0.779528 0.629921 
vn 0 0.779528 0.629921 
vn 0 -0.708661 0.700787 
vn 0 -0.929134 0.362205 
vn 0 -0.929134 0.362205 
vn 0 -0.708661 0.700787 
vn 0 -0.653543 -0.755906 
vn 0 -0.653543 -0.755906 
vn 0 -0.84252 -0.543307 
vn 0 -0.84252 -0.543307 
vn 0 -0.88189 -0.472441 
vn 0 -0.88189 -0.472441 
vn 0 -0.88189 -0.472441 
vn 0 -0.88189 -0.472441 
vn 0 -0.88189 -0.472441 
vn 0 -0.88189 -0.472441 
vn 0 0.464567 -0.88189 
vn 0 0.307087 -0.952756 
vn 0 0.464567 -0.88189 
vn 0 0.464567 -0.88189 
vn 0 0.307087 -0.952756 
vn 0 -0.19685 -0.984252 
vn 0 -0.19685 -0.984252 
vn 0 0.464567 -0.88189 
vn 0 0.645669 -0.76378 
vn 0 0.645669 -0.76378 
vn 0 -0.19685 -0.984252 
vn 0 -0.653543 -0.755906 
vn 0 -0.19685 -0.984252 
vn 0 -0.653543 -0.755906 

vt 51.9814 -21.1124 
vt 52.0186 -21.1124 
vt 52.0186 -21.105 
vt 51.9814 -21.105 
vt 52.0186 -20.9148 
vt 51.9814 -21.0963 
vt 52.0186 -21.0963 
vt 51.9814 -21.105 
vt 52.0186 -21.105 
vt 51.9814 -20.9148 
vt 52.0186 -20.8857 
vt 51.9814 -20.8857 
vt 52.0186 -20.8708 
vt 51.9814 -20.8708 
vt 51.9813 -20.8602 
vt 52.0187 -20.8602 
vt 51.9812 -21.1385 
vt 52.0188 -21.1385 
vt 51.9813 -21.1307 
vt 52.0187 -21.1307 
vt 51.9813 -21.1157 
vt 52.0187 -21.1157 
vt 51.9814 -21.0608 
vt 52.0186 -20.8625 
vt 51.9814 -20.8625 
vt 52.0186 -21.0608 
vt 52.0187 -21.102 
vt 51.9813 -21.102 
vt 52.0187 -21.1157 
vt 51.9813 -21.1157 
vt 51.9812 -21.1416 
vt 51.9812 -21.1416 
vt 52.0188 -21.1416 
vt 52.0188 -21.1416 
vt 52.0188 -20.8574 
vt 51.9812 -20.8652 
vt 52.0188 -20.8652 
vt 51.9812 -20.8574 
vt 51.9813 -21.1401 
vt 52.0187 -21.1401 
vt 51.9813 -20.9349 
vt 52.0187 -20.9349 
vt 51.9813 -20.9039 
vt 52.0187 -20.9039 
vt 51.9812 -20.8786 
vt 52.0188 -20.8786 
vt 51.9812 -20.8652 
vt 52.0188 -20.8652 
vt 51.9814 -20.918 
vt 52.0186 -20.9242 
vt 52.0186 -20.918 
vt 52.0186 -20.8738 
vt 51.9814 -20.9242 
vt 52.0186 -20.9356 
vt 51.9814 -20.9356 
vt 51.9814 -20.8738 
vt 51.9814 -20.864 
vt 52.0186 -20.864 
vt 51.9814 -20.9356 
vt 52.0187 -20.9456 
vt 52.0186 -20.9356 
vt 51.9813 -20.9456 

usemtl Cube0231Mtl

f 517/517/517 515/515/515 516/516/516 
f 515/515/515 517/517/517 518/518/518 
f 522/522/522 521/521/521 520/520/520 
f 521/521/521 522/522/522 523/523/523 
f 525/525/525 524/524/524 519/519/519 
f 524/524/524 525/525/525 526/526/526 
f 527/527/527 526/526/526 525/525/525 
f 526/526/526 527/527/527 528/528/528 
f 527/527/527 529/529/529 528/528/528 
f 529/529/529 527/527/527 530/530/530 
f 531/531/531 532/532/532 533/533/533 
f 534/534/534 533/533/533 532/532/532 
f 533/533/533 534/534/534 535/535/535 
f 536/536/536 535/535/535 534/534/534 
f 537/537/537 538/538/538 539/539/539 
f 538/538/538 537/537/537 540/540/540 
f 542/542/542 543/543/543 541/541/541 
f 543/543/543 542/542/542 544/544/544 
f 545/545/545 546/546/546 547/547/547 
f 547/547/547 548/548/548 545/545/545 
f 549/549/549 550/550/550 551/551/551 
f 550/550/550 549/549/549 552/552/552 
f 554/554/554 555/555/555 553/553/553 
f 555/555/555 554/554/554 556/556/556 
f 555/555/555 556/556/556 557/557/557 
f 556/556/556 558/558/558 557/557/557 
f 558/558/558 559/559/559 557/557/557 
f 559/559/559 558/558/558 560/560/560 
f 560/560/560 561/561/561 559/559/559 
f 561/561/561 560/560/560 562/562/562 
f 563/563/563 564/564/564 565/565/565 
f 566/566/566 563/563/563 565/565/565 
f 564/564/564 563/563/563 567/567/567 
f 567/567/567 568/568/568 564/564/564 
f 568/568/568 567/567/567 569/569/569 
f 563/563/563 566/566/566 570/570/570 
f 570/570/570 566/566/566 571/571/571 
f 572/572/572 571/571/571 566/566/566 
f 573/573/573 574/574/574 575/575/575 
f 574/574/574 573/573/573 576/576/576 

g Cube0221

v -0.37688 3.9103 19.9448 1 1 1 1 
v -0.233225 3.77418 19.873 1 1 1 1 
v -0.233255 3.34142 19.6442 1 1 1 1 
v -0.41334 1.69274 21.8816 1 1 1 1 
v -0.469343 1.6447 21.8625 1 1 1 1 
v -0.413344 1.93337 21.8608 1 1 1 1 
v -0.363604 1.86488 21.7594 1 1 1 1 
v -0.413349 2.00587 21.7878 1 1 1 1 
v -0.413341 1.84123 21.8997 1 1 1 1 
v -0.363604 1.90962 21.7143 1 1 1 1 
v -0.363604 1.96779 21.6267 1 1 1 1 
v -0.413351 2.07891 21.6777 1 1 1 1 
v -0.363604 1.8564 21.5754 1 1 1 1 
v -0.363604 1.81626 21.7799 1 1 1 1 
v -0.353151 1.98923 21.327 1 1 1 1 
v -0.353449 2.13436 21.3939 1 1 1 1 
v -0.403293 2.24535 21.4452 1 1 1 1 
v -0.206044 3.26102 19.6894 1 1 1 1 
v -0.205938 3.71709 19.9304 1 1 1 1 
v -0.233255 3.34142 19.6442 1 1 1 1 
v -0.255599 3.83035 19.9899 1 1 1 1 
v -0.233225 3.77418 19.873 1 1 1 1 
v -0.275717 3.87082 19.924 1 1 1 1 
v -0.363604 1.76349 21.7805 1 1 1 1 
v -0.363604 1.74973 21.7751 1 1 1 1 
v -0.41334 1.69274 21.8816 1 1 1 1 
v -0.41334 1.74121 21.9008 1 1 1 1 
v -1.12905 3.9103 19.9448 1 1 1 1 
v -1.19509 3.78682 19.8435 1 1 1 1 
v -1.17003 3.84372 19.8735 1 1 1 1 
v -0.418679 1.70146 21.7559 1 1 1 1 
v -0.363604 1.74973 21.7751 1 1 1 1 
v -0.418119 1.8091 21.5537 1 1 1 1 
v -0.363604 1.8564 21.5754 1 1 1 1 
v -0.407363 1.94147 21.305 1 1 1 1 
v -0.353151 1.98923 21.327 1 1 1 1 
v -0.260497 3.21299 19.664 1 1 1 1 
v -0.206044 3.26102 19.6894 1 1 1 1 
v -0.275717 3.87082 19.924 1 1 1 1 
v -0.335894 3.84372 19.8735 1 1 1 1 
v -0.37688 3.9103 19.9448 1 1 1 1 
v -0.233225 3.77418 19.873 1 1 1 1 
v -0.391346 3.86532 19.885 1 1 1 1 
v -0.604116 3.9103 19.9448 1 1 1 1 
v -0.604116 3.86532 19.885 1 1 1 1 
v -0.31084 3.78682 19.8435 1 1 1 1 
v -0.413344 1.93337 21.8608 1 1 1 1 
v -0.413349 2.00587 21.7878 1 1 1 1 
v -0.413351 2.07891 21.6777 1 1 1 1 
v -0.403293 2.24535 21.4452 1 1 1 1 
v -0.255599 3.83035 19.9899 1 1 1 1 
v -1.09258 2.00587 21.7878 1 1 1 1 
v -1.09258 1.93337 21.8608 1 1 1 1 
v -0.972487 2.04574 21.8182 1 1 1 1 
v -1.09258 2.07891 21.6777 1 1 1 1 
v -0.972501 1.96174 21.9028 1 1 1 1 
v -0.90225 1.96174 21.9028 1 1 1 1 
v -0.902086 2.04574 21.8182 1 1 1 1 
v -0.972476 2.12495 21.6989 1 1 1 1 
v -0.901968 2.12495 21.6989 1 1 1 1 
v -0.901887 2.29129 21.4664 1 1 1 1 
v -1.10264 2.24535 21.4452 1 1 1 1 
v -0.982486 2.29129 21.4664 1 1 1 1 
v -0.901836 3.87735 20.0145 1 1 1 1 
v -1.12905 3.9103 19.9448 1 1 1 1 
v -0.901812 3.9103 19.9448 1 1 1 1 
v -1.13026 3.87735 20.0145 1 1 1 1 
v -1.23021 3.87082 19.924 1 1 1 1 
v -1.25033 3.83035 19.9899 1 1 1 1 
v -1.17003 3.84372 19.8735 1 1 1 1 
v -1.23021 3.87082 19.924 1 1 1 1 
v -1.12905 3.9103 19.9448 1 1 1 1 
v -1.11458 3.86532 19.885 1 1 1 1 
v -0.901812 3.9103 19.9448 1 1 1 1 
v -0.901812 3.86532 19.885 1 1 1 1 
v -0.533427 1.96174 21.9028 1 1 1 1 
v -0.413344 1.93337 21.8608 1 1 1 1 
v -0.533441 2.04574 21.8182 1 1 1 1 
v -0.603679 1.96174 21.9028 1 1 1 1 
v -0.413349 2.00587 21.7878 1 1 1 1 
v -0.603842 2.04574 21.8182 1 1 1 1 
v -0.413351 2.07891 21.6777 1 1 1 1 
v -0.533452 2.12495 21.6989 1 1 1 1 
v -0.60396 2.12495 21.6989 1 1 1 1 
v -0.403293 2.24535 21.4452 1 1 1 1 
v -0.604041 2.29129 21.4664 1 1 1 1 
v -0.523443 2.29129 21.4664 1 1 1 1 
v -0.255599 3.83035 19.9899 1 1 1 1 
v -0.604092 3.87735 20.0145 1 1 1 1 
v -0.375669 3.87735 20.0145 1 1 1 1 
v -0.275717 3.87082 19.924 1 1 1 1 
v -0.37688 3.9103 19.9448 1 1 1 1 
v -0.604116 3.9103 19.9448 1 1 1 1 
v -0.37688 3.9103 19.9448 1 1 1 1 
v -0.604116 3.9103 19.9448 1 1 1 1 
v -0.41334 1.69274 21.8816 1 1 1 1 
v -0.602753 1.66912 21.9257 1 1 1 1 
v -1.03374 1.6447 21.8625 1 1 1 1 
v -1.09259 1.69274 21.8816 1 1 1 1 
v -1.03658 1.6447 21.8625 1 1 1 1 
v -0.41334 1.69274 21.8816 1 1 1 1 
v -0.472192 1.6447 21.8625 1 1 1 1 
v -0.469343 1.6447 21.8625 1 1 1 1 
v -1.09259 1.84123 21.8997 1 1 1 1 
v -1.09259 1.74121 21.9008 1 1 1 1 
v -1.09259 1.69274 21.8816 1 1 1 1 
v -0.972517 1.73198 21.9507 1 1 1 1 
v -0.972511 1.85157 21.9493 1 1 1 1 
v -0.972518 1.66912 21.9257 1 1 1 1 
v -0.903175 1.66912 21.9257 1 1 1 1 
v -0.902773 1.73198 21.9507 1 1 1 1 
v -0.902473 1.85157 21.9493 1 1 1 1 
v -0.413344 1.93337 21.8608 1 1 1 1 
v -0.413341 1.84123 21.8997 1 1 1 1 
v -0.403293 2.24535 21.4452 1 1 1 1 
v -0.255599 3.83035 19.9899 1 1 1 1 
v -0.41334 1.69274 21.8816 1 1 1 1 
v -0.41334 1.74121 21.9008 1 1 1 1 
v -0.53341 1.66912 21.9257 1 1 1 1 
v -0.533411 1.73198 21.9507 1 1 1 1 
v -0.602753 1.66912 21.9257 1 1 1 1 
v -0.533417 1.85157 21.9493 1 1 1 1 
v -0.603155 1.73198 21.9507 1 1 1 1 
v -0.603455 1.85157 21.9493 1 1 1 1 
v -1.09258 1.93337 21.8608 1 1 1 1 
v -0.972501 1.96174 21.9028 1 1 1 1 
v -0.90225 1.96174 21.9028 1 1 1 1 
v -0.902473 1.85157 21.9493 1 1 1 1 
v -0.901887 2.29129 21.4664 1 1 1 1 
v -1.10264 2.24535 21.4452 1 1 1 1 
v -0.982486 2.29129 21.4664 1 1 1 1 
v -0.901836 3.87735 20.0145 1 1 1 1 
v -1.12905 3.9103 19.9448 1 1 1 1 
v -0.901812 3.9103 19.9448 1 1 1 1 
v -1.13026 3.87735 20.0145 1 1 1 1 
v -1.23021 3.87082 19.924 1 1 1 1 
v -1.25033 3.83035 19.9899 1 1 1 1 
v -0.533427 1.96174 21.9028 1 1 1 1 
v -0.413344 1.93337 21.8608 1 1 1 1 
v -0.413341 1.84123 21.8997 1 1 1 1 
v -0.533417 1.85157 21.9493 1 1 1 1 
v -0.603455 1.85157 21.9493 1 1 1 1 
v -0.603679 1.96174 21.9028 1 1 1 1 
v -0.403293 2.24535 21.4452 1 1 1 1 
v -0.604041 2.29129 21.4664 1 1 1 1 
v -0.523443 2.29129 21.4664 1 1 1 1 
v -0.255599 3.83035 19.9899 1 1 1 1 
v -0.604092 3.87735 20.0145 1 1 1 1 
v -0.375669 3.87735 20.0145 1 1 1 1 
v -0.469343 1.6447 21.8625 1 1 1 1 
v -0.472192 1.6447 21.8625 1 1 1 1 
v -0.602218 1.6447 21.8625 1 1 1 1 
v -0.602218 1.6447 21.8625 1 1 1 1 
v -0.90371 1.6447 21.8625 1 1 1 1 
v -0.90371 1.6447 21.8625 1 1 1 1 
v -1.03374 1.6447 21.8625 1 1 1 1 
v -1.03658 1.6447 21.8625 1 1 1 1 
v -1.09259 1.69274 21.8816 1 1 1 1 
v -1.14232 1.76349 21.7805 1 1 1 1 
v -1.09259 1.84123 21.8997 1 1 1 1 
v -1.14232 1.81626 21.7799 1 1 1 1 
v -1.14232 1.8564 21.5754 1 1 1 1 
v -1.14232 1.74973 21.7751 1 1 1 1 
v -1.08781 1.8091 21.5537 1 1 1 1 
v -1.09259 1.74121 21.9008 1 1 1 1 
v -1.08725 1.70146 21.7559 1 1 1 1 
v -1.09259 1.69274 21.8816 1 1 1 1 
v -1.09258 2.00587 21.7878 1 1 1 1 
v -1.14232 1.86488 21.7594 1 1 1 1 
v -1.09258 1.93337 21.8608 1 1 1 1 
v -1.14232 1.90962 21.7143 1 1 1 1 
v -1.14232 1.96779 21.6267 1 1 1 1 
v -1.09258 2.07891 21.6777 1 1 1 1 
v -1.15248 2.13436 21.3939 1 1 1 1 
v -1.10264 2.24535 21.4452 1 1 1 1 
v -1.12905 3.9103 19.9448 1 1 1 1 
v -1.23021 3.87082 19.924 1 1 1 1 
v -1.25033 3.83035 19.9899 1 1 1 1 
v -1.2727 3.77418 19.873 1 1 1 1 
v -1.29999 3.71709 19.9304 1 1 1 1 
v -1.29988 3.26102 19.6894 1 1 1 1 
v -1.27267 3.34142 19.6442 1 1 1 1 
v -1.15278 1.98923 21.327 1 1 1 1 
v -1.24543 3.21299 19.664 1 1 1 1 
v -1.09856 1.94147 21.305 1 1 1 1 
v -0.37688 3.9103 19.9448 1 1 1 1 
v -0.233225 3.77418 19.873 1 1 1 1 
v -0.41334 1.69274 21.8816 1 1 1 1 
v -0.53341 1.66912 21.9257 1 1 1 1 
v -0.472192 1.6447 21.8625 1 1 1 1 
v -0.602218 1.6447 21.8625 1 1 1 1 
v -0.602753 1.66912 21.9257 1 1 1 1 
v -1.09259 1.69274 21.8816 1 1 1 1 
v -1.03658 1.6447 21.8625 1 1 1 1 
v -0.469343 1.6447 21.8625 1 1 1 1 
v -1.14232 1.8564 21.5754 1 1 1 1 
v -1.14232 1.74973 21.7751 1 1 1 1 
v -1.08781 1.8091 21.5537 1 1 1 1 
v -1.08725 1.70146 21.7559 1 1 1 1 
v -0.902773 1.8091 21.5537 1 1 1 1 
v -0.903175 1.70146 21.7559 1 1 1 1 
v -1.03658 1.6447 21.8625 1 1 1 1 
v -0.90371 1.6447 21.8625 1 1 1 1 
v -1.09259 1.69274 21.8816 1 1 1 1 
v -0.972518 1.66912 21.9257 1 1 1 1 
v -1.03374 1.6447 21.8625 1 1 1 1 
v -0.90371 1.6447 21.8625 1 1 1 1 
v -0.903175 1.66912 21.9257 1 1 1 1 
v -0.363604 1.8564 21.5754 1 1 1 1 
v -0.255599 3.83035 19.9899 1 1 1 1 
v -1.29988 3.26102 19.6894 1 1 1 1 
v -1.24543 3.21299 19.664 1 1 1 1 
v -1.09856 1.94147 21.305 1 1 1 1 
v -0.90225 3.21299 19.664 1 1 1 1 
v -0.902473 1.94147 21.305 1 1 1 1 
v -1.21781 3.29254 19.6184 1 1 1 1 
v -0.418679 1.70146 21.7559 1 1 1 1 
v -0.363604 1.74973 21.7751 1 1 1 1 
v -0.469343 1.6447 21.8625 1 1 1 1 
v -0.602753 1.70146 21.7559 1 1 1 1 
v -0.602218 1.6447 21.8625 1 1 1 1 
v -0.603155 1.8091 21.5537 1 1 1 1 
v -0.418119 1.8091 21.5537 1 1 1 1 
v -0.603455 1.94147 21.305 1 1 1 1 
v -0.407363 1.94147 21.305 1 1 1 1 
v -0.603679 3.21299 19.664 1 1 1 1 
v -0.260497 3.21299 19.664 1 1 1 1 
v -0.275717 3.87082 19.924 1 1 1 1 
v -0.335894 3.84372 19.8735 1 1 1 1 
v -0.37688 3.9103 19.9448 1 1 1 1 
v -0.233225 3.77418 19.873 1 1 1 1 
v -0.391346 3.86532 19.885 1 1 1 1 
v -0.604116 3.9103 19.9448 1 1 1 1 
v -0.604116 3.86532 19.885 1 1 1 1 
v -0.604092 3.78682 19.8435 1 1 1 1 
v -0.387228 3.78682 19.8435 1 1 1 1 
v -0.604041 3.43356 19.6567 1 1 1 1 
v -0.31084 3.78682 19.8435 1 1 1 1 
v -0.368696 3.43356 19.6567 1 1 1 1 
v -0.60396 3.38411 19.6305 1 1 1 1 
v -0.31084 3.43356 19.6567 1 1 1 1 
v -0.233255 3.34142 19.6442 1 1 1 1 
v -0.366102 3.38411 19.6305 1 1 1 1 
v -0.603842 3.29254 19.6184 1 1 1 1 
v -0.288119 3.29254 19.6184 1 1 1 1 
v -0.206044 3.26102 19.6894 1 1 1 1 
v -1.12905 3.9103 19.9448 1 1 1 1 
v -0.901812 3.9103 19.9448 1 1 1 1 
v -1.23021 3.87082 19.924 1 1 1 1 
v -1.2727 3.77418 19.873 1 1 1 1 
v -1.29988 3.26102 19.6894 1 1 1 1 
v -1.27267 3.34142 19.6442 1 1 1 1 
v -1.24543 3.21299 19.664 1 1 1 1 
v -0.90225 3.21299 19.664 1 1 1 1 
v -1.21781 3.29254 19.6184 1 1 1 1 
v -0.902086 3.29254 19.6184 1 1 1 1 
v -1.13983 3.38411 19.6305 1 1 1 1 
v -0.902086 3.29254 19.6184 1 1 1 1 
v -0.901968 3.38411 19.6305 1 1 1 1 
v -1.19509 3.43356 19.6567 1 1 1 1 
v -1.13723 3.43356 19.6567 1 1 1 1 
v -0.901887 3.43356 19.6567 1 1 1 1 
v -1.19509 3.78682 19.8435 1 1 1 1 
v -1.1187 3.78682 19.8435 1 1 1 1 
v -0.901836 3.78682 19.8435 1 1 1 1 
v -1.17003 3.84372 19.8735 1 1 1 1 
v -1.23021 3.87082 19.924 1 1 1 1 
v -1.11458 3.86532 19.885 1 1 1 1 
v -0.901812 3.86532 19.885 1 1 1 1 
v -0.603679 3.21299 19.664 1 1 1 1 
v -0.260497 3.21299 19.664 1 1 1 1 
v -0.206044 3.26102 19.6894 1 1 1 1 
v -0.233255 3.34142 19.6442 1 1 1 1 
v -0.288119 3.29254 19.6184 1 1 1 1 
v -0.603842 3.29254 19.6184 1 1 1 1 

vn 0.0866142 0.787402 -0.614173 
vn 0.755906 0.440945 -0.488189 
vn 0.653543 0.149606 -0.740157 
vn 0.708661 -0.543307 0.448819 
vn 0.362205 -0.929134 0.102362 
vn 0.685039 0.409449 0.598425 
vn 0.976378 0.11811 0.181102 
vn 0.700787 0.559055 0.448819 
vn 0.685039 0.149606 0.708661 
vn 0.976378 0.15748 0.133858 
vn 0.984252 0.149606 0.125984 
vn 0.708661 0.574803 0.409449 
vn 0.92126 -0.354331 -0.173228 
vn 0.976378 0.0472441 0.212598 
vn 0.913386 -0.362205 -0.181102 
vn 0.976378 0.11811 0.165354 
vn 0.708661 0.503937 0.496063 
vn 0.889764 -0.220472 -0.401575 
vn 0.976378 0.19685 0.023622 
vn 0.653543 0.149606 -0.740157 
vn 0.724409 0.574803 0.385827 
vn 0.755906 0.440945 -0.488189 
vn 0.677165 0.700787 0.220472 
vn 0.976378 -0.0393701 0.212598 
vn 0.913386 -0.401575 -0.015748 
vn 0.708661 -0.543307 0.448819 
vn 0.685039 -0.133858 0.716535 
vn -0.204724 0.889764 0.417323 
vn -0.212598 0.496063 -0.84252 
vn -0.173228 0.606299 -0.779528 
vn 0.409449 -0.84252 -0.346457 
vn 0.913386 -0.401575 -0.015748 
vn 0.370079 -0.826772 -0.433071 
vn 0.92126 -0.354331 -0.173228 
vn 0.362205 -0.795276 -0.488189 
vn 0.913386 -0.362205 -0.181102 
vn 0.377953 -0.598425 -0.708661 
vn 0.889764 -0.220472 -0.401575 
vn 0.283465 0.661417 -0.692913 
vn 0.173228 0.606299 -0.779528 
vn 0.0866142 0.787402 -0.614173 
vn 0.755906 0.440945 -0.488189 
vn 0.0472441 0.661417 -0.748031 
vn 0 0.80315 -0.598425 
vn 0 0.645669 -0.76378 
vn 0.212598 0.496063 -0.84252 
vn 0.685039 0.409449 0.598425 
vn 0.700787 0.559055 0.448819 
vn 0.708661 0.574803 0.409449 
vn 0.708661 0.503937 0.496063 
vn 0.724409 0.574803 0.385827 
vn -0.700787 0.559055 0.448819 
vn -0.685039 0.409449 0.598425 
vn -0.19685 0.76378 0.622047 
vn -0.708661 0.574803 0.409449 
vn -0.19685 0.551181 0.811024 
vn 0 0.559055 0.826772 
vn 0 0.771654 0.629921 
vn -0.19685 0.80315 0.559055 
vn 0 0.826772 0.566929 
vn 0 0.748031 0.661417 
vn -0.708661 0.503937 0.496063 
vn -0.188976 0.724409 0.661417 
vn 0 0.80315 0.590551 
vn -0.204724 0.889764 0.417323 
vn 0 0.905512 0.425197 
vn -0.204724 0.787402 0.582677 
vn -0.677165 0.700787 0.220472 
vn -0.724409 0.574803 0.385827 
vn -0.173228 0.606299 -0.779528 
vn -0.283465 0.661417 -0.692913 
vn -0.0866142 0.787402 -0.614173 
vn -0.0472441 0.661417 -0.748031 
vn 0 0.80315 -0.598425 
vn 0 0.645669 -0.76378 
vn 0.19685 0.551181 0.811024 
vn 0.685039 0.409449 0.598425 
vn 0.19685 0.76378 0.622047 
vn 0 0.559055 0.826772 
vn 0.700787 0.559055 0.448819 
vn 0 0.771654 0.629921 
vn 0.708661 0.574803 0.409449 
vn 0.19685 0.80315 0.559055 
vn 0 0.826772 0.566929 
vn 0.708661 0.503937 0.496063 
vn 0 0.748031 0.661417 
vn 0.188976 0.724409 0.661417 
vn 0.724409 0.574803 0.385827 
vn 0 0.80315 0.590551 
vn 0.204724 0.787402 0.582677 
vn 0.677165 0.700787 0.220472 
vn 0.204724 0.88189 0.417323 
vn 0 0.905512 0.425197 
vn 0.0866142 0.787402 -0.614173 
vn 0 0.80315 -0.598425 
vn 0.708661 -0.543307 0.448819 
vn 0 -0.708661 0.708661 
vn -0.267717 -0.771654 0.574803 
vn -0.708661 -0.543307 0.448819 
vn -0.362205 -0.929134 0.102362 
vn 0.708661 -0.543307 0.448819 
vn 0.267717 -0.771654 0.574803 
vn 0.362205 -0.929134 0.102362 
vn -0.685039 0.149606 0.708661 
vn -0.685039 -0.133858 0.716535 
vn -0.708661 -0.543307 0.448819 
vn -0.19685 -0.181102 0.968504 
vn -0.19685 0.19685 0.96063 
vn -0.149606 -0.669291 0.724409 
vn 0 -0.708661 0.708661 
vn 0 -0.181102 0.984252 
vn 0 0.204724 0.976378 
vn 0.685039 0.409449 0.598425 
vn 0.685039 0.149606 0.708661 
vn 0.708661 0.503937 0.496063 
vn 0.724409 0.574803 0.385827 
vn 0.708661 -0.543307 0.448819 
vn 0.685039 -0.133858 0.716535 
vn 0.149606 -0.669291 0.724409 
vn 0.19685 -0.181102 0.968504 
vn 0 -0.708661 0.708661 
vn 0.19685 0.19685 0.96063 
vn 0 -0.181102 0.984252 
vn 0 0.204724 0.976378 
vn -0.685039 0.409449 0.598425 
vn -0.19685 0.551181 0.811024 
vn 0 0.559055 0.826772 
vn 0 0.204724 0.976378 
vn 0 0.748031 0.661417 
vn -0.708661 0.503937 0.496063 
vn -0.188976 0.724409 0.661417 
vn 0 0.80315 0.590551 
vn -0.204724 0.889764 0.417323 
vn 0 0.905512 0.425197 
vn -0.204724 0.787402 0.582677 
vn -0.677165 0.700787 0.220472 
vn -0.724409 0.574803 0.385827 
vn 0.19685 0.551181 0.811024 
vn 0.685039 0.409449 0.598425 
vn 0.685039 0.149606 0.708661 
vn 0.19685 0.19685 0.96063 
vn 0 0.204724 0.976378 
vn 0 0.559055 0.826772 
vn 0.708661 0.503937 0.496063 
vn 0 0.748031 0.661417 
vn 0.188976 0.724409 0.661417 
vn 0.724409 0.574803 0.385827 
vn 0 0.80315 0.590551 
vn 0.204724 0.787402 0.582677 
vn 0 0.779528 0.629921 
vn 0 0.779528 0.629921 
vn 0 0.779528 0.629921 
vn 0 0.779528 0.629921 
vn 0 0.779528 0.629921 
vn 0 0.779528 0.629921 
vn 0 0.779528 0.629921 
vn 0 0.779528 0.629921 
vn -0.708661 -0.543307 0.448819 
vn -0.976378 -0.0393701 0.212598 
vn -0.685039 0.149606 0.708661 
vn -0.976378 0.0472441 0.212598 
vn -0.92126 -0.354331 -0.173228 
vn -0.913386 -0.401575 -0.015748 
vn -0.370079 -0.826772 -0.433071 
vn -0.685039 -0.133858 0.716535 
vn -0.409449 -0.84252 -0.346457 
vn -0.708661 -0.543307 0.448819 
vn -0.700787 0.559055 0.448819 
vn -0.976378 0.11811 0.181102 
vn -0.685039 0.409449 0.598425 
vn -0.976378 0.15748 0.133858 
vn -0.984252 0.149606 0.125984 
vn -0.708661 0.574803 0.409449 
vn -0.976378 0.11811 0.165354 
vn -0.708661 0.503937 0.496063 
vn -0.204724 0.889764 0.417323 
vn -0.677165 0.700787 0.220472 
vn -0.724409 0.574803 0.385827 
vn -0.755906 0.440945 -0.488189 
vn -0.976378 0.19685 0.023622 
vn -0.889764 -0.220472 -0.401575 
vn -0.653543 0.149606 -0.740157 
vn -0.913386 -0.362205 -0.181102 
vn -0.377953 -0.598425 -0.708661 
vn -0.362205 -0.795276 -0.488189 
vn 0.0866142 0.787402 -0.614173 
vn 0.755906 0.440945 -0.488189 
vn 0.708661 -0.543307 0.448819 
vn 0.149606 -0.669291 0.724409 
vn 0.267717 -0.771654 0.574803 
vn 0 -0.929134 0.362205 
vn 0 -0.708661 0.708661 
vn -0.708661 -0.543307 0.448819 
vn -0.362205 -0.929134 0.102362 
vn 0.362205 -0.929134 0.102362 
vn -0.92126 -0.354331 -0.173228 
vn -0.913386 -0.401575 -0.015748 
vn -0.370079 -0.826772 -0.433071 
vn -0.409449 -0.84252 -0.346457 
vn 0 -0.88189 -0.472441 
vn 0 -0.88189 -0.472441 
vn -0.362205 -0.929134 0.102362 
vn 0 -0.88189 -0.472441 
vn -0.708661 -0.543307 0.448819 
vn -0.149606 -0.669291 0.724409 
vn -0.267717 -0.771654 0.574803 
vn 0 -0.929134 0.362205 
vn 0 -0.708661 0.708661 
vn 0.92126 -0.354331 -0.173228 
vn 0.724409 0.574803 0.385827 
vn -0.889764 -0.220472 -0.401575 
vn -0.377953 -0.598425 -0.708661 
vn -0.362205 -0.795276 -0.488189 
vn 0 -0.653543 -0.755906 
vn 0 -0.84252 -0.543307 
vn -0.23622 -0.149606 -0.96063 
vn 0.409449 -0.84252 -0.346457 
vn 0.913386 -0.401575 -0.015748 
vn 0.362205 -0.929134 0.102362 
vn 0 -0.88189 -0.472441 
vn 0 -0.88189 -0.472441 
vn 0 -0.88189 -0.472441 
vn 0.370079 -0.826772 -0.433071 
vn 0 -0.84252 -0.543307 
vn 0.362205 -0.795276 -0.488189 
vn 0 -0.653543 -0.755906 
vn 0.377953 -0.598425 -0.708661 
vn 0.283465 0.661417 -0.692913 
vn 0.173228 0.606299 -0.779528 
vn 0.0866142 0.787402 -0.614173 
vn 0.755906 0.440945 -0.488189 
vn 0.0472441 0.661417 -0.748031 
vn 0 0.80315 -0.598425 
vn 0 0.645669 -0.76378 
vn 0 0.464567 -0.88189 
vn 0 0.464567 -0.88189 
vn 0 0.464567 -0.88189 
vn 0.212598 0.496063 -0.84252 
vn 0 0.464567 -0.88189 
vn 0 0.307087 -0.952756 
vn 0.19685 0.417323 -0.889764 
vn 0.653543 0.149606 -0.740157 
vn 0.0472441 0.299213 -0.952756 
vn 0 -0.188976 -0.984252 
vn 0.23622 -0.149606 -0.96063 
vn 0.889764 -0.220472 -0.401575 
vn -0.204724 0.889764 0.417323 
vn 0 0.905512 0.425197 
vn -0.677165 0.700787 0.220472 
vn -0.755906 0.440945 -0.488189 
vn -0.889764 -0.220472 -0.401575 
vn -0.653543 0.149606 -0.740157 
vn -0.377953 -0.598425 -0.708661 
vn 0 -0.653543 -0.755906 
vn -0.23622 -0.149606 -0.96063 
vn 0 -0.188976 -0.984252 
vn -0.0472441 0.299213 -0.952756 
vn 0 -0.188976 -0.984252 
vn 0 0.307087 -0.952756 
vn -0.19685 0.417323 -0.889764 
vn 0 0.464567 -0.88189 
vn 0 0.464567 -0.88189 
vn -0.212598 0.496063 -0.84252 
vn 0 0.464567 -0.88189 
vn 0 0.464567 -0.88189 
vn -0.173228 0.606299 -0.779528 
vn -0.283465 0.661417 -0.692913 
vn -0.0472441 0.661417 -0.748031 
vn 0 0.645669 -0.76378 
vn 0 -0.653543 -0.755906 
vn 0.377953 -0.598425 -0.708661 
vn 0.889764 -0.220472 -0.401575 
vn 0.653543 0.149606 -0.740157 
vn 0.23622 -0.149606 -0.96063 
vn 0 -0.188976 -0.984252 

vt 36.105 -42.8584 
vt 36.1139 -42.8754 
vt 36.1425 -42.9295 
vt 35.8629 -43.1356 
vt 35.8652 -43.1416 
vt 35.8655 -43.1055 
vt 35.8781 -43.1141 
vt 35.8746 -43.0965 
vt 35.8606 -43.117 
vt 35.8838 -43.1085 
vt 35.8947 -43.1012 
vt 35.8883 -43.0873 
vt 35.9011 -43.1151 
vt 35.8756 -43.1202 
vt 35.9322 -43.0985 
vt 35.9238 -43.0804 
vt 35.9174 -43.0665 
vt 36.1369 -42.9396 
vt 36.1068 -42.8826 
vt 36.1425 -42.9295 
vt 36.0993 -42.8684 
vt 36.1139 -42.8754 
vt 36.1076 -42.8633 
vt 35.8755 -43.1268 
vt 35.8762 -43.1285 
vt 35.8629 -43.1356 
vt 35.8605 -43.1295 
vt 36.105 -42.8584 
vt 36.1176 -42.8738 
vt 36.1139 -42.8667 
vt 35.8786 -43.1345 
vt 35.8762 -43.1285 
vt 35.9039 -43.1211 
vt 35.9011 -43.1151 
vt 35.9349 -43.1045 
vt 35.9322 -43.0985 
vt 36.1401 -42.9456 
vt 36.1369 -42.9396 
vt 35.9403 -43.1076 
vt 35.9479 -43.1139 
vt 35.953 -43.105 
vt 35.935 -43.1139 
vt 35.9548 -43.1124 
vt 35.9814 -43.105 
vt 35.9814 -43.1124 
vt 35.9447 -43.1176 
vt 35.9575 -42.8655 
vt 35.9575 -42.8746 
vt 35.9576 -42.8883 
vt 35.9563 -42.9174 
vt 35.9378 -43.0993 
vt 36.0425 -42.8746 
vt 36.0425 -42.8655 
vt 36.0274 -42.8708 
vt 36.0424 -42.8883 
vt 36.0274 -42.8602 
vt 36.0187 -42.8602 
vt 36.0186 -42.8708 
vt 36.0274 -42.8857 
vt 36.0186 -42.8857 
vt 36.0186 -42.9148 
vt 36.0437 -42.9174 
vt 36.0287 -42.9148 
vt 36.0186 -43.0963 
vt 36.047 -43.105 
vt 36.0186 -43.105 
vt 36.0472 -43.0963 
vt 36.0597 -43.1076 
vt 36.0622 -43.0993 
vt 36.0521 -43.1139 
vt 36.0597 -43.1076 
vt 36.047 -43.105 
vt 36.0452 -43.1124 
vt 36.0186 -43.105 
vt 36.0186 -43.1124 
vt 35.9726 -42.8602 
vt 35.9575 -42.8655 
vt 35.9726 -42.8708 
vt 35.9813 -42.8602 
vt 35.9575 -42.8746 
vt 35.9814 -42.8708 
vt 35.9576 -42.8883 
vt 35.9726 -42.8857 
vt 35.9814 -42.8857 
vt 35.9563 -42.9174 
vt 35.9814 -42.9148 
vt 35.9713 -42.9148 
vt 35.9378 -43.0993 
vt 35.9814 -43.0963 
vt 35.9528 -43.0963 
vt 35.9403 -43.1076 
vt 35.953 -43.105 
vt 35.9814 -43.105 
vt 36.047 -42.8584 
vt 36.0186 -42.8584 
vt 36.0425 -43.1356 
vt 36.0188 -43.1385 
vt 35.9649 -43.1416 
vt 35.9575 -43.1356 
vt 35.9645 -43.1416 
vt 36.0425 -43.1356 
vt 36.0351 -43.1416 
vt 36.0355 -43.1416 
vt 35.9575 -43.117 
vt 35.9575 -43.1295 
vt 35.9575 -43.1356 
vt 35.9726 -43.1307 
vt 35.9726 -43.1157 
vt 35.9726 -43.1385 
vt 35.9812 -43.1385 
vt 35.9813 -43.1307 
vt 35.9813 -43.1157 
vt 36.0425 -43.1055 
vt 36.0425 -43.117 
vt 36.0437 -43.0665 
vt 36.0622 -42.8684 
vt 36.0425 -43.1356 
vt 36.0425 -43.1295 
vt 36.0274 -43.1385 
vt 36.0274 -43.1307 
vt 36.0188 -43.1385 
vt 36.0274 -43.1157 
vt 36.0187 -43.1307 
vt 36.0187 -43.1157 
vt 35.9575 -43.1055 
vt 35.9726 -43.102 
vt 35.9813 -43.102 
vt 35.9813 -43.1157 
vt 35.9814 -43.0608 
vt 35.9563 -43.0665 
vt 35.9713 -43.0608 
vt 35.9814 -42.8625 
vt 35.953 -42.8584 
vt 35.9814 -42.8584 
vt 35.9528 -42.8625 
vt 35.9403 -42.8633 
vt 35.9378 -42.8684 
vt 36.0274 -43.102 
vt 36.0425 -43.1055 
vt 36.0425 -43.117 
vt 36.0274 -43.1157 
vt 36.0187 -43.1157 
vt 36.0187 -43.102 
vt 36.0437 -43.0665 
vt 36.0186 -43.0608 
vt 36.0287 -43.0608 
vt 36.0622 -42.8684 
vt 36.0186 -42.8625 
vt 36.0472 -42.8625 
vt 36.0355 -43.1416 
vt 36.0351 -43.1416 
vt 36.0188 -43.1416 
vt 36.0188 -43.1416 
vt 35.9812 -43.1416 
vt 35.9812 -43.1416 
vt 35.9649 -43.1416 
vt 35.9645 -43.1416 
vt 36.1371 -43.1356 
vt 36.1245 -43.1268 
vt 36.1394 -43.117 
vt 36.1244 -43.1202 
vt 36.0989 -43.1151 
vt 36.1238 -43.1285 
vt 36.0961 -43.1211 
vt 36.1395 -43.1295 
vt 36.1214 -43.1345 
vt 36.1371 -43.1356 
vt 36.1254 -43.0965 
vt 36.1219 -43.1141 
vt 36.1345 -43.1055 
vt 36.1162 -43.1085 
vt 36.1053 -43.1012 
vt 36.1117 -43.0873 
vt 36.0762 -43.0804 
vt 36.0826 -43.0665 
vt 35.895 -42.8584 
vt 35.8924 -42.8633 
vt 35.9007 -42.8684 
vt 35.8861 -42.8754 
vt 35.8932 -42.8826 
vt 35.8631 -42.9396 
vt 35.8575 -42.9295 
vt 36.0678 -43.0985 
vt 35.8599 -42.9456 
vt 36.0651 -43.1045 
vt 36.047 -43.105 
vt 36.065 -43.1139 
vt 36.0425 -42.8629 
vt 36.0274 -42.8574 
vt 36.0351 -42.8652 
vt 36.0188 -42.8652 
vt 36.0188 -42.8574 
vt 35.9575 -42.8629 
vt 35.9645 -42.8652 
vt 36.0355 -42.8652 
vt 35.9513 -42.9011 
vt 35.9513 -42.8762 
vt 35.9581 -42.9039 
vt 35.9582 -42.8786 
vt 35.9813 -42.9039 
vt 35.9812 -42.8786 
vt 35.9645 -42.8652 
vt 35.9812 -42.8652 
vt 35.9575 -42.8629 
vt 35.9726 -42.8574 
vt 35.9649 -42.8652 
vt 35.9812 -42.8652 
vt 35.9812 -42.8574 
vt 36.0487 -42.9011 
vt 36.0622 -43.0993 
vt 35.9316 -43.1369 
vt 35.9384 -43.1401 
vt 35.9568 -42.9349 
vt 35.9813 -43.1401 
vt 35.9813 -42.9349 
vt 35.9419 -43.1458 
vt 36.0418 -42.8786 
vt 36.0487 -42.8762 
vt 36.0355 -42.8652 
vt 36.0188 -42.8786 
vt 36.0188 -42.8652 
vt 36.0187 -42.9039 
vt 36.0419 -42.9039 
vt 36.0187 -42.9349 
vt 36.0432 -42.9349 
vt 36.0187 -43.1401 
vt 36.0616 -43.1401 
vt 35.9403 -42.8633 
vt 35.9479 -42.8667 
vt 35.953 -42.8584 
vt 35.935 -42.8754 
vt 35.9548 -42.864 
vt 35.9814 -42.8584 
vt 35.9814 -42.864 
vt 35.9814 -42.8738 
vt 35.9543 -42.8738 
vt 35.9814 -42.918 
vt 35.9447 -42.8738 
vt 35.952 -42.918 
vt 35.9814 -42.9242 
vt 35.9447 -42.918 
vt 35.935 -42.9295 
vt 35.9516 -42.9242 
vt 35.9814 -42.9356 
vt 35.9419 -42.9356 
vt 35.9316 -42.9396 
vt 36.047 -42.8584 
vt 36.0186 -42.8584 
vt 36.0597 -42.8633 
vt 36.065 -42.8754 
vt 36.0684 -42.9396 
vt 36.065 -42.9295 
vt 36.0616 -42.9456 
vt 36.0187 -42.9456 
vt 36.0581 -42.9356 
vt 36.0186 -42.9356 
vt 36.0484 -42.9242 
vt 36.0186 -42.9356 
vt 36.0186 -42.9242 
vt 36.0553 -42.918 
vt 36.048 -42.918 
vt 36.0186 -42.918 
vt 36.0553 -42.8738 
vt 36.0457 -42.8738 
vt 36.0186 -42.8738 
vt 36.0521 -42.8667 
vt 36.0597 -42.8633 
vt 36.0452 -42.864 
vt 36.0186 -42.864 
vt 35.9813 -42.9456 
vt 35.9384 -42.9456 
vt 35.9316 -42.9396 
vt 35.935 -42.9295 
vt 35.9419 -42.9356 
vt 35.9814 -42.9356 

usemtl Cube0231Mtl

f 582/582/582 583/583/583 584/584/584 
f 585/585/585 583/583/583 582/582/582 
f 584/584/584 583/583/583 586/586/586 
f 587/587/587 584/584/584 586/586/586 
f 584/584/584 587/587/587 588/588/588 
f 586/586/586 583/583/583 589/589/589 
f 589/589/589 587/587/587 586/586/586 
f 583/583/583 590/590/590 589/589/589 
f 583/583/583 585/585/585 590/590/590 
f 587/587/587 589/589/589 591/591/591 
f 587/587/587 592/592/592 588/588/588 
f 592/592/592 587/587/587 591/591/591 
f 593/593/593 588/588/588 592/592/592 
f 594/594/594 592/592/592 591/591/591 
f 595/595/595 593/593/593 592/592/592 
f 592/592/592 594/594/594 595/595/595 
f 595/595/595 594/594/594 596/596/596 
f 593/593/593 595/595/595 597/597/597 
f 595/595/595 596/596/596 598/598/598 
f 598/598/598 597/597/597 595/595/595 
f 597/597/597 598/598/598 599/599/599 
f 600/600/600 589/589/589 590/590/590 
f 590/590/590 585/585/585 600/600/600 
f 601/601/601 589/589/589 600/600/600 
f 600/600/600 602/602/602 601/601/601 
f 602/602/602 600/600/600 603/603/603 
f 600/600/600 585/585/585 603/603/603 
f 609/609/609 608/608/608 607/607/607 
f 608/608/608 609/609/609 610/610/610 
f 611/611/611 610/610/610 609/609/609 
f 610/610/610 611/611/611 612/612/612 
f 613/613/613 612/612/612 611/611/611 
f 612/612/612 613/613/613 614/614/614 
f 615/615/615 616/616/616 617/617/617 
f 616/616/616 619/619/619 617/617/617 
f 620/620/620 617/617/617 619/619/619 
f 620/620/620 619/619/619 621/621/621 
f 629/629/629 630/630/630 628/628/628 
f 630/630/630 631/631/631 628/628/628 
f 630/630/630 629/629/629 632/632/632 
f 633/633/633 630/630/630 632/632/632 
f 630/630/630 633/633/633 634/634/634 
f 634/634/634 635/635/635 630/630/630 
f 631/631/631 630/630/630 635/635/635 
f 635/635/635 634/634/634 636/636/636 
f 636/636/636 637/637/637 635/635/635 
f 635/635/635 638/638/638 631/631/631 
f 635/635/635 637/637/637 639/639/639 
f 638/638/638 635/635/635 639/639/639 
f 641/641/641 640/640/640 642/642/642 
f 640/640/640 641/641/641 643/643/643 
f 644/644/644 643/643/643 641/641/641 
f 643/643/643 644/644/644 645/645/645 
f 648/648/648 646/646/646 647/647/647 
f 646/646/646 648/648/648 649/649/649 
f 650/650/650 649/649/649 648/648/648 
f 649/649/649 650/650/650 651/651/651 
f 652/652/652 653/653/653 654/654/654 
f 655/655/655 652/652/652 654/654/654 
f 653/653/653 656/656/656 654/654/654 
f 655/655/655 654/654/654 657/657/657 
f 658/658/658 654/654/654 656/656/656 
f 654/654/654 659/659/659 657/657/657 
f 654/654/654 658/658/658 659/659/659 
f 657/657/657 659/659/659 660/660/660 
f 658/658/658 661/661/661 659/659/659 
f 659/659/659 662/662/662 660/660/660 
f 659/659/659 661/661/661 663/663/663 
f 662/662/662 659/659/659 663/663/663 
f 666/666/666 664/664/664 667/667/667 
f 666/666/666 667/667/667 668/668/668 
f 665/665/665 666/666/666 668/668/668 
f 665/665/665 668/668/668 669/669/669 
f 674/674/674 675/675/675 676/676/676 
f 677/677/677 678/678/678 679/679/679 
f 681/681/681 683/683/683 680/680/680 
f 684/684/684 680/680/680 683/683/683 
f 682/682/682 685/685/685 681/681/681 
f 683/683/683 681/681/681 685/685/685 
f 686/686/686 683/683/683 685/685/685 
f 683/683/683 686/686/686 687/687/687 
f 687/687/687 684/684/684 683/683/683 
f 684/684/684 687/687/687 688/688/688 
f 694/694/694 695/695/695 693/693/693 
f 690/690/690 696/696/696 694/694/694 
f 695/695/695 694/694/694 696/696/696 
f 696/696/696 697/697/697 695/695/695 
f 696/696/696 690/690/690 698/698/698 
f 699/699/699 697/697/697 696/696/696 
f 698/698/698 699/699/699 696/696/696 
f 700/700/700 699/699/699 698/698/698 
f 680/680/680 702/702/702 701/701/701 
f 702/702/702 704/704/704 703/703/703 
f 704/704/704 702/702/702 684/684/684 
f 702/702/702 680/680/680 684/684/684 
f 705/705/705 708/708/708 707/707/707 
f 707/707/707 708/708/708 711/711/711 
f 707/707/707 711/711/711 713/713/713 
f 713/713/713 706/706/706 707/707/707 
f 716/716/716 715/715/715 714/714/714 
f 717/717/717 716/716/716 714/714/714 
f 718/718/718 717/717/717 714/714/714 
f 718/718/718 714/714/714 719/719/719 
f 723/723/723 722/722/722 720/720/720 
f 722/722/722 724/724/724 721/721/721 
f 722/722/722 723/723/723 725/725/725 
f 724/724/724 722/722/722 725/725/725 
f 726/726/726 727/727/727 728/728/728 
f 728/728/728 729/729/729 726/726/726 
f 730/730/730 731/731/731 732/732/732 
f 732/732/732 733/733/733 730/730/730 
f 735/735/735 736/736/736 737/737/737 
f 735/735/735 737/737/737 738/738/738 
f 738/738/738 739/739/739 735/735/735 
f 740/740/740 739/739/739 738/738/738 
f 736/736/736 735/735/735 741/741/741 
f 739/739/739 740/740/740 742/742/742 
f 739/739/739 743/743/743 735/735/735 
f 735/735/735 743/743/743 741/741/741 
f 744/744/744 745/745/745 746/746/746 
f 745/745/745 744/744/744 747/747/747 
f 745/745/745 736/736/736 746/746/746 
f 744/744/744 748/748/748 747/747/747 
f 745/745/745 747/747/747 738/738/738 
f 747/747/747 748/748/748 738/738/738 
f 737/737/737 745/745/745 738/738/738 
f 736/736/736 745/745/745 737/737/737 
f 744/744/744 749/749/749 748/748/748 
f 749/749/749 750/750/750 748/748/748 
f 750/750/750 749/749/749 751/751/751 
f 755/755/755 754/754/754 753/753/753 
f 751/751/751 754/754/754 756/756/756 
f 756/756/756 750/750/750 751/751/751 
f 754/754/754 755/755/755 756/756/756 
f 757/757/757 750/750/750 756/756/756 
f 756/756/756 758/758/758 757/757/757 
f 758/758/758 756/756/756 755/755/755 
f 750/750/750 757/757/757 759/759/759 
f 759/759/759 748/748/748 750/750/750 
f 748/748/748 759/759/759 738/738/738 
f 760/760/760 759/759/759 757/757/757 
f 759/759/759 760/760/760 761/761/761 
f 761/761/761 738/738/738 759/759/759 
f 738/738/738 761/761/761 740/740/740 
f 764/764/764 765/765/765 766/766/766 
f 767/767/767 766/766/766 765/765/765 
f 765/765/765 768/768/768 767/767/767 
f 774/774/774 776/776/776 775/775/775 
f 776/776/776 777/777/777 775/775/775 
f 775/775/775 777/777/777 778/778/778 
f 777/777/777 779/779/779 778/778/778 
f 775/775/775 778/778/778 780/780/780 
f 780/780/780 773/773/773 775/775/775 
f 780/780/780 782/782/782 781/781/781 
f 783/783/783 781/781/781 782/782/782 
f 781/781/781 783/783/783 784/784/784 
f 790/790/790 789/789/789 788/788/788 
f 789/789/789 790/790/790 791/791/791 
f 791/791/791 774/774/774 789/789/789 
f 774/774/774 791/791/791 776/776/776 
f 764/764/764 793/793/793 794/794/794 
f 793/793/793 764/764/764 795/795/795 
f 795/795/795 796/796/796 793/793/793 
f 796/796/796 795/795/795 797/797/797 
f 798/798/798 793/793/793 796/796/796 
f 793/793/793 798/798/798 799/799/799 
f 800/800/800 799/799/799 798/798/798 
f 801/801/801 799/799/799 800/800/800 
f 802/802/802 801/801/801 800/800/800 
f 803/803/803 801/801/801 802/802/802 
f 807/807/807 805/805/805 804/804/804 
f 808/808/808 811/811/811 810/810/810 
f 811/811/811 808/808/808 812/812/812 
f 805/805/805 812/812/812 808/808/808 
f 812/812/812 813/813/813 811/811/811 
f 805/805/805 807/807/807 814/814/814 
f 812/812/812 805/805/805 814/814/814 
f 813/813/813 812/812/812 815/815/815 
f 814/814/814 815/815/815 812/812/812 
f 815/815/815 816/816/816 813/813/813 
f 807/807/807 817/817/817 814/814/814 
f 815/815/815 814/814/814 817/817/817 
f 807/807/807 818/818/818 817/817/817 
f 816/816/816 815/815/815 819/819/819 
f 819/819/819 815/815/815 817/817/817 
f 818/818/818 819/819/819 817/817/817 
f 819/819/819 820/820/820 816/816/816 
f 819/819/819 818/818/818 821/821/821 
f 820/820/820 819/819/819 821/821/821 
f 828/828/828 829/829/829 827/827/827 
f 830/830/830 829/829/829 831/831/831 
f 829/829/829 828/828/828 831/831/831 
f 831/831/831 832/832/832 830/830/830 
f 833/833/833 831/831/831 828/828/828 
f 834/834/834 831/831/831 833/833/833 
f 833/833/833 835/835/835 834/834/834 
f 828/828/828 836/836/836 833/833/833 
f 826/826/826 836/836/836 828/828/828 
f 837/837/837 835/835/835 833/833/833 
f 833/833/833 836/836/836 837/837/837 
f 837/837/837 838/838/838 835/835/835 
f 836/836/836 826/826/826 839/839/839 
f 839/839/839 837/837/837 836/836/836 
f 840/840/840 838/838/838 837/837/837 
f 837/837/837 839/839/839 840/840/840 
f 838/838/838 840/840/840 841/841/841 
f 842/842/842 839/839/839 826/826/826 
f 842/842/842 840/840/840 839/839/839 
f 842/842/842 826/826/826 843/843/843 
f 840/840/840 842/842/842 844/844/844 
f 844/844/844 841/841/841 840/840/840 
f 841/841/841 844/844/844 845/845/845 
f 849/849/849 848/848/848 847/847/847 
f 847/847/847 850/850/850 849/849/849 
f 846/846/846 850/850/850 847/847/847 
f 850/850/850 846/846/846 851/851/851 

g Cube0211

v -0.0599938 1.83527 21.2581 1 1 1 1 
v -0.0599938 1.37373 20.9232 1 1 1 1 
v -0.0599938 1.88773 21.1234 1 1 1 1 
v -0.0599938 1.32127 21.0579 1 1 1 1 
v -0.0599938 1.83527 21.2581 1 1 1 1 
v -0.0599938 1.88773 21.1234 1 1 1 1 
v -1.44593 1.83527 21.2581 1 1 1 1 
v -1.44593 1.88773 21.1234 1 1 1 1 
v -1.44593 1.83527 21.2581 1 1 1 1 
v -0.0599938 1.32127 21.0579 1 1 1 1 
v -0.0599938 1.83527 21.2581 1 1 1 1 
v -1.44593 1.32127 21.0579 1 1 1 1 
v -1.44593 1.88773 21.1234 1 1 1 1 
v -1.44593 1.32127 21.0579 1 1 1 1 
v -1.44593 1.83527 21.2581 1 1 1 1 
v -1.44593 1.37373 20.9232 1 1 1 1 
v -1.44593 1.37373 20.9232 1 1 1 1 
v -0.0599938 1.37373 20.9232 1 1 1 1 
v -0.0599938 1.32127 21.0579 1 1 1 1 
v -1.44593 1.32127 21.0579 1 1 1 1 
v -0.0599938 1.88773 21.1234 1 1 1 1 
v -1.44593 1.37373 20.9232 1 1 1 1 
v -1.44593 1.88773 21.1234 1 1 1 1 
v -0.0599938 1.37373 20.9232 1 1 1 1 

vn 1 0 0 
vn 1 0 0 
vn 1 0 0 
vn 1 0 0 
vn 0 0.929134 0.362205 
vn 0 0.929134 0.362205 
vn 0 0.929134 0.362205 
vn 0 0.929134 0.362205 
vn 0 -0.362205 0.929134 
vn 0 -0.362205 0.929134 
vn 0 -0.362205 0.929134 
vn 0 -0.362205 0.929134 
vn -1 0 0 
vn -1 0 0 
vn -1 0 0 
vn -1 0 0 
vn 0 -0.929134 -0.362205 
vn 0 -0.929134 -0.362205 
vn 0 -0.929134 -0.362205 
vn 0 -0.929134 -0.362205 
vn 0 0.362205 -0.929134 
vn 0 0.362205 -0.929134 
vn 0 0.362205 -0.929134 
vn 0 0.362205 -0.929134 

vt 39.9791 -10.9712 
vt 40.0209 -11.0288 
vt 39.9959 -10.9646 
vt 40.0041 -11.0354 
vt 39.9134 -10.9791 
vt 39.9134 -10.9959 
vt 40.0866 -10.9791 
vt 40.0866 -10.9959 
vt 39.9134 -10.9712 
vt 40.0866 -11.0354 
vt 40.0866 -10.9712 
vt 39.9134 -11.0354 
vt 40.0041 -10.9646 
vt 39.9959 -11.0354 
vt 40.0209 -10.9712 
vt 39.9791 -11.0288 
vt 39.9134 -11.0209 
vt 40.0866 -11.0209 
vt 40.0866 -11.0041 
vt 39.9134 -11.0041 
vt 39.9134 -10.9646 
vt 40.0866 -11.0288 
vt 40.0866 -10.9646 
vt 39.9134 -11.0288 

usemtl Cube0231Mtl

f 852/852/852 853/853/853 854/854/854 
f 853/853/853 852/852/852 855/855/855 
f 856/856/856 857/857/857 858/858/858 
f 858/858/858 857/857/857 859/859/859 
f 860/860/860 861/861/861 862/862/862 
f 861/861/861 860/860/860 863/863/863 
f 864/864/864 865/865/865 866/866/866 
f 865/865/865 864/864/864 867/867/867 
f 868/868/868 869/869/869 870/870/870 
f 868/868/868 870/870/870 871/871/871 
f 872/872/872 873/873/873 874/874/874 
f 873/873/873 872/872/872 875/875/875 

g Cube0201

v 0.132857 1.22258 21.269 1 1 1 1 
v 0.132857 0.972225 21.269 1 1 1 1 
v 0.132857 0.897565 21.2075 1 1 1 1 
v 0.132857 1.29777 21.2075 1 1 1 1 
v 0.194358 1.09767 20.1583 1 1 1 1 
v 0.132857 1.23916 20.1503 1 1 1 1 
v 0.194358 1.19527 20.1987 1 1 1 1 
v 0.132857 1.09767 20.0917 1 1 1 1 
v 0.132857 0.956174 20.1503 1 1 1 1 
v 0.132857 1.09767 20.0917 1 1 1 1 
v 0.194358 1.09767 20.1583 1 1 1 1 
v 0.194358 1.00007 20.1987 1 1 1 1 
v 0.194358 1.23394 20.2918 1 1 1 1 
v 0.194358 1.09767 20.1583 1 1 1 1 
v 0.194358 1.19527 20.1987 1 1 1 1 
v 0.194358 0.961399 20.2918 1 1 1 1 
v 0.194358 1.00007 20.1987 1 1 1 1 
v 0.194358 1.23394 20.2918 1 1 1 1 
v 0.194358 1.23402 21.2075 1 1 1 1 
v 0.194358 0.961315 21.2075 1 1 1 1 
v 0.194358 0.961399 20.2918 1 1 1 1 
v 0.132857 0.897565 20.2918 1 1 1 1 
v 0.194358 1.00007 20.1987 1 1 1 1 
v 0.194358 0.961399 20.2918 1 1 1 1 
v 0.132857 0.956174 20.1503 1 1 1 1 
v 0.132857 1.29777 20.2918 1 1 1 1 
v 0.194358 1.19527 20.1987 1 1 1 1 
v 0.132857 1.23916 20.1503 1 1 1 1 
v 0.194358 1.23394 20.2918 1 1 1 1 
v 0.194358 0.961315 21.2075 1 1 1 1 
v 0.132857 0.897565 20.2918 1 1 1 1 
v 0.194358 0.961399 20.2918 1 1 1 1 
v 0.132857 0.897565 21.2075 1 1 1 1 
v 0.132857 1.29777 20.2918 1 1 1 1 
v 0.132857 1.29777 21.2075 1 1 1 1 
v 0.194358 1.23402 21.2075 1 1 1 1 
v 0.194358 1.23394 20.2918 1 1 1 1 
v 0.132857 1.29777 21.2075 1 1 1 1 
v -1.63879 1.29777 21.2075 1 1 1 1 
v -1.63879 1.23916 20.1503 1 1 1 1 
v 0.132857 1.23916 20.1503 1 1 1 1 
v -1.63879 1.29777 20.2918 1 1 1 1 
v 0.132857 1.29777 20.2918 1 1 1 1 
v -1.63879 1.29777 20.2918 1 1 1 1 
v 0.132857 1.29777 20.2918 1 1 1 1 
v 0.132857 1.23916 20.1503 1 1 1 1 
v -1.63879 1.23916 20.1503 1 1 1 1 
v -1.63879 1.29777 21.2075 1 1 1 1 
v 0.132857 1.29777 21.2075 1 1 1 1 
v 0.132857 1.29777 20.2918 1 1 1 1 
v -1.63879 1.29777 20.2918 1 1 1 1 
v 0.194358 0.961315 21.2075 1 1 1 1 
v 0.194358 1.23402 21.2075 1 1 1 1 
v 0.132857 1.22258 21.269 1 1 1 1 
v 0.132857 0.972225 21.269 1 1 1 1 
v -1.63879 0.97276 21.269 1 1 1 1 
v -1.63879 1.22311 21.269 1 1 1 1 
v -1.70029 1.23402 21.2075 1 1 1 1 
v -1.70029 0.961315 21.2075 1 1 1 1 
v 0.132857 0.972225 21.269 1 1 1 1 
v 0.132857 0.897565 21.2075 1 1 1 1 
v 0.194358 0.961315 21.2075 1 1 1 1 
v -1.63879 0.97276 21.269 1 1 1 1 
v -1.70029 0.961315 21.2075 1 1 1 1 
v -1.63879 0.897565 21.2075 1 1 1 1 
v 0.132857 1.22258 21.269 1 1 1 1 
v 0.194358 1.23402 21.2075 1 1 1 1 
v 0.132857 1.29777 21.2075 1 1 1 1 
v -1.63879 1.22311 21.269 1 1 1 1 
v -1.63879 1.29777 21.2075 1 1 1 1 
v -1.70029 1.23402 21.2075 1 1 1 1 
v 0.132857 1.22258 21.269 1 1 1 1 
v -1.63879 1.22311 21.269 1 1 1 1 
v -1.63879 0.97276 21.269 1 1 1 1 
v 0.132857 0.972225 21.269 1 1 1 1 
v 0.132857 0.972225 21.269 1 1 1 1 
v -1.63879 0.97276 21.269 1 1 1 1 
v -1.63879 0.897565 21.2075 1 1 1 1 
v 0.132857 0.897565 21.2075 1 1 1 1 
v 0.132857 1.29777 21.2075 1 1 1 1 
v -1.63879 1.29777 21.2075 1 1 1 1 
v -1.63879 1.22311 21.269 1 1 1 1 
v 0.132857 1.22258 21.269 1 1 1 1 
v -1.63879 0.97276 21.269 1 1 1 1 
v -1.63879 1.22311 21.269 1 1 1 1 
v -1.63879 0.897565 21.2075 1 1 1 1 
v -1.63879 1.29777 21.2075 1 1 1 1 
v -1.63879 1.23916 20.1503 1 1 1 1 
v -1.70029 1.09767 20.1583 1 1 1 1 
v -1.70029 1.19527 20.1987 1 1 1 1 
v -1.63879 1.09767 20.0917 1 1 1 1 
v -1.63879 0.956174 20.1503 1 1 1 1 
v -1.70029 1.09767 20.1583 1 1 1 1 
v -1.63879 1.09767 20.0917 1 1 1 1 
v -1.70029 1.00007 20.1987 1 1 1 1 
v -1.70029 1.23394 20.2918 1 1 1 1 
v -1.70029 1.09767 20.1583 1 1 1 1 
v -1.70029 0.961399 20.2918 1 1 1 1 
v -1.70029 1.00007 20.1987 1 1 1 1 
v -1.70029 1.19527 20.1987 1 1 1 1 
v -1.70029 1.23394 20.2918 1 1 1 1 
v -1.70029 0.961315 21.2075 1 1 1 1 
v -1.70029 1.23402 21.2075 1 1 1 1 
v -1.70029 0.961399 20.2918 1 1 1 1 
v -1.70029 1.00007 20.1987 1 1 1 1 
v -1.63879 0.897565 20.2918 1 1 1 1 
v -1.70029 0.961399 20.2918 1 1 1 1 
v -1.63879 0.956174 20.1503 1 1 1 1 
v -1.63879 1.29777 20.2918 1 1 1 1 
v -1.63879 1.23916 20.1503 1 1 1 1 
v -1.70029 1.19527 20.1987 1 1 1 1 
v -1.70029 1.23394 20.2918 1 1 1 1 
v -1.70029 0.961315 21.2075 1 1 1 1 
v -1.70029 0.961399 20.2918 1 1 1 1 
v -1.63879 0.897565 20.2918 1 1 1 1 
v -1.63879 0.897565 21.2075 1 1 1 1 
v -1.63879 1.29777 20.2918 1 1 1 1 
v -1.70029 1.23402 21.2075 1 1 1 1 
v -1.63879 1.29777 21.2075 1 1 1 1 
v -1.70029 1.23394 20.2918 1 1 1 1 
v 0.132857 0.897565 21.2075 1 1 1 1 
v -1.63879 0.897565 21.2075 1 1 1 1 
v 0.132857 0.956174 20.1503 1 1 1 1 
v -1.63879 0.956174 20.1503 1 1 1 1 
v 0.132857 0.897565 20.2918 1 1 1 1 
v -1.63879 0.897565 20.2918 1 1 1 1 
v -1.63879 0.956174 20.1503 1 1 1 1 
v 0.132857 0.956174 20.1503 1 1 1 1 
v 0.132857 0.897565 20.2918 1 1 1 1 
v -1.63879 0.897565 20.2918 1 1 1 1 
v -1.63879 0.897565 20.2918 1 1 1 1 
v 0.132857 0.897565 20.2918 1 1 1 1 
v 0.132857 0.897565 21.2075 1 1 1 1 
v -1.63879 0.897565 21.2075 1 1 1 1 
v -1.63879 1.23916 20.1503 1 1 1 1 
v -1.63879 1.09767 20.0917 1 1 1 1 
v 0.132857 1.23916 20.1503 1 1 1 1 
v 0.132857 0.956174 20.1503 1 1 1 1 
v -1.63879 0.956174 20.1503 1 1 1 1 
v -1.63879 1.29777 20.2918 1 1 1 1 
v 0.132857 1.29777 20.2918 1 1 1 1 
v -1.63879 1.09767 20.0917 1 1 1 1 
v 0.132857 1.09767 20.0917 1 1 1 1 
v 0.132857 0.956174 20.1503 1 1 1 1 
v -1.63879 0.956174 20.1503 1 1 1 1 
v 0.132857 1.09767 20.0917 1 1 1 1 
v -1.63879 1.23916 20.1503 1 1 1 1 
v 0.132857 1.23916 20.1503 1 1 1 1 
v -1.63879 1.09767 20.0917 1 1 1 1 

vn 0.708661 0 0.708661 
vn 0.708661 0 0.708661 
vn 0.551181 -0.527559 0.645669 
vn 0.551181 0.527559 0.645669 
vn 0.708661 0.267717 -0.653543 
vn 0.708661 0.267717 -0.653543 
vn 0.708661 0.267717 -0.653543 
vn 0.708661 0.267717 -0.653543 
vn 0.708661 -0.267717 -0.653543 
vn 0.708661 -0.267717 -0.653543 
vn 0.708661 -0.267717 -0.653543 
vn 0.708661 -0.267717 -0.653543 
vn 1 0 0 
vn 1 0 0 
vn 1 0 0 
vn 1 0 0 
vn 1 0 0 
vn 1 0 0 
vn 1 0 0 
vn 1 0 0 
vn 1 0 0 
vn 0.692913 -0.669291 -0.275591 
vn 0.692913 -0.669291 -0.275591 
vn 0.692913 -0.669291 -0.275591 
vn 0.692913 -0.669291 -0.275591 
vn 0.692913 0.669291 -0.275591 
vn 0.692913 0.669291 -0.275591 
vn 0.692913 0.669291 -0.275591 
vn 0.692913 0.669291 -0.275591 
vn 0.716535 -0.692913 0 
vn 0.716535 -0.692913 0 
vn 0.716535 -0.692913 0 
vn 0.716535 -0.692913 0 
vn 0.716535 0.692913 0 
vn 0.716535 0.692913 0 
vn 0.716535 0.692913 0 
vn 0.716535 0.692913 0 
vn 0.551181 0.527559 0.645669 
vn -0.551181 0.527559 0.645669 
vn -0.708661 0.267717 -0.653543 
vn 0.708661 0.267717 -0.653543 
vn -0.692913 0.669291 -0.275591 
vn 0.692913 0.669291 -0.275591 
vn 0 0.92126 -0.385827 
vn 0 0.92126 -0.385827 
vn 0 0.92126 -0.385827 
vn 0 0.92126 -0.385827 
vn 0 1 0 
vn 0 1 0 
vn 0 1 0 
vn 0 1 0 
vn 0.708661 0 0.708661 
vn 0.708661 0 0.708661 
vn 0.708661 0 0.708661 
vn 0.708661 0 0.708661 
vn -0.708661 0 0.708661 
vn -0.708661 0 0.708661 
vn -0.708661 0 0.708661 
vn -0.708661 0 0.708661 
vn 0.551181 -0.527559 0.645669 
vn 0.551181 -0.527559 0.645669 
vn 0.551181 -0.527559 0.645669 
vn -0.551181 -0.527559 0.645669 
vn -0.551181 -0.527559 0.645669 
vn -0.551181 -0.527559 0.645669 
vn 0.551181 0.527559 0.645669 
vn 0.551181 0.527559 0.645669 
vn 0.551181 0.527559 0.645669 
vn -0.551181 0.527559 0.645669 
vn -0.551181 0.527559 0.645669 
vn -0.551181 0.527559 0.645669 
vn 0 0 1 
vn 0 0 1 
vn 0 0 1 
vn 0 0 1 
vn 0 -0.637795 0.771654 
vn 0 -0.637795 0.771654 
vn 0 -0.637795 0.771654 
vn 0 -0.637795 0.771654 
vn 0 0.637795 0.771654 
vn 0 0.637795 0.771654 
vn 0 0.637795 0.771654 
vn 0 0.637795 0.771654 
vn -0.708661 0 0.708661 
vn -0.708661 0 0.708661 
vn -0.551181 -0.527559 0.645669 
vn -0.551181 0.527559 0.645669 
vn -0.708661 0.267717 -0.653543 
vn -0.708661 0.267717 -0.653543 
vn -0.708661 0.267717 -0.653543 
vn -0.708661 0.267717 -0.653543 
vn -0.708661 -0.267717 -0.653543 
vn -0.708661 -0.267717 -0.653543 
vn -0.708661 -0.267717 -0.653543 
vn -0.708661 -0.267717 -0.653543 
vn -1 0 0 
vn -1 0 0 
vn -1 0 0 
vn -1 0 0 
vn -1 0 0 
vn -1 0 0 
vn -1 0 0 
vn -1 0 0 
vn -1 0 0 
vn -0.692913 -0.669291 -0.275591 
vn -0.692913 -0.669291 -0.275591 
vn -0.692913 -0.669291 -0.275591 
vn -0.692913 -0.669291 -0.275591 
vn -0.692913 0.669291 -0.275591 
vn -0.692913 0.669291 -0.275591 
vn -0.692913 0.669291 -0.275591 
vn -0.692913 0.669291 -0.275591 
vn -0.716535 -0.692913 0 
vn -0.716535 -0.692913 0 
vn -0.716535 -0.692913 0 
vn -0.716535 -0.692913 0 
vn -0.716535 0.692913 0 
vn -0.716535 0.692913 0 
vn -0.716535 0.692913 0 
vn -0.716535 0.692913 0 
vn 0.551181 -0.527559 0.645669 
vn -0.551181 -0.527559 0.645669 
vn 0.708661 -0.267717 -0.653543 
vn -0.708661 -0.267717 -0.653543 
vn 0.692913 -0.669291 -0.275591 
vn -0.692913 -0.669291 -0.275591 
vn 0 -0.92126 -0.385827 
vn 0 -0.92126 -0.385827 
vn 0 -0.92126 -0.385827 
vn 0 -0.92126 -0.385827 
vn 0 -1 0 
vn 0 -1 0 
vn 0 -1 0 
vn 0 -1 0 
vn -0.708661 0.267717 -0.653543 
vn -0.708661 0.267717 -0.653543 
vn 0.708661 0.267717 -0.653543 
vn 0.708661 -0.267717 -0.653543 
vn -0.708661 -0.267717 -0.653543 
vn -0.692913 0.669291 -0.275591 
vn 0.692913 0.669291 -0.275591 
vn 0 -0.385827 -0.92126 
vn 0 -0.385827 -0.92126 
vn 0 -0.385827 -0.92126 
vn 0 -0.385827 -0.92126 
vn 0 0.385827 -0.92126 
vn 0 0.385827 -0.92126 
vn 0 0.385827 -0.92126 
vn 0 0.385827 -0.92126 

vt 59.9264 -8.98439 
vt 59.9264 -9.01568 
vt 59.9341 -9.02501 
vt 59.9341 -8.97499 
vt 60.0653 -9 
vt 60.0663 -8.98231 
vt 60.0602 -8.9878 
vt 60.0736 -9 
vt 60.0663 -9.01769 
vt 60.0736 -9 
vt 60.0653 -9 
vt 60.0602 -9.0122 
vt 60.0486 -8.98297 
vt 60.0653 -9 
vt 60.0602 -8.9878 
vt 60.0486 -9.01703 
vt 60.0602 -9.0122 
vt 60.0486 -8.98297 
vt 59.9341 -8.98296 
vt 59.9341 -9.01704 
vt 60.0486 -9.01703 
vt 60.0486 -9.02501 
vt 60.0602 -9.0122 
vt 60.0486 -9.01703 
vt 60.0663 -9.01769 
vt 60.0486 -8.97499 
vt 60.0602 -8.9878 
vt 60.0663 -8.98231 
vt 60.0486 -8.98297 
vt 59.9341 -9.01704 
vt 60.0486 -9.02501 
vt 60.0486 -9.01703 
vt 59.9341 -9.02501 
vt 60.0486 -8.97499 
vt 59.9341 -8.97499 
vt 59.9341 -8.98296 
vt 60.0486 -8.98297 
vt 59.8893 -8.93411 
vt 60.1107 -8.93411 
vt 60.1107 -9.06625 
vt 59.8893 -9.06625 
vt 60.1107 -9.04857 
vt 59.8893 -9.04857 
vt 60.1107 -9.04857 
vt 59.8893 -9.04857 
vt 59.8893 -9.06625 
vt 60.1107 -9.06625 
vt 60.1107 -8.93411 
vt 59.8893 -8.93411 
vt 59.8893 -9.04857 
vt 60.1107 -9.04857 
vt 60.1184 -9.01704 
vt 60.1184 -8.98296 
vt 60.1107 -8.98439 
vt 60.1107 -9.01568 
vt 59.8893 -9.01561 
vt 59.8893 -8.98432 
vt 59.8816 -8.98296 
vt 59.8816 -9.01704 
vt 60.1107 -9.01568 
vt 60.1107 -9.02501 
vt 60.1184 -9.01704 
vt 59.8893 -9.01561 
vt 59.8816 -9.01704 
vt 59.8893 -9.02501 
vt 60.1107 -8.98439 
vt 60.1184 -8.98296 
vt 60.1107 -8.97499 
vt 59.8893 -8.98432 
vt 59.8893 -8.97499 
vt 59.8816 -8.98296 
vt 60.1107 -8.98439 
vt 59.8893 -8.98432 
vt 59.8893 -9.01561 
vt 60.1107 -9.01568 
vt 60.1107 -9.01568 
vt 59.8893 -9.01561 
vt 59.8893 -9.02501 
vt 60.1107 -9.02501 
vt 60.1107 -8.97499 
vt 59.8893 -8.97499 
vt 59.8893 -8.98432 
vt 60.1107 -8.98439 
vt 60.0736 -9.01561 
vt 60.0736 -8.98432 
vt 60.0659 -9.02501 
vt 60.0659 -8.97499 
vt 59.9337 -8.98231 
vt 59.9347 -9 
vt 59.9398 -8.9878 
vt 59.9264 -9 
vt 59.9337 -9.01769 
vt 59.9347 -9 
vt 59.9264 -9 
vt 59.9398 -9.0122 
vt 59.9514 -8.98297 
vt 59.9347 -9 
vt 59.9514 -9.01703 
vt 59.9398 -9.0122 
vt 59.9398 -8.9878 
vt 59.9514 -8.98297 
vt 60.0659 -9.01704 
vt 60.0659 -8.98296 
vt 59.9514 -9.01703 
vt 59.9398 -9.0122 
vt 59.9514 -9.02501 
vt 59.9514 -9.01703 
vt 59.9337 -9.01769 
vt 59.9514 -8.97499 
vt 59.9337 -8.98231 
vt 59.9398 -8.9878 
vt 59.9514 -8.98297 
vt 60.0659 -9.01704 
vt 59.9514 -9.01703 
vt 59.9514 -9.02501 
vt 60.0659 -9.02501 
vt 59.9514 -8.97499 
vt 60.0659 -8.98296 
vt 60.0659 -8.97499 
vt 59.9514 -8.98297 
vt 60.1107 -8.93411 
vt 59.8893 -8.93411 
vt 60.1107 -9.06625 
vt 59.8893 -9.06625 
vt 60.1107 -9.04857 
vt 59.8893 -9.04857 
vt 59.8893 -9.06625 
vt 60.1107 -9.06625 
vt 60.1107 -9.04857 
vt 59.8893 -9.04857 
vt 59.8893 -9.04857 
vt 60.1107 -9.04857 
vt 60.1107 -8.93411 
vt 59.8893 -8.93411 
vt 60.1107 -8.98231 
vt 60.1107 -9 
vt 59.8893 -8.98231 
vt 59.8893 -9.01769 
vt 60.1107 -9.01769 
vt 60.1107 -8.97499 
vt 59.8893 -8.97499 
vt 60.1107 -9 
vt 59.8893 -9 
vt 59.8893 -9.01769 
vt 60.1107 -9.01769 
vt 59.8893 -9 
vt 60.1107 -8.98231 
vt 59.8893 -8.98231 
vt 60.1107 -9 

usemtl Cube0231Mtl

f 880/880/880 881/881/881 882/882/882 
f 881/881/881 880/880/880 883/883/883 
f 884/884/884 885/885/885 886/886/886 
f 884/884/884 886/886/886 887/887/887 
f 888/888/888 889/889/889 890/890/890 
f 889/889/889 888/888/888 891/891/891 
f 889/889/889 891/891/891 892/892/892 
f 893/893/893 894/894/894 895/895/895 
f 893/893/893 895/895/895 896/896/896 
f 897/897/897 898/898/898 899/899/899 
f 898/898/898 897/897/897 900/900/900 
f 901/901/901 902/902/902 903/903/903 
f 902/902/902 901/901/901 904/904/904 
f 905/905/905 906/906/906 907/907/907 
f 906/906/906 905/905/905 908/908/908 
f 909/909/909 910/910/910 911/911/911 
f 909/909/909 911/911/911 912/912/912 
f 919/919/919 920/920/920 921/921/921 
f 919/919/919 921/921/921 922/922/922 
f 923/923/923 924/924/924 925/925/925 
f 923/923/923 925/925/925 926/926/926 
f 927/927/927 928/928/928 929/929/929 
f 929/929/929 930/930/930 927/927/927 
f 931/931/931 932/932/932 933/933/933 
f 933/933/933 934/934/934 931/931/931 
f 935/935/935 936/936/936 937/937/937 
f 938/938/938 939/939/939 940/940/940 
f 941/941/941 942/942/942 943/943/943 
f 944/944/944 945/945/945 946/946/946 
f 947/947/947 948/948/948 949/949/949 
f 947/947/947 949/949/949 950/950/950 
f 951/951/951 952/952/952 953/953/953 
f 951/951/951 953/953/953 954/954/954 
f 955/955/955 956/956/956 957/957/957 
f 955/955/955 957/957/957 958/958/958 
f 963/963/963 964/964/964 965/965/965 
f 964/964/964 963/963/963 966/966/966 
f 967/967/967 968/968/968 969/969/969 
f 968/968/968 967/967/967 970/970/970 
f 971/971/971 972/972/972 973/973/973 
f 973/973/973 972/972/972 974/974/974 
f 972/972/972 971/971/971 975/975/975 
f 976/976/976 977/977/977 978/978/978 
f 977/977/977 976/976/976 979/979/979 
f 980/980/980 981/981/981 982/982/982 
f 981/981/981 980/980/980 983/983/983 
f 984/984/984 985/985/985 986/986/986 
f 984/984/984 986/986/986 987/987/987 
f 988/988/988 989/989/989 990/990/990 
f 988/988/988 990/990/990 991/991/991 
f 992/992/992 993/993/993 994/994/994 
f 993/993/993 992/992/992 995/995/995 
f 1002/1002/1002 1003/1003/1003 1004/1004/1004 
f 1002/1002/1002 1004/1004/1004 1005/1005/1005 
f 1006/1006/1006 1007/1007/1007 1008/1008/1008 
f 1006/1006/1006 1008/1008/1008 1009/1009/1009 
f 1017/1017/1017 1018/1018/1018 1019/1019/1019 
f 1017/1017/1017 1019/1019/1019 1020/1020/1020 
f 1021/1021/1021 1022/1022/1022 1023/1023/1023 
f 1022/1022/1022 1021/1021/1021 1024/1024/1024 

g Cube0191

v 0.386709 1.67104 19.2987 1 1 1 1 
v 0.386709 0.901322 16.4341 1 1 1 1 
v 0.386709 1.67104 16.4341 1 1 1 1 
v 0.386709 0.901322 19.2987 1 1 1 1 
v 0.386709 0.901322 19.2987 1 1 1 1 
v 0.386709 1.67104 19.2987 1 1 1 1 
v 0.212343 1.67104 19.4542 1 1 1 1 
v 0.212343 0.901322 19.4542 1 1 1 1 
v -1.71827 0.901322 19.4542 1 1 1 1 
v -1.71827 1.67104 19.4542 1 1 1 1 
v -1.89264 1.67104 19.2987 1 1 1 1 
v -1.89264 0.901322 19.2987 1 1 1 1 
v -1.71827 1.67104 19.4542 1 1 1 1 
v 0.212343 0.901322 19.4542 1 1 1 1 
v 0.212343 1.67104 19.4542 1 1 1 1 
v -1.71827 0.901322 19.4542 1 1 1 1 
v -1.89264 1.67104 16.4341 1 1 1 1 
v -1.89264 0.901322 19.2987 1 1 1 1 
v -1.89264 1.67104 19.2987 1 1 1 1 
v -1.89264 0.901322 16.4341 1 1 1 1 
v 0.212343 0.901322 16.2786 1 1 1 1 
v -1.89264 0.901322 16.4341 1 1 1 1 
v -1.71827 0.901322 16.2786 1 1 1 1 
v 0.386709 0.901322 16.4341 1 1 1 1 
v 0.386709 0.901322 19.2987 1 1 1 1 
v -1.89264 0.901322 19.2987 1 1 1 1 
v -1.71827 0.901322 19.4542 1 1 1 1 
v 0.212343 0.901322 19.4542 1 1 1 1 
v 0.386709 1.67104 16.4341 1 1 1 1 
v 0.212343 0.901322 16.2786 1 1 1 1 
v 0.212343 1.67104 16.2786 1 1 1 1 
v 0.386709 0.901322 16.4341 1 1 1 1 
v -1.89264 0.901322 16.4341 1 1 1 1 
v -1.89264 1.67104 16.4341 1 1 1 1 
v -1.71827 1.67104 16.2786 1 1 1 1 
v -1.71827 0.901322 16.2786 1 1 1 1 
v 0.212343 1.67104 16.2786 1 1 1 1 
v -1.71827 0.901322 16.2786 1 1 1 1 
v -1.71827 1.67104 16.2786 1 1 1 1 
v 0.212343 0.901322 16.2786 1 1 1 1 

vn 1 0 0 
vn 1 0 0 
vn 1 0 0 
vn 1 0 0 
vn 0.669291 0 0.748031 
vn 0.669291 0 0.748031 
vn 0.669291 0 0.748031 
vn 0.669291 0 0.748031 
vn -0.669291 0 0.748031 
vn -0.669291 0 0.748031 
vn -0.669291 0 0.748031 
vn -0.669291 0 0.748031 
vn 0 0 1 
vn 0 0 1 
vn 0 0 1 
vn 0 0 1 
vn -1 0 0 
vn -1 0 0 
vn -1 0 0 
vn -1 0 0 
vn 0 -1 0 
vn 0 -1 0 
vn 0 -1 0 
vn 0 -1 0 
vn 0 -1 0 
vn 0 -1 0 
vn 0 -1 0 
vn 0 -1 0 
vn 0.669291 0 -0.748031 
vn 0.669291 0 -0.748031 
vn 0.669291 0 -0.748031 
vn 0.669291 0 -0.748031 
vn -0.669291 0 -0.748031 
vn -0.669291 0 -0.748031 
vn -0.669291 0 -0.748031 
vn -0.669291 0 -0.748031 
vn 0 0 -1 
vn 0 0 -1 
vn 0 0 -1 
vn 0 0 -1 

vt 45.821 -16.9519 
vt 46.179 -17.0481 
vt 46.179 -16.9519 
vt 45.821 -17.0481 
vt 46.1425 -17.0481 
vt 46.1425 -16.9519 
vt 46.1207 -16.9519 
vt 46.1207 -17.0481 
vt 45.8793 -17.0481 
vt 45.8793 -16.9519 
vt 45.8575 -16.9519 
vt 45.8575 -17.0481 
vt 45.8793 -16.9519 
vt 46.1207 -17.0481 
vt 46.1207 -16.9519 
vt 45.8793 -17.0481 
vt 45.821 -16.9519 
vt 46.179 -17.0481 
vt 46.179 -16.9519 
vt 45.821 -17.0481 
vt 46.1207 -17.1985 
vt 45.8575 -17.179 
vt 45.8793 -17.1985 
vt 46.1425 -17.179 
vt 46.1425 -16.821 
vt 45.8575 -16.821 
vt 45.8793 -16.8015 
vt 46.1207 -16.8015 
vt 45.8575 -16.9519 
vt 45.8793 -17.0481 
vt 45.8793 -16.9519 
vt 45.8575 -17.0481 
vt 46.1425 -17.0481 
vt 46.1425 -16.9519 
vt 46.1207 -16.9519 
vt 46.1207 -17.0481 
vt 45.8793 -16.9519 
vt 46.1207 -17.0481 
vt 46.1207 -16.9519 
vt 45.8793 -17.0481 

usemtl Cube0231Mtl

f 1025/1025/1025 1026/1026/1026 1027/1027/1027 
f 1026/1026/1026 1025/1025/1025 1028/1028/1028 
f 1029/1029/1029 1030/1030/1030 1031/1031/1031 
f 1031/1031/1031 1032/1032/1032 1029/1029/1029 
f 1033/1033/1033 1034/1034/1034 1035/1035/1035 
f 1035/1035/1035 1036/1036/1036 1033/1033/1033 
f 1037/1037/1037 1038/1038/1038 1039/1039/1039 
f 1038/1038/1038 1037/1037/1037 1040/1040/1040 
f 1041/1041/1041 1042/1042/1042 1043/1043/1043 
f 1042/1042/1042 1041/1041/1041 1044/1044/1044 
f 1045/1045/1045 1046/1046/1046 1047/1047/1047 
f 1048/1048/1048 1046/1046/1046 1045/1045/1045 
f 1046/1046/1046 1048/1048/1048 1049/1049/1049 
f 1046/1046/1046 1049/1049/1049 1050/1050/1050 
f 1050/1050/1050 1049/1049/1049 1051/1051/1051 
f 1051/1051/1051 1049/1049/1049 1052/1052/1052 
f 1053/1053/1053 1054/1054/1054 1055/1055/1055 
f 1054/1054/1054 1053/1053/1053 1056/1056/1056 
f 1057/1057/1057 1058/1058/1058 1059/1059/1059 
f 1059/1059/1059 1060/1060/1060 1057/1057/1057 
f 1061/1061/1061 1062/1062/1062 1063/1063/1063 
f 1062/1062/1062 1061/1061/1061 1064/1064/1064 

g Cube0171

v 1.38202 5.02872 14.5469 1 1 1 1 
v 1.38202 5.20018 14.5065 1 1 1 1 
v 1.38202 5.12345 14.5675 1 1 1 1 
v 1.38202 5.05531 14.5835 1 1 1 1 
v 1.38202 5.12577 14.2189 1 1 1 1 
v 1.38202 5.28559 14.1812 1 1 1 1 
v 1.38202 5.21939 13.8917 1 1 1 1 
v 1.38202 5.33313 13.8649 1 1 1 1 
v 1.38202 5.29567 13.5687 1 1 1 1 
v 1.38202 5.36445 13.5524 1 1 1 1 
v 1.38202 5.36331 13.2476 1 1 1 1 
v -2.88795 5.36445 13.5524 1 1 1 1 
v 1.38202 5.36445 13.5524 1 1 1 1 
v 1.38202 5.36331 13.2476 1 1 1 1 
v -2.88795 5.36331 13.2476 1 1 1 1 
v -2.88795 5.33313 13.8649 1 1 1 1 
v 1.38202 5.33313 13.8649 1 1 1 1 
v -2.88795 5.28559 14.1812 1 1 1 1 
v 1.38202 5.28559 14.1812 1 1 1 1 
v -2.88795 5.20018 14.5065 1 1 1 1 
v 1.38202 5.20018 14.5065 1 1 1 1 
v -2.88795 5.20018 14.5065 1 1 1 1 
v 1.38202 5.20018 14.5065 1 1 1 1 
v -2.88795 5.12345 14.5675 1 1 1 1 
v 1.38202 5.12345 14.5675 1 1 1 1 
v -2.88795 5.05531 14.5835 1 1 1 1 
v 1.38202 5.05531 14.5835 1 1 1 1 
v -2.88795 5.20018 14.5065 1 1 1 1 
v -2.88795 5.12577 14.2189 1 1 1 1 
v -2.88795 5.02872 14.5469 1 1 1 1 
v -2.88795 5.12345 14.5675 1 1 1 1 
v -2.88795 5.05531 14.5835 1 1 1 1 
v -2.88795 5.28559 14.1812 1 1 1 1 
v -2.88795 5.21939 13.8917 1 1 1 1 
v -2.88795 5.33313 13.8649 1 1 1 1 
v -2.88795 5.29567 13.5687 1 1 1 1 
v -2.88795 5.36445 13.5524 1 1 1 1 
v -2.88795 5.36331 13.2476 1 1 1 1 
v -2.88795 5.36331 13.2476 1 1 1 1 
v 1.38202 5.36331 13.2476 1 1 1 1 
v 1.38202 5.29567 13.5687 1 1 1 1 
v -2.88795 5.29567 13.5687 1 1 1 1 
v 1.38202 5.21939 13.8917 1 1 1 1 
v -2.88795 5.21939 13.8917 1 1 1 1 
v 1.38202 5.12577 14.2189 1 1 1 1 
v -2.88795 5.12577 14.2189 1 1 1 1 
v 1.38202 5.02872 14.5469 1 1 1 1 
v -2.88795 5.02872 14.5469 1 1 1 1 
v -2.88795 5.05531 14.5835 1 1 1 1 
v 1.38202 5.05531 14.5835 1 1 1 1 
v -2.88795 5.02872 14.5469 1 1 1 1 
v 1.38202 5.02872 14.5469 1 1 1 1 

vn 1 0 0 
vn 1 0 0 
vn 1 0 0 
vn 1 0 0 
vn 1 0 0 
vn 1 0 0 
vn 1 0 0 
vn 1 0 0 
vn 1 0 0 
vn 1 0 0 
vn 1 0 0 
vn 0 1 0.0472441 
vn 0 1 0.0472441 
vn 0 1 0 
vn 0 1 0 
vn 0 0.992126 0.125984 
vn 0 0.992126 0.125984 
vn 0 0.976378 0.19685 
vn 0 0.976378 0.19685 
vn 0 0.874016 0.488189 
vn 0 0.874016 0.488189 
vn 0 0.874016 0.488189 
vn 0 0.874016 0.488189 
vn 0 0.440945 0.897638 
vn 0 0.440945 0.897638 
vn 0 -0.519685 0.858268 
vn 0 -0.519685 0.858268 
vn -1 0 0 
vn -1 0 0 
vn -1 0 0 
vn -1 0 0 
vn -1 0 0 
vn -1 0 0 
vn -1 0 0 
vn -1 0 0 
vn -1 0 0 
vn -1 0 0 
vn -1 0 0 
vn 0 -0.976378 -0.204724 
vn 0 -0.976378 -0.204724 
vn 0 -0.976378 -0.220472 
vn 0 -0.976378 -0.220472 
vn 0 -0.968504 -0.251969 
vn 0 -0.968504 -0.251969 
vn 0 -0.96063 -0.283465 
vn 0 -0.96063 -0.283465 
vn 0 -0.96063 -0.283465 
vn 0 -0.96063 -0.283465 
vn 0 -0.519685 0.858268 
vn 0 -0.519685 0.858268 
vn 0 -0.811024 0.590551 
vn 0 -0.811024 0.590551 

vt 15.9211 -19.021 
vt 15.9261 -18.9995 
vt 15.9185 -19.0091 
vt 15.9165 -19.0177 
vt 15.9621 -19.0089 
vt 15.9668 -18.9889 
vt 16.003 -18.9971 
vt 16.0063 -18.9829 
vt 16.0434 -18.9876 
vt 16.0454 -18.979 
vt 16.0835 -18.9792 
vt 16.2669 -19.0454 
vt 15.7331 -19.0454 
vt 15.7331 -19.0835 
vt 16.2669 -19.0835 
vt 16.2669 -19.0063 
vt 15.7331 -19.0063 
vt 16.2669 -18.9668 
vt 15.7331 -18.9668 
vt 16.2669 -18.9261 
vt 15.7331 -18.9261 
vt 15.7331 -18.9995 
vt 16.2669 -18.9995 
vt 15.7331 -19.0091 
vt 16.2669 -19.0091 
vt 15.7331 -19.0177 
vt 16.2669 -19.0177 
vt 16.0739 -18.9995 
vt 16.0379 -19.0089 
vt 16.0789 -19.021 
vt 16.0815 -19.0091 
vt 16.0835 -19.0177 
vt 16.0332 -18.9889 
vt 15.997 -18.9971 
vt 15.9937 -18.9829 
vt 15.9566 -18.9876 
vt 15.9546 -18.979 
vt 15.9165 -18.9792 
vt 15.7331 -19.0835 
vt 16.2669 -19.0835 
vt 16.2669 -19.0434 
vt 15.7331 -19.0434 
vt 16.2669 -19.003 
vt 15.7331 -19.003 
vt 16.2669 -18.9621 
vt 15.7331 -18.9621 
vt 16.2669 -18.9211 
vt 15.7331 -18.9211 
vt 15.7331 -18.9165 
vt 16.2669 -18.9165 
vt 15.7331 -18.9211 
vt 16.2669 -18.9211 

usemtl Cube0231Mtl

f 1065/1065/1065 1066/1066/1066 1067/1067/1067 
f 1065/1065/1065 1067/1067/1067 1068/1068/1068 
f 1065/1065/1065 1069/1069/1069 1066/1066/1066 
f 1070/1070/1070 1066/1066/1066 1069/1069/1069 
f 1069/1069/1069 1071/1071/1071 1070/1070/1070 
f 1072/1072/1072 1070/1070/1070 1071/1071/1071 
f 1071/1071/1071 1073/1073/1073 1072/1072/1072 
f 1074/1074/1074 1072/1072/1072 1073/1073/1073 
f 1074/1074/1074 1073/1073/1073 1075/1075/1075 
f 1076/1076/1076 1077/1077/1077 1078/1078/1078 
f 1076/1076/1076 1078/1078/1078 1079/1079/1079 
f 1080/1080/1080 1077/1077/1077 1076/1076/1076 
f 1080/1080/1080 1081/1081/1081 1077/1077/1077 
f 1082/1082/1082 1081/1081/1081 1080/1080/1080 
f 1082/1082/1082 1083/1083/1083 1081/1081/1081 
f 1083/1083/1083 1082/1082/1082 1084/1084/1084 
f 1083/1083/1083 1084/1084/1084 1085/1085/1085 
f 1087/1087/1087 1086/1086/1086 1088/1088/1088 
f 1087/1087/1087 1088/1088/1088 1089/1089/1089 
f 1089/1089/1089 1088/1088/1088 1090/1090/1090 
f 1089/1089/1089 1090/1090/1090 1091/1091/1091 
f 1092/1092/1092 1093/1093/1093 1094/1094/1094 
f 1092/1092/1092 1094/1094/1094 1095/1095/1095 
f 1095/1095/1095 1094/1094/1094 1096/1096/1096 
f 1092/1092/1092 1097/1097/1097 1093/1093/1093 
f 1097/1097/1097 1098/1098/1098 1093/1093/1093 
f 1097/1097/1097 1099/1099/1099 1098/1098/1098 
f 1099/1099/1099 1100/1100/1100 1098/1098/1098 
f 1099/1099/1099 1101/1101/1101 1100/1100/1100 
f 1102/1102/1102 1100/1100/1100 1101/1101/1101 
f 1103/1103/1103 1104/1104/1104 1105/1105/1105 
f 1103/1103/1103 1105/1105/1105 1106/1106/1106 
f 1106/1106/1106 1105/1105/1105 1107/1107/1107 
f 1106/1106/1106 1107/1107/1107 1108/1108/1108 
f 1108/1108/1108 1107/1107/1107 1109/1109/1109 
f 1108/1108/1108 1109/1109/1109 1110/1110/1110 
f 1110/1110/1110 1109/1109/1109 1111/1111/1111 
f 1110/1110/1110 1111/1111/1111 1112/1112/1112 
f 1115/1115/1115 1114/1114/1114 1113/1113/1113 
f 1115/1115/1115 1116/1116/1116 1114/1114/1114 

g Cylinder0161

v 2.00796 0.934246 21.1559 1 1 1 1 
v 2.03611 0.772889 20.6786 1 1 1 1 
v 2.03611 0.934246 20.7107 1 1 1 1 
v 2.03611 1.0956 20.6786 1 1 1 1 
v 2.00796 0.602526 21.0899 1 1 1 1 
v 2.00796 1.26597 21.0899 1 1 1 1 
v 2.00796 0.321308 20.902 1 1 1 1 
v 2.03611 1.2324 20.5872 1 1 1 1 
v 2.03611 0.636097 20.5872 1 1 1 1 
v 2.00796 1.54718 20.902 1 1 1 1 
v 2.03611 0.544695 20.4504 1 1 1 1 
v 2.00796 1.73509 20.6208 1 1 1 1 
v 2.00796 0.133404 20.6208 1 1 1 1 
v 2.03611 1.3238 20.4504 1 1 1 1 
v 2.00796 0.0674204 20.289 1 1 1 1 
v 2.03611 1.35589 20.289 1 1 1 1 
v 2.03611 0.5126 20.289 1 1 1 1 
v 2.00796 1.80107 20.289 1 1 1 1 
v 2.03611 0.544695 20.1277 1 1 1 1 
v 2.00796 1.73509 19.9573 1 1 1 1 
v 2.00796 0.133403 19.9573 1 1 1 1 
v 2.03611 1.3238 20.1277 1 1 1 1 
v 2.00796 0.321308 19.6761 1 1 1 1 
v 2.03611 1.2324 19.9909 1 1 1 1 
v 2.03611 0.636097 19.9909 1 1 1 1 
v 2.00796 1.54718 19.6761 1 1 1 1 
v 2.03611 0.772889 19.8995 1 1 1 1 
v 2.03611 1.0956 19.8995 1 1 1 1 
v 2.00796 0.602526 19.4882 1 1 1 1 
v 2.00796 1.26597 19.4882 1 1 1 1 
v 2.00796 0.934246 19.4222 1 1 1 1 
v 2.03611 0.934246 19.8674 1 1 1 1 
v -2.69545 0.934247 21.173 1 1 1 1 
v -2.69545 1.55931 20.9141 1 1 1 1 
v -2.69545 1.81822 20.289 1 1 1 1 
v -2.69545 1.75093 19.9508 1 1 1 1 
v -2.69545 1.55931 19.664 1 1 1 1 
v -2.69545 1.27253 19.4724 1 1 1 1 
v -2.69545 0.595966 19.4724 1 1 1 1 
v -2.69545 0.309186 19.664 1 1 1 1 
v -2.69545 0.117566 19.9508 1 1 1 1 
v -2.69545 0.117566 20.6273 1 1 1 1 
v -2.69545 0.309186 20.9141 1 1 1 1 
v -2.69545 0.595966 21.1057 1 1 1 1 
v -2.58651 1.69063 20.289 1 1 1 1 
v -2.72605 0.934247 20.289 1 1 1 1 
v -2.58651 1.63305 19.9996 1 1 1 1 
v -2.58651 1.46909 19.7542 1 1 1 1 
v -2.58651 1.63305 20.5785 1 1 1 1 
v -2.58651 1.2237 19.5902 1 1 1 1 
v -2.58651 1.46909 20.8239 1 1 1 1 
v -2.58651 0.934247 19.5327 1 1 1 1 
v -2.58651 1.2237 20.9878 1 1 1 1 
v -2.58651 0.644792 19.5902 1 1 1 1 
v -2.58651 0.934247 21.0454 1 1 1 1 
v -2.58651 0.399405 19.7542 1 1 1 1 
v -2.58651 0.644792 20.9878 1 1 1 1 
v -2.58651 0.235442 19.9996 1 1 1 1 
v -2.58651 0.399405 20.8239 1 1 1 1 
v -2.58651 0.177866 20.289 1 1 1 1 
v -2.58651 0.235442 20.5785 1 1 1 1 
v -2.69545 0.934247 21.173 1 1 1 1 
v -2.58651 0.644792 20.9878 1 1 1 1 
v -2.58651 0.934247 21.0454 1 1 1 1 
v -2.58651 1.2237 20.9878 1 1 1 1 
v -2.69545 0.595966 21.1057 1 1 1 1 
v -2.69545 1.27253 21.1057 1 1 1 1 
v -2.58651 0.399405 20.8239 1 1 1 1 
v -2.58651 1.46909 20.8239 1 1 1 1 
v -2.69545 0.309186 20.9141 1 1 1 1 
v -2.69545 1.55931 20.9141 1 1 1 1 
v -2.58651 0.235442 20.5785 1 1 1 1 
v -2.69545 1.75093 20.6273 1 1 1 1 
v -2.69545 0.117566 20.6273 1 1 1 1 
v -2.58651 1.63305 20.5785 1 1 1 1 
v -2.69545 0.0502784 20.289 1 1 1 1 
v -2.69545 1.81822 20.289 1 1 1 1 
v -2.58651 0.177866 20.289 1 1 1 1 
v -2.58651 1.69063 20.289 1 1 1 1 
v -2.58651 0.235442 19.9996 1 1 1 1 
v -2.58651 1.63305 19.9996 1 1 1 1 
v -2.69545 0.117566 19.9508 1 1 1 1 
v -2.69545 1.75093 19.9508 1 1 1 1 
v -2.69545 0.309186 19.664 1 1 1 1 
v -2.58651 1.46909 19.7542 1 1 1 1 
v -2.58651 0.399405 19.7542 1 1 1 1 
v -2.69545 1.55931 19.664 1 1 1 1 
v -2.58651 0.644792 19.5902 1 1 1 1 
v -2.58651 1.2237 19.5902 1 1 1 1 
v -2.69545 0.595966 19.4724 1 1 1 1 
v -2.69545 1.27253 19.4724 1 1 1 1 
v -2.69545 0.934247 19.4051 1 1 1 1 
v -2.58651 0.934247 19.5327 1 1 1 1 
v 2.00796 1.54718 20.902 1 1 1 1 
v 2.00796 1.73509 20.6208 1 1 1 1 
v 2.00796 1.80107 20.289 1 1 1 1 
v 2.00796 1.73509 19.9573 1 1 1 1 
v 2.00796 1.54718 19.6761 1 1 1 1 
v -3.51389 1.54718 20.902 1 1 1 1 
v -3.51389 1.73509 20.6208 1 1 1 1 
v -3.51389 1.80107 20.289 1 1 1 1 
v -3.51389 1.73509 19.9573 1 1 1 1 
v -3.51389 1.26597 19.4882 1 1 1 1 
v 2.00796 1.54718 20.902 1 1 1 1 
v 1.18952 1.55931 20.9141 1 1 1 1 
v 1.54427 1.59486 20.9497 1 1 1 1 
v 1.54427 1.79738 20.6466 1 1 1 1 
v 2.00796 1.73509 20.6208 1 1 1 1 
v 1.18952 1.75093 20.6273 1 1 1 1 
v 1.54427 1.86849 20.289 1 1 1 1 
v 2.00796 1.80107 20.289 1 1 1 1 
v 1.18952 1.81822 20.289 1 1 1 1 
v 2.00796 1.73509 19.9573 1 1 1 1 
v 1.18952 1.75093 19.9508 1 1 1 1 
v 1.54427 1.79738 19.9315 1 1 1 1 
v 2.00796 1.54718 19.6761 1 1 1 1 
v 1.18952 1.55931 19.664 1 1 1 1 
v 1.54427 1.59486 19.6284 1 1 1 1 
v 1.18952 1.27253 19.4724 1 1 1 1 
v -3.51389 1.54718 20.902 1 1 1 1 
v -2.69545 1.55931 20.9141 1 1 1 1 
v -3.0502 1.59486 20.9497 1 1 1 1 
v -3.0502 1.79738 20.6466 1 1 1 1 
v -3.51389 1.73509 20.6208 1 1 1 1 
v -2.69545 1.75093 20.6273 1 1 1 1 
v -3.0502 1.86849 20.289 1 1 1 1 
v -3.51389 1.80107 20.289 1 1 1 1 
v -2.69545 1.81822 20.289 1 1 1 1 
v -3.51389 1.73509 19.9573 1 1 1 1 
v -2.69545 1.75093 19.9508 1 1 1 1 
v -3.0502 1.79738 19.9315 1 1 1 1 
v -3.51389 1.54718 19.6761 1 1 1 1 
v -2.69545 1.55931 19.664 1 1 1 1 
v -3.0502 1.59486 19.6284 1 1 1 1 
v 2.00796 0.934246 21.1559 1 1 1 1 
v 2.00796 1.26597 21.0899 1 1 1 1 
v 2.00796 0.321308 20.902 1 1 1 1 
v 2.00796 1.54718 20.902 1 1 1 1 
v -3.51389 0.934247 21.1559 1 1 1 1 
v -3.51389 0.321308 20.902 1 1 1 1 
v -3.51389 1.26597 21.0899 1 1 1 1 
v -3.51389 0.133404 20.6208 1 1 1 1 
v -3.51389 1.54718 20.902 1 1 1 1 
v 1.54427 0.934246 21.2233 1 1 1 1 
v 2.00796 1.26597 21.0899 1 1 1 1 
v 1.54427 1.29177 21.1522 1 1 1 1 
v 2.00796 0.934246 21.1559 1 1 1 1 
v 2.00796 1.54718 20.902 1 1 1 1 
v 1.18952 1.27253 21.1057 1 1 1 1 
v 1.18952 0.934246 21.173 1 1 1 1 
v 1.18952 1.55931 20.9141 1 1 1 1 
v 1.54427 1.59486 20.9497 1 1 1 1 
v 1.18952 0.117566 20.6273 1 1 1 1 
v 2.00796 0.321308 20.902 1 1 1 1 
v 1.18952 0.309186 20.9141 1 1 1 1 
v 1.54427 0.273635 20.9497 1 1 1 1 
v 1.54427 0.576726 21.1522 1 1 1 1 
v 2.00796 0.602526 21.0899 1 1 1 1 
v 1.18952 0.595966 21.1057 1 1 1 1 
v 1.54427 0.934246 21.2233 1 1 1 1 
v 2.00796 0.934246 21.1559 1 1 1 1 
v 1.18952 0.934246 21.173 1 1 1 1 
v -3.51389 0.934247 21.1559 1 1 1 1 
v -3.0502 0.934247 21.2233 1 1 1 1 
v -3.51389 1.26597 21.0899 1 1 1 1 
v -3.0502 1.29177 21.1522 1 1 1 1 
v -3.51389 1.54718 20.902 1 1 1 1 
v -2.69545 1.27253 21.1057 1 1 1 1 
v -2.69545 0.934247 21.173 1 1 1 1 
v -2.69545 1.55931 20.9141 1 1 1 1 
v -3.0502 1.59486 20.9497 1 1 1 1 
v -3.0502 0.0711158 20.6466 1 1 1 1 
v -3.51389 0.321308 20.902 1 1 1 1 
v -2.69545 0.309186 20.9141 1 1 1 1 
v -3.0502 0.273635 20.9497 1 1 1 1 
v -3.0502 0.576726 21.1522 1 1 1 1 
v -3.51389 0.602527 21.0899 1 1 1 1 
v -2.69545 0.595966 21.1057 1 1 1 1 
v -3.0502 0.934247 21.2233 1 1 1 1 
v -3.51389 0.934247 21.1559 1 1 1 1 
v -2.69545 0.934247 21.173 1 1 1 1 
v -3.51389 0.934247 21.1559 1 1 1 1 
v -3.54204 0.772889 20.6786 1 1 1 1 
v -3.51389 0.602527 21.0899 1 1 1 1 
v -3.51389 0.321308 20.902 1 1 1 1 
v -3.54204 0.934247 20.7107 1 1 1 1 
v -3.54204 0.636098 20.5872 1 1 1 1 
v -3.54204 1.0956 20.6786 1 1 1 1 
v -3.54204 0.544696 20.4504 1 1 1 1 
v -3.51389 1.26597 21.0899 1 1 1 1 
v -3.51389 0.133404 20.6208 1 1 1 1 
v -3.54204 1.2324 20.5872 1 1 1 1 
v -3.51389 0.0674209 20.289 1 1 1 1 
v -3.51389 1.54718 20.902 1 1 1 1 
v -3.54204 0.5126 20.289 1 1 1 1 
v -3.51389 1.73509 20.6208 1 1 1 1 
v -3.54204 0.544696 20.1277 1 1 1 1 
v -3.54204 1.3238 20.4504 1 1 1 1 
v -3.51389 0.133404 19.9573 1 1 1 1 
v -3.54204 1.35589 20.289 1 1 1 1 
v -3.51389 0.321308 19.6761 1 1 1 1 
v -3.51389 1.80107 20.289 1 1 1 1 
v -3.54204 0.636098 19.9909 1 1 1 1 
v -3.51389 1.73509 19.9573 1 1 1 1 
v -3.54204 0.772889 19.8995 1 1 1 1 
v -3.54204 1.3238 20.1277 1 1 1 1 
v -3.51389 0.602526 19.4882 1 1 1 1 
v -3.54204 1.2324 19.9909 1 1 1 1 
v -3.51389 0.934247 19.4222 1 1 1 1 
v -3.51389 1.54718 19.6761 1 1 1 1 
v -3.54204 0.934247 19.8674 1 1 1 1 
v -3.54204 1.0956 19.8995 1 1 1 1 
v -3.51389 1.26597 19.4882 1 1 1 1 
v 1.18952 0.934246 21.173 1 1 1 1 
v 1.18952 1.55931 20.9141 1 1 1 1 
v 1.18952 1.81822 20.289 1 1 1 1 
v 1.18952 1.75093 19.9508 1 1 1 1 
v 1.18952 1.27253 19.4724 1 1 1 1 
v 1.18952 0.309186 19.664 1 1 1 1 
v 1.18952 0.117566 20.6273 1 1 1 1 
v 1.18952 0.595966 21.1057 1 1 1 1 
v 1.08058 1.69063 20.289 1 1 1 1 
v 1.08058 1.63305 19.9996 1 1 1 1 
v 1.22012 0.934247 20.289 1 1 1 1 
v 1.08058 1.46909 19.7542 1 1 1 1 
v 1.08058 1.63305 20.5785 1 1 1 1 
v 1.08058 1.2237 19.5902 1 1 1 1 
v 1.08058 1.46909 20.8239 1 1 1 1 
v 1.08058 0.934246 19.5327 1 1 1 1 
v 1.08058 1.2237 20.9878 1 1 1 1 
v 1.08058 0.644792 19.5902 1 1 1 1 
v 1.08058 0.934246 21.0454 1 1 1 1 
v 1.08058 0.399404 19.7542 1 1 1 1 
v 1.08058 0.644792 20.9878 1 1 1 1 
v 1.08058 0.235442 19.9996 1 1 1 1 
v 1.08058 0.399405 20.8239 1 1 1 1 
v 1.08058 0.177866 20.289 1 1 1 1 
v 1.08058 0.235442 20.5785 1 1 1 1 
v 1.18952 0.934246 21.173 1 1 1 1 
v 1.08058 0.644792 20.9878 1 1 1 1 
v 1.18952 0.595966 21.1057 1 1 1 1 
v 1.08058 0.399405 20.8239 1 1 1 1 
v 1.08058 0.934246 21.0454 1 1 1 1 
v 1.18952 0.309186 20.9141 1 1 1 1 
v 1.08058 1.2237 20.9878 1 1 1 1 
v 1.08058 0.235442 20.5785 1 1 1 1 
v 1.18952 1.27253 21.1057 1 1 1 1 
v 1.18952 0.117566 20.6273 1 1 1 1 
v 1.08058 1.46909 20.8239 1 1 1 1 
v 1.18952 0.0502781 20.289 1 1 1 1 
v 1.18952 1.55931 20.9141 1 1 1 1 
v 1.08058 0.177866 20.289 1 1 1 1 
v 1.18952 1.75093 20.6273 1 1 1 1 
v 1.08058 0.235442 19.9996 1 1 1 1 
v 1.08058 1.63305 20.5785 1 1 1 1 
v 1.18952 0.117566 19.9508 1 1 1 1 
v 1.18952 1.81822 20.289 1 1 1 1 
v 1.18952 0.309186 19.664 1 1 1 1 
v 1.08058 1.69063 20.289 1 1 1 1 
v 1.08058 0.399404 19.7542 1 1 1 1 
v 1.08058 1.63305 19.9996 1 1 1 1 
v 1.08058 0.644792 19.5902 1 1 1 1 
v 1.18952 1.75093 19.9508 1 1 1 1 
v 1.18952 0.595966 19.4724 1 1 1 1 
v 1.08058 1.46909 19.7542 1 1 1 1 
v 1.18952 0.934246 19.4051 1 1 1 1 
v 1.18952 1.55931 19.664 1 1 1 1 
v 1.08058 0.934246 19.5327 1 1 1 1 
v 1.08058 1.2237 19.5902 1 1 1 1 
v 1.18952 1.27253 19.4724 1 1 1 1 
v 2.00796 0.321308 20.902 1 1 1 1 
v 2.00796 0.0674204 20.289 1 1 1 1 
v 2.00796 0.133403 19.9573 1 1 1 1 
v 2.00796 0.321308 19.6761 1 1 1 1 
v -3.51389 0.321308 20.902 1 1 1 1 
v -3.51389 0.133404 20.6208 1 1 1 1 
v -3.51389 0.0674209 20.289 1 1 1 1 
v -3.51389 0.133404 19.9573 1 1 1 1 
v -3.51389 0.321308 19.6761 1 1 1 1 
v 2.00796 0.321308 19.6761 1 1 1 1 
v 1.18952 0.309186 19.664 1 1 1 1 
v 1.54427 0.273635 19.6284 1 1 1 1 
v 1.54427 0.0711152 19.9315 1 1 1 1 
v 2.00796 0.133403 19.9573 1 1 1 1 
v 1.18952 0.117566 19.9508 1 1 1 1 
v 1.54427 2.38419e-07 20.289 1 1 1 1 
v 2.00796 0.0674204 20.289 1 1 1 1 
v 1.18952 0.0502781 20.289 1 1 1 1 
v 2.00796 0.133404 20.6208 1 1 1 1 
v 1.18952 0.117566 20.6273 1 1 1 1 
v 1.54427 0.0711155 20.6466 1 1 1 1 
v 2.00796 0.321308 20.902 1 1 1 1 
v 1.18952 0.309186 20.9141 1 1 1 1 
v 1.54427 0.273635 20.9497 1 1 1 1 
v 1.54427 0.576726 21.1522 1 1 1 1 
v 1.18952 0.595966 21.1057 1 1 1 1 
v -3.51389 0.321308 19.6761 1 1 1 1 
v -2.69545 0.309186 19.664 1 1 1 1 
v -3.0502 0.273635 19.6284 1 1 1 1 
v -3.0502 0.0711158 19.9315 1 1 1 1 
v -3.51389 0.133404 19.9573 1 1 1 1 
v -2.69545 0.117566 19.9508 1 1 1 1 
v -3.0502 5.36442e-07 20.289 1 1 1 1 
v -3.51389 0.0674209 20.289 1 1 1 1 
v -2.69545 0.0502784 20.289 1 1 1 1 
v -3.51389 0.133404 20.6208 1 1 1 1 
v -2.69545 0.117566 20.6273 1 1 1 1 
v -3.0502 0.0711158 20.6466 1 1 1 1 
v -3.51389 0.321308 20.902 1 1 1 1 
v -2.69545 0.309186 20.9141 1 1 1 1 
v -3.0502 0.273635 20.9497 1 1 1 1 
v 2.00796 1.73509 19.9573 1 1 1 1 
v 2.00796 0.321308 19.6761 1 1 1 1 
v 2.00796 1.54718 19.6761 1 1 1 1 
v 2.00796 0.602526 19.4882 1 1 1 1 
v 2.00796 0.934246 19.4222 1 1 1 1 
v -3.51389 0.321308 19.6761 1 1 1 1 
v -3.51389 1.73509 19.9573 1 1 1 1 
v -3.51389 0.602526 19.4882 1 1 1 1 
v -3.51389 0.934247 19.4222 1 1 1 1 
v -3.51389 1.26597 19.4882 1 1 1 1 
v 1.18952 1.75093 19.9508 1 1 1 1 
v 1.54427 1.79738 19.9315 1 1 1 1 
v 2.00796 1.54718 19.6761 1 1 1 1 
v 1.18952 1.55931 19.664 1 1 1 1 
v 1.54427 1.59486 19.6284 1 1 1 1 
v 1.54427 1.29177 19.4259 1 1 1 1 
v 2.00796 1.26597 19.4882 1 1 1 1 
v 1.18952 1.27253 19.4724 1 1 1 1 
v 1.54427 0.934246 19.3548 1 1 1 1 
v 2.00796 0.934246 19.4222 1 1 1 1 
v 1.18952 0.934246 19.4051 1 1 1 1 
v 2.00796 0.602526 19.4882 1 1 1 1 
v 1.18952 0.595966 19.4724 1 1 1 1 
v 1.54427 0.576726 19.4259 1 1 1 1 
v 2.00796 0.321308 19.6761 1 1 1 1 
v 1.18952 0.309186 19.664 1 1 1 1 
v 1.54427 0.273635 19.6284 1 1 1 1 
v -2.69545 1.75093 19.9508 1 1 1 1 
v -3.51389 1.54718 19.6761 1 1 1 1 
v -2.69545 1.55931 19.664 1 1 1 1 
v -3.0502 1.59486 19.6284 1 1 1 1 
v -3.0502 1.29177 19.4259 1 1 1 1 
v -3.51389 1.26597 19.4882 1 1 1 1 
v -2.69545 1.27253 19.4724 1 1 1 1 
v -3.0502 0.934247 19.3548 1 1 1 1 
v -3.51389 0.934247 19.4222 1 1 1 1 
v -2.69545 0.934247 19.4051 1 1 1 1 
v -3.51389 0.602526 19.4882 1 1 1 1 
v -2.69545 0.595966 19.4724 1 1 1 1 
v -3.0502 0.576726 19.4259 1 1 1 1 
v -3.51389 0.321308 19.6761 1 1 1 1 
v -2.69545 0.309186 19.664 1 1 1 1 
v -3.0502 0.273635 19.6284 1 1 1 1 

vn 1 0 0.0629921 
vn 1 -0.023622 0.0551181 
vn 1 0 0.0629921 
vn 1 0.023622 0.0551181 
vn 1 -0.023622 0.0551181 
vn 1 0.023622 0.0551181 
vn 1 -0.0472441 0.0472441 
vn 1 0.0472441 0.0472441 
vn 1 -0.0472441 0.0472441 
vn 1 0.0472441 0.0472441 
vn 1 -0.0551181 0.023622 
vn 1 0.0551181 0.023622 
vn 1 -0.0551181 0.023622 
vn 1 0.0551181 0.023622 
vn 1 -0.0629921 0 
vn 1 0.0629921 0 
vn 1 -0.0629921 0 
vn 1 0.0629921 0 
vn 1 -0.0551181 -0.023622 
vn 1 0.0551181 -0.023622 
vn 1 -0.0551181 -0.023622 
vn 1 0.0551181 -0.023622 
vn 1 -0.0472441 -0.0472441 
vn 1 0.0472441 -0.0472441 
vn 1 -0.0472441 -0.0472441 
vn 1 0.0472441 -0.0472441 
vn 1 -0.023622 -0.0551181 
vn 1 0.023622 -0.0551181 
vn 1 -0.023622 -0.0551181 
vn 1 0.023622 -0.0551181 
vn 1 0 -0.0629921 
vn 1 0 -0.0629921 
vn 0.464567 0 0.889764 
vn 0.464567 0.629921 0.629921 
vn 0.464567 0.889764 0 
vn 0.464567 0.818898 -0.338583 
vn 0.464567 0.629921 -0.629921 
vn 0.464567 0.338583 -0.818898 
vn 0.464567 -0.338583 -0.818898 
vn 0.464567 -0.629921 -0.629921 
vn 0.464567 -0.818898 -0.338583 
vn 0.464567 -0.818898 0.338583 
vn 0.464567 -0.629921 0.629921 
vn 0.464567 -0.338583 0.818898 
vn 0.984252 -0.181102 0 
vn 1 0 0 
vn 0.984252 -0.165354 0.0708661 
vn 0.984252 -0.125984 0.125984 
vn 0.984252 -0.165354 -0.0708661 
vn 0.984252 -0.0708661 0.165354 
vn 0.984252 -0.125984 -0.125984 
vn 0.984252 0 0.181102 
vn 0.984252 -0.0708661 -0.165354 
vn 0.984252 0.0708661 0.165354 
vn 0.984252 0 -0.181102 
vn 0.984252 0.125984 0.125984 
vn 0.984252 0.0708661 -0.165354 
vn 0.984252 0.165354 0.0708661 
vn 0.984252 0.125984 -0.125984 
vn 0.984252 0.181102 0 
vn 0.984252 0.165354 -0.0708661 
vn 0.464567 0 0.889764 
vn 0.76378 -0.251969 0.598425 
vn 0.76378 0 0.645669 
vn 0.76378 0.251969 0.598425 
vn 0.464567 -0.338583 0.818898 
vn 0.464567 0.338583 0.818898 
vn 0.76378 -0.456693 0.456693 
vn 0.76378 0.456693 0.456693 
vn 0.464567 -0.629921 0.629921 
vn 0.464567 0.629921 0.629921 
vn 0.76378 -0.598425 0.251969 
vn 0.464567 0.818898 0.338583 
vn 0.464567 -0.818898 0.338583 
vn 0.76378 0.598425 0.251969 
vn 0.464567 -0.889764 0 
vn 0.464567 0.889764 0 
vn 0.76378 -0.645669 0 
vn 0.76378 0.645669 0 
vn 0.76378 -0.598425 -0.251969 
vn 0.76378 0.598425 -0.251969 
vn 0.464567 -0.818898 -0.338583 
vn 0.464567 0.818898 -0.338583 
vn 0.464567 -0.629921 -0.629921 
vn 0.76378 0.456693 -0.456693 
vn 0.76378 -0.456693 -0.456693 
vn 0.464567 0.629921 -0.629921 
vn 0.76378 -0.251969 -0.598425 
vn 0.76378 0.251969 -0.598425 
vn 0.464567 -0.338583 -0.818898 
vn 0.464567 0.338583 -0.818898 
vn 0.464567 0 -0.889764 
vn 0.76378 0 -0.645669 
vn 1 0.0472441 0.0472441 
vn 1 0.0551181 0.023622 
vn 1 0.0629921 0 
vn 1 0.0551181 -0.023622 
vn 1 0.0472441 -0.0472441 
vn -1 0.0472441 0.0472441 
vn -1 0.0551181 0.023622 
vn -1 0.0629921 0 
vn -1 0.0551181 -0.023622 
vn -1 0.023622 -0.0551181 
vn 0.141732 0.700787 0.700787 
vn -0.464567 0.629921 0.629921 
vn 0 0.708661 0.708661 
vn 0 0.92126 0.385827 
vn 0.141732 0.913386 0.377953 
vn -0.464567 0.818898 0.338583 
vn 0 1 0 
vn 0.141732 0.992126 0 
vn -0.464567 0.889764 0 
vn 0.141732 0.913386 -0.377953 
vn -0.464567 0.818898 -0.338583 
vn 0 0.92126 -0.385827 
vn 0.141732 0.700787 -0.700787 
vn -0.464567 0.629921 -0.629921 
vn 0 0.708661 -0.708661 
vn -0.464567 0.338583 -0.818898 
vn -0.141732 0.700787 0.700787 
vn 0.464567 0.629921 0.629921 
vn 0 0.708661 0.708661 
vn 0 0.92126 0.385827 
vn -0.141732 0.913386 0.377953 
vn 0.464567 0.818898 0.338583 
vn 0 1 0 
vn -0.141732 0.992126 0 
vn 0.464567 0.889764 0 
vn -0.141732 0.913386 -0.377953 
vn 0.464567 0.818898 -0.338583 
vn 0 0.92126 -0.385827 
vn -0.141732 0.700787 -0.700787 
vn 0.464567 0.629921 -0.629921 
vn 0 0.708661 -0.708661 
vn 1 0 0.0629921 
vn 1 0.023622 0.0551181 
vn 1 -0.0472441 0.0472441 
vn 1 0.0472441 0.0472441 
vn -1 0 0.0629921 
vn -1 -0.0472441 0.0472441 
vn -1 0.023622 0.0551181 
vn -1 -0.0551181 0.023622 
vn -1 0.0472441 0.0472441 
vn 0 0 1 
vn 0.141732 0.377953 0.913386 
vn 0 0.385827 0.92126 
vn 0.141732 0 0.992126 
vn 0.141732 0.700787 0.700787 
vn -0.464567 0.338583 0.818898 
vn -0.464567 0 0.889764 
vn -0.464567 0.629921 0.629921 
vn 0 0.708661 0.708661 
vn -0.464567 -0.818898 0.338583 
vn 0.141732 -0.700787 0.700787 
vn -0.464567 -0.629921 0.629921 
vn 0 -0.708661 0.708661 
vn 0 -0.385827 0.92126 
vn 0.141732 -0.377953 0.913386 
vn -0.464567 -0.338583 0.818898 
vn 0 0 1 
vn 0.141732 0 0.992126 
vn -0.464567 0 0.889764 
vn -0.141732 0 0.992126 
vn 0 0 1 
vn -0.141732 0.377953 0.913386 
vn 0 0.385827 0.92126 
vn -0.141732 0.700787 0.700787 
vn 0.464567 0.338583 0.818898 
vn 0.464567 0 0.889764 
vn 0.464567 0.629921 0.629921 
vn 0 0.708661 0.708661 
vn 0 -0.92126 0.385827 
vn -0.141732 -0.700787 0.700787 
vn 0.464567 -0.629921 0.629921 
vn 0 -0.708661 0.708661 
vn 0 -0.385827 0.92126 
vn -0.141732 -0.377953 0.913386 
vn 0.464567 -0.338583 0.818898 
vn 0 0 1 
vn -0.141732 0 0.992126 
vn 0.464567 0 0.889764 
vn -1 0 0.0629921 
vn -1 -0.023622 0.0551181 
vn -1 -0.023622 0.0551181 
vn -1 -0.0472441 0.0472441 
vn -1 0 0.0629921 
vn -1 -0.0472441 0.0472441 
vn -1 0.023622 0.0551181 
vn -1 -0.0551181 0.023622 
vn -1 0.023622 0.0551181 
vn -1 -0.0551181 0.023622 
vn -1 0.0472441 0.0472441 
vn -1 -0.0629921 0 
vn -1 0.0472441 0.0472441 
vn -1 -0.0629921 0 
vn -1 0.0551181 0.023622 
vn -1 -0.0551181 -0.023622 
vn -1 0.0551181 0.023622 
vn -1 -0.0551181 -0.023622 
vn -1 0.0629921 0 
vn -1 -0.0472441 -0.0472441 
vn -1 0.0629921 0 
vn -1 -0.0472441 -0.0472441 
vn -1 0.0551181 -0.023622 
vn -1 -0.023622 -0.0551181 
vn -1 0.0551181 -0.023622 
vn -1 -0.023622 -0.0551181 
vn -1 0.0472441 -0.0472441 
vn -1 0 -0.0629921 
vn -1 0.0472441 -0.0472441 
vn -1 0 -0.0629921 
vn -1 0.023622 -0.0551181 
vn -1 0.023622 -0.0551181 
vn -0.464567 0 0.889764 
vn -0.464567 0.629921 0.629921 
vn -0.464567 0.889764 0 
vn -0.464567 0.818898 -0.338583 
vn -0.464567 0.338583 -0.818898 
vn -0.464567 -0.629921 -0.629921 
vn -0.464567 -0.818898 0.338583 
vn -0.464567 -0.338583 0.818898 
vn -0.984252 -0.181102 0 
vn -0.984252 -0.165354 0.0708661 
vn -1 0 0 
vn -0.984252 -0.125984 0.125984 
vn -0.984252 -0.165354 -0.0708661 
vn -0.984252 -0.0708661 0.165354 
vn -0.984252 -0.125984 -0.125984 
vn -0.984252 0 0.181102 
vn -0.984252 -0.0708661 -0.165354 
vn -0.984252 0.0708661 0.165354 
vn -0.984252 0 -0.181102 
vn -0.984252 0.125984 0.125984 
vn -0.984252 0.0708661 -0.165354 
vn -0.984252 0.165354 0.0708661 
vn -0.984252 0.125984 -0.125984 
vn -0.984252 0.181102 0 
vn -0.984252 0.165354 -0.0708661 
vn -0.464567 0 0.889764 
vn -0.76378 -0.251969 0.598425 
vn -0.464567 -0.338583 0.818898 
vn -0.76378 -0.456693 0.456693 
vn -0.76378 0 0.645669 
vn -0.464567 -0.629921 0.629921 
vn -0.76378 0.251969 0.598425 
vn -0.76378 -0.598425 0.251969 
vn -0.464567 0.338583 0.818898 
vn -0.464567 -0.818898 0.338583 
vn -0.76378 0.456693 0.456693 
vn -0.464567 -0.889764 0 
vn -0.464567 0.629921 0.629921 
vn -0.76378 -0.645669 0 
vn -0.464567 0.818898 0.338583 
vn -0.76378 -0.598425 -0.251969 
vn -0.76378 0.598425 0.251969 
vn -0.464567 -0.818898 -0.338583 
vn -0.464567 0.889764 0 
vn -0.464567 -0.629921 -0.629921 
vn -0.76378 0.645669 0 
vn -0.76378 -0.456693 -0.456693 
vn -0.76378 0.598425 -0.251969 
vn -0.76378 -0.251969 -0.598425 
vn -0.464567 0.818898 -0.338583 
vn -0.464567 -0.338583 -0.818898 
vn -0.76378 0.456693 -0.456693 
vn -0.464567 0 -0.889764 
vn -0.464567 0.629921 -0.629921 
vn -0.76378 0 -0.645669 
vn -0.76378 0.251969 -0.598425 
vn -0.464567 0.338583 -0.818898 
vn 1 -0.0472441 0.0472441 
vn 1 -0.0629921 0 
vn 1 -0.0551181 -0.023622 
vn 1 -0.0472441 -0.0472441 
vn -1 -0.0472441 0.0472441 
vn -1 -0.0551181 0.023622 
vn -1 -0.0629921 0 
vn -1 -0.0551181 -0.023622 
vn -1 -0.0472441 -0.0472441 
vn 0.141732 -0.700787 -0.700787 
vn -0.464567 -0.629921 -0.629921 
vn 0 -0.708661 -0.708661 
vn 0 -0.92126 -0.385827 
vn 0.141732 -0.913386 -0.377953 
vn -0.464567 -0.818898 -0.338583 
vn 0 -1 0 
vn 0.141732 -0.992126 0 
vn -0.464567 -0.889764 0 
vn 0.141732 -0.913386 0.377953 
vn -0.464567 -0.818898 0.338583 
vn 0 -0.92126 0.385827 
vn 0.141732 -0.700787 0.700787 
vn -0.464567 -0.629921 0.629921 
vn 0 -0.708661 0.708661 
vn 0 -0.385827 0.92126 
vn -0.464567 -0.338583 0.818898 
vn -0.141732 -0.700787 -0.700787 
vn 0.464567 -0.629921 -0.629921 
vn 0 -0.708661 -0.708661 
vn 0 -0.92126 -0.385827 
vn -0.141732 -0.913386 -0.377953 
vn 0.464567 -0.818898 -0.338583 
vn 0 -1 0 
vn -0.141732 -0.992126 0 
vn 0.464567 -0.889764 0 
vn -0.141732 -0.913386 0.377953 
vn 0.464567 -0.818898 0.338583 
vn 0 -0.92126 0.385827 
vn -0.141732 -0.700787 0.700787 
vn 0.464567 -0.629921 0.629921 
vn 0 -0.708661 0.708661 
vn 1 0.0551181 -0.023622 
vn 1 -0.0472441 -0.0472441 
vn 1 0.0472441 -0.0472441 
vn 1 -0.023622 -0.0551181 
vn 1 0 -0.0629921 
vn -1 -0.0472441 -0.0472441 
vn -1 0.0551181 -0.023622 
vn -1 -0.023622 -0.0551181 
vn -1 0 -0.0629921 
vn -1 0.023622 -0.0551181 
vn -0.464567 0.818898 -0.338583 
vn 0 0.92126 -0.385827 
vn 0.141732 0.700787 -0.700787 
vn -0.464567 0.629921 -0.629921 
vn 0 0.708661 -0.708661 
vn 0 0.385827 -0.92126 
vn 0.141732 0.377953 -0.913386 
vn -0.464567 0.338583 -0.818898 
vn 0 0 -1 
vn 0.141732 0 -0.992126 
vn -0.464567 0 -0.889764 
vn 0.141732 -0.377953 -0.913386 
vn -0.464567 -0.338583 -0.818898 
vn 0 -0.385827 -0.92126 
vn 0.141732 -0.700787 -0.700787 
vn -0.464567 -0.629921 -0.629921 
vn 0 -0.708661 -0.708661 
vn 0.464567 0.818898 -0.338583 
vn -0.141732 0.700787 -0.700787 
vn 0.464567 0.629921 -0.629921 
vn 0 0.708661 -0.708661 
vn 0 0.385827 -0.92126 
vn -0.141732 0.377953 -0.913386 
vn 0.464567 0.338583 -0.818898 
vn 0 0 -1 
vn -0.141732 0 -0.992126 
vn 0.464567 0 -0.889764 
vn -0.141732 -0.377953 -0.913386 
vn 0.464567 -0.338583 -0.818898 
vn 0 -0.385827 -0.92126 
vn -0.141732 -0.700787 -0.700787 
vn 0.464567 -0.629921 -0.629921 
vn 0 -0.708661 -0.708661 

vt 1.89165 -23 
vt 1.95131 -23.0202 
vt 1.94729 -23 
vt 1.95131 -22.9798 
vt 1.89989 -23.0415 
vt 1.89989 -22.9585 
vt 1.92338 -23.0766 
vt 1.96273 -22.9627 
vt 1.96273 -23.0373 
vt 1.92338 -22.9234 
vt 1.97983 -23.0487 
vt 1.95854 -22.8999 
vt 1.95854 -23.1001 
vt 1.97983 -22.9513 
vt 2 -23.1084 
vt 2 -22.9473 
vt 2 -23.0527 
vt 2 -22.8916 
vt 2.02017 -23.0487 
vt 2.04147 -22.8999 
vt 2.04147 -23.1001 
vt 2.02017 -22.9513 
vt 2.07662 -23.0766 
vt 2.03727 -22.9627 
vt 2.03727 -23.0373 
vt 2.07662 -22.9234 
vt 2.04869 -23.0202 
vt 2.04869 -22.9798 
vt 2.10011 -23.0415 
vt 2.10011 -22.9585 
vt 2.10835 -23 
vt 2.05271 -23 
vt 1.8895 -23 
vt 1.92187 -22.9219 
vt 2 -22.8895 
vt 2.04228 -22.8979 
vt 2.07813 -22.9219 
vt 2.10208 -22.9577 
vt 2.10208 -23.0423 
vt 2.07813 -23.0781 
vt 2.04228 -23.1021 
vt 1.95772 -23.1021 
vt 1.92187 -23.0781 
vt 1.89792 -23.0423 
vt 2 -22.9055 
vt 2 -23 
vt 2.03618 -22.9126 
vt 2.06685 -22.9331 
vt 1.96382 -22.9126 
vt 2.08735 -22.9638 
vt 1.93314 -22.9331 
vt 2.09455 -23 
vt 1.91265 -22.9638 
vt 2.08735 -23.0362 
vt 1.90545 -23 
vt 2.06685 -23.0669 
vt 1.91265 -23.0362 
vt 2.03618 -23.0874 
vt 1.93314 -23.0669 
vt 2 -23.0945 
vt 1.96382 -23.0874 
vt 1.8895 -23 
vt 1.91265 -23.0362 
vt 1.90545 -23 
vt 1.91265 -22.9638 
vt 1.89792 -23.0423 
vt 1.89792 -22.9577 
vt 1.93314 -23.0669 
vt 1.93314 -22.9331 
vt 1.92187 -23.0781 
vt 1.92187 -22.9219 
vt 1.96382 -23.0874 
vt 1.95772 -22.8979 
vt 1.95772 -23.1021 
vt 1.96382 -22.9126 
vt 2 -23.1105 
vt 2 -22.8895 
vt 2 -23.0945 
vt 2 -22.9055 
vt 2.03618 -23.0874 
vt 2.03618 -22.9126 
vt 2.04228 -23.1021 
vt 2.04228 -22.8979 
vt 2.07813 -23.0781 
vt 2.06685 -22.9331 
vt 2.06685 -23.0669 
vt 2.07813 -22.9219 
vt 2.08735 -23.0362 
vt 2.08735 -22.9638 
vt 2.10208 -23.0423 
vt 2.10208 -22.9577 
vt 2.1105 -23 
vt 2.09455 -23 
vt 1.65488 -22.9234 
vt 1.65488 -22.9585 
vt 1.65488 -23 
vt 1.65488 -23.0415 
vt 1.65488 -23.0766 
vt 2.34512 -22.9234 
vt 2.34512 -22.9585 
vt 2.34512 -23 
vt 2.34512 -23.0415 
vt 2.34512 -23.1001 
vt 1.65488 -22.9234 
vt 1.75719 -22.9219 
vt 1.71285 -22.9174 
vt 1.71285 -22.9553 
vt 1.65488 -22.9585 
vt 1.75719 -22.9577 
vt 1.71285 -23 
vt 1.65488 -23 
vt 1.75719 -23 
vt 1.65488 -23.0415 
vt 1.75719 -23.0423 
vt 1.71285 -23.0447 
vt 1.65488 -23.0766 
vt 1.75719 -23.0781 
vt 1.71285 -23.0826 
vt 1.75719 -23.1021 
vt 2.34512 -22.9234 
vt 2.24281 -22.9219 
vt 2.28715 -22.9174 
vt 2.28715 -22.9553 
vt 2.34512 -22.9585 
vt 2.24281 -22.9577 
vt 2.28715 -23 
vt 2.34512 -23 
vt 2.24281 -23 
vt 2.34512 -23.0415 
vt 2.24281 -23.0423 
vt 2.28715 -23.0447 
vt 2.34512 -23.0766 
vt 2.24281 -23.0781 
vt 2.28715 -23.0826 
vt 2.34512 -23 
vt 2.34512 -22.9585 
vt 2.34512 -23.0766 
vt 2.34512 -22.9234 
vt 1.65488 -23 
vt 1.65488 -23.0766 
vt 1.65488 -22.9585 
vt 1.65488 -23.1001 
vt 1.65488 -22.9234 
vt 2.28715 -23 
vt 2.34512 -22.9585 
vt 2.28715 -22.9553 
vt 2.34512 -23 
vt 2.34512 -22.9234 
vt 2.24281 -22.9577 
vt 2.24281 -23 
vt 2.24281 -22.9219 
vt 2.28715 -22.9174 
vt 2.24281 -23.1021 
vt 2.34512 -23.0766 
vt 2.24281 -23.0781 
vt 2.28715 -23.0826 
vt 2.28715 -23.0447 
vt 2.34512 -23.0415 
vt 2.24281 -23.0423 
vt 2.28715 -23 
vt 2.34512 -23 
vt 2.24281 -23 
vt 1.65488 -23 
vt 1.71285 -23 
vt 1.65488 -22.9585 
vt 1.71285 -22.9553 
vt 1.65488 -22.9234 
vt 1.75719 -22.9577 
vt 1.75719 -23 
vt 1.75719 -22.9219 
vt 1.71285 -22.9174 
vt 1.71285 -23.1079 
vt 1.65488 -23.0766 
vt 1.75719 -23.0781 
vt 1.71285 -23.0826 
vt 1.71285 -23.0447 
vt 1.65488 -23.0415 
vt 1.75719 -23.0423 
vt 1.71285 -23 
vt 1.65488 -23 
vt 1.75719 -23 
vt 2.10835 -23 
vt 2.04869 -23.0202 
vt 2.10011 -23.0415 
vt 2.07662 -23.0766 
vt 2.05271 -23 
vt 2.03727 -23.0373 
vt 2.04869 -22.9798 
vt 2.02017 -23.0487 
vt 2.10011 -22.9585 
vt 2.04147 -23.1001 
vt 2.03727 -22.9627 
vt 2 -23.1084 
vt 2.07662 -22.9234 
vt 2 -23.0527 
vt 2.04147 -22.8999 
vt 1.97983 -23.0487 
vt 2.02017 -22.9513 
vt 1.95854 -23.1001 
vt 2 -22.9473 
vt 1.92338 -23.0766 
vt 2 -22.8916 
vt 1.96273 -23.0373 
vt 1.95854 -22.8999 
vt 1.95131 -23.0202 
vt 1.97983 -22.9513 
vt 1.89989 -23.0415 
vt 1.96273 -22.9627 
vt 1.89165 -23 
vt 1.92338 -22.9234 
vt 1.94729 -23 
vt 1.95131 -22.9798 
vt 1.89989 -22.9585 
vt 2.1105 -23 
vt 2.07813 -22.9219 
vt 2 -22.8895 
vt 1.95772 -22.8979 
vt 1.89792 -22.9577 
vt 1.92187 -23.0781 
vt 2.04228 -23.1021 
vt 2.10208 -23.0423 
vt 2 -22.9055 
vt 1.96382 -22.9126 
vt 2 -23 
vt 1.93314 -22.9331 
vt 2.03618 -22.9126 
vt 1.91265 -22.9638 
vt 2.06685 -22.9331 
vt 1.90545 -23 
vt 2.08735 -22.9638 
vt 1.91265 -23.0362 
vt 2.09455 -23 
vt 1.93314 -23.0669 
vt 2.08735 -23.0362 
vt 1.96382 -23.0874 
vt 2.06685 -23.0669 
vt 2 -23.0945 
vt 2.03618 -23.0874 
vt 2.1105 -23 
vt 2.08735 -23.0362 
vt 2.10208 -23.0423 
vt 2.06685 -23.0669 
vt 2.09455 -23 
vt 2.07813 -23.0781 
vt 2.08735 -22.9638 
vt 2.03618 -23.0874 
vt 2.10208 -22.9577 
vt 2.04228 -23.1021 
vt 2.06685 -22.9331 
vt 2 -23.1105 
vt 2.07813 -22.9219 
vt 2 -23.0945 
vt 2.04228 -22.8979 
vt 1.96382 -23.0874 
vt 2.03618 -22.9126 
vt 1.95772 -23.1021 
vt 2 -22.8895 
vt 1.92187 -23.0781 
vt 2 -22.9055 
vt 1.93314 -23.0669 
vt 1.96382 -22.9126 
vt 1.91265 -23.0362 
vt 1.95772 -22.8979 
vt 1.89792 -23.0423 
vt 1.93314 -22.9331 
vt 1.8895 -23 
vt 1.92187 -22.9219 
vt 1.90545 -23 
vt 1.91265 -22.9638 
vt 1.89792 -22.9577 
vt 2.34512 -22.9234 
vt 2.34512 -23 
vt 2.34512 -23.0415 
vt 2.34512 -23.0766 
vt 1.65488 -22.9234 
vt 1.65488 -22.9585 
vt 1.65488 -23 
vt 1.65488 -23.0415 
vt 1.65488 -23.0766 
vt 2.34512 -23.0766 
vt 2.24281 -23.0781 
vt 2.28715 -23.0826 
vt 2.28715 -23.0447 
vt 2.34512 -23.0415 
vt 2.24281 -23.0423 
vt 2.28715 -23 
vt 2.34512 -23 
vt 2.24281 -23 
vt 2.34512 -22.9585 
vt 2.24281 -22.9577 
vt 2.28715 -22.9553 
vt 2.34512 -22.9234 
vt 2.24281 -22.9219 
vt 2.28715 -22.9174 
vt 2.28715 -22.8921 
vt 2.24281 -22.8979 
vt 1.65488 -23.0766 
vt 1.75719 -23.0781 
vt 1.71285 -23.0826 
vt 1.71285 -23.0447 
vt 1.65488 -23.0415 
vt 1.75719 -23.0423 
vt 1.71285 -23 
vt 1.65488 -23 
vt 1.75719 -23 
vt 1.65488 -22.9585 
vt 1.75719 -22.9577 
vt 1.71285 -22.9553 
vt 1.65488 -22.9234 
vt 1.75719 -22.9219 
vt 1.71285 -22.9174 
vt 1.65488 -22.8999 
vt 1.65488 -23.0766 
vt 1.65488 -22.9234 
vt 1.65488 -23.0415 
vt 1.65488 -23 
vt 2.34512 -23.0766 
vt 2.34512 -22.8999 
vt 2.34512 -23.0415 
vt 2.34512 -23 
vt 2.34512 -22.9585 
vt 1.75719 -22.8979 
vt 1.71285 -22.8921 
vt 1.65488 -22.9234 
vt 1.75719 -22.9219 
vt 1.71285 -22.9174 
vt 1.71285 -22.9553 
vt 1.65488 -22.9585 
vt 1.75719 -22.9577 
vt 1.71285 -23 
vt 1.65488 -23 
vt 1.75719 -23 
vt 1.65488 -23.0415 
vt 1.75719 -23.0423 
vt 1.71285 -23.0447 
vt 1.65488 -23.0766 
vt 1.75719 -23.0781 
vt 1.71285 -23.0826 
vt 2.24281 -22.8979 
vt 2.34512 -22.9234 
vt 2.24281 -22.9219 
vt 2.28715 -22.9174 
vt 2.28715 -22.9553 
vt 2.34512 -22.9585 
vt 2.24281 -22.9577 
vt 2.28715 -23 
vt 2.34512 -23 
vt 2.24281 -23 
vt 2.34512 -23.0415 
vt 2.24281 -23.0423 
vt 2.28715 -23.0447 
vt 2.34512 -23.0766 
vt 2.24281 -23.0781 
vt 2.28715 -23.0826 

usemtl Cube0231Mtl

f 1117/1117/1117 1118/1118/1118 1119/1119/1119 
f 1120/1120/1120 1117/1117/1117 1119/1119/1119 
f 1118/1118/1118 1117/1117/1117 1121/1121/1121 
f 1117/1117/1117 1120/1120/1120 1122/1122/1122 
f 1123/1123/1123 1118/1118/1118 1121/1121/1121 
f 1124/1124/1124 1122/1122/1122 1120/1120/1120 
f 1118/1118/1118 1123/1123/1123 1125/1125/1125 
f 1122/1122/1122 1124/1124/1124 1126/1126/1126 
f 1123/1123/1123 1127/1127/1127 1125/1125/1125 
f 1126/1126/1126 1124/1124/1124 1128/1128/1128 
f 1123/1123/1123 1129/1129/1129 1127/1127/1127 
f 1128/1128/1128 1124/1124/1124 1130/1130/1130 
f 1131/1131/1131 1127/1127/1127 1129/1129/1129 
f 1132/1132/1132 1128/1128/1128 1130/1130/1130 
f 1127/1127/1127 1131/1131/1131 1133/1133/1133 
f 1128/1128/1128 1132/1132/1132 1134/1134/1134 
f 1133/1133/1133 1131/1131/1131 1135/1135/1135 
f 1132/1132/1132 1136/1136/1136 1134/1134/1134 
f 1135/1135/1135 1131/1131/1131 1137/1137/1137 
f 1136/1136/1136 1132/1132/1132 1138/1138/1138 
f 1139/1139/1139 1135/1135/1135 1137/1137/1137 
f 1140/1140/1140 1136/1136/1136 1138/1138/1138 
f 1135/1135/1135 1139/1139/1139 1141/1141/1141 
f 1136/1136/1136 1140/1140/1140 1142/1142/1142 
f 1139/1139/1139 1143/1143/1143 1141/1141/1141 
f 1144/1144/1144 1142/1142/1142 1140/1140/1140 
f 1143/1143/1143 1139/1139/1139 1145/1145/1145 
f 1142/1142/1142 1144/1144/1144 1146/1146/1146 
f 1147/1147/1147 1143/1143/1143 1145/1145/1145 
f 1146/1146/1146 1144/1144/1144 1147/1147/1147 
f 1143/1143/1143 1147/1147/1147 1148/1148/1148 
f 1147/1147/1147 1144/1144/1144 1148/1148/1148 
f 1161/1161/1161 1162/1162/1162 1163/1163/1163 
f 1163/1163/1163 1162/1162/1162 1164/1164/1164 
f 1165/1165/1165 1162/1162/1162 1161/1161/1161 
f 1164/1164/1164 1162/1162/1162 1166/1166/1166 
f 1167/1167/1167 1162/1162/1162 1165/1165/1165 
f 1166/1166/1166 1162/1162/1162 1168/1168/1168 
f 1169/1169/1169 1162/1162/1162 1167/1167/1167 
f 1168/1168/1168 1162/1162/1162 1170/1170/1170 
f 1171/1171/1171 1162/1162/1162 1169/1169/1169 
f 1170/1170/1170 1162/1162/1162 1172/1172/1172 
f 1173/1173/1173 1162/1162/1162 1171/1171/1171 
f 1172/1172/1172 1162/1162/1162 1174/1174/1174 
f 1175/1175/1175 1162/1162/1162 1173/1173/1173 
f 1174/1174/1174 1162/1162/1162 1176/1176/1176 
f 1177/1177/1177 1162/1162/1162 1175/1175/1175 
f 1176/1176/1176 1162/1162/1162 1177/1177/1177 
f 1178/1178/1178 1179/1179/1179 1180/1180/1180 
f 1181/1181/1181 1178/1178/1178 1180/1180/1180 
f 1179/1179/1179 1178/1178/1178 1182/1182/1182 
f 1178/1178/1178 1181/1181/1181 1183/1183/1183 
f 1182/1182/1182 1184/1184/1184 1179/1179/1179 
f 1185/1185/1185 1183/1183/1183 1181/1181/1181 
f 1184/1184/1184 1182/1182/1182 1186/1186/1186 
f 1183/1183/1183 1185/1185/1185 1187/1187/1187 
f 1186/1186/1186 1188/1188/1188 1184/1184/1184 
f 1185/1185/1185 1189/1189/1189 1187/1187/1187 
f 1188/1188/1188 1186/1186/1186 1190/1190/1190 
f 1189/1189/1189 1185/1185/1185 1191/1191/1191 
f 1190/1190/1190 1192/1192/1192 1188/1188/1188 
f 1191/1191/1191 1193/1193/1193 1189/1189/1189 
f 1188/1188/1188 1192/1192/1192 1194/1194/1194 
f 1193/1193/1193 1191/1191/1191 1195/1195/1195 
f 1192/1192/1192 1196/1196/1196 1194/1194/1194 
f 1197/1197/1197 1193/1193/1193 1195/1195/1195 
f 1196/1196/1196 1192/1192/1192 1198/1198/1198 
f 1193/1193/1193 1197/1197/1197 1199/1199/1199 
f 1200/1200/1200 1196/1196/1196 1198/1198/1198 
f 1201/1201/1201 1199/1199/1199 1197/1197/1197 
f 1196/1196/1196 1200/1200/1200 1202/1202/1202 
f 1199/1199/1199 1201/1201/1201 1203/1203/1203 
f 1200/1200/1200 1204/1204/1204 1202/1202/1202 
f 1205/1205/1205 1203/1203/1203 1201/1201/1201 
f 1204/1204/1204 1200/1200/1200 1206/1206/1206 
f 1203/1203/1203 1205/1205/1205 1207/1207/1207 
f 1206/1206/1206 1208/1208/1208 1204/1204/1204 
f 1205/1205/1205 1208/1208/1208 1207/1207/1207 
f 1208/1208/1208 1209/1209/1209 1204/1204/1204 
f 1208/1208/1208 1205/1205/1205 1209/1209/1209 
f 1220/1220/1220 1223/1223/1223 1222/1222/1222 
f 1223/1223/1223 1221/1221/1221 1222/1222/1222 
f 1223/1223/1223 1220/1220/1220 1224/1224/1224 
f 1221/1221/1221 1223/1223/1223 1225/1225/1225 
f 1224/1224/1224 1226/1226/1226 1223/1223/1223 
f 1226/1226/1226 1225/1225/1225 1223/1223/1223 
f 1226/1226/1226 1224/1224/1224 1227/1227/1227 
f 1225/1225/1225 1226/1226/1226 1228/1228/1228 
f 1229/1229/1229 1226/1226/1226 1227/1227/1227 
f 1226/1226/1226 1230/1230/1230 1228/1228/1228 
f 1226/1226/1226 1229/1229/1229 1231/1231/1231 
f 1230/1230/1230 1226/1226/1226 1231/1231/1231 
f 1232/1232/1232 1231/1231/1231 1229/1229/1229 
f 1231/1231/1231 1233/1233/1233 1230/1230/1230 
f 1231/1231/1231 1232/1232/1232 1234/1234/1234 
f 1233/1233/1233 1231/1231/1231 1234/1234/1234 
f 1239/1239/1239 1236/1236/1236 1238/1238/1238 
f 1238/1238/1238 1237/1237/1237 1239/1239/1239 
f 1236/1236/1236 1239/1239/1239 1240/1240/1240 
f 1239/1239/1239 1237/1237/1237 1241/1241/1241 
f 1242/1242/1242 1240/1240/1240 1239/1239/1239 
f 1241/1241/1241 1242/1242/1242 1239/1239/1239 
f 1240/1240/1240 1242/1242/1242 1243/1243/1243 
f 1242/1242/1242 1241/1241/1241 1244/1244/1244 
f 1243/1243/1243 1242/1242/1242 1245/1245/1245 
f 1246/1246/1246 1242/1242/1242 1244/1244/1244 
f 1245/1245/1245 1242/1242/1242 1247/1247/1247 
f 1242/1242/1242 1246/1246/1246 1247/1247/1247 
f 1245/1245/1245 1247/1247/1247 1248/1248/1248 
f 1249/1249/1249 1247/1247/1247 1246/1246/1246 
f 1248/1248/1248 1247/1247/1247 1250/1250/1250 
f 1247/1247/1247 1249/1249/1249 1250/1250/1250 
f 1260/1260/1260 1261/1261/1261 1262/1262/1262 
f 1261/1261/1261 1260/1260/1260 1263/1263/1263 
f 1264/1264/1264 1262/1262/1262 1261/1261/1261 
f 1265/1265/1265 1260/1260/1260 1262/1262/1262 
f 1260/1260/1260 1265/1265/1265 1266/1266/1266 
f 1262/1262/1262 1267/1267/1267 1265/1265/1265 
f 1262/1262/1262 1264/1264/1264 1268/1268/1268 
f 1267/1267/1267 1262/1262/1262 1268/1268/1268 
f 1270/1270/1270 1273/1273/1273 1272/1272/1272 
f 1273/1273/1273 1271/1271/1271 1272/1272/1272 
f 1273/1273/1273 1270/1270/1270 1274/1274/1274 
f 1271/1271/1271 1273/1273/1273 1275/1275/1275 
f 1274/1274/1274 1276/1276/1276 1273/1273/1273 
f 1276/1276/1276 1275/1275/1275 1273/1273/1273 
f 1276/1276/1276 1274/1274/1274 1277/1277/1277 
f 1275/1275/1275 1276/1276/1276 1278/1278/1278 
f 1279/1279/1279 1280/1280/1280 1281/1281/1281 
f 1281/1281/1281 1280/1280/1280 1282/1282/1282 
f 1281/1281/1281 1282/1282/1282 1283/1283/1283 
f 1280/1280/1280 1284/1284/1284 1282/1282/1282 
f 1284/1284/1284 1280/1280/1280 1285/1285/1285 
f 1286/1286/1286 1282/1282/1282 1284/1284/1284 
f 1283/1283/1283 1282/1282/1282 1287/1287/1287 
f 1282/1282/1282 1286/1286/1286 1287/1287/1287 
f 1292/1292/1292 1289/1289/1289 1291/1291/1291 
f 1291/1291/1291 1290/1290/1290 1292/1292/1292 
f 1289/1289/1289 1292/1292/1292 1293/1293/1293 
f 1292/1292/1292 1290/1290/1290 1294/1294/1294 
f 1295/1295/1295 1293/1293/1293 1292/1292/1292 
f 1292/1292/1292 1294/1294/1294 1295/1295/1295 
f 1293/1293/1293 1295/1295/1295 1296/1296/1296 
f 1295/1295/1295 1294/1294/1294 1297/1297/1297 
f 1298/1298/1298 1299/1299/1299 1300/1300/1300 
f 1299/1299/1299 1301/1301/1301 1300/1300/1300 
f 1299/1299/1299 1298/1298/1298 1302/1302/1302 
f 1301/1301/1301 1299/1299/1299 1303/1303/1303 
f 1298/1298/1298 1304/1304/1304 1302/1302/1302 
f 1305/1305/1305 1301/1301/1301 1303/1303/1303 
f 1304/1304/1304 1298/1298/1298 1306/1306/1306 
f 1305/1305/1305 1307/1307/1307 1301/1301/1301 
f 1306/1306/1306 1308/1308/1308 1304/1304/1304 
f 1305/1305/1305 1309/1309/1309 1307/1307/1307 
f 1308/1308/1308 1306/1306/1306 1310/1310/1310 
f 1309/1309/1309 1305/1305/1305 1311/1311/1311 
f 1308/1308/1308 1310/1310/1310 1312/1312/1312 
f 1309/1309/1309 1311/1311/1311 1313/1313/1313 
f 1312/1312/1312 1314/1314/1314 1308/1308/1308 
f 1309/1309/1309 1313/1313/1313 1315/1315/1315 
f 1312/1312/1312 1316/1316/1316 1314/1314/1314 
f 1313/1313/1313 1317/1317/1317 1315/1315/1315 
f 1316/1316/1316 1312/1312/1312 1318/1318/1318 
f 1317/1317/1317 1313/1313/1313 1319/1319/1319 
f 1318/1318/1318 1320/1320/1320 1316/1316/1316 
f 1321/1321/1321 1317/1317/1317 1319/1319/1319 
f 1316/1316/1316 1320/1320/1320 1322/1322/1322 
f 1323/1323/1323 1317/1317/1317 1321/1321/1321 
f 1320/1320/1320 1324/1324/1324 1322/1322/1322 
f 1321/1321/1321 1325/1325/1325 1323/1323/1323 
f 1324/1324/1324 1320/1320/1320 1326/1326/1326 
f 1325/1325/1325 1321/1321/1321 1327/1327/1327 
f 1326/1326/1326 1328/1328/1328 1324/1324/1324 
f 1325/1325/1325 1327/1327/1327 1328/1328/1328 
f 1328/1328/1328 1326/1326/1326 1329/1329/1329 
f 1328/1328/1328 1329/1329/1329 1325/1325/1325 
f 1338/1338/1338 1339/1339/1339 1340/1340/1340 
f 1339/1339/1339 1341/1341/1341 1340/1340/1340 
f 1342/1342/1342 1338/1338/1338 1340/1340/1340 
f 1341/1341/1341 1343/1343/1343 1340/1340/1340 
f 1344/1344/1344 1342/1342/1342 1340/1340/1340 
f 1343/1343/1343 1345/1345/1345 1340/1340/1340 
f 1346/1346/1346 1344/1344/1344 1340/1340/1340 
f 1345/1345/1345 1347/1347/1347 1340/1340/1340 
f 1348/1348/1348 1346/1346/1346 1340/1340/1340 
f 1347/1347/1347 1349/1349/1349 1340/1340/1340 
f 1350/1350/1350 1348/1348/1348 1340/1340/1340 
f 1349/1349/1349 1351/1351/1351 1340/1340/1340 
f 1352/1352/1352 1350/1350/1350 1340/1340/1340 
f 1351/1351/1351 1353/1353/1353 1340/1340/1340 
f 1354/1354/1354 1352/1352/1352 1340/1340/1340 
f 1353/1353/1353 1354/1354/1354 1340/1340/1340 
f 1355/1355/1355 1356/1356/1356 1357/1357/1357 
f 1358/1358/1358 1357/1357/1357 1356/1356/1356 
f 1356/1356/1356 1355/1355/1355 1359/1359/1359 
f 1357/1357/1357 1358/1358/1358 1360/1360/1360 
f 1355/1355/1355 1361/1361/1361 1359/1359/1359 
f 1362/1362/1362 1360/1360/1360 1358/1358/1358 
f 1361/1361/1361 1355/1355/1355 1363/1363/1363 
f 1360/1360/1360 1362/1362/1362 1364/1364/1364 
f 1363/1363/1363 1365/1365/1365 1361/1361/1361 
f 1362/1362/1362 1366/1366/1366 1364/1364/1364 
f 1365/1365/1365 1363/1363/1363 1367/1367/1367 
f 1366/1366/1366 1362/1362/1362 1368/1368/1368 
f 1369/1369/1369 1365/1365/1365 1367/1367/1367 
f 1370/1370/1370 1366/1366/1366 1368/1368/1368 
f 1365/1365/1365 1369/1369/1369 1371/1371/1371 
f 1366/1366/1366 1370/1370/1370 1372/1372/1372 
f 1373/1373/1373 1371/1371/1371 1369/1369/1369 
f 1374/1374/1374 1372/1372/1372 1370/1370/1370 
f 1371/1371/1371 1373/1373/1373 1375/1375/1375 
f 1374/1374/1374 1370/1370/1370 1376/1376/1376 
f 1373/1373/1373 1377/1377/1377 1375/1375/1375 
f 1378/1378/1378 1374/1374/1374 1376/1376/1376 
f 1373/1373/1373 1379/1379/1379 1377/1377/1377 
f 1374/1374/1374 1378/1378/1378 1380/1380/1380 
f 1379/1379/1379 1381/1381/1381 1377/1377/1377 
f 1382/1382/1382 1380/1380/1380 1378/1378/1378 
f 1381/1381/1381 1379/1379/1379 1383/1383/1383 
f 1378/1378/1378 1384/1384/1384 1382/1382/1382 
f 1383/1383/1383 1385/1385/1385 1381/1381/1381 
f 1385/1385/1385 1382/1382/1382 1384/1384/1384 
f 1385/1385/1385 1383/1383/1383 1386/1386/1386 
f 1382/1382/1382 1385/1385/1385 1386/1386/1386 
f 1396/1396/1396 1399/1399/1399 1398/1398/1398 
f 1399/1399/1399 1397/1397/1397 1398/1398/1398 
f 1399/1399/1399 1396/1396/1396 1400/1400/1400 
f 1397/1397/1397 1399/1399/1399 1401/1401/1401 
f 1400/1400/1400 1402/1402/1402 1399/1399/1399 
f 1402/1402/1402 1401/1401/1401 1399/1399/1399 
f 1402/1402/1402 1400/1400/1400 1403/1403/1403 
f 1401/1401/1401 1402/1402/1402 1404/1404/1404 
f 1405/1405/1405 1402/1402/1402 1403/1403/1403 
f 1402/1402/1402 1406/1406/1406 1404/1404/1404 
f 1402/1402/1402 1405/1405/1405 1407/1407/1407 
f 1406/1406/1406 1402/1402/1402 1407/1407/1407 
f 1408/1408/1408 1407/1407/1407 1405/1405/1405 
f 1407/1407/1407 1409/1409/1409 1406/1406/1406 
f 1407/1407/1407 1408/1408/1408 1410/1410/1410 
f 1409/1409/1409 1407/1407/1407 1410/1410/1410 
f 1416/1416/1416 1413/1413/1413 1415/1415/1415 
f 1415/1415/1415 1414/1414/1414 1416/1416/1416 
f 1413/1413/1413 1416/1416/1416 1417/1417/1417 
f 1416/1416/1416 1414/1414/1414 1418/1418/1418 
f 1419/1419/1419 1417/1417/1417 1416/1416/1416 
f 1416/1416/1416 1418/1418/1418 1419/1419/1419 
f 1417/1417/1417 1419/1419/1419 1420/1420/1420 
f 1419/1419/1419 1418/1418/1418 1421/1421/1421 
f 1420/1420/1420 1419/1419/1419 1422/1422/1422 
f 1423/1423/1423 1419/1419/1419 1421/1421/1421 
f 1422/1422/1422 1419/1419/1419 1424/1424/1424 
f 1419/1419/1419 1423/1423/1423 1424/1424/1424 
f 1422/1422/1422 1424/1424/1424 1425/1425/1425 
f 1426/1426/1426 1424/1424/1424 1423/1423/1423 
f 1425/1425/1425 1424/1424/1424 1427/1427/1427 
f 1424/1424/1424 1426/1426/1426 1427/1427/1427 
f 1440/1440/1440 1443/1443/1443 1442/1442/1442 
f 1443/1443/1443 1441/1441/1441 1442/1442/1442 
f 1443/1443/1443 1440/1440/1440 1444/1444/1444 
f 1441/1441/1441 1443/1443/1443 1445/1445/1445 
f 1444/1444/1444 1446/1446/1446 1443/1443/1443 
f 1446/1446/1446 1445/1445/1445 1443/1443/1443 
f 1446/1446/1446 1444/1444/1444 1447/1447/1447 
f 1445/1445/1445 1446/1446/1446 1448/1448/1448 
f 1449/1449/1449 1446/1446/1446 1447/1447/1447 
f 1446/1446/1446 1450/1450/1450 1448/1448/1448 
f 1446/1446/1446 1449/1449/1449 1451/1451/1451 
f 1450/1450/1450 1446/1446/1446 1451/1451/1451 
f 1452/1452/1452 1451/1451/1451 1449/1449/1449 
f 1451/1451/1451 1453/1453/1453 1450/1450/1450 
f 1451/1451/1451 1452/1452/1452 1454/1454/1454 
f 1453/1453/1453 1451/1451/1451 1454/1454/1454 
f 1459/1459/1459 1456/1456/1456 1458/1458/1458 
f 1458/1458/1458 1457/1457/1457 1459/1459/1459 
f 1456/1456/1456 1459/1459/1459 1460/1460/1460 
f 1459/1459/1459 1457/1457/1457 1461/1461/1461 
f 1462/1462/1462 1460/1460/1460 1459/1459/1459 
f 1461/1461/1461 1462/1462/1462 1459/1459/1459 
f 1460/1460/1460 1462/1462/1462 1463/1463/1463 
f 1462/1462/1462 1461/1461/1461 1464/1464/1464 
f 1463/1463/1463 1462/1462/1462 1465/1465/1465 
f 1466/1466/1466 1462/1462/1462 1464/1464/1464 
f 1465/1465/1465 1462/1462/1462 1467/1467/1467 
f 1462/1462/1462 1466/1466/1466 1467/1467/1467 
f 1465/1465/1465 1467/1467/1467 1468/1468/1468 
f 1469/1469/1469 1467/1467/1467 1466/1466/1466 
f 1468/1468/1468 1467/1467/1467 1470/1470/1470 
f 1467/1467/1467 1469/1469/1469 1470/1470/1470 

g Cylinder0171

v 2.03611 0.934246 20.7107 1 1 1 1 
v 2.03611 0.785374 20.6484 1 1 1 1 
v 2.03611 0.934246 20.6781 1 1 1 1 
v 2.03611 1.08312 20.6484 1 1 1 1 
v 2.03611 0.772889 20.6786 1 1 1 1 
v 2.03611 1.0956 20.6786 1 1 1 1 
v 2.03611 0.659167 20.5641 1 1 1 1 
v 2.03611 1.2324 20.5872 1 1 1 1 
v 2.03611 0.636097 20.5872 1 1 1 1 
v 2.03611 1.20933 20.5641 1 1 1 1 
v 2.03611 0.574838 20.4379 1 1 1 1 
v 2.03611 1.3238 20.4504 1 1 1 1 
v 2.03611 0.544696 20.4504 1 1 1 1 
v 2.03611 1.29365 20.4379 1 1 1 1 
v 2.03611 0.545225 20.289 1 1 1 1 
v 2.03611 1.35589 20.289 1 1 1 1 
v 2.03611 0.512599 20.289 1 1 1 1 
v 2.03611 1.32327 20.289 1 1 1 1 
v 2.03611 0.574838 20.1402 1 1 1 1 
v 2.03611 1.3238 20.1277 1 1 1 1 
v 2.03611 0.544695 20.1277 1 1 1 1 
v 2.03611 1.29365 20.1402 1 1 1 1 
v 2.03611 0.636097 19.9909 1 1 1 1 
v 2.03611 1.2324 19.9909 1 1 1 1 
v 2.03611 0.659167 20.014 1 1 1 1 
v 2.03611 1.20933 20.014 1 1 1 1 
v 2.03611 0.785374 19.9296 1 1 1 1 
v 2.03611 1.08312 19.9296 1 1 1 1 
v 2.03611 0.772889 19.8995 1 1 1 1 
v 2.03611 1.0956 19.8995 1 1 1 1 
v 2.03611 0.934246 19.9 1 1 1 1 
v 2.03611 0.934246 19.8674 1 1 1 1 
v 1.97586 0.934246 20.3546 1 1 1 1 
v 1.97586 0.88787 20.3354 1 1 1 1 
v 1.97586 0.934246 20.289 1 1 1 1 
v 1.97586 0.86866 20.289 1 1 1 1 
v 1.97586 0.999832 20.289 1 1 1 1 
v 1.97586 0.980622 20.3354 1 1 1 1 
v 1.97586 0.934246 20.3546 1 1 1 1 
v 1.97586 0.934246 20.2235 1 1 1 1 
v 1.97586 0.980622 20.2427 1 1 1 1 
v 1.97586 0.999832 20.289 1 1 1 1 
v 1.97586 0.86866 20.289 1 1 1 1 
v 1.97586 0.88787 20.2427 1 1 1 1 
v 1.97586 0.934246 20.2235 1 1 1 1 
v 1.85343 0.934246 20.5998 1 1 1 1 
v 1.85343 0.81534 20.5761 1 1 1 1 
v 1.85343 1.05315 20.5761 1 1 1 1 
v 1.85343 0.714536 20.5087 1 1 1 1 
v 1.85343 1.15396 20.5087 1 1 1 1 
v 1.85343 0.647181 20.4079 1 1 1 1 
v 1.85343 1.22131 20.4079 1 1 1 1 
v 1.85343 1.24496 20.289 1 1 1 1 
v 1.85343 0.647181 20.1701 1 1 1 1 
v 1.85343 1.22131 20.1701 1 1 1 1 
v 1.85343 0.714536 20.0693 1 1 1 1 
v 1.85343 1.15396 20.0693 1 1 1 1 
v 1.85343 0.81534 20.002 1 1 1 1 
v 1.85343 1.05315 20.002 1 1 1 1 
v 1.90481 0.934246 20.3989 1 1 1 1 
v 1.85343 0.934246 20.5998 1 1 1 1 
v 1.85343 0.81534 20.5761 1 1 1 1 
v 1.90481 0.934246 20.3989 1 1 1 1 
v 1.85343 1.05315 20.5761 1 1 1 1 
v 1.90481 1.01191 20.3667 1 1 1 1 
v 1.85343 1.15396 20.5087 1 1 1 1 
v 1.85343 1.22131 20.4079 1 1 1 1 
v 1.90481 1.04408 20.289 1 1 1 1 
v 1.90481 1.04408 20.289 1 1 1 1 
v 1.85343 1.24496 20.289 1 1 1 1 
v 1.90481 1.04408 20.289 1 1 1 1 
v 1.85343 1.22131 20.1701 1 1 1 1 
v 1.90481 1.01191 20.2114 1 1 1 1 
v 1.85343 1.15396 20.0693 1 1 1 1 
v 1.85343 1.05315 20.002 1 1 1 1 
v 1.90481 0.934246 20.1792 1 1 1 1 
v 1.90481 0.934246 20.1792 1 1 1 1 
v 1.85343 0.934246 19.9783 1 1 1 1 
v 1.90481 0.934246 20.1792 1 1 1 1 
v 1.85343 0.81534 20.002 1 1 1 1 
v 1.90481 0.856582 20.2114 1 1 1 1 
v 1.85343 0.714536 20.0693 1 1 1 1 
v 1.85343 0.647181 20.1701 1 1 1 1 
v 1.90481 0.824413 20.289 1 1 1 1 
v 1.90481 0.824413 20.289 1 1 1 1 
v 1.85343 0.623529 20.289 1 1 1 1 
v 1.90481 0.824413 20.289 1 1 1 1 
v 1.85343 0.647181 20.4079 1 1 1 1 
v 1.90481 0.856582 20.3667 1 1 1 1 
v 1.85343 0.714536 20.5087 1 1 1 1 
v 1.90481 0.934246 20.3989 1 1 1 1 
v 1.94881 0.833363 20.289 1 1 1 1 
v 1.97586 0.88787 20.3354 1 1 1 1 
v 1.94881 0.862911 20.3604 1 1 1 1 
v 1.97586 0.86866 20.289 1 1 1 1 
v 1.97586 0.934246 20.3546 1 1 1 1 
v 1.94881 0.934246 20.3899 1 1 1 1 
v 1.94881 0.934246 20.1882 1 1 1 1 
v 1.97586 0.88787 20.2427 1 1 1 1 
v 1.94881 0.862911 20.2177 1 1 1 1 
v 1.97586 0.934246 20.2235 1 1 1 1 
v 1.97586 0.86866 20.289 1 1 1 1 
v 1.94881 0.833363 20.289 1 1 1 1 
v 1.94881 1.00558 20.2177 1 1 1 1 
v 1.94881 1.03513 20.289 1 1 1 1 
v 1.97586 0.999832 20.289 1 1 1 1 
v 1.97586 0.980622 20.2427 1 1 1 1 
v 1.94881 0.934246 20.1882 1 1 1 1 
v 1.97586 0.934246 20.2235 1 1 1 1 
v 1.94881 1.00558 20.3604 1 1 1 1 
v 1.97586 0.934246 20.3546 1 1 1 1 
v 1.97586 0.980622 20.3354 1 1 1 1 
v 1.94881 0.934246 20.3899 1 1 1 1 
v 1.94881 1.03513 20.289 1 1 1 1 
v 1.97586 0.999832 20.289 1 1 1 1 
v 2.03611 0.659167 20.5641 1 1 1 1 
v 2.03611 0.574838 20.4379 1 1 1 1 
v 2.03611 0.545225 20.289 1 1 1 1 
v 2.03611 0.512599 20.289 1 1 1 1 
v 2.03611 0.574838 20.1402 1 1 1 1 
v 2.03611 0.659167 20.014 1 1 1 1 
v 2.03611 0.785374 19.9296 1 1 1 1 
v -3.54204 0.659167 20.5641 1 1 1 1 
v -3.54204 0.574838 20.4379 1 1 1 1 
v -3.54204 0.545226 20.289 1 1 1 1 
v -3.54204 0.574838 20.1402 1 1 1 1 
v -3.54204 0.659167 20.014 1 1 1 1 
v 1.97586 0.980622 20.3354 1 1 1 1 
v -3.48179 0.980623 20.3354 1 1 1 1 
v -3.48179 0.980623 20.2427 1 1 1 1 
v 1.85343 0.714536 20.5087 1 1 1 1 
v 2.03611 0.659167 20.5641 1 1 1 1 
v 2.03611 0.574838 20.4379 1 1 1 1 
v 1.85343 0.647181 20.4079 1 1 1 1 
v 2.03611 0.545225 20.289 1 1 1 1 
v 1.85343 0.623529 20.289 1 1 1 1 
v 1.85343 0.647181 20.1701 1 1 1 1 
v 2.03611 0.574838 20.1402 1 1 1 1 
v 1.85343 0.714536 20.0693 1 1 1 1 
v 2.03611 0.659167 20.014 1 1 1 1 
v 1.85343 0.81534 20.002 1 1 1 1 
v -3.35936 0.714536 20.5088 1 1 1 1 
v -3.54204 0.659167 20.5641 1 1 1 1 
v -3.54204 0.574838 20.4379 1 1 1 1 
v -3.35936 0.647181 20.4079 1 1 1 1 
v -3.54204 0.545226 20.289 1 1 1 1 
v -3.35936 0.623529 20.289 1 1 1 1 
v -3.35936 0.647181 20.1701 1 1 1 1 
v -3.54204 0.574838 20.1402 1 1 1 1 
v -3.35936 0.714536 20.0693 1 1 1 1 
v -3.54204 0.659167 20.014 1 1 1 1 
v 1.90481 1.01191 20.3667 1 1 1 1 
v 1.90481 0.856582 20.2114 1 1 1 1 
v -3.41074 1.01191 20.3667 1 1 1 1 
v -3.41074 1.01191 20.2114 1 1 1 1 
v 1.94881 1.00558 20.2177 1 1 1 1 
v -3.45474 1.00558 20.2177 1 1 1 1 
v -3.41074 1.04408 20.289 1 1 1 1 
v -3.41074 1.01191 20.2114 1 1 1 1 
v -3.45474 1.00558 20.2177 1 1 1 1 
v -3.41074 1.04408 20.289 1 1 1 1 
v -3.45474 1.03513 20.289 1 1 1 1 
v 1.90481 1.01191 20.2114 1 1 1 1 
v 1.94881 1.00558 20.2177 1 1 1 1 
v 1.90481 1.04408 20.289 1 1 1 1 
v -3.45474 1.00558 20.3604 1 1 1 1 
v -3.41074 1.01191 20.3667 1 1 1 1 
v -3.41074 1.04408 20.289 1 1 1 1 
v -3.45474 1.03513 20.289 1 1 1 1 
v 1.94881 1.00558 20.2177 1 1 1 1 
v 1.90481 1.04408 20.289 1 1 1 1 
v 1.94881 1.03513 20.289 1 1 1 1 
v 1.90481 1.01191 20.3667 1 1 1 1 
v 1.94881 1.00558 20.3604 1 1 1 1 
v 1.90481 1.04408 20.289 1 1 1 1 
v 1.94881 1.03513 20.289 1 1 1 1 
v 2.03611 1.35589 20.289 1 1 1 1 
v 2.03611 0.574838 20.1402 1 1 1 1 
v 2.03611 0.659167 20.014 1 1 1 1 
v 2.03611 1.20933 20.014 1 1 1 1 
v 2.03611 0.785374 19.9296 1 1 1 1 
v 2.03611 1.08312 19.9296 1 1 1 1 
v 2.03611 0.934246 19.9 1 1 1 1 
v 2.03611 0.934246 19.8674 1 1 1 1 
v -3.54204 0.659167 20.014 1 1 1 1 
v -3.54204 0.785375 19.9296 1 1 1 1 
v -3.54204 0.934246 19.9 1 1 1 1 
v -3.54204 1.20933 20.014 1 1 1 1 
v -3.54204 1.08312 19.9296 1 1 1 1 
v 1.97586 0.980622 20.3354 1 1 1 1 
v -3.48179 0.980623 20.3354 1 1 1 1 
v 1.85343 0.647181 20.1701 1 1 1 1 
v 1.85343 1.22131 20.1701 1 1 1 1 
v 1.85343 0.714536 20.0693 1 1 1 1 
v 1.85343 1.15396 20.0693 1 1 1 1 
v 2.03611 0.659167 20.014 1 1 1 1 
v 2.03611 1.20933 20.014 1 1 1 1 
v 2.03611 0.785374 19.9296 1 1 1 1 
v 2.03611 1.08312 19.9296 1 1 1 1 
v 1.85343 0.81534 20.002 1 1 1 1 
v 1.85343 1.05315 20.002 1 1 1 1 
v 2.03611 0.934246 19.9 1 1 1 1 
v 1.85343 0.934246 19.9783 1 1 1 1 
v -3.35936 0.714536 20.0693 1 1 1 1 
v -3.35936 1.22131 20.1701 1 1 1 1 
v -3.54204 0.659167 20.014 1 1 1 1 
v -3.54204 0.785375 19.9296 1 1 1 1 
v -3.35936 1.15396 20.0693 1 1 1 1 
v -3.35936 0.81534 20.002 1 1 1 1 
v -3.54204 1.20933 20.014 1 1 1 1 
v -3.54204 0.934246 19.9 1 1 1 1 
v -3.54204 1.08312 19.9296 1 1 1 1 
v -3.35936 0.934246 19.9783 1 1 1 1 
v -3.35936 1.05315 20.002 1 1 1 1 
v 1.90481 1.01191 20.3667 1 1 1 1 
v 1.90481 0.856582 20.2114 1 1 1 1 
v -3.41074 1.01191 20.3667 1 1 1 1 
v -3.41074 0.856583 20.3667 1 1 1 1 
v 1.94881 0.862911 20.3604 1 1 1 1 
v -3.45474 0.862911 20.3604 1 1 1 1 
v -3.41074 0.934246 20.3989 1 1 1 1 
v -3.45474 0.934246 20.3899 1 1 1 1 
v -3.41074 0.934246 20.3989 1 1 1 1 
v -3.45474 0.862911 20.3604 1 1 1 1 
v -3.41074 0.856583 20.3667 1 1 1 1 
v -3.45474 1.00558 20.3604 1 1 1 1 
v -3.41074 0.934246 20.3989 1 1 1 1 
v -3.41074 1.01191 20.3667 1 1 1 1 
v 1.90481 0.934246 20.3989 1 1 1 1 
v 1.94881 0.862911 20.3604 1 1 1 1 
v 1.94881 0.934246 20.3899 1 1 1 1 
v 1.90481 0.934246 20.3989 1 1 1 1 
v 1.94881 1.00558 20.3604 1 1 1 1 
v 1.90481 1.01191 20.3667 1 1 1 1 
v 1.94881 0.934246 20.3899 1 1 1 1 
v 1.90481 0.856582 20.3667 1 1 1 1 
v 1.94881 0.862911 20.3604 1 1 1 1 
v 1.90481 0.934246 20.3989 1 1 1 1 
v -3.41074 0.934246 20.3989 1 1 1 1 
v -3.45474 1.00558 20.3604 1 1 1 1 
v -3.45474 0.934246 20.3899 1 1 1 1 
v 2.03611 0.934246 20.7107 1 1 1 1 
v 2.03611 1.35589 20.289 1 1 1 1 
v -3.54204 0.934247 20.7107 1 1 1 1 
v -3.54204 0.785375 20.6484 1 1 1 1 
v -3.54204 0.772889 20.6786 1 1 1 1 
v -3.54204 0.659167 20.5641 1 1 1 1 
v -3.54204 0.934247 20.6781 1 1 1 1 
v -3.54204 0.636097 20.5872 1 1 1 1 
v -3.54204 1.08312 20.6484 1 1 1 1 
v -3.54204 0.574838 20.4379 1 1 1 1 
v -3.54204 1.0956 20.6786 1 1 1 1 
v -3.54204 0.544696 20.4504 1 1 1 1 
v -3.54204 1.2324 20.5872 1 1 1 1 
v -3.54204 0.545226 20.289 1 1 1 1 
v -3.54204 1.20933 20.5641 1 1 1 1 
v -3.54204 0.5126 20.289 1 1 1 1 
v -3.54204 1.3238 20.4504 1 1 1 1 
v -3.54204 0.574838 20.1402 1 1 1 1 
v -3.54204 1.29366 20.4379 1 1 1 1 
v -3.54204 0.544696 20.1277 1 1 1 1 
v -3.54204 1.35589 20.289 1 1 1 1 
v -3.54204 0.636097 19.9909 1 1 1 1 
v -3.54204 1.32327 20.289 1 1 1 1 
v -3.54204 0.659167 20.014 1 1 1 1 
v -3.54204 1.3238 20.1277 1 1 1 1 
v -3.54204 0.785375 19.9296 1 1 1 1 
v -3.54204 1.29366 20.1402 1 1 1 1 
v -3.54204 0.772889 19.8995 1 1 1 1 
v -3.54204 1.2324 19.9909 1 1 1 1 
v -3.54204 0.934246 19.9 1 1 1 1 
v -3.54204 1.20933 20.014 1 1 1 1 
v -3.54204 0.934246 19.8674 1 1 1 1 
v -3.54204 1.08312 19.9296 1 1 1 1 
v -3.54204 1.0956 19.8995 1 1 1 1 
v 1.97586 0.980622 20.3354 1 1 1 1 
v -3.48179 0.934246 20.3546 1 1 1 1 
v -3.48179 0.934246 20.289 1 1 1 1 
v -3.48179 0.88787 20.3354 1 1 1 1 
v -3.48179 0.86866 20.289 1 1 1 1 
v -3.48179 0.999833 20.289 1 1 1 1 
v -3.48179 0.980623 20.3354 1 1 1 1 
v -3.48179 0.934246 20.3546 1 1 1 1 
v -3.48179 0.934246 20.2235 1 1 1 1 
v -3.48179 0.980623 20.2427 1 1 1 1 
v -3.48179 0.999833 20.289 1 1 1 1 
v -3.48179 0.86866 20.289 1 1 1 1 
v -3.48179 0.88787 20.2427 1 1 1 1 
v -3.48179 0.934246 20.2235 1 1 1 1 
v 1.85343 1.15396 20.5087 1 1 1 1 
v -3.35936 0.81534 20.5761 1 1 1 1 
v -3.35936 0.934246 20.5998 1 1 1 1 
v -3.35936 0.714536 20.5088 1 1 1 1 
v -3.35936 1.05315 20.5761 1 1 1 1 
v -3.35936 1.15396 20.5088 1 1 1 1 
v -3.35936 0.647181 20.4079 1 1 1 1 
v -3.35936 1.22131 20.4079 1 1 1 1 
v -3.35936 0.647181 20.1701 1 1 1 1 
v -3.35936 1.24496 20.289 1 1 1 1 
v -3.35936 0.714536 20.0693 1 1 1 1 
v -3.35936 1.22131 20.1701 1 1 1 1 
v -3.35936 1.15396 20.0693 1 1 1 1 
v -3.35936 0.81534 20.002 1 1 1 1 
v -3.35936 1.05315 20.002 1 1 1 1 
v 1.90481 1.01191 20.3667 1 1 1 1 
v 1.90481 0.934246 20.1792 1 1 1 1 
v 1.90481 0.824413 20.289 1 1 1 1 
v -3.41074 0.934246 20.3989 1 1 1 1 
v -3.35936 0.81534 20.5761 1 1 1 1 
v -3.35936 0.934246 20.5998 1 1 1 1 
v -3.41074 0.934246 20.3989 1 1 1 1 
v -3.35936 1.05315 20.5761 1 1 1 1 
v -3.41074 1.01191 20.3667 1 1 1 1 
v -3.35936 1.15396 20.5088 1 1 1 1 
v -3.35936 1.22131 20.4079 1 1 1 1 
v -3.41074 1.04408 20.289 1 1 1 1 
v -3.41074 1.04408 20.289 1 1 1 1 
v -3.35936 1.24496 20.289 1 1 1 1 
v -3.41074 1.04408 20.289 1 1 1 1 
v -3.35936 1.22131 20.1701 1 1 1 1 
v -3.41074 1.01191 20.2114 1 1 1 1 
v -3.35936 1.15396 20.0693 1 1 1 1 
v -3.35936 1.05315 20.002 1 1 1 1 
v -3.41074 0.934246 20.1792 1 1 1 1 
v -3.41074 0.934246 20.1792 1 1 1 1 
v -3.35936 0.934246 19.9783 1 1 1 1 
v -3.41074 0.934246 20.1792 1 1 1 1 
v -3.35936 0.81534 20.002 1 1 1 1 
v -3.41074 0.856583 20.2114 1 1 1 1 
v -3.35936 0.714536 20.0693 1 1 1 1 
v -3.35936 0.647181 20.1701 1 1 1 1 
v -3.41074 0.824414 20.289 1 1 1 1 
v -3.41074 0.824414 20.289 1 1 1 1 
v -3.35936 0.623529 20.289 1 1 1 1 
v -3.41074 0.824414 20.289 1 1 1 1 
v -3.35936 0.647181 20.4079 1 1 1 1 
v -3.41074 0.856583 20.3667 1 1 1 1 
v -3.35936 0.714536 20.5088 1 1 1 1 
v -3.41074 0.934246 20.3989 1 1 1 1 
v 1.94881 0.862911 20.3604 1 1 1 1 
v 1.94881 1.00558 20.2177 1 1 1 1 
v -3.45474 0.833363 20.289 1 1 1 1 
v -3.48179 0.88787 20.3354 1 1 1 1 
v -3.48179 0.86866 20.289 1 1 1 1 
v -3.45474 0.862911 20.3604 1 1 1 1 
v -3.48179 0.934246 20.3546 1 1 1 1 
v -3.45474 0.934246 20.3899 1 1 1 1 
v -3.45474 0.934246 20.1882 1 1 1 1 
v -3.48179 0.88787 20.2427 1 1 1 1 
v -3.48179 0.934246 20.2235 1 1 1 1 
v -3.45474 0.862911 20.2177 1 1 1 1 
v -3.48179 0.86866 20.289 1 1 1 1 
v -3.45474 0.833363 20.289 1 1 1 1 
v -3.45474 1.03513 20.289 1 1 1 1 
v -3.45474 1.00558 20.2177 1 1 1 1 
v -3.48179 0.999833 20.289 1 1 1 1 
v -3.48179 0.980623 20.2427 1 1 1 1 
v -3.45474 0.934246 20.1882 1 1 1 1 
v -3.48179 0.934246 20.2235 1 1 1 1 
v -3.48179 0.934246 20.3546 1 1 1 1 
v -3.45474 1.00558 20.3604 1 1 1 1 
v -3.48179 0.980623 20.3354 1 1 1 1 
v -3.45474 0.934246 20.3899 1 1 1 1 
v -3.45474 1.03513 20.289 1 1 1 1 
v -3.48179 0.999833 20.289 1 1 1 1 
v 2.03611 1.20933 20.5641 1 1 1 1 
v 2.03611 1.29365 20.4379 1 1 1 1 
v 2.03611 1.32327 20.289 1 1 1 1 
v 2.03611 1.29365 20.1402 1 1 1 1 
v 2.03611 1.20933 20.014 1 1 1 1 
v -3.54204 1.08312 20.6484 1 1 1 1 
v -3.54204 1.20933 20.5641 1 1 1 1 
v -3.54204 1.29366 20.4379 1 1 1 1 
v -3.54204 1.32327 20.289 1 1 1 1 
v -3.54204 1.29366 20.1402 1 1 1 1 
v -3.54204 1.20933 20.014 1 1 1 1 
v -3.48179 0.86866 20.289 1 1 1 1 
v -3.48179 0.88787 20.2427 1 1 1 1 
v 1.85343 1.15396 20.5087 1 1 1 1 
v 2.03611 1.20933 20.5641 1 1 1 1 
v 2.03611 1.29365 20.4379 1 1 1 1 
v 1.85343 1.22131 20.4079 1 1 1 1 
v 2.03611 1.32327 20.289 1 1 1 1 
v 1.85343 1.24496 20.289 1 1 1 1 
v 1.85343 1.22131 20.1701 1 1 1 1 
v 2.03611 1.29365 20.1402 1 1 1 1 
v 1.85343 1.15396 20.0693 1 1 1 1 
v 2.03611 1.20933 20.014 1 1 1 1 
v -3.35936 1.15396 20.5088 1 1 1 1 
v -3.54204 1.20933 20.5641 1 1 1 1 
v -3.54204 1.29366 20.4379 1 1 1 1 
v -3.35936 1.22131 20.4079 1 1 1 1 
v -3.54204 1.32327 20.289 1 1 1 1 
v -3.35936 1.24496 20.289 1 1 1 1 
v -3.35936 1.22131 20.1701 1 1 1 1 
v -3.54204 1.29366 20.1402 1 1 1 1 
v -3.35936 1.15396 20.0693 1 1 1 1 
v -3.54204 1.20933 20.014 1 1 1 1 
v 1.90481 0.856582 20.2114 1 1 1 1 
v 1.90481 0.824413 20.289 1 1 1 1 
v -3.41074 0.856583 20.2114 1 1 1 1 
v -3.41074 0.856583 20.3667 1 1 1 1 
v 1.94881 0.862911 20.3604 1 1 1 1 
v 1.94881 0.862911 20.2177 1 1 1 1 
v -3.45474 1.00558 20.3604 1 1 1 1 
v -3.45474 0.862911 20.3604 1 1 1 1 
v -3.41074 0.824414 20.289 1 1 1 1 
v -3.41074 0.856583 20.3667 1 1 1 1 
v -3.45474 0.862911 20.3604 1 1 1 1 
v -3.41074 0.824414 20.289 1 1 1 1 
v -3.45474 0.833363 20.289 1 1 1 1 
v -3.41074 0.824414 20.289 1 1 1 1 
v -3.45474 0.862911 20.2177 1 1 1 1 
v -3.41074 0.856583 20.2114 1 1 1 1 
v 1.94881 0.862911 20.3604 1 1 1 1 
v 1.90481 0.824413 20.289 1 1 1 1 
v 1.94881 0.833363 20.289 1 1 1 1 
v 1.90481 0.856582 20.3667 1 1 1 1 
v 1.90481 0.824413 20.289 1 1 1 1 
v 1.94881 0.862911 20.2177 1 1 1 1 
v 1.94881 0.833363 20.289 1 1 1 1 
v 1.90481 0.856582 20.2114 1 1 1 1 
v 1.94881 0.862911 20.2177 1 1 1 1 
v 1.90481 0.824413 20.289 1 1 1 1 
v -3.45474 0.862911 20.2177 1 1 1 1 
v -3.41074 0.824414 20.289 1 1 1 1 
v -3.45474 0.833363 20.289 1 1 1 1 
v 2.03611 0.934246 20.7107 1 1 1 1 
v 2.03611 0.785374 20.6484 1 1 1 1 
v 2.03611 0.934246 20.6781 1 1 1 1 
v 2.03611 1.08312 20.6484 1 1 1 1 
v 2.03611 0.659167 20.5641 1 1 1 1 
v 2.03611 1.20933 20.5641 1 1 1 1 
v 2.03611 0.512599 20.289 1 1 1 1 
v -3.54204 0.785375 20.6484 1 1 1 1 
v -3.54204 0.659167 20.5641 1 1 1 1 
v -3.54204 0.934247 20.6781 1 1 1 1 
v -3.54204 1.08312 20.6484 1 1 1 1 
v -3.54204 1.20933 20.5641 1 1 1 1 
v -3.54204 1.29366 20.4379 1 1 1 1 
v -3.48179 0.980623 20.2427 1 1 1 1 
v -3.48179 0.88787 20.2427 1 1 1 1 
v 1.85343 0.934246 20.5998 1 1 1 1 
v 2.03611 0.934246 20.6781 1 1 1 1 
v 1.85343 0.81534 20.5761 1 1 1 1 
v 1.85343 1.05315 20.5761 1 1 1 1 
v 2.03611 0.785374 20.6484 1 1 1 1 
v 2.03611 1.08312 20.6484 1 1 1 1 
v 1.85343 0.714536 20.5087 1 1 1 1 
v 1.85343 1.15396 20.5087 1 1 1 1 
v 2.03611 0.659167 20.5641 1 1 1 1 
v 2.03611 1.20933 20.5641 1 1 1 1 
v 1.85343 0.647181 20.4079 1 1 1 1 
v -3.54204 0.934247 20.6781 1 1 1 1 
v -3.35936 0.81534 20.5761 1 1 1 1 
v -3.54204 0.785375 20.6484 1 1 1 1 
v -3.35936 0.934246 20.5998 1 1 1 1 
v -3.35936 0.714536 20.5088 1 1 1 1 
v -3.35936 1.05315 20.5761 1 1 1 1 
v -3.54204 0.659167 20.5641 1 1 1 1 
v -3.54204 1.08312 20.6484 1 1 1 1 
v -3.35936 1.15396 20.5088 1 1 1 1 
v -3.35936 0.647181 20.4079 1 1 1 1 
v -3.54204 1.20933 20.5641 1 1 1 1 
v 1.90481 0.934246 20.1792 1 1 1 1 
v 1.90481 0.856582 20.2114 1 1 1 1 
v -3.41074 1.01191 20.2114 1 1 1 1 
v -3.41074 0.856583 20.2114 1 1 1 1 
v 1.94881 0.862911 20.2177 1 1 1 1 
v 1.94881 1.00558 20.2177 1 1 1 1 
v -3.45474 1.00558 20.3604 1 1 1 1 
v -3.45474 1.00558 20.2177 1 1 1 1 
v -3.41074 0.934246 20.1792 1 1 1 1 
v -3.45474 0.934246 20.1882 1 1 1 1 
v -3.41074 0.934246 20.1792 1 1 1 1 
v -3.45474 1.00558 20.2177 1 1 1 1 
v -3.41074 1.01191 20.2114 1 1 1 1 
v 1.90481 1.01191 20.2114 1 1 1 1 
v 1.94881 1.00558 20.2177 1 1 1 1 
v 1.90481 0.934246 20.1792 1 1 1 1 
v 1.94881 0.934246 20.1882 1 1 1 1 
v -3.45474 0.862911 20.2177 1 1 1 1 
v -3.41074 0.856583 20.2114 1 1 1 1 
v -3.41074 0.934246 20.1792 1 1 1 1 
v -3.45474 0.934246 20.1882 1 1 1 1 
v 1.94881 0.862911 20.2177 1 1 1 1 
v 1.90481 0.934246 20.1792 1 1 1 1 
v 1.94881 0.934246 20.1882 1 1 1 1 
v 1.90481 0.856582 20.2114 1 1 1 1 

vn 1 0 0 
vn 1 0 0 
vn 1 0 0 
vn 1 0 0 
vn 1 0 0 
vn 1 0 0 
vn 1 0 0 
vn 1 0 0 
vn 1 0 0 
vn 1 0 0 
vn 1 0 0 
vn 1 0 0 
vn 1 0 0 
vn 1 0 0 
vn 1 0 0 
vn 1 0 0 
vn 1 0 0 
vn 1 0 0 
vn 1 0 0 
vn 1 0 0 
vn 1 0 0 
vn 1 0 0 
vn 1 0 0 
vn 1 0 0 
vn 1 0 0 
vn 1 0 0 
vn 1 0 0 
vn 1 0 0 
vn 1 0 0 
vn 1 0 0 
vn 1 0 0 
vn 1 0 0 
vn 1 0 0 
vn 1 0 0 
vn 1 0 0 
vn 1 0 0 
vn 1 0 0 
vn 1 0 0 
vn 1 0 0 
vn 1 0 0 
vn 1 0 0 
vn 1 0 0 
vn 1 0 0 
vn 1 0 0 
vn 1 0 0 
vn 0.393701 0 -0.92126 
vn 0.393701 0.354331 -0.850394 
vn 0.393701 -0.354331 -0.850394 
vn 0.393701 0.653543 -0.653543 
vn 0.393701 -0.653543 -0.653543 
vn 0.393701 0.850394 -0.354331 
vn 0.393701 -0.850394 -0.354331 
vn 0.393701 -0.92126 0 
vn 0.393701 0.850394 0.354331 
vn 0.393701 -0.850394 0.354331 
vn 0.393701 0.653543 0.653543 
vn 0.393701 -0.653543 0.653543 
vn 0.393701 0.354331 0.850394 
vn 0.393701 -0.354331 0.850394 
vn 0.976378 0 0.228346 
vn 0.968504 0 0.251969 
vn 0.968504 -0.0866142 0.228346 
vn 0.976378 0 0.228346 
vn 0.968504 0.0866142 0.228346 
vn 0.968504 0.165354 0.165354 
vn 0.968504 0.165354 0.165354 
vn 0.968504 0.228346 0.0866142 
vn 0.976378 0.228346 0 
vn 0.976378 0.228346 0 
vn 0.968504 0.251969 0 
vn 0.976378 0.228346 0 
vn 0.968504 0.228346 -0.0866142 
vn 0.968504 0.165354 -0.165354 
vn 0.968504 0.165354 -0.165354 
vn 0.968504 0.0866142 -0.228346 
vn 0.976378 0 -0.228346 
vn 0.976378 0 -0.228346 
vn 0.968504 0 -0.251969 
vn 0.976378 0 -0.228346 
vn 0.968504 -0.0866142 -0.228346 
vn 0.968504 -0.165354 -0.165354 
vn 0.968504 -0.165354 -0.165354 
vn 0.968504 -0.228346 -0.0866142 
vn 0.976378 -0.228346 0 
vn 0.976378 -0.228346 0 
vn 0.968504 -0.251969 0 
vn 0.976378 -0.228346 0 
vn 0.968504 -0.228346 0.0866142 
vn 0.968504 -0.165354 0.165354 
vn 0.968504 -0.165354 0.165354 
vn 0.976378 0 0.228346 
vn 0.795276 -0.606299 0 
vn 0.795276 -0.433071 0.433071 
vn 0.795276 -0.433071 0.433071 
vn 0.795276 -0.606299 0 
vn 0.795276 0 0.606299 
vn 0.795276 0 0.606299 
vn 0.795276 0 -0.606299 
vn 0.795276 -0.433071 -0.433071 
vn 0.795276 -0.433071 -0.433071 
vn 0.795276 0 -0.606299 
vn 0.795276 -0.606299 0 
vn 0.795276 -0.606299 0 
vn 0.795276 0.433071 -0.433071 
vn 0.795276 0.606299 0 
vn 0.795276 0.606299 0 
vn 0.795276 0.433071 -0.433071 
vn 0.795276 0 -0.606299 
vn 0.795276 0 -0.606299 
vn 0.795276 0.433071 0.433071 
vn 0.795276 0 0.606299 
vn 0.795276 0.433071 0.433071 
vn 0.795276 0 0.606299 
vn 0.795276 0.606299 0 
vn 0.795276 0.606299 0 
vn 1 0 0 
vn 1 0 0 
vn 1 0 0 
vn 1 0 0 
vn 1 0 0 
vn 1 0 0 
vn 1 0 0 
vn -1 0 0 
vn -1 0 0 
vn -1 0 0 
vn -1 0 0 
vn -1 0 0 
vn 1 0 0 
vn -1 0 0 
vn -1 0 0 
vn 0.393701 0.653543 -0.653543 
vn 0.393701 0.653543 -0.653543 
vn 0.393701 0.850394 -0.354331 
vn 0.393701 0.850394 -0.354331 
vn 0.393701 0.92126 0 
vn 0.393701 0.92126 0 
vn 0.393701 0.850394 0.354331 
vn 0.393701 0.850394 0.354331 
vn 0.393701 0.653543 0.653543 
vn 0.393701 0.653543 0.653543 
vn 0.393701 0.354331 0.850394 
vn -0.393701 0.653543 -0.653543 
vn -0.393701 0.653543 -0.653543 
vn -0.393701 0.850394 -0.354331 
vn -0.393701 0.850394 -0.354331 
vn -0.393701 0.92126 0 
vn -0.393701 0.92126 0 
vn -0.393701 0.850394 0.354331 
vn -0.393701 0.850394 0.354331 
vn -0.393701 0.653543 0.653543 
vn -0.393701 0.653543 0.653543 
vn 0.968504 0.165354 0.165354 
vn 0.968504 -0.165354 -0.165354 
vn -0.968504 0.165354 0.165354 
vn -0.968504 0.165354 -0.165354 
vn 0.795276 0.433071 -0.433071 
vn -0.19685 0.692913 -0.692913 
vn -0.19685 0.976378 0 
vn -0.19685 0.692913 -0.692913 
vn -0.19685 0.692913 -0.692913 
vn -0.19685 0.976378 0 
vn -0.19685 0.976378 0 
vn 0.19685 0.692913 -0.692913 
vn 0.19685 0.692913 -0.692913 
vn 0.19685 0.976378 0 
vn -0.19685 0.692913 0.692913 
vn -0.19685 0.692913 0.692913 
vn -0.19685 0.976378 0 
vn -0.19685 0.976378 0 
vn 0.19685 0.692913 -0.692913 
vn 0.19685 0.976378 0 
vn 0.19685 0.976378 0 
vn 0.19685 0.692913 0.692913 
vn 0.19685 0.692913 0.692913 
vn 0.19685 0.976378 0 
vn 0.19685 0.976378 0 
vn 1 0 0 
vn 1 0 0 
vn 1 0 0 
vn 1 0 0 
vn 1 0 0 
vn 1 0 0 
vn 1 0 0 
vn 1 0 0 
vn -1 0 0 
vn -1 0 0 
vn -1 0 0 
vn -1 0 0 
vn -1 0 0 
vn 1 0 0 
vn -1 0 0 
vn 0.393701 0.850394 0.354331 
vn 0.393701 -0.850394 0.354331 
vn 0.393701 0.653543 0.653543 
vn 0.393701 -0.653543 0.653543 
vn 0.393701 0.653543 0.653543 
vn 0.393701 -0.653543 0.653543 
vn 0.393701 0.354331 0.850394 
vn 0.393701 -0.354331 0.850394 
vn 0.393701 0.354331 0.850394 
vn 0.393701 -0.354331 0.850394 
vn 0.393701 0 0.92126 
vn 0.393701 0 0.92126 
vn -0.393701 0.653543 0.653543 
vn -0.393701 -0.850394 0.354331 
vn -0.393701 0.653543 0.653543 
vn -0.393701 0.354331 0.850394 
vn -0.393701 -0.653543 0.653543 
vn -0.393701 0.354331 0.850394 
vn -0.393701 -0.653543 0.653543 
vn -0.393701 0 0.92126 
vn -0.393701 -0.354331 0.850394 
vn -0.393701 0 0.92126 
vn -0.393701 -0.354331 0.850394 
vn 0.968504 0.165354 0.165354 
vn 0.968504 -0.165354 -0.165354 
vn -0.968504 0.165354 0.165354 
vn -0.968504 -0.165354 0.165354 
vn 0.795276 -0.433071 0.433071 
vn -0.19685 -0.692913 0.692913 
vn -0.19685 0 0.976378 
vn -0.19685 0 0.976378 
vn -0.19685 0 0.976378 
vn -0.19685 -0.692913 0.692913 
vn -0.19685 -0.692913 0.692913 
vn -0.19685 0.692913 0.692913 
vn -0.19685 0 0.976378 
vn -0.19685 0.692913 0.692913 
vn 0.19685 0 0.976378 
vn 0.19685 -0.692913 0.692913 
vn 0.19685 0 0.976378 
vn 0.19685 0 0.976378 
vn 0.19685 0.692913 0.692913 
vn 0.19685 0.692913 0.692913 
vn 0.19685 0 0.976378 
vn 0.19685 -0.692913 0.692913 
vn 0.19685 -0.692913 0.692913 
vn 0.19685 0 0.976378 
vn -0.19685 0 0.976378 
vn -0.19685 0.692913 0.692913 
vn -0.19685 0 0.976378 
vn 1 0 0 
vn 1 0 0 
vn -1 0 0 
vn -1 0 0 
vn -1 0 0 
vn -1 0 0 
vn -1 0 0 
vn -1 0 0 
vn -1 0 0 
vn -1 0 0 
vn -1 0 0 
vn -1 0 0 
vn -1 0 0 
vn -1 0 0 
vn -1 0 0 
vn -1 0 0 
vn -1 0 0 
vn -1 0 0 
vn -1 0 0 
vn -1 0 0 
vn -1 0 0 
vn -1 0 0 
vn -1 0 0 
vn -1 0 0 
vn -1 0 0 
vn -1 0 0 
vn -1 0 0 
vn -1 0 0 
vn -1 0 0 
vn -1 0 0 
vn -1 0 0 
vn -1 0 0 
vn -1 0 0 
vn -1 0 0 
vn 1 0 0 
vn -1 0 0 
vn -1 0 0 
vn -1 0 0 
vn -1 0 0 
vn -1 0 0 
vn -1 0 0 
vn -1 0 0 
vn -1 0 0 
vn -1 0 0 
vn -1 0 0 
vn -1 0 0 
vn -1 0 0 
vn -1 0 0 
vn 0.393701 -0.653543 -0.653543 
vn -0.393701 0.354331 -0.850394 
vn -0.393701 0 -0.92126 
vn -0.393701 0.653543 -0.653543 
vn -0.393701 -0.354331 -0.850394 
vn -0.393701 -0.653543 -0.653543 
vn -0.393701 0.850394 -0.354331 
vn -0.393701 -0.850394 -0.354331 
vn -0.393701 0.850394 0.354331 
vn -0.393701 -0.92126 0 
vn -0.393701 0.653543 0.653543 
vn -0.393701 -0.850394 0.354331 
vn -0.393701 -0.653543 0.653543 
vn -0.393701 0.354331 0.850394 
vn -0.393701 -0.354331 0.850394 
vn 0.968504 0.165354 0.165354 
vn 0.976378 0 -0.228346 
vn 0.976378 -0.228346 0 
vn -0.976378 0 0.228346 
vn -0.968504 -0.0866142 0.228346 
vn -0.968504 0 0.251969 
vn -0.976378 0 0.228346 
vn -0.968504 0.0866142 0.228346 
vn -0.968504 0.165354 0.165354 
vn -0.968504 0.165354 0.165354 
vn -0.968504 0.228346 0.0866142 
vn -0.976378 0.228346 0 
vn -0.976378 0.228346 0 
vn -0.968504 0.251969 0 
vn -0.976378 0.228346 0 
vn -0.968504 0.228346 -0.0866142 
vn -0.968504 0.165354 -0.165354 
vn -0.968504 0.165354 -0.165354 
vn -0.968504 0.0866142 -0.228346 
vn -0.976378 0 -0.228346 
vn -0.976378 0 -0.228346 
vn -0.968504 0 -0.251969 
vn -0.976378 0 -0.228346 
vn -0.968504 -0.0866142 -0.228346 
vn -0.968504 -0.165354 -0.165354 
vn -0.968504 -0.165354 -0.165354 
vn -0.968504 -0.228346 -0.0866142 
vn -0.976378 -0.228346 0 
vn -0.976378 -0.228346 0 
vn -0.968504 -0.251969 0 
vn -0.976378 -0.228346 0 
vn -0.968504 -0.228346 0.0866142 
vn -0.968504 -0.165354 0.165354 
vn -0.968504 -0.165354 0.165354 
vn -0.976378 0 0.228346 
vn 0.795276 -0.433071 0.433071 
vn 0.795276 0.433071 -0.433071 
vn -0.795276 -0.606299 0 
vn -0.795276 -0.433071 0.433071 
vn -0.795276 -0.606299 0 
vn -0.795276 -0.433071 0.433071 
vn -0.795276 0 0.606299 
vn -0.795276 0 0.606299 
vn -0.795276 0 -0.606299 
vn -0.795276 -0.433071 -0.433071 
vn -0.795276 0 -0.606299 
vn -0.795276 -0.433071 -0.433071 
vn -0.795276 -0.606299 0 
vn -0.795276 -0.606299 0 
vn -0.795276 0.606299 0 
vn -0.795276 0.433071 -0.433071 
vn -0.795276 0.606299 0 
vn -0.795276 0.433071 -0.433071 
vn -0.795276 0 -0.606299 
vn -0.795276 0 -0.606299 
vn -0.795276 0 0.606299 
vn -0.795276 0.433071 0.433071 
vn -0.795276 0.433071 0.433071 
vn -0.795276 0 0.606299 
vn -0.795276 0.606299 0 
vn -0.795276 0.606299 0 
vn 1 0 0 
vn 1 0 0 
vn 1 0 0 
vn 1 0 0 
vn 1 0 0 
vn -1 0 0 
vn -1 0 0 
vn -1 0 0 
vn -1 0 0 
vn -1 0 0 
vn -1 0 0 
vn -1 0 0 
vn -1 0 0 
vn 0.393701 -0.653543 -0.653543 
vn 0.393701 -0.653543 -0.653543 
vn 0.393701 -0.850394 -0.354331 
vn 0.393701 -0.850394 -0.354331 
vn 0.393701 -0.92126 0 
vn 0.393701 -0.92126 0 
vn 0.393701 -0.850394 0.354331 
vn 0.393701 -0.850394 0.354331 
vn 0.393701 -0.653543 0.653543 
vn 0.393701 -0.653543 0.653543 
vn -0.393701 -0.653543 -0.653543 
vn -0.393701 -0.653543 -0.653543 
vn -0.393701 -0.850394 -0.354331 
vn -0.393701 -0.850394 -0.354331 
vn -0.393701 -0.92126 0 
vn -0.393701 -0.92126 0 
vn -0.393701 -0.850394 0.354331 
vn -0.393701 -0.850394 0.354331 
vn -0.393701 -0.653543 0.653543 
vn -0.393701 -0.653543 0.653543 
vn 0.968504 -0.165354 -0.165354 
vn 0.976378 -0.228346 0 
vn -0.968504 -0.165354 -0.165354 
vn -0.968504 -0.165354 0.165354 
vn 0.795276 -0.433071 0.433071 
vn 0.795276 -0.433071 -0.433071 
vn -0.795276 0.433071 0.433071 
vn -0.19685 -0.692913 0.692913 
vn -0.19685 -0.976378 0 
vn -0.19685 -0.692913 0.692913 
vn -0.19685 -0.692913 0.692913 
vn -0.19685 -0.976378 0 
vn -0.19685 -0.976378 0 
vn -0.19685 -0.976378 0 
vn -0.19685 -0.692913 -0.692913 
vn -0.19685 -0.692913 -0.692913 
vn 0.19685 -0.692913 0.692913 
vn 0.19685 -0.976378 0 
vn 0.19685 -0.976378 0 
vn 0.19685 -0.692913 0.692913 
vn 0.19685 -0.976378 0 
vn 0.19685 -0.692913 -0.692913 
vn 0.19685 -0.976378 0 
vn 0.19685 -0.692913 -0.692913 
vn 0.19685 -0.692913 -0.692913 
vn 0.19685 -0.976378 0 
vn -0.19685 -0.692913 -0.692913 
vn -0.19685 -0.976378 0 
vn -0.19685 -0.976378 0 
vn 1 0 0 
vn 1 0 0 
vn 1 0 0 
vn 1 0 0 
vn 1 0 0 
vn 1 0 0 
vn 1 0 0 
vn -1 0 0 
vn -1 0 0 
vn -1 0 0 
vn -1 0 0 
vn -1 0 0 
vn -1 0 0 
vn -1 0 0 
vn -1 0 0 
vn 0.393701 0 -0.92126 
vn 0.393701 0 -0.92126 
vn 0.393701 0.354331 -0.850394 
vn 0.393701 -0.354331 -0.850394 
vn 0.393701 0.354331 -0.850394 
vn 0.393701 -0.354331 -0.850394 
vn 0.393701 0.653543 -0.653543 
vn 0.393701 -0.653543 -0.653543 
vn 0.393701 0.653543 -0.653543 
vn 0.393701 -0.653543 -0.653543 
vn 0.393701 0.850394 -0.354331 
vn -0.393701 0 -0.92126 
vn -0.393701 0.354331 -0.850394 
vn -0.393701 0.354331 -0.850394 
vn -0.393701 0 -0.92126 
vn -0.393701 0.653543 -0.653543 
vn -0.393701 -0.354331 -0.850394 
vn -0.393701 0.653543 -0.653543 
vn -0.393701 -0.354331 -0.850394 
vn -0.393701 -0.653543 -0.653543 
vn -0.393701 0.850394 -0.354331 
vn -0.393701 -0.653543 -0.653543 
vn 0.976378 0 -0.228346 
vn 0.968504 -0.165354 -0.165354 
vn -0.968504 0.165354 -0.165354 
vn -0.968504 -0.165354 -0.165354 
vn 0.795276 -0.433071 -0.433071 
vn 0.795276 0.433071 -0.433071 
vn -0.795276 0.433071 0.433071 
vn -0.19685 0.692913 -0.692913 
vn -0.19685 0 -0.976378 
vn -0.19685 0 -0.976378 
vn -0.19685 0 -0.976378 
vn -0.19685 0.692913 -0.692913 
vn -0.19685 0.692913 -0.692913 
vn 0.19685 0.692913 -0.692913 
vn 0.19685 0.692913 -0.692913 
vn 0.19685 0 -0.976378 
vn 0.19685 0 -0.976378 
vn -0.19685 -0.692913 -0.692913 
vn -0.19685 -0.692913 -0.692913 
vn -0.19685 0 -0.976378 
vn -0.19685 0 -0.976378 
vn 0.19685 -0.692913 -0.692913 
vn 0.19685 0 -0.976378 
vn 0.19685 0 -0.976378 
vn 0.19685 -0.692913 -0.692913 

vt 17.9473 -3 
vt 17.9551 -3.01861 
vt 17.9514 -3 
vt 17.9551 -2.98139 
vt 17.9513 -3.02017 
vt 17.9513 -2.97983 
vt 17.9656 -3.03438 
vt 17.9627 -2.96273 
vt 17.9627 -3.03727 
vt 17.9656 -2.96562 
vt 17.9814 -3.04493 
vt 17.9798 -2.95131 
vt 17.9798 -3.04869 
vt 17.9814 -2.95507 
vt 18 -3.04863 
vt 18 -2.94729 
vt 18 -3.05271 
vt 18 -2.95137 
vt 18.0186 -3.04493 
vt 18.0202 -2.95131 
vt 18.0202 -3.04869 
vt 18.0186 -2.95507 
vt 18.0373 -3.03727 
vt 18.0373 -2.96273 
vt 18.0344 -3.03438 
vt 18.0344 -2.96562 
vt 18.0449 -3.01861 
vt 18.0449 -2.98139 
vt 18.0487 -3.02017 
vt 18.0487 -2.97983 
vt 18.0486 -3 
vt 18.0527 -3 
vt 17.9918 -3 
vt 17.9942 -3.0058 
vt 18 -3 
vt 18 -3.0082 
vt 18 -2.9918 
vt 17.9942 -2.9942 
vt 17.9918 -3 
vt 18.0082 -3 
vt 18.0058 -2.9942 
vt 18 -2.9918 
vt 18 -3.0082 
vt 18.0058 -3.0058 
vt 18.0082 -3 
vt 17.9612 -3 
vt 17.9641 -3.01486 
vt 17.9641 -2.98514 
vt 17.9725 -3.02746 
vt 17.9725 -2.97254 
vt 17.9851 -3.03588 
vt 17.9851 -2.96412 
vt 18 -2.96116 
vt 18.0149 -3.03588 
vt 18.0149 -2.96412 
vt 18.0275 -3.02746 
vt 18.0275 -2.97254 
vt 18.0359 -3.01486 
vt 18.0359 -2.98514 
vt 17.9863 -3 
vt 17.9612 -3 
vt 17.9641 -3.01486 
vt 17.9863 -3 
vt 17.9641 -2.98514 
vt 17.9903 -2.99029 
vt 17.9725 -2.97254 
vt 17.9851 -2.96412 
vt 18 -2.98627 
vt 18 -2.98627 
vt 18 -2.96116 
vt 18 -2.98627 
vt 18.0149 -2.96412 
vt 18.0097 -2.99029 
vt 18.0275 -2.97254 
vt 18.0359 -2.98514 
vt 18.0137 -3 
vt 18.0137 -3 
vt 18.0388 -3 
vt 18.0137 -3 
vt 18.0359 -3.01486 
vt 18.0097 -3.00971 
vt 18.0275 -3.02746 
vt 18.0149 -3.03588 
vt 18 -3.01373 
vt 18 -3.01373 
vt 18 -3.03884 
vt 18 -3.01373 
vt 17.9851 -3.03588 
vt 17.9903 -3.00971 
vt 17.9725 -3.02746 
vt 17.9863 -3 
vt 18 -3.01261 
vt 17.9942 -3.0058 
vt 17.9911 -3.00892 
vt 18 -3.0082 
vt 17.9918 -3 
vt 17.9874 -3 
vt 18.0126 -3 
vt 18.0058 -3.0058 
vt 18.0089 -3.00892 
vt 18.0082 -3 
vt 18 -3.0082 
vt 18 -3.01261 
vt 18.0089 -2.99108 
vt 18 -2.98739 
vt 18 -2.9918 
vt 18.0058 -2.9942 
vt 18.0126 -3 
vt 18.0082 -3 
vt 17.9911 -2.99108 
vt 17.9918 -3 
vt 17.9942 -2.9942 
vt 17.9874 -3 
vt 18 -2.98739 
vt 18 -2.9918 
vt 17.6514 -2.96562 
vt 17.6514 -2.98139 
vt 17.6514 -3 
vt 17.6514 -3 
vt 17.6514 -3.01861 
vt 17.6514 -3.03439 
vt 17.6514 -3.04493 
vt 18.3486 -2.96561 
vt 18.3486 -2.98139 
vt 18.3486 -3 
vt 18.3486 -3.01861 
vt 18.3486 -3.03439 
vt 17.6589 -2.9942 
vt 18.3411 -2.9942 
vt 18.3411 -3.0058 
vt 17.6742 -2.97254 
vt 17.6514 -2.96562 
vt 17.6514 -2.98139 
vt 17.6742 -2.98514 
vt 17.6514 -3 
vt 17.6742 -3 
vt 17.6742 -3.01486 
vt 17.6514 -3.01861 
vt 17.6742 -3.02746 
vt 17.6514 -3.03439 
vt 17.6742 -3.03588 
vt 18.3258 -2.97254 
vt 18.3486 -2.96561 
vt 18.3486 -2.98139 
vt 18.3258 -2.98514 
vt 18.3486 -3 
vt 18.3258 -3 
vt 18.3258 -3.01486 
vt 18.3486 -3.01861 
vt 18.3258 -3.02746 
vt 18.3486 -3.03439 
vt 17.6678 -2.99029 
vt 17.6678 -3.00971 
vt 18.3322 -2.99029 
vt 18.3322 -3.00971 
vt 17.6623 -3.00892 
vt 18.3377 -3.00892 
vt 18.3322 -3 
vt 18.3322 -3.00971 
vt 18.3377 -3.00892 
vt 18.3322 -3 
vt 18.3377 -3 
vt 17.6678 -3.00971 
vt 17.6623 -3.00892 
vt 17.6678 -3 
vt 18.3377 -2.99108 
vt 18.3322 -2.99029 
vt 18.3322 -3 
vt 18.3377 -3 
vt 17.6623 -3.00892 
vt 17.6678 -3 
vt 17.6623 -3 
vt 17.6678 -2.99029 
vt 17.6623 -2.99108 
vt 17.6678 -3 
vt 17.6623 -3 
vt 18.3486 -2.94729 
vt 18.3486 -3.04493 
vt 18.3486 -3.03438 
vt 18.3486 -2.96562 
vt 18.3486 -3.01861 
vt 18.3486 -2.98139 
vt 18.3486 -3 
vt 18.3486 -3 
vt 17.6514 -3.03438 
vt 17.6514 -3.01861 
vt 17.6514 -3 
vt 17.6514 -2.96562 
vt 17.6514 -2.98139 
vt 18.3411 -2.9942 
vt 17.6589 -2.9942 
vt 18.3258 -3.03588 
vt 18.3258 -2.96412 
vt 18.3258 -3.02746 
vt 18.3258 -2.97254 
vt 18.3486 -3.03438 
vt 18.3486 -2.96562 
vt 18.3486 -3.01861 
vt 18.3486 -2.98139 
vt 18.3258 -3.01486 
vt 18.3258 -2.98514 
vt 18.3486 -3 
vt 18.3258 -3 
vt 17.6742 -3.02746 
vt 17.6742 -2.96412 
vt 17.6514 -3.03438 
vt 17.6514 -3.01861 
vt 17.6742 -2.97254 
vt 17.6742 -3.01486 
vt 17.6514 -2.96562 
vt 17.6514 -3 
vt 17.6514 -2.98139 
vt 17.6742 -3 
vt 17.6742 -2.98514 
vt 18.3322 -2.99029 
vt 18.3322 -3.00971 
vt 17.6678 -2.99029 
vt 17.6678 -3.00971 
vt 18.3377 -3.00892 
vt 17.6623 -3.00892 
vt 17.6678 -3 
vt 17.6623 -3 
vt 17.6678 -3 
vt 17.6623 -3.00892 
vt 17.6678 -3.00971 
vt 17.6623 -2.99108 
vt 17.6678 -3 
vt 17.6678 -2.99029 
vt 18.3322 -3 
vt 18.3377 -3.00892 
vt 18.3377 -3 
vt 18.3322 -3 
vt 18.3377 -2.99108 
vt 18.3322 -2.99029 
vt 18.3377 -3 
vt 18.3322 -3.00971 
vt 18.3377 -3.00892 
vt 18.3322 -3 
vt 17.6678 -3 
vt 17.6623 -2.99108 
vt 17.6623 -3 
vt 18.0527 -3 
vt 18 -2.94729 
vt 18.0527 -3 
vt 18.0449 -3.01861 
vt 18.0487 -3.02017 
vt 18.0344 -3.03438 
vt 18.0486 -3 
vt 18.0373 -3.03727 
vt 18.0449 -2.98139 
vt 18.0186 -3.04493 
vt 18.0487 -2.97983 
vt 18.0202 -3.04869 
vt 18.0373 -2.96273 
vt 18 -3.04863 
vt 18.0344 -2.96562 
vt 18 -3.05271 
vt 18.0202 -2.95131 
vt 17.9814 -3.04493 
vt 18.0186 -2.95507 
vt 17.9798 -3.04869 
vt 18 -2.94729 
vt 17.9627 -3.03727 
vt 18 -2.95137 
vt 17.9656 -3.03438 
vt 17.9798 -2.95131 
vt 17.9551 -3.01861 
vt 17.9814 -2.95507 
vt 17.9513 -3.02017 
vt 17.9627 -2.96273 
vt 17.9514 -3 
vt 17.9656 -2.96562 
vt 17.9473 -3 
vt 17.9551 -2.98139 
vt 17.9513 -2.97983 
vt 18.0058 -2.9942 
vt 18.0082 -3 
vt 18 -3 
vt 18.0058 -3.0058 
vt 18 -3.0082 
vt 18 -2.9918 
vt 18.0058 -2.9942 
vt 18.0082 -3 
vt 17.9918 -3 
vt 17.9942 -2.9942 
vt 18 -2.9918 
vt 18 -3.0082 
vt 17.9942 -3.0058 
vt 17.9918 -3 
vt 18.0275 -2.97254 
vt 18.0359 -3.01486 
vt 18.0388 -3 
vt 18.0275 -3.02746 
vt 18.0359 -2.98514 
vt 18.0275 -2.97254 
vt 18.0149 -3.03588 
vt 18.0149 -2.96412 
vt 17.9851 -3.03588 
vt 18 -2.96116 
vt 17.9725 -3.02746 
vt 17.9851 -2.96412 
vt 17.9725 -2.97254 
vt 17.9641 -3.01486 
vt 17.9641 -2.98514 
vt 18.0097 -2.99029 
vt 17.9863 -3 
vt 18 -3.01373 
vt 18.0137 -3 
vt 18.0359 -3.01486 
vt 18.0388 -3 
vt 18.0137 -3 
vt 18.0359 -2.98514 
vt 18.0097 -2.99029 
vt 18.0275 -2.97254 
vt 18.0149 -2.96412 
vt 18 -2.98627 
vt 18 -2.98627 
vt 18 -2.96116 
vt 18 -2.98627 
vt 17.9851 -2.96412 
vt 17.9903 -2.99029 
vt 17.9725 -2.97254 
vt 17.9641 -2.98514 
vt 17.9863 -3 
vt 17.9863 -3 
vt 17.9612 -3 
vt 17.9863 -3 
vt 17.9641 -3.01486 
vt 17.9903 -3.00971 
vt 17.9725 -3.02746 
vt 17.9851 -3.03588 
vt 18 -3.01373 
vt 18 -3.01373 
vt 18 -3.03884 
vt 18 -3.01373 
vt 18.0149 -3.03588 
vt 18.0097 -3.00971 
vt 18.0275 -3.02746 
vt 18.0137 -3 
vt 18.0089 -3.00892 
vt 17.9911 -2.99108 
vt 18 -3.01261 
vt 18.0058 -3.0058 
vt 18 -3.0082 
vt 18.0089 -3.00892 
vt 18.0082 -3 
vt 18.0126 -3 
vt 17.9874 -3 
vt 17.9942 -3.0058 
vt 17.9918 -3 
vt 17.9911 -3.00892 
vt 18 -3.0082 
vt 18 -3.01261 
vt 18 -2.98739 
vt 17.9911 -2.99108 
vt 18 -2.9918 
vt 17.9942 -2.9942 
vt 17.9874 -3 
vt 17.9918 -3 
vt 18.0082 -3 
vt 18.0089 -2.99108 
vt 18.0058 -2.9942 
vt 18.0126 -3 
vt 18 -2.98739 
vt 18 -2.9918 
vt 18.3486 -2.96562 
vt 18.3486 -2.98139 
vt 18.3486 -3 
vt 18.3486 -3.01861 
vt 18.3486 -3.03439 
vt 17.6514 -2.95507 
vt 17.6514 -2.96561 
vt 17.6514 -2.98139 
vt 17.6514 -3 
vt 17.6514 -3.01861 
vt 17.6514 -3.03439 
vt 17.6589 -3 
vt 17.6589 -3.0058 
vt 18.3258 -2.97254 
vt 18.3486 -2.96562 
vt 18.3486 -2.98139 
vt 18.3258 -2.98514 
vt 18.3486 -3 
vt 18.3258 -3 
vt 18.3258 -3.01486 
vt 18.3486 -3.01861 
vt 18.3258 -3.02746 
vt 18.3486 -3.03439 
vt 17.6742 -2.97254 
vt 17.6514 -2.96561 
vt 17.6514 -2.98139 
vt 17.6742 -2.98514 
vt 17.6514 -3 
vt 17.6742 -3 
vt 17.6742 -3.01486 
vt 17.6514 -3.01861 
vt 17.6742 -3.02746 
vt 17.6514 -3.03439 
vt 18.3322 -3.00971 
vt 18.3322 -3 
vt 17.6678 -3.00971 
vt 17.6678 -2.99029 
vt 18.3377 -2.99108 
vt 18.3377 -3.00892 
vt 17.6623 -2.99108 
vt 17.6623 -2.99108 
vt 17.6678 -3 
vt 17.6678 -2.99029 
vt 17.6623 -2.99108 
vt 17.6678 -3 
vt 17.6623 -3 
vt 17.6678 -3 
vt 17.6623 -3.00892 
vt 17.6678 -3.00971 
vt 18.3377 -2.99108 
vt 18.3322 -3 
vt 18.3377 -3 
vt 18.3322 -2.99029 
vt 18.3322 -3 
vt 18.3377 -3.00892 
vt 18.3377 -3 
vt 18.3322 -3.00971 
vt 18.3377 -3.00892 
vt 18.3322 -3 
vt 17.6623 -3.00892 
vt 17.6678 -3 
vt 17.6623 -3 
vt 17.6514 -3 
vt 17.6514 -3.01861 
vt 17.6514 -3 
vt 17.6514 -2.98139 
vt 17.6514 -3.03438 
vt 17.6514 -2.96562 
vt 17.6514 -3.05271 
vt 18.3486 -3.01861 
vt 18.3486 -3.03438 
vt 18.3486 -3 
vt 18.3486 -2.98139 
vt 18.3486 -2.96562 
vt 18.3486 -2.95507 
vt 18.3411 -2.9942 
vt 18.3411 -3.0058 
vt 17.6742 -3 
vt 17.6514 -3 
vt 17.6742 -3.01486 
vt 17.6742 -2.98514 
vt 17.6514 -3.01861 
vt 17.6514 -2.98139 
vt 17.6742 -3.02746 
vt 17.6742 -2.97254 
vt 17.6514 -3.03438 
vt 17.6514 -2.96562 
vt 17.6742 -3.03588 
vt 18.3486 -3 
vt 18.3258 -3.01486 
vt 18.3486 -3.01861 
vt 18.3258 -3 
vt 18.3258 -3.02746 
vt 18.3258 -2.98514 
vt 18.3486 -3.03438 
vt 18.3486 -2.98139 
vt 18.3258 -2.97254 
vt 18.3258 -3.03588 
vt 18.3486 -2.96562 
vt 17.6678 -3 
vt 17.6678 -3.00971 
vt 18.3322 -2.99029 
vt 18.3322 -3.00971 
vt 17.6623 -3.00892 
vt 17.6623 -2.99108 
vt 18.3377 -2.99108 
vt 18.3377 -2.99108 
vt 18.3322 -3 
vt 18.3377 -3 
vt 18.3322 -3 
vt 18.3377 -2.99108 
vt 18.3322 -2.99029 
vt 17.6678 -2.99029 
vt 17.6623 -2.99108 
vt 17.6678 -3 
vt 17.6623 -3 
vt 18.3377 -3.00892 
vt 18.3322 -3.00971 
vt 18.3322 -3 
vt 18.3377 -3 
vt 17.6623 -3.00892 
vt 17.6678 -3 
vt 17.6623 -3 
vt 17.6678 -3.00971 

usemtl Cube0231Mtl

f 1471/1471/1471 1472/1472/1472 1473/1473/1473 
f 1474/1474/1474 1471/1471/1471 1473/1473/1473 
f 1472/1472/1472 1471/1471/1471 1475/1475/1475 
f 1471/1471/1471 1474/1474/1474 1476/1476/1476 
f 1475/1475/1475 1477/1477/1477 1472/1472/1472 
f 1478/1478/1478 1476/1476/1476 1474/1474/1474 
f 1477/1477/1477 1475/1475/1475 1479/1479/1479 
f 1474/1474/1474 1480/1480/1480 1478/1478/1478 
f 1479/1479/1479 1481/1481/1481 1477/1477/1477 
f 1482/1482/1482 1478/1478/1478 1480/1480/1480 
f 1479/1479/1479 1483/1483/1483 1481/1481/1481 
f 1482/1482/1482 1480/1480/1480 1484/1484/1484 
f 1483/1483/1483 1485/1485/1485 1481/1481/1481 
f 1486/1486/1486 1482/1482/1482 1484/1484/1484 
f 1483/1483/1483 1487/1487/1487 1485/1485/1485 
f 1486/1486/1486 1484/1484/1484 1488/1488/1488 
f 1489/1489/1489 1485/1485/1485 1487/1487/1487 
f 1488/1488/1488 1490/1490/1490 1486/1486/1486 
f 1487/1487/1487 1491/1491/1491 1489/1489/1489 
f 1490/1490/1490 1488/1488/1488 1492/1492/1492 
f 1493/1493/1493 1489/1489/1489 1491/1491/1491 
f 1492/1492/1492 1494/1494/1494 1490/1490/1490 
f 1489/1489/1489 1493/1493/1493 1495/1495/1495 
f 1492/1492/1492 1496/1496/1496 1494/1494/1494 
f 1493/1493/1493 1497/1497/1497 1495/1495/1495 
f 1498/1498/1498 1494/1494/1494 1496/1496/1496 
f 1497/1497/1497 1493/1493/1493 1499/1499/1499 
f 1494/1494/1494 1498/1498/1498 1500/1500/1500 
f 1499/1499/1499 1501/1501/1501 1497/1497/1497 
f 1502/1502/1502 1500/1500/1500 1498/1498/1498 
f 1499/1499/1499 1502/1502/1502 1501/1501/1501 
f 1502/1502/1502 1498/1498/1498 1501/1501/1501 
f 1503/1503/1503 1504/1504/1504 1505/1505/1505 
f 1504/1504/1504 1506/1506/1506 1505/1505/1505 
f 1507/1507/1507 1508/1508/1508 1505/1505/1505 
f 1508/1508/1508 1509/1509/1509 1505/1505/1505 
f 1510/1510/1510 1511/1511/1511 1505/1505/1505 
f 1511/1511/1511 1512/1512/1512 1505/1505/1505 
f 1513/1513/1513 1514/1514/1514 1505/1505/1505 
f 1514/1514/1514 1515/1515/1515 1505/1505/1505 
f 1530/1530/1530 1531/1531/1531 1532/1532/1532 
f 1533/1533/1533 1534/1534/1534 1531/1531/1531 
f 1535/1535/1535 1534/1534/1534 1533/1533/1533 
f 1534/1534/1534 1535/1535/1535 1536/1536/1536 
f 1536/1536/1536 1535/1535/1535 1537/1537/1537 
f 1537/1537/1537 1535/1535/1535 1538/1538/1538 
f 1539/1539/1539 1540/1540/1540 1537/1537/1537 
f 1541/1541/1541 1542/1542/1542 1540/1540/1540 
f 1543/1543/1543 1542/1542/1542 1541/1541/1541 
f 1542/1542/1542 1543/1543/1543 1544/1544/1544 
f 1544/1544/1544 1543/1543/1543 1545/1545/1545 
f 1546/1546/1546 1545/1545/1545 1543/1543/1543 
f 1547/1547/1547 1548/1548/1548 1545/1545/1545 
f 1549/1549/1549 1550/1550/1550 1548/1548/1548 
f 1551/1551/1551 1550/1550/1550 1549/1549/1549 
f 1550/1550/1550 1551/1551/1551 1552/1552/1552 
f 1551/1551/1551 1553/1553/1553 1552/1552/1552 
f 1554/1554/1554 1553/1553/1553 1551/1551/1551 
f 1555/1555/1555 1556/1556/1556 1553/1553/1553 
f 1557/1557/1557 1558/1558/1558 1556/1556/1556 
f 1559/1559/1559 1558/1558/1558 1557/1557/1557 
f 1558/1558/1558 1559/1559/1559 1560/1560/1560 
f 1559/1559/1559 1532/1532/1532 1560/1560/1560 
f 1532/1532/1532 1559/1559/1559 1561/1561/1561 
f 1562/1562/1562 1563/1563/1563 1564/1564/1564 
f 1563/1563/1563 1562/1562/1562 1565/1565/1565 
f 1566/1566/1566 1564/1564/1564 1563/1563/1563 
f 1564/1564/1564 1566/1566/1566 1567/1567/1567 
f 1568/1568/1568 1569/1569/1569 1570/1570/1570 
f 1569/1569/1569 1568/1568/1568 1571/1571/1571 
f 1572/1572/1572 1570/1570/1570 1569/1569/1569 
f 1570/1570/1570 1572/1572/1572 1573/1573/1573 
f 1574/1574/1574 1575/1575/1575 1576/1576/1576 
f 1574/1574/1574 1576/1576/1576 1577/1577/1577 
f 1577/1577/1577 1578/1578/1578 1574/1574/1574 
f 1578/1578/1578 1577/1577/1577 1579/1579/1579 
f 1580/1580/1580 1581/1581/1581 1582/1582/1582 
f 1581/1581/1581 1580/1580/1580 1583/1583/1583 
f 1584/1584/1584 1580/1580/1580 1582/1582/1582 
f 1584/1584/1584 1582/1582/1582 1585/1585/1585 
f 1603/1603/1603 1601/1601/1601 1602/1602/1602 
f 1601/1601/1601 1603/1603/1603 1604/1604/1604 
f 1605/1605/1605 1604/1604/1604 1603/1603/1603 
f 1604/1604/1604 1605/1605/1605 1606/1606/1606 
f 1606/1606/1606 1605/1605/1605 1607/1607/1607 
f 1607/1607/1607 1605/1605/1605 1608/1608/1608 
f 1607/1607/1607 1608/1608/1608 1609/1609/1609 
f 1609/1609/1609 1608/1608/1608 1610/1610/1610 
f 1612/1612/1612 1614/1614/1614 1613/1613/1613 
f 1614/1614/1614 1612/1612/1612 1615/1615/1615 
f 1615/1615/1615 1616/1616/1616 1614/1614/1614 
f 1616/1616/1616 1615/1615/1615 1617/1617/1617 
f 1618/1618/1618 1616/1616/1616 1617/1617/1617 
f 1616/1616/1616 1618/1618/1618 1619/1619/1619 
f 1620/1620/1620 1619/1619/1619 1618/1618/1618 
f 1619/1619/1619 1620/1620/1620 1621/1621/1621 
f 1627/1627/1627 1628/1628/1628 1629/1629/1629 
f 1631/1631/1631 1630/1630/1630 1632/1632/1632 
f 1635/1635/1635 1634/1634/1634 1633/1633/1633 
f 1638/1638/1638 1636/1636/1636 1637/1637/1637 
f 1636/1636/1636 1638/1638/1638 1639/1639/1639 
f 1640/1640/1640 1641/1641/1641 1642/1642/1642 
f 1643/1643/1643 1644/1644/1644 1645/1645/1645 
f 1645/1645/1645 1644/1644/1644 1646/1646/1646 
f 1668/1668/1668 1664/1664/1664 1666/1666/1666 
f 1665/1665/1665 1669/1669/1669 1667/1667/1667 
f 1664/1664/1664 1668/1668/1668 1670/1670/1670 
f 1671/1671/1671 1669/1669/1669 1665/1665/1665 
f 1672/1672/1672 1670/1670/1670 1668/1668/1668 
f 1671/1671/1671 1672/1672/1672 1669/1669/1669 
f 1670/1670/1670 1672/1672/1672 1673/1673/1673 
f 1673/1673/1673 1672/1672/1672 1671/1671/1671 
f 1674/1674/1674 1677/1677/1677 1676/1676/1676 
f 1677/1677/1677 1674/1674/1674 1679/1679/1679 
f 1679/1679/1679 1681/1681/1681 1677/1677/1677 
f 1682/1682/1682 1678/1678/1678 1680/1680/1680 
f 1681/1681/1681 1679/1679/1679 1683/1683/1683 
f 1678/1678/1678 1682/1682/1682 1684/1684/1684 
f 1681/1681/1681 1684/1684/1684 1682/1682/1682 
f 1684/1684/1684 1681/1681/1681 1683/1683/1683 
f 1690/1690/1690 1691/1691/1691 1692/1692/1692 
f 1693/1693/1693 1694/1694/1694 1695/1695/1695 
f 1696/1696/1696 1697/1697/1697 1698/1698/1698 
f 1699/1699/1699 1700/1700/1700 1701/1701/1701 
f 1702/1702/1702 1703/1703/1703 1704/1704/1704 
f 1703/1703/1703 1702/1702/1702 1705/1705/1705 
f 1706/1706/1706 1707/1707/1707 1708/1708/1708 
f 1709/1709/1709 1710/1710/1710 1711/1711/1711 
f 1714/1714/1714 1715/1715/1715 1716/1716/1716 
f 1717/1717/1717 1716/1716/1716 1715/1715/1715 
f 1715/1715/1715 1714/1714/1714 1718/1718/1718 
f 1719/1719/1719 1716/1716/1716 1717/1717/1717 
f 1714/1714/1714 1720/1720/1720 1718/1718/1718 
f 1721/1721/1721 1719/1719/1719 1717/1717/1717 
f 1720/1720/1720 1714/1714/1714 1722/1722/1722 
f 1723/1723/1723 1719/1719/1719 1721/1721/1721 
f 1720/1720/1720 1722/1722/1722 1724/1724/1724 
f 1721/1721/1721 1725/1725/1725 1723/1723/1723 
f 1726/1726/1726 1720/1720/1720 1724/1724/1724 
f 1727/1727/1727 1723/1723/1723 1725/1725/1725 
f 1724/1724/1724 1728/1728/1728 1726/1726/1726 
f 1725/1725/1725 1729/1729/1729 1727/1727/1727 
f 1730/1730/1730 1726/1726/1726 1728/1728/1728 
f 1727/1727/1727 1729/1729/1729 1731/1731/1731 
f 1728/1728/1728 1732/1732/1732 1730/1730/1730 
f 1729/1729/1729 1733/1733/1733 1731/1731/1731 
f 1730/1730/1730 1732/1732/1732 1734/1734/1734 
f 1733/1733/1733 1729/1729/1729 1735/1735/1735 
f 1732/1732/1732 1736/1736/1736 1734/1734/1734 
f 1737/1737/1737 1733/1733/1733 1735/1735/1735 
f 1734/1734/1734 1736/1736/1736 1738/1738/1738 
f 1739/1739/1739 1733/1733/1733 1737/1737/1737 
f 1740/1740/1740 1738/1738/1738 1736/1736/1736 
f 1741/1741/1741 1739/1739/1739 1737/1737/1737 
f 1738/1738/1738 1740/1740/1740 1742/1742/1742 
f 1743/1743/1743 1739/1739/1739 1741/1741/1741 
f 1740/1740/1740 1744/1744/1744 1742/1742/1742 
f 1741/1741/1741 1744/1744/1744 1743/1743/1743 
f 1744/1744/1744 1740/1740/1740 1745/1745/1745 
f 1745/1745/1745 1743/1743/1743 1744/1744/1744 
f 1747/1747/1747 1748/1748/1748 1749/1749/1749 
f 1749/1749/1749 1748/1748/1748 1750/1750/1750 
f 1751/1751/1751 1748/1748/1748 1752/1752/1752 
f 1752/1752/1752 1748/1748/1748 1753/1753/1753 
f 1754/1754/1754 1748/1748/1748 1755/1755/1755 
f 1755/1755/1755 1748/1748/1748 1756/1756/1756 
f 1757/1757/1757 1748/1748/1748 1758/1758/1758 
f 1758/1758/1758 1748/1748/1748 1759/1759/1759 
f 1778/1778/1778 1779/1779/1779 1780/1780/1780 
f 1781/1781/1781 1780/1780/1780 1782/1782/1782 
f 1782/1782/1782 1783/1783/1783 1781/1781/1781 
f 1783/1783/1783 1782/1782/1782 1784/1784/1784 
f 1783/1783/1783 1784/1784/1784 1785/1785/1785 
f 1785/1785/1785 1786/1786/1786 1783/1783/1783 
f 1787/1787/1787 1785/1785/1785 1788/1788/1788 
f 1789/1789/1789 1788/1788/1788 1790/1790/1790 
f 1790/1790/1790 1791/1791/1791 1789/1789/1789 
f 1791/1791/1791 1790/1790/1790 1792/1792/1792 
f 1793/1793/1793 1791/1791/1791 1792/1792/1792 
f 1793/1793/1793 1794/1794/1794 1791/1791/1791 
f 1795/1795/1795 1793/1793/1793 1796/1796/1796 
f 1797/1797/1797 1796/1796/1796 1798/1798/1798 
f 1798/1798/1798 1799/1799/1799 1797/1797/1797 
f 1799/1799/1799 1798/1798/1798 1800/1800/1800 
f 1801/1801/1801 1799/1799/1799 1800/1800/1800 
f 1799/1799/1799 1801/1801/1801 1802/1802/1802 
f 1803/1803/1803 1801/1801/1801 1804/1804/1804 
f 1805/1805/1805 1804/1804/1804 1806/1806/1806 
f 1806/1806/1806 1807/1807/1807 1805/1805/1805 
f 1807/1807/1807 1806/1806/1806 1808/1808/1808 
f 1807/1807/1807 1808/1808/1808 1779/1779/1779 
f 1807/1807/1807 1779/1779/1779 1809/1809/1809 
f 1812/1812/1812 1813/1813/1813 1814/1814/1814 
f 1813/1813/1813 1812/1812/1812 1815/1815/1815 
f 1815/1815/1815 1816/1816/1816 1813/1813/1813 
f 1816/1816/1816 1815/1815/1815 1817/1817/1817 
f 1818/1818/1818 1819/1819/1819 1820/1820/1820 
f 1819/1819/1819 1818/1818/1818 1821/1821/1821 
f 1821/1821/1821 1822/1822/1822 1819/1819/1819 
f 1822/1822/1822 1821/1821/1821 1823/1823/1823 
f 1824/1824/1824 1825/1825/1825 1826/1826/1826 
f 1825/1825/1825 1827/1827/1827 1826/1826/1826 
f 1828/1828/1828 1827/1827/1827 1825/1825/1825 
f 1827/1827/1827 1828/1828/1828 1829/1829/1829 
f 1830/1830/1830 1831/1831/1831 1832/1832/1832 
f 1833/1833/1833 1831/1831/1831 1830/1830/1830 
f 1834/1834/1834 1832/1832/1832 1831/1831/1831 
f 1832/1832/1832 1834/1834/1834 1835/1835/1835 
f 1849/1849/1849 1851/1851/1851 1850/1850/1850 
f 1852/1852/1852 1851/1851/1851 1849/1849/1849 
f 1852/1852/1852 1853/1853/1853 1851/1851/1851 
f 1854/1854/1854 1853/1853/1853 1852/1852/1852 
f 1855/1855/1855 1853/1853/1853 1854/1854/1854 
f 1853/1853/1853 1855/1855/1855 1856/1856/1856 
f 1857/1857/1857 1856/1856/1856 1855/1855/1855 
f 1856/1856/1856 1857/1857/1857 1858/1858/1858 
f 1861/1861/1861 1859/1859/1859 1860/1860/1860 
f 1859/1859/1859 1861/1861/1861 1862/1862/1862 
f 1863/1863/1863 1862/1862/1862 1861/1861/1861 
f 1862/1862/1862 1863/1863/1863 1864/1864/1864 
f 1863/1863/1863 1865/1865/1865 1864/1864/1864 
f 1865/1865/1865 1863/1863/1863 1866/1866/1866 
f 1866/1866/1866 1867/1867/1867 1865/1865/1865 
f 1867/1867/1867 1866/1866/1866 1868/1868/1868 
f 1876/1876/1876 1877/1877/1877 1878/1878/1878 
f 1880/1880/1880 1879/1879/1879 1881/1881/1881 
f 1882/1882/1882 1883/1883/1883 1884/1884/1884 
f 1885/1885/1885 1886/1886/1886 1887/1887/1887 
f 1886/1886/1886 1885/1885/1885 1888/1888/1888 
f 1889/1889/1889 1890/1890/1890 1891/1891/1891 
f 1892/1892/1892 1893/1893/1893 1894/1894/1894 
f 1895/1895/1895 1896/1896/1896 1897/1897/1897 
f 1913/1913/1913 1914/1914/1914 1915/1915/1915 
f 1916/1916/1916 1914/1914/1914 1913/1913/1913 
f 1915/1915/1915 1914/1914/1914 1917/1917/1917 
f 1914/1914/1914 1916/1916/1916 1918/1918/1918 
f 1915/1915/1915 1917/1917/1917 1919/1919/1919 
f 1920/1920/1920 1918/1918/1918 1916/1916/1916 
f 1919/1919/1919 1917/1917/1917 1921/1921/1921 
f 1918/1918/1918 1920/1920/1920 1922/1922/1922 
f 1924/1924/1924 1925/1925/1925 1926/1926/1926 
f 1925/1925/1925 1924/1924/1924 1927/1927/1927 
f 1928/1928/1928 1926/1926/1926 1925/1925/1925 
f 1924/1924/1924 1929/1929/1929 1927/1927/1927 
f 1926/1926/1926 1928/1928/1928 1930/1930/1930 
f 1929/1929/1929 1924/1924/1924 1931/1931/1931 
f 1931/1931/1931 1932/1932/1932 1929/1929/1929 
f 1932/1932/1932 1931/1931/1931 1934/1934/1934 
f 1942/1942/1942 1943/1943/1943 1944/1944/1944 
f 1945/1945/1945 1946/1946/1946 1947/1947/1947 
f 1948/1948/1948 1949/1949/1949 1950/1950/1950 
f 1950/1950/1950 1949/1949/1949 1951/1951/1951 
f 1952/1952/1952 1954/1954/1954 1953/1953/1953 
f 1954/1954/1954 1952/1952/1952 1955/1955/1955 
f 1956/1956/1956 1957/1957/1957 1958/1958/1958 
f 1957/1957/1957 1956/1956/1956 1959/1959/1959 

g Cylinder0181

v 1.08439 1.0499 20.4047 1 1 1 1 
v 1.08439 1.09781 20.289 1 1 1 1 
v 1.08439 1.16051 20.289 1 1 1 1 
v 1.0844 1.0499 20.1734 1 1 1 1 
v 1.0844 1.09424 20.1291 1 1 1 1 
v 1.08439 1.09424 20.449 1 1 1 1 
v 1.08439 0.934247 20.4526 1 1 1 1 
v 1.08439 0.934247 20.5153 1 1 1 1 
v 1.0844 0.818591 20.4047 1 1 1 1 
v 1.0844 0.707986 20.289 1 1 1 1 
v 1.0844 0.770685 20.289 1 1 1 1 
v 1.0844 0.818591 20.1734 1 1 1 1 
v 1.0844 0.774256 20.449 1 1 1 1 
v 1.08439 0.934247 20.4526 1 1 1 1 
v 1.08439 0.934247 20.5153 1 1 1 1 
v 1.0844 0.774256 20.1291 1 1 1 1 
v 1.0844 0.934247 20.0628 1 1 1 1 
v 1.0844 0.934247 20.1255 1 1 1 1 
v 1.0844 1.0499 20.1734 1 1 1 1 
v 1.08439 1.16051 20.289 1 1 1 1 
v 1.08439 1.09781 20.289 1 1 1 1 
v 1.0844 0.934247 20.0628 1 1 1 1 
v 1.0844 1.09424 20.1291 1 1 1 1 
v 1.0844 0.934247 20.1255 1 1 1 1 
v -2.59032 0.81859 20.1734 1 1 1 1 
v -2.59032 0.707985 20.289 1 1 1 1 
v 1.08439 0.934247 20.5153 1 1 1 1 
v 1.0844 0.770685 20.289 1 1 1 1 
v 1.0844 0.818591 20.1734 1 1 1 1 
v -2.73204 0.774255 20.1291 1 1 1 1 
v -2.59032 0.707985 20.289 1 1 1 1 
v -2.59032 0.774256 20.1291 1 1 1 1 
v -2.73204 0.707985 20.289 1 1 1 1 
v -2.59032 0.774256 20.449 1 1 1 1 
v -2.73204 0.774256 20.449 1 1 1 1 
v -2.59032 0.81859 20.4047 1 1 1 1 
v 1.0844 0.818591 20.4047 1 1 1 1 
v 1.0844 0.770685 20.289 1 1 1 1 
v -2.59032 0.770683 20.289 1 1 1 1 
v 1.0844 0.818591 20.1734 1 1 1 1 
v -2.59032 0.81859 20.1734 1 1 1 1 
v 1.22611 0.934247 20.5153 1 1 1 1 
v 1.0844 0.774256 20.1291 1 1 1 1 
v 1.22611 0.774256 20.1291 1 1 1 1 
v 1.0844 0.707986 20.289 1 1 1 1 
v 1.22611 0.707986 20.289 1 1 1 1 
v 1.0844 0.774256 20.449 1 1 1 1 
v 1.22611 0.774256 20.449 1 1 1 1 
v -2.59032 0.81859 20.1734 1 1 1 1 
v -2.59032 1.0499 20.1734 1 1 1 1 
v 1.08439 1.16051 20.289 1 1 1 1 
v 1.0844 0.818591 20.1734 1 1 1 1 
v 1.0844 0.934247 20.1255 1 1 1 1 
v -2.73204 0.774255 20.1291 1 1 1 1 
v -2.59032 0.774256 20.1291 1 1 1 1 
v -2.59032 0.934246 20.0628 1 1 1 1 
v -2.73204 0.934246 20.0628 1 1 1 1 
v -2.73204 1.09424 20.1291 1 1 1 1 
v -2.59032 1.09424 20.1291 1 1 1 1 
v 1.0844 0.818591 20.1734 1 1 1 1 
v -2.59032 0.81859 20.1734 1 1 1 1 
v 1.0844 0.934247 20.1255 1 1 1 1 
v -2.59032 0.934246 20.1255 1 1 1 1 
v -2.59032 1.0499 20.1734 1 1 1 1 
v 1.0844 1.0499 20.1734 1 1 1 1 
v 1.22611 1.16051 20.289 1 1 1 1 
v 1.0844 1.09424 20.1291 1 1 1 1 
v 1.22611 1.09424 20.1291 1 1 1 1 
v 1.22611 0.934247 20.0628 1 1 1 1 
v 1.0844 0.934247 20.0628 1 1 1 1 
v 1.0844 0.774256 20.1291 1 1 1 1 
v 1.22611 0.774256 20.1291 1 1 1 1 
v -2.59032 0.81859 20.1734 1 1 1 1 
v -2.59032 0.707985 20.289 1 1 1 1 
v -2.59032 0.770683 20.289 1 1 1 1 
v -2.59032 0.81859 20.4047 1 1 1 1 
v -2.59032 0.774256 20.1291 1 1 1 1 
v -2.59032 0.774256 20.449 1 1 1 1 
v -2.59032 0.934246 20.5153 1 1 1 1 
v -2.59032 0.934246 20.4526 1 1 1 1 
v -2.59032 0.934246 20.0628 1 1 1 1 
v -2.59032 0.934246 20.1255 1 1 1 1 
v -2.59032 1.0499 20.1734 1 1 1 1 
v -2.59032 1.09424 20.1291 1 1 1 1 
v -2.59032 1.16051 20.289 1 1 1 1 
v -2.59032 1.09781 20.289 1 1 1 1 
v -2.59032 1.0499 20.4047 1 1 1 1 
v -2.59032 1.09424 20.449 1 1 1 1 
v -2.59032 0.934246 20.4526 1 1 1 1 
v -2.59032 0.934246 20.5153 1 1 1 1 
v -2.59032 0.934246 20.4526 1 1 1 1 
v -2.59032 1.09424 20.449 1 1 1 1 
v -2.59032 1.0499 20.4047 1 1 1 1 
v -2.59032 1.0499 20.1734 1 1 1 1 
v -2.59032 1.0499 20.4047 1 1 1 1 
v 1.08439 1.0499 20.4047 1 1 1 1 
v 1.08439 1.16051 20.289 1 1 1 1 
v 1.0844 0.934247 20.1255 1 1 1 1 
v -2.73204 1.09424 20.1291 1 1 1 1 
v -2.59032 1.09424 20.1291 1 1 1 1 
v -2.59032 1.16051 20.289 1 1 1 1 
v -2.73204 1.16051 20.289 1 1 1 1 
v -2.59032 1.09424 20.449 1 1 1 1 
v -2.73204 1.09424 20.449 1 1 1 1 
v -2.59032 1.0499 20.1734 1 1 1 1 
v 1.0844 1.0499 20.1734 1 1 1 1 
v 1.08439 1.09781 20.289 1 1 1 1 
v -2.59032 1.09781 20.289 1 1 1 1 
v -2.59032 1.0499 20.4047 1 1 1 1 
v 1.08439 1.0499 20.4047 1 1 1 1 
v 1.22611 1.09424 20.449 1 1 1 1 
v 1.08439 1.09424 20.449 1 1 1 1 
v 1.22611 1.16051 20.289 1 1 1 1 
v 1.08439 1.16051 20.289 1 1 1 1 
v 1.0844 1.09424 20.1291 1 1 1 1 
v 1.22611 1.09424 20.1291 1 1 1 1 
v -2.59032 0.707985 20.289 1 1 1 1 
v -2.59032 1.0499 20.4047 1 1 1 1 
v 1.08439 1.0499 20.4047 1 1 1 1 
v 1.08439 0.934247 20.5153 1 1 1 1 
v 1.0844 0.770685 20.289 1 1 1 1 
v -2.59032 0.774256 20.449 1 1 1 1 
v -2.73204 0.774256 20.449 1 1 1 1 
v -2.59032 0.934246 20.5153 1 1 1 1 
v -2.73204 0.934246 20.5153 1 1 1 1 
v -2.59032 1.09424 20.449 1 1 1 1 
v -2.73204 1.09424 20.449 1 1 1 1 
v -2.73204 0.934246 20.5153 1 1 1 1 
v -2.59032 0.934246 20.5153 1 1 1 1 
v -2.59032 0.934246 20.4526 1 1 1 1 
v 1.08439 0.934247 20.4526 1 1 1 1 
v -2.59032 0.81859 20.4047 1 1 1 1 
v 1.0844 0.818591 20.4047 1 1 1 1 
v -2.59032 1.0499 20.4047 1 1 1 1 
v 1.08439 1.0499 20.4047 1 1 1 1 
v 1.08439 0.934247 20.4526 1 1 1 1 
v -2.59032 0.934246 20.4526 1 1 1 1 
v 1.08439 0.934247 20.5153 1 1 1 1 
v 1.22611 1.09424 20.449 1 1 1 1 
v 1.22611 0.934247 20.5153 1 1 1 1 
v 1.08439 1.09424 20.449 1 1 1 1 
v 1.0844 0.774256 20.449 1 1 1 1 
v 1.22611 0.774256 20.449 1 1 1 1 
v 1.22611 0.934247 20.5153 1 1 1 1 
v 1.08439 0.934247 20.5153 1 1 1 1 

vn -1 0 0 
vn -1 0 0 
vn -1 0 0 
vn -1 0 0 
vn -1 0 0 
vn -1 0 0 
vn -1 0 0 
vn -1 0 0 
vn -1 0 0 
vn -1 0 0 
vn -1 0 0 
vn -1 0 0 
vn -1 0 0 
vn -1 0 0 
vn -1 0 0 
vn -1 0 0 
vn -1 0 0 
vn -1 0 0 
vn -1 0 0 
vn -1 0 0 
vn -1 0 0 
vn -1 0 0 
vn -1 0 0 
vn -1 0 0 
vn 1 0 0 
vn 1 0 0 
vn -1 0 0 
vn -1 0 0 
vn -1 0 0 
vn 0 -0.708661 -0.708661 
vn 0 -1 0 
vn 0 -0.708661 -0.708661 
vn 0 -1 0 
vn 0 -0.708661 0.708661 
vn 0 -0.708661 0.708661 
vn 0 -0.708661 0.708661 
vn 0 -0.708661 0.708661 
vn 0 -1 0 
vn 0 -1 0 
vn 0 -0.708661 -0.708661 
vn 0 -0.708661 -0.708661 
vn 0 0 1 
vn 0 -0.708661 -0.708661 
vn 0 -0.708661 -0.708661 
vn 0 -1 0 
vn 0 -1 0 
vn 0 -0.708661 0.708661 
vn 0 -0.708661 0.708661 
vn 1 0 0 
vn 1 0 0 
vn -1 0 0 
vn -1 0 0 
vn -1 0 0 
vn 0 -0.708661 -0.708661 
vn 0 -0.708661 -0.708661 
vn 0 0 -1 
vn 0 0 -1 
vn 0 0.708661 -0.708661 
vn 0 0.708661 -0.708661 
vn 0 -0.708661 -0.708661 
vn 0 -0.708661 -0.708661 
vn 0 0 -1 
vn 0 0 -1 
vn 0 0.708661 -0.708661 
vn 0 0.708661 -0.708661 
vn 0 1 0 
vn 0 0.708661 -0.708661 
vn 0 0.708661 -0.708661 
vn 0 0 -1 
vn 0 0 -1 
vn 0 -0.708661 -0.708661 
vn 0 -0.708661 -0.708661 
vn 1 0 0 
vn 1 0 0 
vn 1 0 0 
vn 1 0 0 
vn 1 0 0 
vn 1 0 0 
vn 1 0 0 
vn 1 0 0 
vn 1 0 0 
vn 1 0 0 
vn 1 0 0 
vn 1 0 0 
vn 1 0 0 
vn 1 0 0 
vn 1 0 0 
vn 1 0 0 
vn 1 0 0 
vn 1 0 0 
vn 1 0 0 
vn 1 0 0 
vn 1 0 0 
vn 1 0 0 
vn 1 0 0 
vn -1 0 0 
vn -1 0 0 
vn -1 0 0 
vn 0 0.708661 -0.708661 
vn 0 0.708661 -0.708661 
vn 0 1 0 
vn 0 1 0 
vn 0 0.708661 0.708661 
vn 0 0.708661 0.708661 
vn 0 0.708661 -0.708661 
vn 0 0.708661 -0.708661 
vn 0 1 0 
vn 0 1 0 
vn 0 0.708661 0.708661 
vn 0 0.708661 0.708661 
vn 0 0.708661 0.708661 
vn 0 0.708661 0.708661 
vn 0 1 0 
vn 0 1 0 
vn 0 0.708661 -0.708661 
vn 0 0.708661 -0.708661 
vn 1 0 0 
vn 1 0 0 
vn -1 0 0 
vn -1 0 0 
vn -1 0 0 
vn 0 -0.708661 0.708661 
vn 0 -0.708661 0.708661 
vn 0 0 1 
vn 0 0 1 
vn 0 0.708661 0.708661 
vn 0 0.708661 0.708661 
vn 0 0 1 
vn 0 0 1 
vn 0 0 1 
vn 0 0 1 
vn 0 -0.708661 0.708661 
vn 0 -0.708661 0.708661 
vn 0 0.708661 0.708661 
vn 0 0.708661 0.708661 
vn 0 0 1 
vn 0 0 1 
vn 0 0 1 
vn 0 0.708661 0.708661 
vn 0 0 1 
vn 0 0.708661 0.708661 
vn 0 -0.708661 0.708661 
vn 0 -0.708661 0.708661 
vn 0 0 1 
vn 0 0 1 

vt 15.9855 -8.98554 
vt 16 -8.97955 
vt 16 -8.97172 
vt 16.0145 -8.98554 
vt 16.02 -8.98 
vt 15.98 -8.98 
vt 15.9796 -9 
vt 15.9717 -9 
vt 15.9855 -9.01446 
vt 16 -9.02828 
vt 16 -9.02044 
vt 16.0145 -9.01446 
vt 15.98 -9.02 
vt 15.9796 -9 
vt 15.9717 -9 
vt 16.02 -9.02 
vt 16.0283 -9 
vt 16.0204 -9 
vt 16.0145 -8.98554 
vt 16 -8.97172 
vt 16 -8.97955 
vt 16.0283 -9 
vt 16.02 -8.98 
vt 16.0204 -9 
vt 16.2297 -9.01446 
vt 16.2297 -9 
vt 15.7703 -8.97172 
vt 15.7703 -9 
vt 15.7703 -9.01446 
vt 16.2474 -9.02 
vt 16.2297 -9 
vt 16.2297 -9.02 
vt 16.2474 -9 
vt 16.2297 -8.98 
vt 16.2474 -8.98 
vt 16.2297 -8.98554 
vt 15.7703 -8.98554 
vt 15.7703 -9 
vt 16.2297 -9 
vt 15.7703 -9.01446 
vt 16.2297 -9.01446 
vt 15.7526 -8.97172 
vt 15.7703 -9.02 
vt 15.7526 -9.02 
vt 15.7703 -9 
vt 15.7526 -9 
vt 15.7703 -8.98 
vt 15.7526 -8.98 
vt 15.7703 -9.01446 
vt 15.7703 -8.98554 
vt 16.2297 -8.97172 
vt 16.2297 -9.01446 
vt 16.2297 -9 
vt 15.7526 -9.02 
vt 15.7703 -9.02 
vt 15.7703 -9 
vt 15.7526 -9 
vt 15.7526 -8.98 
vt 15.7703 -8.98 
vt 16.2297 -9.01446 
vt 15.7703 -9.01446 
vt 16.2297 -9 
vt 15.7703 -9 
vt 15.7703 -8.98554 
vt 16.2297 -8.98554 
vt 16.2474 -8.97172 
vt 16.2297 -8.98 
vt 16.2474 -8.98 
vt 16.2474 -9 
vt 16.2297 -9 
vt 16.2297 -9.02 
vt 16.2474 -9.02 
vt 15.9855 -9.01446 
vt 16 -9.02828 
vt 16 -9.02045 
vt 16.0145 -9.01446 
vt 15.98 -9.02 
vt 16.02 -9.02 
vt 16.0283 -9 
vt 16.0204 -9 
vt 15.9717 -9 
vt 15.9796 -9 
vt 15.9855 -8.98554 
vt 15.98 -8.98 
vt 16 -8.97172 
vt 16 -8.97956 
vt 16.0145 -8.98554 
vt 16.02 -8.98 
vt 16.0204 -9 
vt 16.0283 -9 
vt 16.0204 -9 
vt 16.02 -8.98 
vt 16.0145 -8.98554 
vt 15.7703 -9.01446 
vt 15.7703 -8.98554 
vt 16.2297 -8.98554 
vt 16.2297 -9 
vt 16.2297 -9.02044 
vt 15.7526 -9.02 
vt 15.7703 -9.02 
vt 15.7703 -9 
vt 15.7526 -9 
vt 15.7703 -8.98 
vt 15.7526 -8.98 
vt 15.7703 -9.01446 
vt 16.2297 -9.01446 
vt 16.2297 -9 
vt 15.7703 -9 
vt 15.7703 -8.98554 
vt 16.2297 -8.98554 
vt 16.2474 -8.98 
vt 16.2297 -8.98 
vt 16.2474 -9 
vt 16.2297 -9 
vt 16.2297 -9.02 
vt 16.2474 -9.02 
vt 16.2297 -9.02828 
vt 16.2297 -8.98554 
vt 15.7703 -8.98554 
vt 15.7703 -9 
vt 15.7703 -9.02044 
vt 16.2297 -9.02 
vt 16.2474 -9.02 
vt 16.2297 -9 
vt 16.2474 -9 
vt 16.2297 -8.98 
vt 16.2474 -8.98 
vt 16.2474 -9 
vt 16.2297 -9 
vt 16.2297 -9 
vt 15.7703 -9 
vt 16.2297 -9.01446 
vt 15.7703 -9.01446 
vt 16.2297 -8.98554 
vt 15.7703 -8.98554 
vt 15.7703 -9 
vt 16.2297 -9 
vt 15.7703 -9 
vt 15.7526 -8.98 
vt 15.7526 -9 
vt 15.7703 -8.98 
vt 15.7703 -9.02 
vt 15.7526 -9.02 
vt 15.7526 -9 
vt 15.7703 -9 

usemtl Cube0231Mtl

f 1960/1960/1960 1961/1961/1961 1962/1962/1962 
f 1962/1962/1962 1963/1963/1963 1964/1964/1964 
f 1960/1960/1960 1962/1962/1962 1965/1965/1965 
f 1965/1965/1965 1966/1966/1966 1960/1960/1960 
f 1965/1965/1965 1967/1967/1967 1966/1966/1966 
f 1968/1968/1968 1969/1969/1969 1970/1970/1970 
f 1969/1969/1969 1971/1971/1971 1970/1970/1970 
f 1969/1969/1969 1968/1968/1968 1972/1972/1972 
f 1973/1973/1973 1972/1972/1972 1968/1968/1968 
f 1972/1972/1972 1973/1973/1973 1974/1974/1974 
f 1969/1969/1969 1975/1975/1975 1971/1971/1971 
f 1976/1976/1976 1971/1971/1971 1975/1975/1975 
f 1971/1971/1971 1976/1976/1976 1977/1977/1977 
f 1978/1978/1978 1979/1979/1979 1980/1980/1980 
f 1978/1978/1978 1981/1981/1981 1982/1982/1982 
f 1981/1981/1981 1978/1978/1978 1983/1983/1983 
f 1989/1989/1989 1990/1990/1990 1991/1991/1991 
f 1990/1990/1990 1989/1989/1989 1992/1992/1992 
f 1992/1992/1992 1993/1993/1993 1990/1990/1990 
f 1993/1993/1993 1992/1992/1992 1994/1994/1994 
f 1997/1997/1997 1995/1995/1995 1996/1996/1996 
f 1995/1995/1995 1997/1997/1997 1998/1998/1998 
f 1999/1999/1999 1998/1998/1998 1997/1997/1997 
f 1998/1998/1998 1999/1999/1999 2000/2000/2000 
f 2004/2004/2004 2003/2003/2003 2002/2002/2002 
f 2003/2003/2003 2004/2004/2004 2005/2005/2005 
f 2006/2006/2006 2005/2005/2005 2004/2004/2004 
f 2005/2005/2005 2006/2006/2006 2007/2007/2007 
f 2015/2015/2015 2013/2013/2013 2014/2014/2014 
f 2013/2013/2013 2015/2015/2015 2016/2016/2016 
f 2015/2015/2015 2017/2017/2017 2016/2016/2016 
f 2017/2017/2017 2015/2015/2015 2018/2018/2018 
f 2021/2021/2021 2020/2020/2020 2019/2019/2019 
f 2020/2020/2020 2021/2021/2021 2022/2022/2022 
f 2022/2022/2022 2021/2021/2021 2023/2023/2023 
f 2023/2023/2023 2021/2021/2021 2024/2024/2024 
f 2026/2026/2026 2028/2028/2028 2027/2027/2027 
f 2028/2028/2028 2026/2026/2026 2029/2029/2029 
f 2030/2030/2030 2028/2028/2028 2029/2029/2029 
f 2028/2028/2028 2030/2030/2030 2031/2031/2031 
f 2032/2032/2032 2033/2033/2033 2034/2034/2034 
f 2033/2033/2033 2035/2035/2035 2034/2034/2034 
f 2033/2033/2033 2032/2032/2032 2036/2036/2036 
f 2033/2033/2033 2037/2037/2037 2035/2035/2035 
f 2038/2038/2038 2035/2035/2035 2037/2037/2037 
f 2035/2035/2035 2038/2038/2038 2039/2039/2039 
f 2040/2040/2040 2036/2036/2036 2032/2032/2032 
f 2040/2040/2040 2032/2032/2032 2041/2041/2041 
f 2042/2042/2042 2040/2040/2040 2041/2041/2041 
f 2040/2040/2040 2042/2042/2042 2043/2043/2043 
f 2042/2042/2042 2044/2044/2044 2043/2043/2043 
f 2042/2042/2042 2045/2045/2045 2044/2044/2044 
f 2046/2046/2046 2044/2044/2044 2045/2045/2045 
f 2044/2044/2044 2046/2046/2046 2047/2047/2047 
f 2047/2047/2047 2048/2048/2048 2049/2049/2049 
f 2050/2050/2050 2051/2051/2051 2052/2052/2052 
f 2060/2060/2060 2058/2058/2058 2059/2059/2059 
f 2058/2058/2058 2060/2060/2060 2061/2061/2061 
f 2062/2062/2062 2061/2061/2061 2060/2060/2060 
f 2061/2061/2061 2062/2062/2062 2063/2063/2063 
f 2066/2066/2066 2064/2064/2064 2065/2065/2065 
f 2064/2064/2064 2066/2066/2066 2067/2067/2067 
f 2067/2067/2067 2066/2066/2066 2068/2068/2068 
f 2068/2068/2068 2066/2066/2066 2069/2069/2069 
f 2071/2071/2071 2072/2072/2072 2070/2070/2070 
f 2072/2072/2072 2071/2071/2071 2073/2073/2073 
f 2074/2074/2074 2072/2072/2072 2073/2073/2073 
f 2072/2072/2072 2074/2074/2074 2075/2075/2075 
f 2082/2082/2082 2083/2083/2083 2081/2081/2081 
f 2083/2083/2083 2082/2082/2082 2084/2084/2084 
f 2085/2085/2085 2087/2087/2087 2086/2086/2086 
f 2087/2087/2087 2085/2085/2085 2088/2088/2088 
f 2089/2089/2089 2090/2090/2090 2091/2091/2091 
f 2091/2091/2091 2090/2090/2090 2092/2092/2092 
f 2095/2095/2095 2093/2093/2093 2094/2094/2094 
f 2093/2093/2093 2095/2095/2095 2096/2096/2096 
f 2097/2097/2097 2098/2098/2098 2099/2099/2099 
f 2098/2098/2098 2097/2097/2097 2100/2100/2100 
f 2101/2101/2101 2103/2103/2103 2102/2102/2102 
f 2103/2103/2103 2101/2101/2101 2104/2104/2104 

g Cylinder0201

v -0.253747 1.07556 19.5601 1 1 1 1 
v 0.0429097 1.17595 19.5601 1 1 1 1 
v 0.138781 1.07556 19.5601 1 1 1 1 
v -0.196263 1.21434 19.5601 1 1 1 1 
v -1.30647 1.07556 19.5601 1 1 1 1 
v -1.44845 0.879297 19.5601 1 1 1 1 
v -1.58722 0.936782 19.5601 1 1 1 1 
v -1.44845 0.933585 19.5601 1 1 1 1 
v 0.0429097 1.17595 20.0909 1 1 1 1 
v 0.0429097 1.17595 19.6294 1 1 1 1 
v 0.0844938 1.07556 20.0909 1 1 1 1 
v 0.0844938 1.07556 19.6294 1 1 1 1 
v 0.0429097 0.975169 20.0909 1 1 1 1 
v 0.0429097 0.975169 19.6294 1 1 1 1 
v -0.19946 1.07556 19.6294 1 1 1 1 
v -1.59042 1.07556 19.6294 1 1 1 1 
v -1.54884 0.975169 19.6294 1 1 1 1 
v -1.34805 0.975169 20.0909 1 1 1 1 
v -1.34805 0.975169 19.6294 1 1 1 1 
v -1.30647 1.07556 19.6294 1 1 1 1 
v -1.30647 1.07556 20.0909 1 1 1 1 
v -1.34805 1.17595 20.0909 1 1 1 1 
v -1.34805 1.17595 19.6294 1 1 1 1 
v -1.30967 1.21434 19.6294 1 1 1 1 
v 0.086575 0.931504 20.0909 1 1 1 1 
v 0.146246 1.07556 20.0909 1 1 1 1 
v -0.0574829 1.27929 20.0909 1 1 1 1 
v -1.44845 0.871833 20.0909 1 1 1 1 
v -1.30439 0.931504 20.0909 1 1 1 1 
v -1.24472 1.07556 20.0909 1 1 1 1 
v -1.30439 1.21962 20.0909 1 1 1 1 
v -1.44845 1.27929 20.0909 1 1 1 1 
v 0.0812969 0.936782 19.5601 1 1 1 1 
v 0.0812969 0.936782 19.6294 1 1 1 1 
v 0.138781 1.07556 19.5601 1 1 1 1 
v 0.138781 1.07556 19.6294 1 1 1 1 
v 0.0812969 1.21434 19.5601 1 1 1 1 
v 0.0812969 1.21434 19.6294 1 1 1 1 
v -1.30967 1.21434 19.5601 1 1 1 1 
v -1.30967 1.21434 19.6294 1 1 1 1 
v -1.25218 1.07556 19.5601 1 1 1 1 
v -1.25218 1.07556 19.6294 1 1 1 1 
v -1.30967 0.936782 19.6294 1 1 1 1 
v -1.30967 0.936782 19.5601 1 1 1 1 
v 0.086575 1.21962 20.2866 1 1 1 1 
v 0.086575 1.21962 20.0909 1 1 1 1 
v 0.146246 1.07556 20.2866 1 1 1 1 
v 0.146246 1.07556 20.0909 1 1 1 1 
v 0.086575 0.931504 20.2866 1 1 1 1 
v 0.086575 0.931504 20.0909 1 1 1 1 
v -1.44845 1.27929 20.2866 1 1 1 1 
v -1.30439 0.931504 20.2866 1 1 1 1 
v -1.30439 0.931504 20.0909 1 1 1 1 
v -1.24472 1.07556 20.0909 1 1 1 1 
v -1.24472 1.07556 20.2866 1 1 1 1 
v -1.30439 1.21962 20.0909 1 1 1 1 
v -1.30439 1.21962 20.2866 1 1 1 1 
v -0.253747 1.07556 19.5601 1 1 1 1 
v -0.0574829 0.879297 19.5601 1 1 1 1 
v 0.0429097 1.17595 19.5601 1 1 1 1 
v 0.138781 1.07556 19.5601 1 1 1 1 
v -0.196263 1.21434 19.5601 1 1 1 1 
v -1.58722 0.936782 19.5601 1 1 1 1 
v -1.44845 0.933585 19.5601 1 1 1 1 
v -1.54884 1.17595 19.5601 1 1 1 1 
v -0.0574829 1.21754 19.6294 1 1 1 1 
v 0.0429097 1.17595 20.0909 1 1 1 1 
v 0.0429097 1.17595 19.6294 1 1 1 1 
v -0.0574829 1.21754 20.0909 1 1 1 1 
v 0.0844938 1.07556 20.0909 1 1 1 1 
v 0.0844938 1.07556 19.6294 1 1 1 1 
v -0.157876 0.975169 20.0909 1 1 1 1 
v -0.19946 1.07556 19.6294 1 1 1 1 
v -0.157876 1.17595 20.0909 1 1 1 1 
v -0.157876 1.17595 19.6294 1 1 1 1 
v -0.0574829 1.21754 20.0909 1 1 1 1 
v -0.0574829 1.21754 19.6294 1 1 1 1 
v -1.54884 1.17595 19.6294 1 1 1 1 
v -1.54884 1.17595 20.0909 1 1 1 1 
v -1.44845 1.21754 19.6294 1 1 1 1 
v -1.44845 1.21754 20.0909 1 1 1 1 
v -1.54884 0.975169 19.6294 1 1 1 1 
v -1.34805 1.17595 20.0909 1 1 1 1 
v -1.34805 1.17595 19.6294 1 1 1 1 
v -1.44845 1.21754 20.0909 1 1 1 1 
v -1.44845 1.21754 19.6294 1 1 1 1 
v -1.64471 1.07556 19.6294 1 1 1 1 
v -1.30967 1.21434 19.6294 1 1 1 1 
v -0.201541 0.931504 20.0909 1 1 1 1 
v 0.146246 1.07556 20.0909 1 1 1 1 
v -0.261212 1.07556 20.0909 1 1 1 1 
v -0.201541 1.21962 20.0909 1 1 1 1 
v -0.0574829 1.27929 20.0909 1 1 1 1 
v -1.65217 1.07556 20.0909 1 1 1 1 
v -1.24472 1.07556 20.0909 1 1 1 1 
v -1.5925 1.21962 20.0909 1 1 1 1 
v -1.30439 1.21962 20.0909 1 1 1 1 
v -1.44845 1.27929 20.0909 1 1 1 1 
v -0.196263 1.21434 19.5601 1 1 1 1 
v -0.0574829 1.27183 19.6294 1 1 1 1 
v -0.0574829 1.27183 19.5601 1 1 1 1 
v -0.196263 1.21434 19.6294 1 1 1 1 
v 0.0812969 1.21434 19.5601 1 1 1 1 
v 0.0812969 1.21434 19.6294 1 1 1 1 
v -0.0574829 1.27183 19.5601 1 1 1 1 
v -0.0574829 1.27183 19.6294 1 1 1 1 
v -1.30967 1.21434 19.5601 1 1 1 1 
v -1.44845 1.27183 19.5601 1 1 1 1 
v -1.44845 1.27183 19.6294 1 1 1 1 
v -1.30967 1.21434 19.6294 1 1 1 1 
v -1.58722 1.21434 19.5601 1 1 1 1 
v -1.58722 1.21434 19.6294 1 1 1 1 
v -1.44845 1.27183 19.5601 1 1 1 1 
v -1.44845 1.27183 19.6294 1 1 1 1 
v -0.0574829 1.27929 20.0909 1 1 1 1 
v 0.086575 1.21962 20.2866 1 1 1 1 
v 0.086575 1.21962 20.0909 1 1 1 1 
v -0.0574829 1.27929 20.2866 1 1 1 1 
v 0.146246 1.07556 20.2866 1 1 1 1 
v -0.261212 1.07556 20.2866 1 1 1 1 
v -0.201541 1.21962 20.0909 1 1 1 1 
v -0.201541 1.21962 20.2866 1 1 1 1 
v -0.0574829 1.27929 20.2866 1 1 1 1 
v -0.0574829 1.27929 20.0909 1 1 1 1 
v -1.44845 1.27929 20.0909 1 1 1 1 
v -1.5925 1.21962 20.0909 1 1 1 1 
v -1.5925 1.21962 20.2866 1 1 1 1 
v -1.44845 1.27929 20.2866 1 1 1 1 
v -1.24472 1.07556 20.2866 1 1 1 1 
v -1.30439 1.21962 20.0909 1 1 1 1 
v -1.30439 1.21962 20.2866 1 1 1 1 
v -1.44845 1.27929 20.2866 1 1 1 1 
v -1.44845 1.27929 20.0909 1 1 1 1 
v -0.0574829 0.879297 19.5601 1 1 1 1 
v 0.0429097 1.17595 19.5601 1 1 1 1 
v 0.138781 1.07556 19.5601 1 1 1 1 
v -0.0574829 1.27183 19.5601 1 1 1 1 
v -0.196263 1.21434 19.5601 1 1 1 1 
v -1.25218 1.07556 19.5601 1 1 1 1 
v -1.30967 0.936782 19.5601 1 1 1 1 
v -1.30647 1.07556 19.5601 1 1 1 1 
v -1.44845 0.879297 19.5601 1 1 1 1 
v -1.44845 0.933585 19.5601 1 1 1 1 
v -1.54884 1.17595 19.5601 1 1 1 1 
v -1.58722 1.21434 19.5601 1 1 1 1 
v -1.44845 1.27183 19.5601 1 1 1 1 
v 0.0429097 0.975169 19.6294 1 1 1 1 
v -1.59042 1.07556 19.6294 1 1 1 1 
v -1.54884 0.975169 20.0909 1 1 1 1 
v -1.34805 1.17595 19.6294 1 1 1 1 
v 0.0812969 0.936782 19.6294 1 1 1 1 
v 0.0844938 1.07556 19.6294 1 1 1 1 
v 0.0429097 0.975169 19.6294 1 1 1 1 
v -0.0574829 0.933585 19.6294 1 1 1 1 
v 0.138781 1.07556 19.6294 1 1 1 1 
v -0.0574829 0.879297 19.6294 1 1 1 1 
v 0.0429097 1.17595 19.6294 1 1 1 1 
v -0.196263 0.936782 19.6294 1 1 1 1 
v 0.0812969 1.21434 19.6294 1 1 1 1 
v -0.0574829 1.21754 19.6294 1 1 1 1 
v -0.0574829 1.27183 19.6294 1 1 1 1 
v -0.157876 0.975169 19.6294 1 1 1 1 
v -0.19946 1.07556 19.6294 1 1 1 1 
v -0.253747 1.07556 19.6294 1 1 1 1 
v -0.157876 1.17595 19.6294 1 1 1 1 
v -0.196263 1.21434 19.6294 1 1 1 1 
v -0.0574829 1.21754 19.6294 1 1 1 1 
v -0.0574829 1.27183 19.6294 1 1 1 1 
v -1.64471 1.07556 19.6294 1 1 1 1 
v -1.58722 0.936782 19.6294 1 1 1 1 
v -1.59042 1.07556 19.6294 1 1 1 1 
v -1.54884 0.975169 19.6294 1 1 1 1 
v -1.54884 1.17595 19.6294 1 1 1 1 
v -1.44845 0.933585 19.6294 1 1 1 1 
v -1.58722 1.21434 19.6294 1 1 1 1 
v -1.44845 1.21754 19.6294 1 1 1 1 
v -1.44845 1.27183 19.6294 1 1 1 1 
v -1.44845 0.879297 19.6294 1 1 1 1 
v -1.30967 0.936782 19.6294 1 1 1 1 
v -1.34805 0.975169 19.6294 1 1 1 1 
v -1.30647 1.07556 19.6294 1 1 1 1 
v -1.25218 1.07556 19.6294 1 1 1 1 
v -1.34805 1.17595 19.6294 1 1 1 1 
v -1.30967 1.21434 19.6294 1 1 1 1 
v -1.44845 1.21754 19.6294 1 1 1 1 
v -1.44845 1.27183 19.6294 1 1 1 1 
v -0.253747 1.07556 19.5601 1 1 1 1 
v -0.0574829 0.879297 19.5601 1 1 1 1 
v -0.196263 1.21434 19.5601 1 1 1 1 
v -1.58722 0.936782 19.5601 1 1 1 1 
v -1.54884 0.975169 19.5601 1 1 1 1 
v -1.54884 1.17595 19.5601 1 1 1 1 
v -0.157876 0.975169 20.0909 1 1 1 1 
v -0.157876 0.975169 19.6294 1 1 1 1 
v -0.19946 1.07556 19.6294 1 1 1 1 
v -0.19946 1.07556 20.0909 1 1 1 1 
v -0.157876 1.17595 20.0909 1 1 1 1 
v -0.157876 1.17595 19.6294 1 1 1 1 
v -1.54884 1.17595 19.6294 1 1 1 1 
v -1.54884 1.17595 20.0909 1 1 1 1 
v -1.44845 1.21754 20.0909 1 1 1 1 
v -1.59042 1.07556 20.0909 1 1 1 1 
v -1.59042 1.07556 19.6294 1 1 1 1 
v -1.54884 0.975169 20.0909 1 1 1 1 
v -1.54884 0.975169 19.6294 1 1 1 1 
v -0.196263 0.936782 19.6294 1 1 1 1 
v -1.64471 1.07556 19.6294 1 1 1 1 
v -0.201541 0.931504 20.0909 1 1 1 1 
v -0.261212 1.07556 20.0909 1 1 1 1 
v -0.201541 1.21962 20.0909 1 1 1 1 
v -0.0574829 1.27929 20.0909 1 1 1 1 
v -1.44845 0.871833 20.0909 1 1 1 1 
v -1.5925 0.931504 20.0909 1 1 1 1 
v -1.65217 1.07556 20.0909 1 1 1 1 
v -1.5925 1.21962 20.0909 1 1 1 1 
v -1.44845 1.27929 20.0909 1 1 1 1 
v -0.196263 1.21434 19.5601 1 1 1 1 
v -0.196263 1.21434 19.6294 1 1 1 1 
v -0.253747 1.07556 19.5601 1 1 1 1 
v -0.253747 1.07556 19.6294 1 1 1 1 
v -0.196263 0.936782 19.6294 1 1 1 1 
v -0.196263 0.936782 19.5601 1 1 1 1 
v -1.58722 0.936782 19.5601 1 1 1 1 
v -1.58722 0.936782 19.6294 1 1 1 1 
v -1.64471 1.07556 19.5601 1 1 1 1 
v -1.64471 1.07556 19.6294 1 1 1 1 
v -1.58722 1.21434 19.5601 1 1 1 1 
v -1.58722 1.21434 19.6294 1 1 1 1 
v -0.0574829 1.27929 20.2866 1 1 1 1 
v -0.0574829 0.871833 20.2866 1 1 1 1 
v -0.201541 0.931504 20.2866 1 1 1 1 
v -0.201541 0.931504 20.0909 1 1 1 1 
v -0.261212 1.07556 20.0909 1 1 1 1 
v -0.261212 1.07556 20.2866 1 1 1 1 
v -0.201541 1.21962 20.0909 1 1 1 1 
v -0.201541 1.21962 20.2866 1 1 1 1 
v -1.5925 1.21962 20.0909 1 1 1 1 
v -1.5925 1.21962 20.2866 1 1 1 1 
v -1.65217 1.07556 20.2866 1 1 1 1 
v -1.65217 1.07556 20.0909 1 1 1 1 
v -1.5925 0.931504 20.2866 1 1 1 1 
v -1.5925 0.931504 20.0909 1 1 1 1 
v -0.253747 1.07556 19.5601 1 1 1 1 
v -0.0574829 0.879297 19.5601 1 1 1 1 
v 0.138781 1.07556 19.5601 1 1 1 1 
v -1.44845 0.879297 19.5601 1 1 1 1 
v -1.58722 0.936782 19.5601 1 1 1 1 
v -1.44845 0.933585 19.5601 1 1 1 1 
v -1.54884 0.975169 19.5601 1 1 1 1 
v 0.0844938 1.07556 20.0909 1 1 1 1 
v 0.0844938 1.07556 19.6294 1 1 1 1 
v 0.0429097 0.975169 20.0909 1 1 1 1 
v 0.0429097 0.975169 19.6294 1 1 1 1 
v -0.0574829 0.933585 20.0909 1 1 1 1 
v -0.0574829 0.933585 19.6294 1 1 1 1 
v -0.157876 0.975169 20.0909 1 1 1 1 
v -0.157876 0.975169 19.6294 1 1 1 1 
v -0.19946 1.07556 19.6294 1 1 1 1 
v -1.54884 0.975169 20.0909 1 1 1 1 
v -1.54884 0.975169 19.6294 1 1 1 1 
v -1.44845 0.933585 20.0909 1 1 1 1 
v -1.44845 0.933585 19.6294 1 1 1 1 
v -1.34805 0.975169 20.0909 1 1 1 1 
v -1.34805 0.975169 19.6294 1 1 1 1 
v -0.196263 0.936782 19.6294 1 1 1 1 
v -1.64471 1.07556 19.6294 1 1 1 1 
v 0.086575 0.931504 20.0909 1 1 1 1 
v -0.201541 0.931504 20.0909 1 1 1 1 
v 0.146246 1.07556 20.0909 1 1 1 1 
v -0.261212 1.07556 20.0909 1 1 1 1 
v -1.44845 0.871833 20.0909 1 1 1 1 
v -1.5925 0.931504 20.0909 1 1 1 1 
v -1.30439 0.931504 20.0909 1 1 1 1 
v -1.65217 1.07556 20.0909 1 1 1 1 
v -1.24472 1.07556 20.0909 1 1 1 1 
v -0.196263 0.936782 19.6294 1 1 1 1 
v -0.196263 0.936782 19.5601 1 1 1 1 
v -0.0574829 0.879297 19.5601 1 1 1 1 
v -0.0574829 0.879297 19.6294 1 1 1 1 
v 0.0812969 0.936782 19.5601 1 1 1 1 
v 0.0812969 0.936782 19.6294 1 1 1 1 
v -1.30967 0.936782 19.6294 1 1 1 1 
v -1.30967 0.936782 19.5601 1 1 1 1 
v -1.44845 0.879297 19.5601 1 1 1 1 
v -1.44845 0.879297 19.6294 1 1 1 1 
v -1.58722 0.936782 19.5601 1 1 1 1 
v -1.58722 0.936782 19.6294 1 1 1 1 
v 0.086575 0.931504 20.2866 1 1 1 1 
v 0.086575 0.931504 20.0909 1 1 1 1 
v -0.0574829 0.871833 20.2866 1 1 1 1 
v -0.0574829 0.871833 20.0909 1 1 1 1 
v -0.201541 0.931504 20.2866 1 1 1 1 
v -0.201541 0.931504 20.0909 1 1 1 1 
v -0.261212 1.07556 20.2866 1 1 1 1 
v -1.5925 0.931504 20.2866 1 1 1 1 
v -1.5925 0.931504 20.0909 1 1 1 1 
v -1.44845 0.871833 20.2866 1 1 1 1 
v -1.44845 0.871833 20.0909 1 1 1 1 
v -1.30439 0.931504 20.2866 1 1 1 1 
v -1.30439 0.931504 20.0909 1 1 1 1 
v -0.196263 0.936782 19.5601 1 1 1 1 
v -0.253747 1.07556 19.5601 1 1 1 1 
v -0.19946 1.07556 19.5601 1 1 1 1 
v -0.157876 0.975169 19.5601 1 1 1 1 
v 0.0812969 0.936782 19.5601 1 1 1 1 
v -0.0574829 0.879297 19.5601 1 1 1 1 
v -0.0574829 0.933585 19.5601 1 1 1 1 
v 0.0429097 0.975169 19.5601 1 1 1 1 
v -0.196263 0.936782 19.5601 1 1 1 1 
v -0.157876 0.975169 19.5601 1 1 1 1 
v 0.0429097 1.17595 19.5601 1 1 1 1 
v 0.138781 1.07556 19.5601 1 1 1 1 
v 0.0844938 1.07556 19.5601 1 1 1 1 
v 0.0812969 1.21434 19.5601 1 1 1 1 
v -0.0574829 1.21754 19.5601 1 1 1 1 
v -0.0574829 1.27183 19.5601 1 1 1 1 
v -0.157876 1.17595 19.5601 1 1 1 1 
v -0.19946 1.07556 19.5601 1 1 1 1 
v -0.253747 1.07556 19.5601 1 1 1 1 
v -0.196263 1.21434 19.5601 1 1 1 1 
v -0.196263 1.21434 19.5601 1 1 1 1 
v -0.0574829 1.27183 19.5601 1 1 1 1 
v -0.0574829 1.21754 19.5601 1 1 1 1 
v -0.157876 1.17595 19.5601 1 1 1 1 
v 0.0812969 0.936782 19.5601 1 1 1 1 
v 0.0844938 1.07556 19.5601 1 1 1 1 
v 0.138781 1.07556 19.5601 1 1 1 1 
v 0.0429097 0.975169 19.5601 1 1 1 1 
v -1.25218 1.07556 19.5601 1 1 1 1 
v -1.30967 0.936782 19.5601 1 1 1 1 
v -1.30647 1.07556 19.5601 1 1 1 1 
v -1.34805 0.975169 19.5601 1 1 1 1 
v -1.44845 0.879297 19.5601 1 1 1 1 
v -1.58722 0.936782 19.5601 1 1 1 1 
v -1.44845 0.933585 19.5601 1 1 1 1 
v -1.54884 0.975169 19.5601 1 1 1 1 
v -1.30967 0.936782 19.5601 1 1 1 1 
v -1.34805 0.975169 19.5601 1 1 1 1 
v -1.64471 1.07556 19.5601 1 1 1 1 
v -1.54884 1.17595 19.5601 1 1 1 1 
v -1.59042 1.07556 19.5601 1 1 1 1 
v -1.58722 1.21434 19.5601 1 1 1 1 
v -1.44845 1.21754 19.5601 1 1 1 1 
v -1.44845 1.27183 19.5601 1 1 1 1 
v -1.30967 1.21434 19.5601 1 1 1 1 
v -1.25218 1.07556 19.5601 1 1 1 1 
v -1.34805 1.17595 19.5601 1 1 1 1 
v -1.30647 1.07556 19.5601 1 1 1 1 
v -1.30967 1.21434 19.5601 1 1 1 1 
v -1.44845 1.21754 19.5601 1 1 1 1 
v -1.44845 1.27183 19.5601 1 1 1 1 
v -1.34805 1.17595 19.5601 1 1 1 1 
v -1.58722 0.936782 19.5601 1 1 1 1 
v -1.59042 1.07556 19.5601 1 1 1 1 
v -1.54884 0.975169 19.5601 1 1 1 1 
v -1.64471 1.07556 19.5601 1 1 1 1 
v 0.0429097 1.17595 20.0909 1 1 1 1 
v 0.0844938 1.07556 20.0909 1 1 1 1 
v 0.0429097 0.975169 19.6294 1 1 1 1 
v -0.157876 0.975169 20.0909 1 1 1 1 
v -0.157876 1.17595 20.0909 1 1 1 1 
v -1.44845 1.21754 20.0909 1 1 1 1 
v -1.59042 1.07556 20.0909 1 1 1 1 
v -1.59042 1.07556 19.6294 1 1 1 1 
v -1.54884 0.975169 20.0909 1 1 1 1 
v -1.44845 0.933585 20.0909 1 1 1 1 
v -1.34805 0.975169 20.0909 1 1 1 1 
v -1.34805 1.17595 20.0909 1 1 1 1 
v -1.34805 1.17595 19.6294 1 1 1 1 
v 0.0812969 0.936782 19.6294 1 1 1 1 
v -1.64471 1.07556 19.6294 1 1 1 1 
v -1.30967 1.21434 19.6294 1 1 1 1 
v 0.0429097 0.975169 20.0909 1 1 1 1 
v -0.0574829 0.871833 20.0909 1 1 1 1 
v -0.0574829 0.933585 20.0909 1 1 1 1 
v -0.157876 0.975169 20.0909 1 1 1 1 
v 0.086575 0.931504 20.0909 1 1 1 1 
v -0.201541 0.931504 20.0909 1 1 1 1 
v 0.0844938 1.07556 20.0909 1 1 1 1 
v -0.19946 1.07556 20.0909 1 1 1 1 
v 0.146246 1.07556 20.0909 1 1 1 1 
v -0.261212 1.07556 20.0909 1 1 1 1 
v 0.086575 1.21962 20.0909 1 1 1 1 
v -0.201541 1.21962 20.0909 1 1 1 1 
v 0.0429097 1.17595 20.0909 1 1 1 1 
v -0.0574829 1.21754 20.0909 1 1 1 1 
v -0.0574829 1.27929 20.0909 1 1 1 1 
v -0.157876 1.17595 20.0909 1 1 1 1 
v -0.0574829 1.21754 20.0909 1 1 1 1 
v -0.0574829 1.27929 20.0909 1 1 1 1 
v -1.44845 0.871833 20.0909 1 1 1 1 
v -1.54884 0.975169 20.0909 1 1 1 1 
v -1.44845 0.933585 20.0909 1 1 1 1 
v -1.34805 0.975169 20.0909 1 1 1 1 
v -1.5925 0.931504 20.0909 1 1 1 1 
v -1.30439 0.931504 20.0909 1 1 1 1 
v -1.59042 1.07556 20.0909 1 1 1 1 
v -1.30647 1.07556 20.0909 1 1 1 1 
v -1.65217 1.07556 20.0909 1 1 1 1 
v -1.24472 1.07556 20.0909 1 1 1 1 
v -1.5925 1.21962 20.0909 1 1 1 1 
v -1.30439 1.21962 20.0909 1 1 1 1 
v -1.54884 1.17595 20.0909 1 1 1 1 
v -1.44845 1.21754 20.0909 1 1 1 1 
v -1.44845 1.27929 20.0909 1 1 1 1 
v -1.34805 1.17595 20.0909 1 1 1 1 
v -1.44845 1.21754 20.0909 1 1 1 1 
v -1.44845 1.27929 20.0909 1 1 1 1 

vn 0 0 -1 
vn 0 0 -1 
vn 0 0 -1 
vn 0 0 -1 
vn 0 0 -1 
vn 0 0 -1 
vn 0 0 -1 
vn 0 0 -1 
vn 0.708661 0.708661 0 
vn 0.708661 0.708661 0 
vn 1 0 0 
vn 1 0 0 
vn 0.708661 -0.708661 0 
vn 0.708661 -0.708661 0 
vn -1 0 0 
vn -1 0 0 
vn -0.708661 -0.708661 0 
vn 0.708661 -0.708661 0 
vn 0.708661 -0.708661 0 
vn 1 0 0 
vn 1 0 0 
vn 0.708661 0.708661 0 
vn 0.708661 0.708661 0 
vn 0 0 1 
vn 0 0 -1 
vn 0 0 -1 
vn 0 0 -1 
vn 0 0 -1 
vn 0 0 -1 
vn 0 0 -1 
vn 0 0 -1 
vn 0 0 -1 
vn 0.708661 -0.708661 0 
vn 0.708661 -0.708661 0 
vn 1 0 0 
vn 1 0 0 
vn 0.708661 0.708661 0 
vn 0.708661 0.708661 0 
vn 0.708661 0.708661 0 
vn 0.708661 0.708661 0 
vn 1 0 0 
vn 1 0 0 
vn 0.708661 -0.708661 0 
vn 0.708661 -0.708661 0 
vn 0.708661 0.708661 0 
vn 0.708661 0.708661 0 
vn 1 0 0 
vn 1 0 0 
vn 0.708661 -0.708661 0 
vn 0.708661 -0.708661 0 
vn 0 1 0 
vn 0.708661 -0.708661 0 
vn 0.708661 -0.708661 0 
vn 1 0 0 
vn 1 0 0 
vn 0.708661 0.708661 0 
vn 0.708661 0.708661 0 
vn 0 0 -1 
vn 0 0 -1 
vn 0 0 -1 
vn 0 0 -1 
vn 0 0 -1 
vn 0 0 -1 
vn 0 0 -1 
vn 0 0 -1 
vn 0 1 0 
vn 0.708661 0.708661 0 
vn 0.708661 0.708661 0 
vn 0 1 0 
vn 1 0 0 
vn 1 0 0 
vn -0.708661 -0.708661 0 
vn -1 0 0 
vn -0.708661 0.708661 0 
vn -0.708661 0.708661 0 
vn 0 1 0 
vn 0 1 0 
vn -0.708661 0.708661 0 
vn -0.708661 0.708661 0 
vn 0 1 0 
vn 0 1 0 
vn -0.708661 -0.708661 0 
vn 0.708661 0.708661 0 
vn 0.708661 0.708661 0 
vn 0 1 0 
vn 0 1 0 
vn 0 0 1 
vn 0 0 1 
vn 0 0 -1 
vn 0 0 -1 
vn 0 0 -1 
vn 0 0 -1 
vn 0 0 -1 
vn 0 0 -1 
vn 0 0 -1 
vn 0 0 -1 
vn 0 0 -1 
vn 0 0 -1 
vn -0.708661 0.708661 0 
vn 0 1 0 
vn 0 1 0 
vn -0.708661 0.708661 0 
vn 0.708661 0.708661 0 
vn 0.708661 0.708661 0 
vn 0 1 0 
vn 0 1 0 
vn 0.708661 0.708661 0 
vn 0 1 0 
vn 0 1 0 
vn 0.708661 0.708661 0 
vn -0.708661 0.708661 0 
vn -0.708661 0.708661 0 
vn 0 1 0 
vn 0 1 0 
vn 0 1 0 
vn 0.708661 0.708661 0 
vn 0.708661 0.708661 0 
vn 0 1 0 
vn 1 0 0 
vn -1 0 0 
vn -0.708661 0.708661 0 
vn -0.708661 0.708661 0 
vn 0 1 0 
vn 0 1 0 
vn 0 1 0 
vn -0.708661 0.708661 0 
vn -0.708661 0.708661 0 
vn 0 1 0 
vn 1 0 0 
vn 0.708661 0.708661 0 
vn 0.708661 0.708661 0 
vn 0 1 0 
vn 0 1 0 
vn 0 0 -1 
vn 0 0 -1 
vn 0 0 -1 
vn 0 0 -1 
vn 0 0 -1 
vn 0 0 -1 
vn 0 0 -1 
vn 0 0 -1 
vn 0 0 -1 
vn 0 0 -1 
vn 0 0 -1 
vn 0 0 -1 
vn 0 0 -1 
vn 0.708661 -0.708661 0 
vn -1 0 0 
vn -0.708661 -0.708661 0 
vn 0.708661 0.708661 0 
vn 0 0 1 
vn 0 0 1 
vn 0 0 1 
vn 0 0 1 
vn 0 0 1 
vn 0 0 1 
vn 0 0 1 
vn 0 0 1 
vn 0 0 1 
vn 0 0 1 
vn 0 0 1 
vn 0 0 1 
vn 0 0 1 
vn 0 0 1 
vn 0 0 1 
vn 0 0 1 
vn 0 0 1 
vn 0 0 1 
vn 0 0 1 
vn 0 0 1 
vn 0 0 1 
vn 0 0 1 
vn 0 0 1 
vn 0 0 1 
vn 0 0 1 
vn 0 0 1 
vn 0 0 1 
vn 0 0 1 
vn 0 0 1 
vn 0 0 1 
vn 0 0 1 
vn 0 0 1 
vn 0 0 1 
vn 0 0 1 
vn 0 0 1 
vn 0 0 1 
vn 0 0 -1 
vn 0 0 -1 
vn 0 0 -1 
vn 0 0 -1 
vn 0 0 -1 
vn 0 0 -1 
vn -0.708661 -0.708661 0 
vn -0.708661 -0.708661 0 
vn -1 0 0 
vn -1 0 0 
vn -0.708661 0.708661 0 
vn -0.708661 0.708661 0 
vn -0.708661 0.708661 0 
vn -0.708661 0.708661 0 
vn 0 1 0 
vn -1 0 0 
vn -1 0 0 
vn -0.708661 -0.708661 0 
vn -0.708661 -0.708661 0 
vn 0 0 1 
vn 0 0 1 
vn 0 0 -1 
vn 0 0 -1 
vn 0 0 -1 
vn 0 0 -1 
vn 0 0 -1 
vn 0 0 -1 
vn 0 0 -1 
vn 0 0 -1 
vn 0 0 -1 
vn -0.708661 0.708661 0 
vn -0.708661 0.708661 0 
vn -1 0 0 
vn -1 0 0 
vn -0.708661 -0.708661 0 
vn -0.708661 -0.708661 0 
vn -0.708661 -0.708661 0 
vn -0.708661 -0.708661 0 
vn -1 0 0 
vn -1 0 0 
vn -0.708661 0.708661 0 
vn -0.708661 0.708661 0 
vn 0 1 0 
vn 0 -1 0 
vn -0.708661 -0.708661 0 
vn -0.708661 -0.708661 0 
vn -1 0 0 
vn -1 0 0 
vn -0.708661 0.708661 0 
vn -0.708661 0.708661 0 
vn -0.708661 0.708661 0 
vn -0.708661 0.708661 0 
vn -1 0 0 
vn -1 0 0 
vn -0.708661 -0.708661 0 
vn -0.708661 -0.708661 0 
vn 0 0 -1 
vn 0 0 -1 
vn 0 0 -1 
vn 0 0 -1 
vn 0 0 -1 
vn 0 0 -1 
vn 0 0 -1 
vn 1 0 0 
vn 1 0 0 
vn 0.708661 -0.708661 0 
vn 0.708661 -0.708661 0 
vn 0 -1 0 
vn 0 -1 0 
vn -0.708661 -0.708661 0 
vn -0.708661 -0.708661 0 
vn -1 0 0 
vn -0.708661 -0.708661 0 
vn -0.708661 -0.708661 0 
vn 0 -1 0 
vn 0 -1 0 
vn 0.708661 -0.708661 0 
vn 0.708661 -0.708661 0 
vn 0 0 1 
vn 0 0 1 
vn 0 0 -1 
vn 0 0 -1 
vn 0 0 -1 
vn 0 0 -1 
vn 0 0 -1 
vn 0 0 -1 
vn 0 0 -1 
vn 0 0 -1 
vn 0 0 -1 
vn -0.708661 -0.708661 0 
vn -0.708661 -0.708661 0 
vn 0 -1 0 
vn 0 -1 0 
vn 0.708661 -0.708661 0 
vn 0.708661 -0.708661 0 
vn 0.708661 -0.708661 0 
vn 0.708661 -0.708661 0 
vn 0 -1 0 
vn 0 -1 0 
vn -0.708661 -0.708661 0 
vn -0.708661 -0.708661 0 
vn 0.708661 -0.708661 0 
vn 0.708661 -0.708661 0 
vn 0 -1 0 
vn 0 -1 0 
vn -0.708661 -0.708661 0 
vn -0.708661 -0.708661 0 
vn -1 0 0 
vn -0.708661 -0.708661 0 
vn -0.708661 -0.708661 0 
vn 0 -1 0 
vn 0 -1 0 
vn 0.708661 -0.708661 0 
vn 0.708661 -0.708661 0 
vn 0 0 -1 
vn 0 0 -1 
vn 0 0 -1 
vn 0 0 -1 
vn 0 0 -1 
vn 0 0 -1 
vn 0 0 -1 
vn 0 0 -1 
vn 0 0 -1 
vn 0 0 -1 
vn 0 0 -1 
vn 0 0 -1 
vn 0 0 -1 
vn 0 0 -1 
vn 0 0 -1 
vn 0 0 -1 
vn 0 0 -1 
vn 0 0 -1 
vn 0 0 -1 
vn 0 0 -1 
vn 0 0 -1 
vn 0 0 -1 
vn 0 0 -1 
vn 0 0 -1 
vn 0 0 -1 
vn 0 0 -1 
vn 0 0 -1 
vn 0 0 -1 
vn 0 0 -1 
vn 0 0 -1 
vn 0 0 -1 
vn 0 0 -1 
vn 0 0 -1 
vn 0 0 -1 
vn 0 0 -1 
vn 0 0 -1 
vn 0 0 -1 
vn 0 0 -1 
vn 0 0 -1 
vn 0 0 -1 
vn 0 0 -1 
vn 0 0 -1 
vn 0 0 -1 
vn 0 0 -1 
vn 0 0 -1 
vn 0 0 -1 
vn 0 0 -1 
vn 0 0 -1 
vn 0 0 -1 
vn 0 0 -1 
vn 0 0 -1 
vn 0 0 -1 
vn 0 0 -1 
vn 0 0 -1 
vn 0 0 -1 
vn 0 0 -1 
vn 0.708661 0.708661 0 
vn 1 0 0 
vn 0.708661 -0.708661 0 
vn -0.708661 -0.708661 0 
vn -0.708661 0.708661 0 
vn 0 1 0 
vn -1 0 0 
vn -1 0 0 
vn -0.708661 -0.708661 0 
vn 0 -1 0 
vn 0.708661 -0.708661 0 
vn 0.708661 0.708661 0 
vn 0.708661 0.708661 0 
vn 0 0 1 
vn 0 0 1 
vn 0 0 1 
vn 0 0 -1 
vn 0 0 -1 
vn 0 0 -1 
vn 0 0 -1 
vn 0 0 -1 
vn 0 0 -1 
vn 0 0 -1 
vn 0 0 -1 
vn 0 0 -1 
vn 0 0 -1 
vn 0 0 -1 
vn 0 0 -1 
vn 0 0 -1 
vn 0 0 -1 
vn 0 0 -1 
vn 0 0 -1 
vn 0 0 -1 
vn 0 0 -1 
vn 0 0 -1 
vn 0 0 -1 
vn 0 0 -1 
vn 0 0 -1 
vn 0 0 -1 
vn 0 0 -1 
vn 0 0 -1 
vn 0 0 -1 
vn 0 0 -1 
vn 0 0 -1 
vn 0 0 -1 
vn 0 0 -1 
vn 0 0 -1 
vn 0 0 -1 
vn 0 0 -1 
vn 0 0 -1 
vn 0 0 -1 
vn 0 0 -1 

vt 36.0454 -13 
vt 36.0454 -12.9875 
vt 36.0454 -13 
vt 36.0454 -12.9827 
vt 36.0454 -13 
vt 36.0454 -13.0245 
vt 36.0454 -13.0173 
vt 36.0454 -13.0177 
vt 35.9791 -12.9875 
vt 36.0367 -12.9875 
vt 35.9791 -13 
vt 36.0367 -13 
vt 35.9791 -13.0125 
vt 36.0367 -13.0125 
vt 36.0367 -13 
vt 36.0367 -13 
vt 36.0367 -13.0125 
vt 35.9791 -13.0125 
vt 36.0367 -13.0125 
vt 36.0367 -13 
vt 35.9791 -13 
vt 35.9791 -12.9875 
vt 36.0367 -12.9875 
vt 36.0367 -12.9827 
vt 35.9791 -13.018 
vt 35.9791 -13 
vt 35.9791 -12.9745 
vt 35.9791 -13.0255 
vt 35.9791 -13.018 
vt 35.9791 -13 
vt 35.9791 -12.982 
vt 35.9791 -12.9745 
vt 36.0454 -13.0173 
vt 36.0367 -13.0173 
vt 36.0454 -13 
vt 36.0367 -13 
vt 36.0454 -12.9827 
vt 36.0367 -12.9827 
vt 36.0454 -12.9827 
vt 36.0367 -12.9827 
vt 36.0454 -13 
vt 36.0367 -13 
vt 36.0367 -13.0173 
vt 36.0454 -13.0173 
vt 35.9546 -12.982 
vt 35.9791 -12.982 
vt 35.9546 -13 
vt 35.9791 -13 
vt 35.9546 -13.018 
vt 35.9791 -13.018 
vt 35.9546 -12.9745 
vt 35.9546 -13.018 
vt 35.9791 -13.018 
vt 35.9791 -13 
vt 35.9546 -13 
vt 35.9791 -12.982 
vt 35.9546 -12.982 
vt 35.9376 -13.0454 
vt 35.9131 -13.0454 
vt 35.9005 -13.0454 
vt 35.8885 -13.0454 
vt 35.9304 -13.0454 
vt 36.1043 -13.0454 
vt 36.0869 -13.0454 
vt 36.0995 -13.0454 
vt 35.9131 -13.0367 
vt 35.9005 -12.9791 
vt 35.9005 -13.0367 
vt 35.9131 -12.9791 
vt 35.8953 -12.9791 
vt 35.8953 -13.0367 
vt 35.9256 -12.9791 
vt 35.9308 -13.0367 
vt 35.9256 -12.9791 
vt 35.9256 -13.0367 
vt 35.9131 -12.9791 
vt 35.9131 -13.0367 
vt 36.0995 -13.0367 
vt 36.0995 -12.9791 
vt 36.0869 -13.0367 
vt 36.0869 -12.9791 
vt 36.0995 -13.0367 
vt 36.0744 -12.9791 
vt 36.0744 -13.0367 
vt 36.0869 -12.9791 
vt 36.0869 -13.0367 
vt 36.1115 -13.0367 
vt 36.0696 -13.0367 
vt 35.9311 -12.9791 
vt 35.8876 -12.9791 
vt 35.9385 -12.9791 
vt 35.9311 -12.9791 
vt 35.9131 -12.9791 
vt 36.1124 -12.9791 
vt 36.0615 -12.9791 
vt 36.1049 -12.9791 
vt 36.0689 -12.9791 
vt 36.0869 -12.9791 
vt 35.9304 -13.0454 
vt 35.9131 -13.0367 
vt 35.9131 -13.0454 
vt 35.9304 -13.0367 
vt 35.8957 -13.0454 
vt 35.8957 -13.0367 
vt 35.9131 -13.0454 
vt 35.9131 -13.0367 
vt 36.0696 -13.0454 
vt 36.0869 -13.0454 
vt 36.0869 -13.0367 
vt 36.0696 -13.0367 
vt 36.1043 -13.0454 
vt 36.1043 -13.0367 
vt 36.0869 -13.0454 
vt 36.0869 -13.0367 
vt 35.9131 -12.9791 
vt 35.8951 -12.9546 
vt 35.8951 -12.9791 
vt 35.9131 -12.9546 
vt 35.8876 -12.9546 
vt 35.9385 -12.9546 
vt 35.9311 -12.9791 
vt 35.9311 -12.9546 
vt 35.9131 -12.9546 
vt 35.9131 -12.9791 
vt 36.0869 -12.9791 
vt 36.1049 -12.9791 
vt 36.1049 -12.9546 
vt 36.0869 -12.9546 
vt 36.0615 -12.9546 
vt 36.0689 -12.9791 
vt 36.0689 -12.9546 
vt 36.0869 -12.9546 
vt 36.0869 -12.9791 
vt 36.0869 -13.0245 
vt 36.0995 -12.9875 
vt 36.1115 -13 
vt 36.0869 -12.9755 
vt 36.0696 -12.9827 
vt 35.9376 -13 
vt 35.9304 -13.0173 
vt 35.9308 -13 
vt 35.9131 -13.0245 
vt 35.9131 -13.0177 
vt 35.9005 -12.9875 
vt 35.8957 -12.9827 
vt 35.9131 -12.9755 
vt 36.0995 -13.0125 
vt 35.8953 -13 
vt 35.9005 -13.0125 
vt 35.9256 -12.9875 
vt 36.1043 -13.0173 
vt 36.1047 -13 
vt 36.0995 -13.0125 
vt 36.0869 -13.0177 
vt 36.1115 -13 
vt 36.0869 -13.0245 
vt 36.0995 -12.9875 
vt 36.0696 -13.0173 
vt 36.1043 -12.9827 
vt 36.0869 -12.9823 
vt 36.0869 -12.9755 
vt 36.0744 -13.0125 
vt 36.0692 -13 
vt 36.0624 -13 
vt 36.0744 -12.9875 
vt 36.0696 -12.9827 
vt 36.0869 -12.9823 
vt 36.0869 -12.9755 
vt 35.8885 -13 
vt 35.8957 -13.0173 
vt 35.8953 -13 
vt 35.9005 -13.0125 
vt 35.9005 -12.9875 
vt 35.9131 -13.0177 
vt 35.8957 -12.9827 
vt 35.9131 -12.9823 
vt 35.9131 -12.9755 
vt 35.9131 -13.0245 
vt 35.9304 -13.0173 
vt 35.9256 -13.0125 
vt 35.9308 -13 
vt 35.9376 -13 
vt 35.9256 -12.9875 
vt 35.9304 -12.9827 
vt 35.9131 -12.9823 
vt 35.9131 -12.9755 
vt 35.9546 -13 
vt 35.9546 -13.0245 
vt 35.9546 -12.9827 
vt 35.9546 -13.0173 
vt 35.9546 -13.0125 
vt 35.9546 -12.9875 
vt 36.0209 -13.0125 
vt 35.9633 -13.0125 
vt 35.9633 -13 
vt 36.0209 -13 
vt 36.0209 -12.9875 
vt 35.9633 -12.9875 
vt 35.9633 -12.9875 
vt 36.0209 -12.9875 
vt 36.0209 -12.9823 
vt 36.0209 -13 
vt 35.9633 -13 
vt 36.0209 -13.0125 
vt 35.9633 -13.0125 
vt 35.9633 -13.0173 
vt 35.9633 -13 
vt 36.0209 -13.018 
vt 36.0209 -13 
vt 36.0209 -12.982 
vt 36.0209 -12.9745 
vt 36.0209 -13.0255 
vt 36.0209 -13.018 
vt 36.0209 -13 
vt 36.0209 -12.982 
vt 36.0209 -12.9745 
vt 35.9546 -12.9827 
vt 35.9633 -12.9827 
vt 35.9546 -13 
vt 35.9633 -13 
vt 35.9633 -13.0173 
vt 35.9546 -13.0173 
vt 35.9546 -13.0173 
vt 35.9633 -13.0173 
vt 35.9546 -13 
vt 35.9633 -13 
vt 35.9546 -12.9827 
vt 35.9633 -12.9827 
vt 36.0454 -12.9745 
vt 36.0454 -13.0255 
vt 36.0454 -13.018 
vt 36.0209 -13.018 
vt 36.0209 -13 
vt 36.0454 -13 
vt 36.0209 -12.982 
vt 36.0454 -12.982 
vt 36.0209 -12.982 
vt 36.0454 -12.982 
vt 36.0454 -13 
vt 36.0209 -13 
vt 36.0454 -13.018 
vt 36.0209 -13.018 
vt 36.0624 -13.0454 
vt 36.0869 -13.0454 
vt 36.1115 -13.0454 
vt 35.9131 -13.0454 
vt 35.8957 -13.0454 
vt 35.9131 -13.0454 
vt 35.9005 -13.0454 
vt 36.1047 -12.9791 
vt 36.1047 -13.0367 
vt 36.0995 -12.9791 
vt 36.0995 -13.0367 
vt 36.0869 -12.9791 
vt 36.0869 -13.0367 
vt 36.0744 -12.9791 
vt 36.0744 -13.0367 
vt 36.0692 -13.0367 
vt 35.9005 -12.9791 
vt 35.9005 -13.0367 
vt 35.9131 -12.9791 
vt 35.9131 -13.0367 
vt 35.9256 -12.9791 
vt 35.9256 -13.0367 
vt 36.0696 -13.0367 
vt 35.8885 -13.0367 
vt 36.1049 -12.9791 
vt 36.0689 -12.9791 
vt 36.1124 -12.9791 
vt 36.0615 -12.9791 
vt 35.9131 -12.9791 
vt 35.8951 -12.9791 
vt 35.9311 -12.9791 
vt 35.8876 -12.9791 
vt 35.9385 -12.9791 
vt 36.0696 -13.0367 
vt 36.0696 -13.0454 
vt 36.0869 -13.0454 
vt 36.0869 -13.0367 
vt 36.1043 -13.0454 
vt 36.1043 -13.0367 
vt 35.9304 -13.0367 
vt 35.9304 -13.0454 
vt 35.9131 -13.0454 
vt 35.9131 -13.0367 
vt 35.8957 -13.0454 
vt 35.8957 -13.0367 
vt 36.1049 -12.9546 
vt 36.1049 -12.9791 
vt 36.0869 -12.9546 
vt 36.0869 -12.9791 
vt 36.0689 -12.9546 
vt 36.0689 -12.9791 
vt 36.0615 -12.9546 
vt 35.8951 -12.9546 
vt 35.8951 -12.9791 
vt 35.9131 -12.9546 
vt 35.9131 -12.9791 
vt 35.9311 -12.9546 
vt 35.9311 -12.9791 
vt 35.9304 -13.0173 
vt 35.9376 -13 
vt 35.9308 -13 
vt 35.9256 -13.0125 
vt 35.8957 -13.0173 
vt 35.9131 -13.0245 
vt 35.9131 -13.0177 
vt 35.9005 -13.0125 
vt 35.9304 -13.0173 
vt 35.9256 -13.0125 
vt 35.9005 -12.9875 
vt 35.8885 -13 
vt 35.8953 -13 
vt 35.8957 -12.9827 
vt 35.9131 -12.9823 
vt 35.9131 -12.9755 
vt 35.9256 -12.9875 
vt 35.9308 -13 
vt 35.9376 -13 
vt 35.9304 -12.9827 
vt 35.9304 -12.9827 
vt 35.9131 -12.9755 
vt 35.9131 -12.9823 
vt 35.9256 -12.9875 
vt 35.8957 -13.0173 
vt 35.8953 -13 
vt 35.8885 -13 
vt 35.9005 -13.0125 
vt 36.0624 -13 
vt 36.0696 -13.0173 
vt 36.0692 -13 
vt 36.0744 -13.0125 
vt 36.0869 -13.0245 
vt 36.1043 -13.0173 
vt 36.0869 -13.0177 
vt 36.0995 -13.0125 
vt 36.0696 -13.0173 
vt 36.0744 -13.0125 
vt 36.1115 -13 
vt 36.0995 -12.9875 
vt 36.1047 -13 
vt 36.1043 -12.9827 
vt 36.0869 -12.9823 
vt 36.0869 -12.9755 
vt 36.0696 -12.9827 
vt 36.0624 -13 
vt 36.0744 -12.9875 
vt 36.0692 -13 
vt 36.0696 -12.9827 
vt 36.0869 -12.9823 
vt 36.0869 -12.9755 
vt 36.0744 -12.9875 
vt 36.1043 -13.0173 
vt 36.1047 -13 
vt 36.0995 -13.0125 
vt 36.1115 -13 
vt 35.9005 -12.9875 
vt 35.8953 -13 
vt 35.9005 -13.0125 
vt 35.9256 -13.0125 
vt 35.9256 -12.9875 
vt 36.0869 -12.9823 
vt 36.1047 -13 
vt 36.1047 -13 
vt 36.0995 -13.0125 
vt 36.0869 -13.0177 
vt 36.0744 -13.0125 
vt 36.0744 -12.9875 
vt 36.0744 -12.9875 
vt 35.8957 -13.0173 
vt 36.1115 -13 
vt 36.0696 -12.9827 
vt 35.9005 -13.0125 
vt 35.9131 -13.0255 
vt 35.9131 -13.0177 
vt 35.9256 -13.0125 
vt 35.8951 -13.018 
vt 35.9311 -13.018 
vt 35.8953 -13 
vt 35.9308 -13 
vt 35.8876 -13 
vt 35.9385 -13 
vt 35.8951 -12.982 
vt 35.9311 -12.982 
vt 35.9005 -12.9875 
vt 35.9131 -12.9823 
vt 35.9131 -12.9745 
vt 35.9256 -12.9875 
vt 35.9131 -12.9823 
vt 35.9131 -12.9745 
vt 36.0869 -13.0255 
vt 36.0995 -13.0125 
vt 36.0869 -13.0177 
vt 36.0744 -13.0125 
vt 36.1049 -13.018 
vt 36.0689 -13.018 
vt 36.1047 -13 
vt 36.0692 -13 
vt 36.1124 -13 
vt 36.0615 -13 
vt 36.1049 -12.982 
vt 36.0689 -12.982 
vt 36.0995 -12.9875 
vt 36.0869 -12.9823 
vt 36.0869 -12.9745 
vt 36.0744 -12.9875 
vt 36.0869 -12.9823 
vt 36.0869 -12.9745 

usemtl Cube0231Mtl

f 2115/2115/2115 2114/2114/2114 2113/2113/2113 
f 2114/2114/2114 2115/2115/2115 2116/2116/2116 
f 2117/2117/2117 2116/2116/2116 2115/2115/2115 
f 2116/2116/2116 2117/2117/2117 2118/2118/2118 
f 2124/2124/2124 2122/2122/2122 2123/2123/2123 
f 2122/2122/2122 2124/2124/2124 2125/2125/2125 
f 2124/2124/2124 2126/2126/2126 2125/2125/2125 
f 2127/2127/2127 2126/2126/2126 2124/2124/2124 
f 2139/2139/2139 2138/2138/2138 2137/2137/2137 
f 2138/2138/2138 2139/2139/2139 2140/2140/2140 
f 2141/2141/2141 2140/2140/2140 2139/2139/2139 
f 2140/2140/2140 2141/2141/2141 2142/2142/2142 
f 2145/2145/2145 2143/2143/2143 2144/2144/2144 
f 2145/2145/2145 2144/2144/2144 2146/2146/2146 
f 2147/2147/2147 2145/2145/2145 2146/2146/2146 
f 2145/2145/2145 2147/2147/2147 2148/2148/2148 
f 2151/2151/2151 2150/2150/2150 2149/2149/2149 
f 2150/2150/2150 2151/2151/2151 2152/2152/2152 
f 2153/2153/2153 2152/2152/2152 2151/2151/2151 
f 2152/2152/2152 2153/2153/2153 2154/2154/2154 
f 2158/2158/2158 2156/2156/2156 2157/2157/2157 
f 2156/2156/2156 2158/2158/2158 2159/2159/2159 
f 2160/2160/2160 2159/2159/2159 2158/2158/2158 
f 2159/2159/2159 2160/2160/2160 2161/2161/2161 
f 2170/2170/2170 2171/2171/2171 2172/2172/2172 
f 2171/2171/2171 2170/2170/2170 2173/2173/2173 
f 2180/2180/2180 2179/2179/2179 2178/2178/2178 
f 2179/2179/2179 2180/2180/2180 2181/2181/2181 
f 2182/2182/2182 2183/2183/2183 2184/2184/2184 
f 2184/2184/2184 2183/2183/2183 2185/2185/2185 
f 2188/2188/2188 2189/2189/2189 2187/2187/2187 
f 2190/2190/2190 2189/2189/2189 2188/2188/2188 
f 2203/2203/2203 2204/2204/2204 2205/2205/2205 
f 2204/2204/2204 2203/2203/2203 2206/2206/2206 
f 2209/2209/2209 2208/2208/2208 2207/2207/2207 
f 2208/2208/2208 2209/2209/2209 2210/2210/2210 
f 2211/2211/2211 2212/2212/2212 2213/2213/2213 
f 2211/2211/2211 2213/2213/2213 2214/2214/2214 
f 2217/2217/2217 2215/2215/2215 2216/2216/2216 
f 2217/2217/2217 2216/2216/2216 2218/2218/2218 
f 2219/2219/2219 2220/2220/2220 2221/2221/2221 
f 2220/2220/2220 2219/2219/2219 2222/2222/2222 
f 2227/2227/2227 2225/2225/2225 2226/2226/2226 
f 2225/2225/2225 2227/2227/2227 2228/2228/2228 
f 2229/2229/2229 2230/2230/2230 2231/2231/2231 
f 2229/2229/2229 2231/2231/2231 2232/2232/2232 
f 2234/2234/2234 2236/2236/2236 2235/2235/2235 
f 2234/2234/2234 2237/2237/2237 2236/2236/2236 
f 2255/2255/2255 2256/2256/2256 2257/2257/2257 
f 2258/2258/2258 2255/2255/2255 2257/2257/2257 
f 2256/2256/2256 2255/2255/2255 2259/2259/2259 
f 2255/2255/2255 2258/2258/2258 2260/2260/2260 
f 2259/2259/2259 2261/2261/2261 2256/2256/2256 
f 2262/2262/2262 2260/2260/2260 2258/2258/2258 
f 2259/2259/2259 2263/2263/2263 2261/2261/2261 
f 2264/2264/2264 2261/2261/2261 2263/2263/2263 
f 2263/2263/2263 2265/2265/2265 2264/2264/2264 
f 2262/2262/2262 2258/2258/2258 2266/2266/2266 
f 2267/2267/2267 2262/2262/2262 2266/2266/2266 
f 2262/2262/2262 2267/2267/2267 2268/2268/2268 
f 2269/2269/2269 2268/2268/2268 2267/2267/2267 
f 2268/2268/2268 2269/2269/2269 2270/2270/2270 
f 2271/2271/2271 2270/2270/2270 2269/2269/2269 
f 2270/2270/2270 2271/2271/2271 2272/2272/2272 
f 2273/2273/2273 2274/2274/2274 2275/2275/2275 
f 2275/2275/2275 2274/2274/2274 2276/2276/2276 
f 2277/2277/2277 2273/2273/2273 2275/2275/2275 
f 2274/2274/2274 2278/2278/2278 2276/2276/2276 
f 2273/2273/2273 2277/2277/2277 2279/2279/2279 
f 2280/2280/2280 2279/2279/2279 2277/2277/2277 
f 2281/2281/2281 2279/2279/2279 2280/2280/2280 
f 2278/2278/2278 2274/2274/2274 2282/2282/2282 
f 2283/2283/2283 2278/2278/2278 2282/2282/2282 
f 2284/2284/2284 2278/2278/2278 2283/2283/2283 
f 2283/2283/2283 2285/2285/2285 2284/2284/2284 
f 2285/2285/2285 2283/2283/2283 2286/2286/2286 
f 2286/2286/2286 2287/2287/2287 2285/2285/2285 
f 2287/2287/2287 2286/2286/2286 2288/2288/2288 
f 2288/2288/2288 2289/2289/2289 2287/2287/2287 
f 2289/2289/2289 2288/2288/2288 2290/2290/2290 
f 2297/2297/2297 2299/2299/2299 2298/2298/2298 
f 2299/2299/2299 2297/2297/2297 2300/2300/2300 
f 2301/2301/2301 2299/2299/2299 2300/2300/2300 
f 2299/2299/2299 2301/2301/2301 2302/2302/2302 
f 2303/2303/2303 2306/2306/2306 2304/2304/2304 
f 2307/2307/2307 2306/2306/2306 2303/2303/2303 
f 2307/2307/2307 2308/2308/2308 2306/2306/2306 
f 2309/2309/2309 2308/2308/2308 2307/2307/2307 
f 2323/2323/2323 2322/2322/2322 2321/2321/2321 
f 2322/2322/2322 2323/2323/2323 2324/2324/2324 
f 2323/2323/2323 2325/2325/2325 2324/2324/2324 
f 2325/2325/2325 2323/2323/2323 2326/2326/2326 
f 2329/2329/2329 2327/2327/2327 2328/2328/2328 
f 2329/2329/2329 2328/2328/2328 2330/2330/2330 
f 2331/2331/2331 2329/2329/2329 2330/2330/2330 
f 2331/2331/2331 2330/2330/2330 2332/2332/2332 
f 2335/2335/2335 2337/2337/2337 2336/2336/2336 
f 2337/2337/2337 2335/2335/2335 2338/2338/2338 
f 2338/2338/2338 2339/2339/2339 2337/2337/2337 
f 2339/2339/2339 2338/2338/2338 2340/2340/2340 
f 2341/2341/2341 2343/2343/2343 2342/2342/2342 
f 2341/2341/2341 2344/2344/2344 2343/2343/2343 
f 2344/2344/2344 2345/2345/2345 2343/2343/2343 
f 2344/2344/2344 2346/2346/2346 2345/2345/2345 
f 2358/2358/2358 2357/2357/2357 2356/2356/2356 
f 2357/2357/2357 2358/2358/2358 2359/2359/2359 
f 2360/2360/2360 2359/2359/2359 2358/2358/2358 
f 2359/2359/2359 2360/2360/2360 2361/2361/2361 
f 2364/2364/2364 2365/2365/2365 2363/2363/2363 
f 2366/2366/2366 2365/2365/2365 2364/2364/2364 
f 2366/2366/2366 2367/2367/2367 2365/2365/2365 
f 2368/2368/2368 2367/2367/2367 2366/2366/2366 
f 2382/2382/2382 2380/2380/2380 2381/2381/2381 
f 2380/2380/2380 2382/2382/2382 2383/2383/2383 
f 2384/2384/2384 2383/2383/2383 2382/2382/2382 
f 2383/2383/2383 2384/2384/2384 2385/2385/2385 
f 2388/2388/2388 2387/2387/2387 2386/2386/2386 
f 2388/2388/2388 2386/2386/2386 2389/2389/2389 
f 2390/2390/2390 2388/2388/2388 2389/2389/2389 
f 2390/2390/2390 2389/2389/2389 2391/2391/2391 
f 2394/2394/2394 2393/2393/2393 2392/2392/2392 
f 2393/2393/2393 2394/2394/2394 2395/2395/2395 
f 2396/2396/2396 2395/2395/2395 2394/2394/2394 
f 2395/2395/2395 2396/2396/2396 2397/2397/2397 
f 2400/2400/2400 2401/2401/2401 2399/2399/2399 
f 2400/2400/2400 2402/2402/2402 2401/2401/2401 
f 2402/2402/2402 2403/2403/2403 2401/2401/2401 
f 2402/2402/2402 2404/2404/2404 2403/2403/2403 
f 2405/2405/2405 2406/2406/2406 2407/2407/2407 
f 2405/2405/2405 2407/2407/2407 2408/2408/2408 
f 2409/2409/2409 2410/2410/2410 2411/2411/2411 
f 2411/2411/2411 2412/2412/2412 2409/2409/2409 
f 2413/2413/2413 2411/2411/2411 2410/2410/2410 
f 2411/2411/2411 2413/2413/2413 2414/2414/2414 
f 2415/2415/2415 2416/2416/2416 2417/2417/2417 
f 2416/2416/2416 2415/2415/2415 2418/2418/2418 
f 2419/2419/2419 2418/2418/2418 2415/2415/2415 
f 2418/2418/2418 2419/2419/2419 2420/2420/2420 
f 2421/2421/2421 2422/2422/2422 2423/2423/2423 
f 2421/2421/2421 2423/2423/2423 2424/2424/2424 
f 2425/2425/2425 2426/2426/2426 2427/2427/2427 
f 2425/2425/2425 2427/2427/2427 2428/2428/2428 
f 2429/2429/2429 2430/2430/2430 2431/2431/2431 
f 2430/2430/2430 2429/2429/2429 2432/2432/2432 
f 2433/2433/2433 2434/2434/2434 2435/2435/2435 
f 2435/2435/2435 2434/2434/2434 2436/2436/2436 
f 2437/2437/2437 2438/2438/2438 2439/2439/2439 
f 2439/2439/2439 2438/2438/2438 2440/2440/2440 
f 2439/2439/2439 2441/2441/2441 2437/2437/2437 
f 2441/2441/2441 2439/2439/2439 2442/2442/2442 
f 2443/2443/2443 2444/2444/2444 2445/2445/2445 
f 2444/2444/2444 2443/2443/2443 2446/2446/2446 
f 2446/2446/2446 2447/2447/2447 2444/2444/2444 
f 2447/2447/2447 2446/2446/2446 2448/2448/2448 
f 2449/2449/2449 2450/2450/2450 2451/2451/2451 
f 2451/2451/2451 2450/2450/2450 2452/2452/2452 
f 2453/2453/2453 2454/2454/2454 2455/2455/2455 
f 2456/2456/2456 2454/2454/2454 2453/2453/2453 
f 2457/2457/2457 2458/2458/2458 2459/2459/2459 
f 2458/2458/2458 2457/2457/2457 2460/2460/2460 
f 2477/2477/2477 2478/2478/2478 2479/2479/2479 
f 2478/2478/2478 2480/2480/2480 2479/2479/2479 
f 2478/2478/2478 2477/2477/2477 2481/2481/2481 
f 2480/2480/2480 2478/2478/2478 2482/2482/2482 
f 2483/2483/2483 2481/2481/2481 2477/2477/2477 
f 2482/2482/2482 2484/2484/2484 2480/2480/2480 
f 2481/2481/2481 2483/2483/2483 2485/2485/2485 
f 2482/2482/2482 2486/2486/2486 2484/2484/2484 
f 2483/2483/2483 2487/2487/2487 2485/2485/2485 
f 2488/2488/2488 2484/2484/2484 2486/2486/2486 
f 2487/2487/2487 2483/2483/2483 2489/2489/2489 
f 2490/2490/2490 2487/2487/2487 2489/2489/2489 
f 2487/2487/2487 2490/2490/2490 2491/2491/2491 
f 2484/2484/2484 2488/2488/2488 2492/2492/2492 
f 2488/2488/2488 2493/2493/2493 2492/2492/2492 
f 2488/2488/2488 2494/2494/2494 2493/2493/2493 
f 2495/2495/2495 2496/2496/2496 2497/2497/2497 
f 2497/2497/2497 2498/2498/2498 2495/2495/2495 
f 2496/2496/2496 2495/2495/2495 2499/2499/2499 
f 2498/2498/2498 2500/2500/2500 2495/2495/2495 
f 2499/2499/2499 2501/2501/2501 2496/2496/2496 
f 2502/2502/2502 2500/2500/2500 2498/2498/2498 
f 2501/2501/2501 2499/2499/2499 2503/2503/2503 
f 2504/2504/2504 2500/2500/2500 2502/2502/2502 
f 2503/2503/2503 2505/2505/2505 2501/2501/2501 
f 2502/2502/2502 2506/2506/2506 2504/2504/2504 
f 2501/2501/2501 2505/2505/2505 2507/2507/2507 
f 2505/2505/2505 2508/2508/2508 2507/2507/2507 
f 2508/2508/2508 2505/2505/2505 2509/2509/2509 
f 2506/2506/2506 2502/2502/2502 2510/2510/2510 
f 2511/2511/2511 2506/2506/2506 2510/2510/2510 
f 2506/2506/2506 2511/2511/2511 2512/2512/2512 

g Cylinder0231

v -0.565728 3.75092 19.4344 1 1 1 1 
v -0.648773 3.86053 19.4485 1 1 1 1 
v -0.620568 3.86907 19.4942 1 1 1 1 
v -0.605615 3.76755 19.4015 1 1 1 1 
v -0.565728 3.75092 19.4344 1 1 1 1 
v -0.620568 3.42317 19.7892 1 1 1 1 
v -0.620568 3.63277 19.3747 1 1 1 1 
v -0.565728 3.54132 19.849 1 1 1 1 
v -0.620568 3.86907 19.4942 1 1 1 1 
v -0.565728 3.54132 19.849 1 1 1 1 
v -0.565728 3.75092 19.4344 1 1 1 1 
v -0.620568 3.65947 19.9087 1 1 1 1 
v -0.857155 3.86053 19.4485 1 1 1 1 
v -0.752964 3.91801 19.5189 1 1 1 1 
v -0.752964 3.89904 19.468 1 1 1 1 
v -0.88536 3.86907 19.4942 1 1 1 1 
v -0.648773 3.86053 19.4485 1 1 1 1 
v -0.752964 3.91801 19.5189 1 1 1 1 
v -0.620568 3.86907 19.4942 1 1 1 1 
v -0.752964 3.89904 19.468 1 1 1 1 
v -0.88536 3.86907 19.4942 1 1 1 1 
v -0.752964 3.70841 19.9335 1 1 1 1 
v -0.752964 3.91801 19.5189 1 1 1 1 
v -0.88536 3.65947 19.9087 1 1 1 1 
v -0.752964 3.91801 19.5189 1 1 1 1 
v -0.620568 3.65947 19.9087 1 1 1 1 
v -0.620568 3.86907 19.4942 1 1 1 1 
v -0.752964 3.70841 19.9335 1 1 1 1 
v -0.9402 3.75092 19.4344 1 1 1 1 
v -0.88536 3.86907 19.4942 1 1 1 1 
v -0.857155 3.86053 19.4485 1 1 1 1 
v -0.900313 3.76755 19.4015 1 1 1 1 
v -0.9402 3.75092 19.4344 1 1 1 1 
v -0.88536 3.65947 19.9087 1 1 1 1 
v -0.88536 3.86907 19.4942 1 1 1 1 
v -0.9402 3.54132 19.849 1 1 1 1 
v -0.88536 3.63277 19.3747 1 1 1 1 
v -0.9402 3.54132 19.849 1 1 1 1 
v -0.9402 3.75092 19.4344 1 1 1 1 
v -0.88536 3.42317 19.7892 1 1 1 1 
v -0.752964 3.58383 19.3499 1 1 1 1 
v -0.88536 3.42317 19.7892 1 1 1 1 
v -0.88536 3.63277 19.3747 1 1 1 1 
v -0.752964 3.37423 19.7645 1 1 1 1 
v -0.620568 3.63277 19.3747 1 1 1 1 
v -0.752964 3.37423 19.7645 1 1 1 1 
v -0.752964 3.58383 19.3499 1 1 1 1 
v -0.620568 3.42317 19.7892 1 1 1 1 
v -0.9402 3.75092 19.4344 1 1 1 1 
v -0.857155 3.67457 19.3545 1 1 1 1 
v -0.88536 3.63277 19.3747 1 1 1 1 
v -0.900313 3.76755 19.4015 1 1 1 1 
v -0.857155 3.67457 19.3545 1 1 1 1 
v -0.752964 3.63605 19.3351 1 1 1 1 
v -0.752964 3.58383 19.3499 1 1 1 1 
v -0.88536 3.63277 19.3747 1 1 1 1 
v -0.648773 3.67457 19.3545 1 1 1 1 
v -0.752964 3.58383 19.3499 1 1 1 1 
v -0.752964 3.63605 19.3351 1 1 1 1 
v -0.620568 3.63277 19.3747 1 1 1 1 
v -0.565728 3.75092 19.4344 1 1 1 1 
v -0.620568 3.63277 19.3747 1 1 1 1 
v -0.648773 3.67457 19.3545 1 1 1 1 
v -0.605615 3.76755 19.4015 1 1 1 1 
v -0.857155 3.86053 19.4485 1 1 1 1 
v -0.752964 3.89904 19.468 1 1 1 1 
v -0.752964 3.76755 19.4015 1 1 1 1 
v -0.752964 3.89904 19.468 1 1 1 1 
v -0.648773 3.86053 19.4485 1 1 1 1 
v -0.752964 3.76755 19.4015 1 1 1 1 
v -0.648773 3.86053 19.4485 1 1 1 1 
v -0.605615 3.76755 19.4015 1 1 1 1 
v -0.752964 3.76755 19.4015 1 1 1 1 
v -0.605615 3.76755 19.4015 1 1 1 1 
v -0.648773 3.67457 19.3545 1 1 1 1 
v -0.752964 3.76755 19.4015 1 1 1 1 
v -0.648773 3.67457 19.3545 1 1 1 1 
v -0.752964 3.63605 19.3351 1 1 1 1 
v -0.752964 3.76755 19.4015 1 1 1 1 
v -0.752964 3.63605 19.3351 1 1 1 1 
v -0.857155 3.67457 19.3545 1 1 1 1 
v -0.752964 3.76755 19.4015 1 1 1 1 
v -0.857155 3.67457 19.3545 1 1 1 1 
v -0.900313 3.76755 19.4015 1 1 1 1 
v -0.752964 3.76755 19.4015 1 1 1 1 
v -0.900313 3.76755 19.4015 1 1 1 1 
v -0.857155 3.86053 19.4485 1 1 1 1 
v -0.752964 3.76755 19.4015 1 1 1 1 

vn 0.653543 0.559055 -0.511811 
vn 0.653543 0.559055 -0.511811 
vn 0.653543 0.559055 -0.511811 
vn 0.653543 0.559055 -0.511811 
vn 0.92126 -0.338583 -0.173228 
vn 0.92126 -0.338583 -0.173228 
vn 0.92126 -0.338583 -0.173228 
vn 0.92126 -0.338583 -0.173228 
vn 0.92126 0.338583 0.173228 
vn 0.92126 0.338583 0.173228 
vn 0.92126 0.338583 0.173228 
vn 0.92126 0.338583 0.173228 
vn -0.267717 0.905512 -0.338583 
vn -0.267717 0.905512 -0.338583 
vn -0.267717 0.905512 -0.338583 
vn -0.267717 0.905512 -0.338583 
vn 0.267717 0.905512 -0.338583 
vn 0.267717 0.905512 -0.338583 
vn 0.267717 0.905512 -0.338583 
vn 0.267717 0.905512 -0.338583 
vn -0.385827 0.826772 0.417323 
vn -0.385827 0.826772 0.417323 
vn -0.385827 0.826772 0.417323 
vn -0.385827 0.826772 0.417323 
vn 0.385827 0.826772 0.417323 
vn 0.385827 0.826772 0.417323 
vn 0.385827 0.826772 0.417323 
vn 0.385827 0.826772 0.417323 
vn -0.653543 0.559055 -0.511811 
vn -0.653543 0.559055 -0.511811 
vn -0.653543 0.559055 -0.511811 
vn -0.653543 0.559055 -0.511811 
vn -0.92126 0.338583 0.173228 
vn -0.92126 0.338583 0.173228 
vn -0.92126 0.338583 0.173228 
vn -0.92126 0.338583 0.173228 
vn -0.92126 -0.338583 -0.173228 
vn -0.92126 -0.338583 -0.173228 
vn -0.92126 -0.338583 -0.173228 
vn -0.92126 -0.338583 -0.173228 
vn -0.385827 -0.826772 -0.417323 
vn -0.385827 -0.826772 -0.417323 
vn -0.385827 -0.826772 -0.417323 
vn -0.385827 -0.826772 -0.417323 
vn 0.385827 -0.826772 -0.417323 
vn 0.385827 -0.826772 -0.417323 
vn 0.385827 -0.826772 -0.417323 
vn 0.385827 -0.826772 -0.417323 
vn -0.653543 0.0787402 -0.755906 
vn -0.653543 0.0787402 -0.755906 
vn -0.653543 0.0787402 -0.755906 
vn -0.653543 0.0787402 -0.755906 
vn -0.267717 -0.267717 -0.929134 
vn -0.267717 -0.267717 -0.929134 
vn -0.267717 -0.267717 -0.929134 
vn -0.267717 -0.267717 -0.929134 
vn 0.267717 -0.267717 -0.929134 
vn 0.267717 -0.267717 -0.929134 
vn 0.267717 -0.267717 -0.929134 
vn 0.267717 -0.267717 -0.929134 
vn 0.653543 0.0787402 -0.755906 
vn 0.653543 0.0787402 -0.755906 
vn 0.653543 0.0787402 -0.755906 
vn 0.653543 0.0787402 -0.755906 
vn 0 0.448819 -0.889764 
vn 0 0.448819 -0.889764 
vn 0 0.448819 -0.889764 
vn 0 0.448819 -0.889764 
vn 0 0.448819 -0.889764 
vn 0 0.448819 -0.889764 
vn 0 0.448819 -0.889764 
vn 0 0.448819 -0.889764 
vn 0 0.448819 -0.889764 
vn 0 0.448819 -0.889764 
vn 0 0.448819 -0.889764 
vn 0 0.448819 -0.889764 
vn 0 0.448819 -0.889764 
vn 0 0.448819 -0.889764 
vn 0 0.448819 -0.889764 
vn 0 0.448819 -0.889764 
vn 0 0.448819 -0.889764 
vn 0 0.448819 -0.889764 
vn 0 0.448819 -0.889764 
vn 0 0.448819 -0.889764 
vn 0 0.448819 -0.889764 
vn 0 0.448819 -0.889764 
vn 0 0.448819 -0.889764 
vn 0 0.448819 -0.889764 

vt 62.025 -30.9869 
vt 62.0232 -30.9732 
vt 62.0175 -30.9721 
vt 62.0291 -30.9848 
vt 62.025 -30.9869 
vt 61.9806 -31.0279 
vt 62.0324 -31.0017 
vt 61.9732 -31.0131 
vt 62.0175 -30.9721 
vt 61.9732 -31.0131 
vt 62.025 -30.9869 
vt 61.9657 -30.9983 
vt 62.013 -31.0232 
vt 62 -31.0144 
vt 62 -31.0208 
vt 62.0165 -31.0175 
vt 61.987 -31.0232 
vt 62 -31.0144 
vt 61.9835 -31.0175 
vt 62 -31.0208 
vt 62.0165 -31.0175 
vt 62 -30.9626 
vt 62 -31.0144 
vt 62.0165 -30.9657 
vt 62 -31.0144 
vt 61.9835 -30.9657 
vt 61.9835 -31.0175 
vt 62 -30.9626 
vt 61.975 -30.9869 
vt 61.9825 -30.9721 
vt 61.9768 -30.9732 
vt 61.9709 -30.9848 
vt 61.975 -30.9869 
vt 62.0343 -30.9983 
vt 61.9825 -30.9721 
vt 62.0268 -31.0131 
vt 61.9676 -31.0017 
vt 62.0268 -31.0131 
vt 61.975 -30.9869 
vt 62.0194 -31.0279 
vt 62 -31.0355 
vt 61.9835 -30.9806 
vt 61.9835 -31.0324 
vt 62 -30.9837 
vt 62.0165 -31.0324 
vt 62 -30.9837 
vt 62 -31.0355 
vt 62.0165 -30.9806 
vt 62.0234 -30.9869 
vt 62.013 -30.9964 
vt 62.0165 -31.0017 
vt 62.0184 -30.9848 
vt 62.013 -30.9964 
vt 62 -31.0013 
vt 62 -31.0078 
vt 62.0165 -31.0017 
vt 61.987 -30.9964 
vt 62 -31.0078 
vt 62 -31.0013 
vt 61.9835 -31.0017 
vt 61.9766 -30.9869 
vt 61.9835 -31.0017 
vt 61.987 -30.9964 
vt 61.9816 -30.9848 
vt 62.013 -30.9732 
vt 62 -30.9684 
vt 62 -30.9848 
vt 62 -30.9684 
vt 61.987 -30.9732 
vt 62 -30.9848 
vt 61.987 -30.9732 
vt 61.9816 -30.9848 
vt 62 -30.9848 
vt 61.9816 -30.9848 
vt 61.987 -30.9964 
vt 62 -30.9848 
vt 61.987 -30.9964 
vt 62 -31.0013 
vt 62 -30.9848 
vt 62 -31.0013 
vt 62.013 -30.9964 
vt 62 -30.9848 
vt 62.013 -30.9964 
vt 62.0184 -30.9848 
vt 62 -30.9848 
vt 62.0184 -30.9848 
vt 62.013 -30.9732 
vt 62 -30.9848 

usemtl Cube0231Mtl

f 2513/2513/2513 2514/2514/2514 2515/2515/2515 
f 2514/2514/2514 2513/2513/2513 2516/2516/2516 
f 2517/2517/2517 2518/2518/2518 2519/2519/2519 
f 2518/2518/2518 2517/2517/2517 2520/2520/2520 
f 2521/2521/2521 2522/2522/2522 2523/2523/2523 
f 2522/2522/2522 2521/2521/2521 2524/2524/2524 
f 2525/2525/2525 2526/2526/2526 2527/2527/2527 
f 2526/2526/2526 2525/2525/2525 2528/2528/2528 
f 2529/2529/2529 2530/2530/2530 2531/2531/2531 
f 2530/2530/2530 2529/2529/2529 2532/2532/2532 
f 2533/2533/2533 2534/2534/2534 2535/2535/2535 
f 2534/2534/2534 2533/2533/2533 2536/2536/2536 
f 2537/2537/2537 2538/2538/2538 2539/2539/2539 
f 2538/2538/2538 2537/2537/2537 2540/2540/2540 
f 2541/2541/2541 2542/2542/2542 2543/2543/2543 
f 2541/2541/2541 2543/2543/2543 2544/2544/2544 
f 2545/2545/2545 2546/2546/2546 2547/2547/2547 
f 2546/2546/2546 2545/2545/2545 2548/2548/2548 
f 2549/2549/2549 2550/2550/2550 2551/2551/2551 
f 2550/2550/2550 2549/2549/2549 2552/2552/2552 
f 2553/2553/2553 2554/2554/2554 2555/2555/2555 
f 2554/2554/2554 2553/2553/2553 2556/2556/2556 
f 2557/2557/2557 2558/2558/2558 2559/2559/2559 
f 2558/2558/2558 2557/2557/2557 2560/2560/2560 
f 2561/2561/2561 2562/2562/2562 2563/2563/2563 
f 2562/2562/2562 2561/2561/2561 2564/2564/2564 
f 2565/2565/2565 2566/2566/2566 2567/2567/2567 
f 2567/2567/2567 2568/2568/2568 2565/2565/2565 
f 2569/2569/2569 2570/2570/2570 2571/2571/2571 
f 2570/2570/2570 2569/2569/2569 2572/2572/2572 
f 2573/2573/2573 2574/2574/2574 2575/2575/2575 
f 2573/2573/2573 2575/2575/2575 2576/2576/2576 
f 2577/2577/2577 2578/2578/2578 2579/2579/2579 
f 2580/2580/2580 2581/2581/2581 2582/2582/2582 
f 2583/2583/2583 2584/2584/2584 2585/2585/2585 
f 2586/2586/2586 2587/2587/2587 2588/2588/2588 
f 2589/2589/2589 2590/2590/2590 2591/2591/2591 
f 2592/2592/2592 2593/2593/2593 2594/2594/2594 
f 2595/2595/2595 2596/2596/2596 2597/2597/2597 
f 2598/2598/2598 2599/2599/2599 2600/2600/2600 

g Cube0291

v -0.24122 3.68472 19.4612 1 1 1 1 
v -1.26471 3.66017 19.5129 1 1 1 1 
v -0.24122 3.66017 19.5129 1 1 1 1 
v -1.26471 3.68472 19.4612 1 1 1 1 
v -1.26471 3.6708 19.5428 1 1 1 1 
v -0.24122 3.6708 19.5428 1 1 1 1 
v -0.24122 3.66017 19.5129 1 1 1 1 
v -1.26471 3.66017 19.5129 1 1 1 1 
v -1.26471 3.76627 19.4751 1 1 1 1 
v -0.24122 3.71454 19.4506 1 1 1 1 
v -0.24122 3.76627 19.4751 1 1 1 1 
v -1.26471 3.71454 19.4506 1 1 1 1 
v -0.24122 3.71454 19.4506 1 1 1 1 
v -1.26471 3.71454 19.4506 1 1 1 1 
v -1.26471 3.68472 19.4612 1 1 1 1 
v -0.24122 3.68472 19.4612 1 1 1 1 
v -1.26471 3.77689 19.505 1 1 1 1 
v -0.24122 3.77689 19.505 1 1 1 1 
v -0.24122 3.75235 19.5567 1 1 1 1 
v -1.26471 3.75235 19.5567 1 1 1 1 
v -0.24122 3.77689 19.505 1 1 1 1 
v -1.26471 3.77689 19.505 1 1 1 1 
v -1.26471 3.76627 19.4751 1 1 1 1 
v -0.24122 3.76627 19.4751 1 1 1 1 
v -0.24122 3.72252 19.5673 1 1 1 1 
v -1.26471 3.6708 19.5428 1 1 1 1 
v -1.26471 3.72252 19.5673 1 1 1 1 
v -0.24122 3.6708 19.5428 1 1 1 1 
v -1.26471 3.75235 19.5567 1 1 1 1 
v -0.24122 3.75235 19.5567 1 1 1 1 
v -0.24122 3.72252 19.5673 1 1 1 1 
v -1.26471 3.72252 19.5673 1 1 1 1 

vn 0 0.905512 0.425197 
vn 0 0.905512 0.425197 
vn 0 0.905512 0.425197 
vn 0 0.905512 0.425197 
vn 0 0.944882 -0.338583 
vn 0 0.944882 -0.338583 
vn 0 0.944882 -0.338583 
vn 0 0.944882 -0.338583 
vn 0 -0.425197 0.905512 
vn 0 -0.425197 0.905512 
vn 0 -0.425197 0.905512 
vn 0 -0.425197 0.905512 
vn 0 0.338583 0.944882 
vn 0 0.338583 0.944882 
vn 0 0.338583 0.944882 
vn 0 0.338583 0.944882 
vn 0 -0.905512 -0.425197 
vn 0 -0.905512 -0.425197 
vn 0 -0.905512 -0.425197 
vn 0 -0.905512 -0.425197 
vn 0 -0.944882 0.338583 
vn 0 -0.944882 0.338583 
vn 0 -0.944882 0.338583 
vn 0 -0.944882 0.338583 
vn 0 0.425197 -0.905512 
vn 0 0.425197 -0.905512 
vn 0 0.425197 -0.905512 
vn 0 0.425197 -0.905512 
vn 0 -0.338583 -0.944882 
vn 0 -0.338583 -0.944882 
vn 0 -0.338583 -0.944882 
vn 0 -0.338583 -0.944882 

vt 49.936 -33.006 
vt 50.064 -32.9995 
vt 49.936 -32.9995 
vt 50.064 -33.006 
vt 50.064 -32.9958 
vt 49.936 -32.9958 
vt 49.936 -32.9995 
vt 50.064 -32.9995 
vt 49.936 -32.994 
vt 50.064 -33.0005 
vt 50.064 -32.994 
vt 49.936 -33.0005 
vt 50.064 -33.0005 
vt 49.936 -33.0005 
vt 49.936 -33.0042 
vt 50.064 -33.0042 
vt 49.936 -33.0005 
vt 50.064 -33.0005 
vt 50.064 -32.994 
vt 49.936 -32.994 
vt 50.064 -33.0005 
vt 49.936 -33.0005 
vt 49.936 -33.0042 
vt 50.064 -33.0042 
vt 49.936 -32.9995 
vt 50.064 -33.006 
vt 50.064 -32.9995 
vt 49.936 -33.006 
vt 50.064 -32.9958 
vt 49.936 -32.9958 
vt 49.936 -32.9995 
vt 50.064 -32.9995 

usemtl Cube0231Mtl

f 2601/2601/2601 2602/2602/2602 2603/2603/2603 
f 2602/2602/2602 2601/2601/2601 2604/2604/2604 
f 2605/2605/2605 2606/2606/2606 2607/2607/2607 
f 2605/2605/2605 2607/2607/2607 2608/2608/2608 
f 2609/2609/2609 2610/2610/2610 2611/2611/2611 
f 2610/2610/2610 2609/2609/2609 2612/2612/2612 
f 2613/2613/2613 2614/2614/2614 2615/2615/2615 
f 2613/2613/2613 2615/2615/2615 2616/2616/2616 
f 2617/2617/2617 2618/2618/2618 2619/2619/2619 
f 2617/2617/2617 2619/2619/2619 2620/2620/2620 
f 2621/2621/2621 2622/2622/2622 2623/2623/2623 
f 2621/2621/2621 2623/2623/2623 2624/2624/2624 
f 2625/2625/2625 2626/2626/2626 2627/2627/2627 
f 2626/2626/2626 2625/2625/2625 2628/2628/2628 
f 2629/2629/2629 2630/2630/2630 2631/2631/2631 
f 2629/2629/2629 2631/2631/2631 2632/2632/2632 

g Cube0151

v 0.808052 3.08073 16.2447 1 1 1 1 
v 0.773277 2.41566 16.0978 1 1 1 1 
v 0.76933 3.09171 16.1037 1 1 1 1 
v 0.813599 2.40634 16.2436 1 1 1 1 
v 0.773277 1.96671 16.0978 1 1 1 1 
v 0.819359 2.40501 16.441 1 1 1 1 
v 0.813599 1.96555 16.2436 1 1 1 1 
v 0.773277 1.72471 16.0978 1 1 1 1 
v 0.76933 3.71809 16.248 1 1 1 1 
v 0.750236 3.60856 16.1321 1 1 1 1 
v 0.813599 3.08196 16.441 1 1 1 1 
v 0.651129 3.82704 16.1037 1 1 1 1 
v 0.773277 3.74046 16.441 1 1 1 1 
v 0.653369 4.10297 16.2447 1 1 1 1 
v -2.32529 2.39665 17.1844 1 1 1 1 
v -2.31665 2.47242 18.0569 1 1 1 1 
v -2.2792 2.55191 18.4422 1 1 1 1 
v -2.27526 1.33386 18.2697 1 1 1 1 
v -2.25616 1.3465 19.0378 1 1 1 1 
v -2.27526 1.39803 19.239 1 1 1 1 
v 0.653369 1.39655 19.6468 1 1 1 1 
v 0.372976 1.7247 19.7659 1 1 1 1 
v 0.654115 1.7247 19.7052 1 1 1 1 
v 0.654115 1.58246 19.7052 1 1 1 1 
v 0.654115 1.48372 19.7052 1 1 1 1 
v 0.773277 1.58246 19.2805 1 1 1 1 
v 0.773277 1.7247 19.2805 1 1 1 1 
v 0.773277 1.48372 19.2805 1 1 1 1 
v 0.813599 1.58246 18.3012 1 1 1 1 
v 0.813599 1.7247 18.3012 1 1 1 1 
v 0.819359 1.58246 17.2702 1 1 1 1 
v 0.819359 1.7247 17.2702 1 1 1 1 
v 0.813599 1.48372 18.3012 1 1 1 1 
v 0.819359 1.58246 16.6993 1 1 1 1 
v 0.819359 1.7247 16.6993 1 1 1 1 
v 0.819359 1.58246 16.441 1 1 1 1 
v 0.819359 1.72471 16.441 1 1 1 1 
v 0.813599 1.7247 16.2436 1 1 1 1 
v 0.819359 1.96538 16.441 1 1 1 1 
v 0.819359 1.48372 16.6993 1 1 1 1 
v 0.819359 1.48372 16.441 1 1 1 1 
v 0.813599 1.39605 16.6993 1 1 1 1 
v 0.819359 1.48372 17.2702 1 1 1 1 
v 0.813599 1.39605 17.2702 1 1 1 1 
v 0.773277 1.33125 17.2702 1 1 1 1 
v 0.808052 1.39655 18.2933 1 1 1 1 
v 0.76933 1.33387 18.2697 1 1 1 1 
v 0.750236 1.3465 19.0378 1 1 1 1 
v 0.76933 1.39803 19.239 1 1 1 1 
v 0.773277 1.33125 16.6993 1 1 1 1 
v 0.813599 1.39605 16.441 1 1 1 1 
v 0.773277 1.33125 16.441 1 1 1 1 
v 0.76933 1.33387 16.248 1 1 1 1 
v -0.126286 4.63831 16.2436 1 1 1 1 
v 0.653369 4.10297 16.2447 1 1 1 1 
v 0.654115 4.14197 16.441 1 1 1 1 
v 0.773277 3.74046 16.441 1 1 1 1 
v 0.653682 4.11508 16.6534 1 1 1 1 
v 0.773277 3.72493 16.6524 1 1 1 1 
v 0.813599 3.08196 16.441 1 1 1 1 
v -0.193582 4.27457 16.7947 1 1 1 1 
v -0.344706 3.4457 16.9159 1 1 1 1 
v -0.430901 2.62224 17.3443 1 1 1 1 
v 0.654634 3.93332 16.9044 1 1 1 1 
v 0.664382 3.52116 17.2505 1 1 1 1 
v 0.463114 2.95787 17.7135 1 1 1 1 
v 0.773277 3.61618 16.8954 1 1 1 1 
v 0.665383 3.02199 17.8058 1 1 1 1 
v 0.813599 3.07779 16.6557 1 1 1 1 
v 0.773277 3.3371 17.2134 1 1 1 1 
v 0.819359 2.40501 16.441 1 1 1 1 
v 0.808052 3.08073 16.2447 1 1 1 1 
v 0.819359 2.40306 16.6818 1 1 1 1 
v 0.819359 1.96538 16.441 1 1 1 1 
v 0.813599 3.0592 16.9058 1 1 1 1 
v 0.819359 1.96495 16.697 1 1 1 1 
v 0.819359 1.72471 16.441 1 1 1 1 
v 0.819359 1.7247 16.6993 1 1 1 1 
v 0.819359 2.39665 17.1844 1 1 1 1 
v 0.819359 1.95933 17.2594 1 1 1 1 
v 0.819359 1.7247 17.2702 1 1 1 1 
v 0.810719 3.04191 17.1436 1 1 1 1 
v 0.773277 2.92236 17.7135 1 1 1 1 
v 0.813599 2.69758 17.476 1 1 1 1 
v 0.810719 2.47242 18.0569 1 1 1 1 
v 0.813599 2.22359 18.1977 1 1 1 1 
v 0.773277 2.55191 18.4422 1 1 1 1 
v 0.664382 2.5914 18.6169 1 1 1 1 
v 0.773277 2.22565 19.0136 1 1 1 1 
v 0.813599 1.94392 18.2863 1 1 1 1 
v 0.813599 1.7247 18.3012 1 1 1 1 
v 0.773277 1.94296 19.2472 1 1 1 1 
v 0.773277 1.7247 19.2805 1 1 1 1 
v 0.654634 2.23562 19.3405 1 1 1 1 
v 0.653682 1.94409 19.6588 1 1 1 1 
v 0.654115 1.7247 19.7052 1 1 1 1 
v -1.96904 2.95787 17.7135 1 1 1 1 
v -1.9656 3.46562 17.2135 1 1 1 1 
v -1.9656 2.55724 18.4655 1 1 1 1 
v 0.773277 1.58246 16.0978 1 1 1 1 
v 0.76933 1.39803 16.1037 1 1 1 1 
v 0.750236 1.3465 16.1321 1 1 1 1 
v 0.808052 1.39655 16.2447 1 1 1 1 
v 0.773277 1.33125 16.6993 1 1 1 1 
v 0.773277 1.33125 17.2702 1 1 1 1 
v 0.813599 1.39605 16.6993 1 1 1 1 
v 0.76933 1.33387 18.2697 1 1 1 1 
v 0.813599 1.39605 17.2702 1 1 1 1 
v 0.819359 1.48372 16.441 1 1 1 1 
v 0.813599 1.39605 16.441 1 1 1 1 
v 0.808052 1.39655 16.2447 1 1 1 1 
v 0.76933 1.33387 16.248 1 1 1 1 
v 0.750236 1.3465 16.1321 1 1 1 1 
v 0.813599 1.48372 16.2436 1 1 1 1 
v 0.76933 1.39803 16.1037 1 1 1 1 
v 0.819359 1.58246 16.441 1 1 1 1 
v 0.819359 1.58246 16.6993 1 1 1 1 
v 0.773277 1.48372 16.0978 1 1 1 1 
v 0.773277 1.58246 16.0978 1 1 1 1 
v 0.813599 1.58246 16.2436 1 1 1 1 
v 0.813599 1.7247 16.2436 1 1 1 1 
v 0.773277 1.72471 16.0978 1 1 1 1 
v 0.813599 1.96555 16.2436 1 1 1 1 
v 0.76933 3.09171 16.1037 1 1 1 1 
v 0.750236 3.60856 16.1321 1 1 1 1 
v 0.653369 3.1734 16.046 1 1 1 1 
v 0.171092 2.76331 17.4975 1 1 1 1 
v -1.67702 2.76331 17.4975 1 1 1 1 
v -1.72263 3.1805 17.1593 1 1 1 1 
v -1.9656 3.46562 17.2135 1 1 1 1 
v -1.96904 2.95787 17.7135 1 1 1 1 
v -1.72263 2.49813 18.0732 1 1 1 1 
v -1.9656 2.55724 18.4655 1 1 1 1 
v -0.752964 1.48372 19.7659 1 1 1 1 
v 0.76933 3.71809 16.248 1 1 1 1 
v 0.653369 4.10297 16.2447 1 1 1 1 
v -2.2792 2.92236 17.7135 1 1 1 1 
v -2.17131 3.02199 17.8058 1 1 1 1 
v -2.2792 2.55191 18.4422 1 1 1 1 
v -2.16004 1.58246 19.7052 1 1 1 1 
v -2.15961 1.94409 19.6588 1 1 1 1 
v -1.87548 1.9402 19.7069 1 1 1 1 
v -1.37247 1.93068 19.705 1 1 1 1 
v 0.372976 1.7247 19.7659 1 1 1 1 
v 0.773277 1.48372 19.2805 1 1 1 1 
v 0.750236 1.3465 19.0378 1 1 1 1 
v -1.37964 4.63831 16.2436 1 1 1 1 
v -0.752964 4.77733 16.2436 1 1 1 1 
v -0.126286 4.63831 16.2436 1 1 1 1 
v 0.372976 4.41099 16.441 1 1 1 1 
v 0.372976 4.36488 16.2436 1 1 1 1 
v 0.653369 4.10297 16.2447 1 1 1 1 
v -0.126286 4.69023 16.441 1 1 1 1 
v 0.369556 4.36737 16.6493 1 1 1 1 
v 0.654115 4.14197 16.441 1 1 1 1 
v 0.653682 4.11508 16.6534 1 1 1 1 
v -0.13346 4.63825 16.6406 1 1 1 1 
v -0.752964 4.83221 16.441 1 1 1 1 
v -0.752964 4.77733 16.6386 1 1 1 1 
v -0.752964 4.39314 16.7848 1 1 1 1 
v 0.336416 4.01235 16.8837 1 1 1 1 
v -0.344706 3.4457 16.9159 1 1 1 1 
v -0.430901 2.62224 17.3443 1 1 1 1 
v -0.122512 2.63917 17.3818 1 1 1 1 
v 0.654634 3.93332 16.9044 1 1 1 1 
v 0.664382 3.52116 17.2505 1 1 1 1 
v 0.463114 2.95787 17.7135 1 1 1 1 
v 0.665383 3.02199 17.8058 1 1 1 1 
v 0.773277 3.3371 17.2134 1 1 1 1 
v 0.459667 2.55724 18.4655 1 1 1 1 
v 0.773277 2.92236 17.7135 1 1 1 1 
v 0.664382 2.5914 18.6169 1 1 1 1 
v 0.773277 2.22565 19.0136 1 1 1 1 
v 0.336416 2.21784 19.2242 1 1 1 1 
v 0.654634 2.23562 19.3405 1 1 1 1 
v 0.653682 1.94409 19.6588 1 1 1 1 
v 0.369556 1.9402 19.7069 1 1 1 1 
v -0.13346 1.93068 19.705 1 1 1 1 
v -0.752964 1.92841 19.7052 1 1 1 1 
v -0.193582 2.12013 19.278 1 1 1 1 
v 0.00919616 2.32644 18.2426 1 1 1 1 
v -0.752964 2.10925 19.2805 1 1 1 1 
v -0.344706 2.24998 18.3043 1 1 1 1 
v -0.752964 2.24158 18.3098 1 1 1 1 
v -1.16122 2.24998 18.3043 1 1 1 1 
v -2.17031 3.52116 17.2505 1 1 1 1 
v -2.16056 3.93332 16.9044 1 1 1 1 
v -1.96904 2.95787 17.7135 1 1 1 1 
v -1.9656 2.55724 18.4655 1 1 1 1 
v -1.84234 4.01235 16.8837 1 1 1 1 
v -2.17031 2.5914 18.6169 1 1 1 1 
v -1.84234 2.21784 19.2242 1 1 1 1 
v -2.15961 4.11508 16.6534 1 1 1 1 
v -2.16056 2.23562 19.3405 1 1 1 1 
v -1.31235 2.12013 19.278 1 1 1 1 
v -0.752964 1.92841 19.7052 1 1 1 1 
v -0.752964 2.10925 19.2805 1 1 1 1 
v -1.16122 2.24998 18.3043 1 1 1 1 
v -1.51512 2.32644 18.2426 1 1 1 1 
v -1.38342 2.63917 17.3818 1 1 1 1 
v -1.07503 2.62224 17.3443 1 1 1 1 
v -0.752964 2.24158 18.3098 1 1 1 1 
v -0.752964 2.63684 17.339 1 1 1 1 
v -0.430901 2.62224 17.3443 1 1 1 1 
v -0.344706 2.24998 18.3043 1 1 1 1 
v -0.122512 2.63917 17.3818 1 1 1 1 
v -1.87548 4.36737 16.6493 1 1 1 1 
v -1.37247 4.63825 16.6406 1 1 1 1 
v -0.752964 4.77733 16.6386 1 1 1 1 
v -0.752964 4.83221 16.441 1 1 1 1 
v -1.37964 4.69023 16.441 1 1 1 1 
v -0.752964 4.77733 16.2436 1 1 1 1 
v -0.126286 4.69023 16.441 1 1 1 1 
v -0.126286 4.63831 16.2436 1 1 1 1 
v -1.37964 4.63831 16.2436 1 1 1 1 
v -1.8789 4.41099 16.441 1 1 1 1 
v -2.16004 4.14197 16.441 1 1 1 1 
v 0.372976 4.41099 16.441 1 1 1 1 
v 0.654115 4.14197 16.441 1 1 1 1 
v -2.1593 4.10297 16.2447 1 1 1 1 
v -1.8789 4.36488 16.2436 1 1 1 1 
v -0.126286 1.30457 18.3012 1 1 1 1 
v 0.171092 2.76331 17.4975 1 1 1 1 
v 0.216702 3.1805 17.1593 1 1 1 1 
v 0.216702 2.49813 18.0732 1 1 1 1 
v 0.459667 2.55724 18.4655 1 1 1 1 
v 0.00919616 2.32644 18.2426 1 1 1 1 
v 0.336416 2.21784 19.2242 1 1 1 1 
v -0.193582 2.12013 19.278 1 1 1 1 
v -1.67702 2.76331 17.4975 1 1 1 1 
v -1.38342 2.63917 17.3818 1 1 1 1 
v -1.72263 2.49813 18.0732 1 1 1 1 
v -1.9656 2.55724 18.4655 1 1 1 1 
v -1.51512 2.32644 18.2426 1 1 1 1 
v -1.84234 2.21784 19.2242 1 1 1 1 
v -1.31235 2.12013 19.278 1 1 1 1 
v -0.752964 1.48372 19.7659 1 1 1 1 
v -0.126286 1.48372 19.7659 1 1 1 1 
v -0.752964 1.58246 19.7659 1 1 1 1 
v -2.32529 2.39665 17.1844 1 1 1 1 
v -2.2792 2.92236 17.7135 1 1 1 1 
v -2.31953 2.69758 17.476 1 1 1 1 
v -2.17131 3.02199 17.8058 1 1 1 1 
v -2.1593 1.39655 19.6468 1 1 1 1 
v -2.16004 1.48372 19.7052 1 1 1 1 
v -2.16004 1.58246 19.7052 1 1 1 1 
v -2.16004 1.7247 19.7052 1 1 1 1 
v -2.15961 1.94409 19.6588 1 1 1 1 
v -1.8789 1.58246 19.7659 1 1 1 1 
v -1.8789 1.7247 19.7659 1 1 1 1 
v -1.87548 1.9402 19.7069 1 1 1 1 
v -1.37964 1.7247 19.7659 1 1 1 1 
v -1.37247 1.93068 19.705 1 1 1 1 
v -0.752964 1.7247 19.7659 1 1 1 1 
v -1.37964 1.58246 19.7659 1 1 1 1 
v -1.37964 1.48372 19.7659 1 1 1 1 
v -0.752964 1.58246 19.7659 1 1 1 1 
v -0.126286 1.58246 19.7659 1 1 1 1 
v -0.752964 1.48372 19.7659 1 1 1 1 
v -0.126286 1.48372 19.7659 1 1 1 1 
v -0.752964 1.39605 19.7052 1 1 1 1 
v -1.8789 1.48372 19.7659 1 1 1 1 
v -1.8789 1.39605 19.7052 1 1 1 1 
v -1.37964 1.39605 19.7052 1 1 1 1 
v -0.126286 1.39605 19.7052 1 1 1 1 
v 0.372976 1.48372 19.7659 1 1 1 1 
v 0.372976 1.39605 19.7052 1 1 1 1 
v 0.653369 1.39655 19.6468 1 1 1 1 
v 0.372976 1.58246 19.7659 1 1 1 1 
v -0.126286 1.7247 19.7659 1 1 1 1 
v 0.372976 1.7247 19.7659 1 1 1 1 
v 0.654115 1.7247 19.7052 1 1 1 1 
v 0.654115 1.58246 19.7052 1 1 1 1 
v 0.654115 1.48372 19.7052 1 1 1 1 
v 0.750236 1.3465 19.0378 1 1 1 1 
v -0.126286 4.69023 16.441 1 1 1 1 
v 0.369556 4.36737 16.6493 1 1 1 1 
v 0.654115 4.14197 16.441 1 1 1 1 
v 0.653682 4.11508 16.6534 1 1 1 1 
v -0.13346 4.63825 16.6406 1 1 1 1 
v -0.752964 4.77733 16.6386 1 1 1 1 
v -0.752964 4.39314 16.7848 1 1 1 1 
v -0.193582 4.27457 16.7947 1 1 1 1 
v -0.752964 3.51499 16.9057 1 1 1 1 
v 0.336416 4.01235 16.8837 1 1 1 1 
v -0.344706 3.4457 16.9159 1 1 1 1 
v -0.752964 2.63684 17.339 1 1 1 1 
v -0.430901 2.62224 17.3443 1 1 1 1 
v -0.122512 2.63917 17.3818 1 1 1 1 
v 0.0091961 3.30726 16.9906 1 1 1 1 
v 0.654634 3.93332 16.9044 1 1 1 1 
v 0.459667 3.46562 17.2135 1 1 1 1 
v 0.664382 3.52116 17.2505 1 1 1 1 
v 0.463114 2.95787 17.7135 1 1 1 1 
v 0.773277 3.3371 17.2134 1 1 1 1 
v 0.819359 2.39665 17.1844 1 1 1 1 
v 0.773277 2.92236 17.7135 1 1 1 1 
v 0.813599 2.69758 17.476 1 1 1 1 
v 0.654634 2.23562 19.3405 1 1 1 1 
v 0.653682 1.94409 19.6588 1 1 1 1 
v 0.654115 1.7247 19.7052 1 1 1 1 
v 0.372976 1.7247 19.7659 1 1 1 1 
v 0.369556 1.9402 19.7069 1 1 1 1 
v -0.126286 1.7247 19.7659 1 1 1 1 
v -0.13346 1.93068 19.705 1 1 1 1 
v -0.752964 1.7247 19.7659 1 1 1 1 
v -0.126286 1.58246 19.7659 1 1 1 1 
v -0.752964 1.92841 19.7052 1 1 1 1 
v -2.17031 3.52116 17.2505 1 1 1 1 
v -2.16056 3.93332 16.9044 1 1 1 1 
v -1.96904 2.95787 17.7135 1 1 1 1 
v -1.9656 3.46562 17.2135 1 1 1 1 
v -1.84234 4.01235 16.8837 1 1 1 1 
v -2.15961 4.11508 16.6534 1 1 1 1 
v -2.16056 2.23562 19.3405 1 1 1 1 
v -0.752964 1.92841 19.7052 1 1 1 1 
v -1.38342 2.63917 17.3818 1 1 1 1 
v -1.07503 2.62224 17.3443 1 1 1 1 
v -1.16122 3.4457 16.9159 1 1 1 1 
v -0.752964 2.63684 17.339 1 1 1 1 
v -0.752964 3.51499 16.9057 1 1 1 1 
v -1.51512 3.30726 16.9906 1 1 1 1 
v -0.122512 2.63917 17.3818 1 1 1 1 
v -1.31235 4.27457 16.7947 1 1 1 1 
v -0.752964 4.39314 16.7848 1 1 1 1 
v -1.87548 4.36737 16.6493 1 1 1 1 
v -1.37247 4.63825 16.6406 1 1 1 1 
v -0.752964 4.77733 16.6386 1 1 1 1 
v -1.37964 4.69023 16.441 1 1 1 1 
v -2.1593 4.10297 16.2447 1 1 1 1 
v -0.126286 1.30457 18.3012 1 1 1 1 
v 0.0091961 3.30726 16.9906 1 1 1 1 
v 0.171092 2.76331 17.4975 1 1 1 1 
v 0.216702 3.1805 17.1593 1 1 1 1 
v 0.459667 3.46562 17.2135 1 1 1 1 
v 0.336416 4.01235 16.8837 1 1 1 1 
v -1.67702 2.76331 17.4975 1 1 1 1 
v -1.51512 3.30726 16.9906 1 1 1 1 
v -1.72263 3.1805 17.1593 1 1 1 1 
v -1.9656 3.46562 17.2135 1 1 1 1 
v -1.84234 4.01235 16.8837 1 1 1 1 
v -1.38342 2.63917 17.3818 1 1 1 1 
v -2.31398 1.39655 16.2447 1 1 1 1 
v -2.27526 1.39803 16.1037 1 1 1 1 
v -2.25616 1.3465 16.1321 1 1 1 1 
v 0.76933 3.71809 16.248 1 1 1 1 
v 0.651129 3.82704 16.1037 1 1 1 1 
v 0.653369 4.10297 16.2447 1 1 1 1 
v -2.2792 3.61618 16.8954 1 1 1 1 
v -2.31953 3.07779 16.6557 1 1 1 1 
v -2.31953 3.0592 16.9058 1 1 1 1 
v -2.32529 2.40306 16.6818 1 1 1 1 
v -2.2792 3.3371 17.2134 1 1 1 1 
v -2.2792 3.72493 16.6524 1 1 1 1 
v -2.31665 3.04191 17.1436 1 1 1 1 
v -2.32529 2.39665 17.1844 1 1 1 1 
v -2.2792 2.92236 17.7135 1 1 1 1 
v -2.31953 2.69758 17.476 1 1 1 1 
v -2.17131 3.02199 17.8058 1 1 1 1 
v -2.31665 2.47242 18.0569 1 1 1 1 
v -2.2792 2.55191 18.4422 1 1 1 1 
v -2.31953 2.22359 18.1977 1 1 1 1 
v -2.2792 1.58246 16.0978 1 1 1 1 
v -2.2792 1.48372 16.0978 1 1 1 1 
v -2.27526 1.39803 16.1037 1 1 1 1 
v -2.31953 1.48372 16.2436 1 1 1 1 
v -2.31398 1.39655 16.2447 1 1 1 1 
v -2.2792 1.72471 16.0978 1 1 1 1 
v -2.2792 1.96671 16.0978 1 1 1 1 
v -2.2792 2.41566 16.0978 1 1 1 1 
v -2.31953 2.40634 16.2436 1 1 1 1 
v -2.31398 3.08073 16.2447 1 1 1 1 
v -2.32529 2.40501 16.441 1 1 1 1 
v -2.31953 1.96555 16.2436 1 1 1 1 
v -2.32529 1.96538 16.441 1 1 1 1 
v -2.31953 1.7247 16.2436 1 1 1 1 
v -2.31953 1.58246 16.2436 1 1 1 1 
v -2.32529 1.7247 16.441 1 1 1 1 
v -2.32529 1.96495 16.697 1 1 1 1 
v -2.32529 1.58246 16.441 1 1 1 1 
v -2.32529 1.7247 16.6993 1 1 1 1 
v -2.32529 1.95933 17.2594 1 1 1 1 
v -2.31953 1.94392 18.2863 1 1 1 1 
v -2.32529 1.48372 16.441 1 1 1 1 
v -2.32529 1.58246 16.6993 1 1 1 1 
v -2.32529 1.7247 17.2702 1 1 1 1 
v -2.31953 1.39605 16.6993 1 1 1 1 
v -2.2792 1.33125 17.2702 1 1 1 1 
v -2.31953 1.39605 17.2702 1 1 1 1 
v -2.27526 1.33386 18.2697 1 1 1 1 
v -2.32529 1.48372 17.2702 1 1 1 1 
v -2.25616 1.3465 19.0378 1 1 1 1 
v -2.31398 1.39655 18.2933 1 1 1 1 
v -2.27526 1.39803 19.239 1 1 1 1 
v -2.31953 1.48372 18.3012 1 1 1 1 
v -2.31953 1.58246 18.3012 1 1 1 1 
v -2.2792 1.58246 19.2805 1 1 1 1 
v -2.2792 1.7247 19.2805 1 1 1 1 
v -2.2792 1.48372 19.2805 1 1 1 1 
v -2.1593 1.39655 19.6468 1 1 1 1 
v -2.16004 1.48372 19.7052 1 1 1 1 
v -2.16004 1.58246 19.7052 1 1 1 1 
v -2.16004 1.7247 19.7052 1 1 1 1 
v -2.15961 1.94409 19.6588 1 1 1 1 
v 0.372976 1.7247 19.7659 1 1 1 1 
v 0.651129 1.33387 16.1037 1 1 1 1 
v 0.654115 4.14197 16.441 1 1 1 1 
v 0.654634 3.93332 16.9044 1 1 1 1 
v 0.463114 2.95787 17.7135 1 1 1 1 
v -2.17031 3.52116 17.2505 1 1 1 1 
v -2.16056 3.93332 16.9044 1 1 1 1 
v -2.17031 2.5914 18.6169 1 1 1 1 
v -2.15961 4.11508 16.6534 1 1 1 1 
v -2.2792 2.22565 19.0136 1 1 1 1 
v -2.16056 2.23562 19.3405 1 1 1 1 
v -2.2792 1.94296 19.2472 1 1 1 1 
v -2.16004 4.14197 16.441 1 1 1 1 
v -2.2792 3.74046 16.441 1 1 1 1 
v -2.1593 4.10297 16.2447 1 1 1 1 
v -2.31953 3.08196 16.441 1 1 1 1 
v -2.27526 3.71809 16.248 1 1 1 1 
v -2.15706 3.82704 16.1037 1 1 1 1 
v -2.25616 3.60856 16.1321 1 1 1 1 
v -2.27526 3.09171 16.1037 1 1 1 1 
v -2.31953 1.7247 18.3012 1 1 1 1 
v -2.32529 1.58246 17.2702 1 1 1 1 
v -2.32529 1.48372 16.6993 1 1 1 1 
v -2.31953 1.39605 16.441 1 1 1 1 
v -2.27526 1.33387 16.248 1 1 1 1 
v -2.25616 1.3465 16.1321 1 1 1 1 
v -2.2792 1.33125 16.441 1 1 1 1 
v -2.2792 1.33125 16.6993 1 1 1 1 
v -0.126286 1.30457 18.3012 1 1 1 1 
v 0.653369 3.1734 16.046 1 1 1 1 
v 0.171092 2.76331 17.4975 1 1 1 1 
v 0.216702 3.1805 17.1593 1 1 1 1 
v 0.459667 3.46562 17.2135 1 1 1 1 
v 0.463114 2.95787 17.7135 1 1 1 1 
v 0.216702 2.49813 18.0732 1 1 1 1 
v 0.459667 2.55724 18.4655 1 1 1 1 
v -0.752964 1.48372 19.7659 1 1 1 1 
v -2.27526 1.39803 16.1037 1 1 1 1 
v -2.25616 1.3465 16.1321 1 1 1 1 
v -1.37964 1.33125 16.0978 1 1 1 1 
v -0.752964 1.39605 16.0378 1 1 1 1 
v -0.752964 1.33125 16.0978 1 1 1 1 
v -1.8789 1.33125 16.0978 1 1 1 1 
v -2.2792 1.33125 17.2702 1 1 1 1 
v -2.27526 1.33386 18.2697 1 1 1 1 
v -2.25616 1.3465 19.0378 1 1 1 1 
v -2.27526 1.39803 19.239 1 1 1 1 
v -2.1593 1.39655 19.6468 1 1 1 1 
v -2.15706 1.33386 19.239 1 1 1 1 
v -2.16004 1.48372 19.7052 1 1 1 1 
v -2.16004 1.58246 19.7052 1 1 1 1 
v -0.752964 1.39605 19.7052 1 1 1 1 
v -1.8789 1.39605 19.7052 1 1 1 1 
v -1.8789 1.33125 19.2805 1 1 1 1 
v -1.37964 1.39605 19.7052 1 1 1 1 
v -1.37964 1.33125 19.2805 1 1 1 1 
v -0.752964 1.33125 19.2805 1 1 1 1 
v -0.126286 1.39605 19.7052 1 1 1 1 
v -0.126286 1.33125 19.2805 1 1 1 1 
v 0.653369 1.39655 19.6468 1 1 1 1 
v 0.372976 1.7247 19.7659 1 1 1 1 
v 0.654115 1.48372 19.7052 1 1 1 1 
v 0.773277 1.48372 19.2805 1 1 1 1 
v 0.813599 1.39605 17.2702 1 1 1 1 
v 0.808052 1.39655 18.2933 1 1 1 1 
v 0.76933 1.33387 18.2697 1 1 1 1 
v 0.750236 1.3465 19.0378 1 1 1 1 
v 0.76933 1.39803 19.239 1 1 1 1 
v 0.651129 1.33386 19.239 1 1 1 1 
v 0.372976 1.33125 19.2805 1 1 1 1 
v 0.813599 1.39605 16.441 1 1 1 1 
v 0.773277 1.33125 16.441 1 1 1 1 
v 0.76933 1.33387 16.248 1 1 1 1 
v 0.654116 1.30457 16.441 1 1 1 1 
v 0.653369 1.30824 16.2447 1 1 1 1 
v 0.372976 1.30076 16.441 1 1 1 1 
v 0.372976 1.30457 16.2436 1 1 1 1 
v -0.126286 1.30457 16.2436 1 1 1 1 
v 0.651129 1.33387 16.1037 1 1 1 1 
v -0.126286 1.33125 16.0978 1 1 1 1 
v 0.372976 1.33125 16.0978 1 1 1 1 
v -2.15706 1.33386 19.239 1 1 1 1 
v -2.27526 1.39803 19.239 1 1 1 1 
v -2.25616 1.3465 19.0378 1 1 1 1 
v -1.8789 1.33125 19.2805 1 1 1 1 
v -2.1593 1.39655 19.6468 1 1 1 1 
v 0.463114 2.95787 17.7135 1 1 1 1 
v 0.664382 2.5914 18.6169 1 1 1 1 
v -0.126286 1.33125 19.2805 1 1 1 1 
v -0.752964 1.39605 19.7052 1 1 1 1 
v -0.752964 1.33125 19.2805 1 1 1 1 
v 0.372976 1.33125 19.2805 1 1 1 1 
v -0.126286 1.39605 19.7052 1 1 1 1 
v 0.372976 1.39605 19.7052 1 1 1 1 
v 0.653369 1.39655 19.6468 1 1 1 1 
v 0.76933 1.39803 16.1037 1 1 1 1 
v 0.808052 1.39655 16.2447 1 1 1 1 
v -2.27526 1.33387 16.248 1 1 1 1 
v -2.25616 1.3465 16.1321 1 1 1 1 
v -2.2792 1.33125 16.441 1 1 1 1 
v -2.1593 1.30824 16.2447 1 1 1 1 
v -2.15706 1.33387 16.1037 1 1 1 1 
v -2.16004 1.30457 16.441 1 1 1 1 
v -2.2792 1.33125 16.6993 1 1 1 1 
v -1.8789 1.30457 16.2436 1 1 1 1 
v -1.8789 1.33125 16.0978 1 1 1 1 
v -1.8789 1.30076 16.441 1 1 1 1 
v -1.37964 1.30457 16.2436 1 1 1 1 
v -1.37964 1.33125 16.0978 1 1 1 1 
v -0.752964 1.33125 16.0978 1 1 1 1 
v -1.37964 1.30076 16.441 1 1 1 1 
v -0.752964 1.30457 16.2436 1 1 1 1 
v -1.8789 1.30076 16.6993 1 1 1 1 
v -0.752964 1.30076 16.441 1 1 1 1 
v -0.126286 1.30076 16.441 1 1 1 1 
v -0.752964 1.30076 16.6993 1 1 1 1 
v -1.37964 1.30076 16.6993 1 1 1 1 
v -0.752964 1.30076 17.2702 1 1 1 1 
v -1.37964 1.30076 17.2702 1 1 1 1 
v -1.37964 1.30457 18.3012 1 1 1 1 
v -0.752964 1.30457 18.3012 1 1 1 1 
v -1.37964 1.33125 19.2805 1 1 1 1 
v -0.752964 1.33125 19.2805 1 1 1 1 
v -1.8789 1.33125 19.2805 1 1 1 1 
v -1.8789 1.30457 18.3012 1 1 1 1 
v -2.15706 1.33386 19.239 1 1 1 1 
v -1.8789 1.30076 17.2702 1 1 1 1 
v -2.1593 1.30824 18.2933 1 1 1 1 
v -2.16004 1.30457 17.2702 1 1 1 1 
v -2.16004 1.30457 16.6993 1 1 1 1 
v -1.37964 1.30457 16.2436 1 1 1 1 
v -0.752964 1.33125 16.0978 1 1 1 1 
v -0.752964 1.30457 16.2436 1 1 1 1 
v -0.126286 1.33125 16.0978 1 1 1 1 
v -0.126286 1.30457 16.2436 1 1 1 1 
v 0.372976 1.30076 16.441 1 1 1 1 
v -0.126286 1.30076 16.441 1 1 1 1 
v 0.372976 1.30076 16.6993 1 1 1 1 
v 0.654116 1.30457 16.441 1 1 1 1 
v -0.752964 1.30076 16.6993 1 1 1 1 
v -0.752964 1.30076 16.441 1 1 1 1 
v -0.126286 1.30076 16.6993 1 1 1 1 
v -0.752964 1.30076 17.2702 1 1 1 1 
v -0.126286 1.30076 17.2702 1 1 1 1 
v -0.752964 1.30457 18.3012 1 1 1 1 
v 0.372976 1.30076 17.2702 1 1 1 1 
v 0.654116 1.30457 16.6993 1 1 1 1 
v 0.773277 1.33125 16.6993 1 1 1 1 
v 0.773277 1.33125 16.441 1 1 1 1 
v 0.773277 1.33125 17.2702 1 1 1 1 
v 0.654116 1.30457 17.2702 1 1 1 1 
v 0.76933 1.33387 18.2697 1 1 1 1 
v 0.653369 1.30824 18.2933 1 1 1 1 
v 0.750236 1.3465 19.0378 1 1 1 1 
v 0.651129 1.33386 19.239 1 1 1 1 
v 0.372976 1.30457 18.3012 1 1 1 1 
v 0.372976 1.33125 19.2805 1 1 1 1 
v -0.126286 1.30457 18.3012 1 1 1 1 
v -0.126286 1.33125 19.2805 1 1 1 1 
v -0.752964 1.33125 19.2805 1 1 1 1 
v 0.76933 1.33387 16.248 1 1 1 1 
v 0.750236 1.3465 16.1321 1 1 1 1 
v 0.653369 1.30824 16.2447 1 1 1 1 
v 0.651129 1.33387 16.1037 1 1 1 1 
v -2.27526 1.39803 16.1037 1 1 1 1 
v -2.25616 1.3465 16.1321 1 1 1 1 
v -2.1593 1.39655 16.046 1 1 1 1 
v -2.15706 1.33387 16.1037 1 1 1 1 
v -2.16004 1.48372 16.0378 1 1 1 1 
v 0.773277 2.41566 16.0978 1 1 1 1 
v 0.76933 3.09171 16.1037 1 1 1 1 
v 0.773277 1.96671 16.0978 1 1 1 1 
v 0.773277 1.72471 16.0978 1 1 1 1 
v 0.76933 3.71809 16.248 1 1 1 1 
v 0.750236 3.60856 16.1321 1 1 1 1 
v 0.651129 3.82704 16.1037 1 1 1 1 
v 0.653369 4.10297 16.2447 1 1 1 1 
v -1.37964 1.33125 16.0978 1 1 1 1 
v -0.752964 1.39605 16.0378 1 1 1 1 
v -0.752964 1.33125 16.0978 1 1 1 1 
v -1.37964 1.39605 16.0378 1 1 1 1 
v -1.37964 1.48372 16.0292 1 1 1 1 
v -1.8789 1.33125 16.0978 1 1 1 1 
v -1.8789 1.48372 16.0292 1 1 1 1 
v -1.8789 1.39605 16.0378 1 1 1 1 
v -2.15706 1.33387 16.1037 1 1 1 1 
v -2.1593 1.39655 16.046 1 1 1 1 
v -2.16004 1.48372 16.0378 1 1 1 1 
v -1.8789 1.58246 16.0292 1 1 1 1 
v -2.16004 1.58246 16.0378 1 1 1 1 
v -2.16004 1.7247 16.0378 1 1 1 1 
v -2.2792 1.58246 16.0978 1 1 1 1 
v -2.2792 1.48372 16.0978 1 1 1 1 
v -2.27526 1.39803 16.1037 1 1 1 1 
v -2.2792 1.72471 16.0978 1 1 1 1 
v -2.2792 1.96671 16.0978 1 1 1 1 
v -2.16004 1.96969 16.0378 1 1 1 1 
v -2.2792 2.41566 16.0978 1 1 1 1 
v 0.651129 1.33387 16.1037 1 1 1 1 
v -0.126286 1.33125 16.0978 1 1 1 1 
v 0.372976 1.39605 16.0378 1 1 1 1 
v 0.651129 1.33387 16.1037 1 1 1 1 
v 0.372976 1.33125 16.0978 1 1 1 1 
v -0.126286 1.39605 16.0378 1 1 1 1 
v -0.126286 1.33125 16.0978 1 1 1 1 
v -0.752964 1.39605 16.0378 1 1 1 1 
v -0.752964 1.33125 16.0978 1 1 1 1 
v -1.37964 4.63831 16.2436 1 1 1 1 
v -0.752964 4.77733 16.2436 1 1 1 1 
v -0.752964 4.39314 16.0978 1 1 1 1 
v -0.126286 4.63831 16.2436 1 1 1 1 
v -0.126286 4.27482 16.0978 1 1 1 1 
v 0.372976 4.36488 16.2436 1 1 1 1 
v 0.653369 4.10297 16.2447 1 1 1 1 
v -0.126286 4.69023 16.441 1 1 1 1 
v 0.651129 3.82704 16.1037 1 1 1 1 
v 0.372976 4.04212 16.0978 1 1 1 1 
v 0.654115 4.14197 16.441 1 1 1 1 
v -0.752964 1.58246 16.0292 1 1 1 1 
v -0.126286 1.48372 16.0292 1 1 1 1 
v -0.752964 1.48372 16.0292 1 1 1 1 
v -1.37964 4.69023 16.441 1 1 1 1 
v -0.126286 4.63831 16.2436 1 1 1 1 
v -1.37964 4.63831 16.2436 1 1 1 1 
v 0.372976 4.36488 16.2436 1 1 1 1 
v -0.126286 4.27482 16.0978 1 1 1 1 
v 0.372976 4.04212 16.0978 1 1 1 1 
v -2.1593 4.10297 16.2447 1 1 1 1 
v -2.15706 3.82704 16.1037 1 1 1 1 
v -1.8789 4.04212 16.0978 1 1 1 1 
v -2.25616 3.60856 16.1321 1 1 1 1 
v -1.8789 4.36488 16.2436 1 1 1 1 
v -1.37964 4.27482 16.0978 1 1 1 1 
v -0.752964 4.39314 16.0978 1 1 1 1 
v -2.27526 3.09171 16.1037 1 1 1 1 
v -2.1593 3.1734 16.046 1 1 1 1 
v -2.15706 3.82704 16.1037 1 1 1 1 
v -1.8789 3.29331 16.0378 1 1 1 1 
v -1.8789 4.04212 16.0978 1 1 1 1 
v -2.16004 2.43945 16.0378 1 1 1 1 
v -1.8789 2.47812 16.0292 1 1 1 1 
v -1.37964 3.43293 16.0378 1 1 1 1 
v -1.37964 4.27482 16.0978 1 1 1 1 
v -0.752964 3.50392 16.0378 1 1 1 1 
v -0.752964 4.39314 16.0978 1 1 1 1 
v -0.752964 2.54832 16.0292 1 1 1 1 
v -1.37964 2.52466 16.0292 1 1 1 1 
v -0.752964 1.9833 16.0292 1 1 1 1 
v -1.37964 1.98034 16.0292 1 1 1 1 
v -0.752964 1.72471 16.0292 1 1 1 1 
v -1.8789 1.97452 16.0292 1 1 1 1 
v -1.37964 1.72471 16.0292 1 1 1 1 
v -0.752964 1.58246 16.0292 1 1 1 1 
v -1.8789 1.72471 16.0292 1 1 1 1 
v -1.37964 1.58246 16.0292 1 1 1 1 
v -0.126286 1.58246 16.0292 1 1 1 1 
v -0.752964 1.48372 16.0292 1 1 1 1 
v -0.126286 1.48372 16.0292 1 1 1 1 
v -0.126286 1.72471 16.0292 1 1 1 1 
v 0.372976 1.72471 16.0292 1 1 1 1 
v 0.372976 1.58246 16.0292 1 1 1 1 
v 0.654115 1.7247 16.0378 1 1 1 1 
v 0.372976 1.48372 16.0292 1 1 1 1 
v 0.654115 1.58246 16.0378 1 1 1 1 
v 0.773277 1.58246 16.0978 1 1 1 1 
v 0.654115 1.48372 16.0378 1 1 1 1 
v -0.126286 1.39605 16.0378 1 1 1 1 
v -0.126286 1.33125 16.0978 1 1 1 1 
v 0.372976 1.39605 16.0378 1 1 1 1 
v 0.653369 1.39655 16.046 1 1 1 1 
v 0.651129 1.33387 16.1037 1 1 1 1 
v 0.76933 1.39803 16.1037 1 1 1 1 
v 0.750236 1.3465 16.1321 1 1 1 1 
v 0.808052 1.39655 16.2447 1 1 1 1 
v 0.76933 1.39803 16.1037 1 1 1 1 
v 0.773277 1.48372 16.0978 1 1 1 1 
v 0.654115 1.48372 16.0378 1 1 1 1 
v 0.773277 1.58246 16.0978 1 1 1 1 
v 0.773277 1.72471 16.0978 1 1 1 1 
v 0.654115 1.7247 16.0378 1 1 1 1 
v 0.773277 1.96671 16.0978 1 1 1 1 
v 0.654115 1.96969 16.0378 1 1 1 1 
v 0.372976 1.72471 16.0292 1 1 1 1 
v 0.773277 2.41566 16.0978 1 1 1 1 
v 0.372976 1.97452 16.0292 1 1 1 1 
v 0.654115 2.43945 16.0378 1 1 1 1 
v 0.76933 3.09171 16.1037 1 1 1 1 
v -0.126286 1.72471 16.0292 1 1 1 1 
v 0.750236 3.60856 16.1321 1 1 1 1 
v 0.653369 3.1734 16.046 1 1 1 1 
v 0.651129 3.82704 16.1037 1 1 1 1 
v 0.372976 2.47812 16.0292 1 1 1 1 
v -0.126286 1.98034 16.0292 1 1 1 1 
v -0.752964 1.72471 16.0292 1 1 1 1 
v -0.126286 1.58246 16.0292 1 1 1 1 
v -0.752964 1.9833 16.0292 1 1 1 1 
v 0.372976 3.29331 16.0378 1 1 1 1 
v 0.372976 4.04212 16.0978 1 1 1 1 
v -0.126286 2.52466 16.0292 1 1 1 1 
v -0.752964 2.54832 16.0292 1 1 1 1 
v -0.126286 3.43293 16.0378 1 1 1 1 
v -0.126286 4.27482 16.0978 1 1 1 1 
v -0.752964 3.50392 16.0378 1 1 1 1 
v -0.752964 4.39314 16.0978 1 1 1 1 

vn 0.992126 0.0314961 -0.141732 
vn 0.779528 0.00787402 -0.629921 
vn 0.779528 0.0314961 -0.622047 
vn 0.992126 0.00787402 -0.149606 
vn 0.779528 0 -0.629921 
vn 1 0.00787402 -0.015748 
vn 0.992126 0 -0.149606 
vn 0.779528 0 -0.629921 
vn 0.952756 0.19685 -0.228346 
vn 0.787402 0.110236 -0.606299 
vn 1 0.0314961 -0.015748 
vn 0.503937 0.23622 -0.834646 
vn 0.984252 0.181102 -0.015748 
vn 0.748031 0.488189 -0.456693 
vn -1 0.00787402 0.00787402 
vn -1 0.0708661 0.0393701 
vn -0.92126 0.346457 0.188976 
vn -0.590551 -0.80315 0.015748 
vn -0.590551 -0.80315 0.0472441 
vn -0.850394 -0.503937 0.141732 
vn 0.559055 -0.692913 0.456693 
vn 0.0944882 0.125984 0.984252 
vn 0.677165 0.0866142 0.732283 
vn 0.692913 0 0.716535 
vn 0.645669 -0.220472 0.732283 
vn 0.984252 0 0.15748 
vn 0.984252 0.015748 0.165354 
vn 0.984252 -0.0708661 0.173228 
vn 1 0 0.023622 
vn 1 0 0.023622 
vn 1 0 0 
vn 1 0 0 
vn 1 -0.0314961 0.023622 
vn 1 0 0 
vn 1 0 0 
vn 1 0 -0.015748 
vn 1 0 -0.015748 
vn 0.992126 0 -0.149606 
vn 1 0 -0.015748 
vn 1 -0.0314961 0 
vn 1 -0.0314961 -0.015748 
vn 0.952756 -0.307087 0 
vn 1 -0.0314961 0 
vn 0.952756 -0.307087 0 
vn 0.590551 -0.811024 0 
vn 0.952756 -0.291339 0.023622 
vn 0.590551 -0.80315 0.015748 
vn 0.590551 -0.80315 0.0472441 
vn 0.850394 -0.503937 0.141732 
vn 0.590551 -0.811024 0 
vn 0.952756 -0.299213 -0.015748 
vn 0.590551 -0.811024 -0.015748 
vn 0.590551 -0.795276 -0.110236 
vn 0.267717 0.724409 -0.629921 
vn 0.748031 0.488189 -0.456693 
vn 0.84252 0.543307 -0.015748 
vn 0.984252 0.181102 -0.015748 
vn 0.76378 0.559055 0.322835 
vn 0.976378 0.19685 0.0708661 
vn 1 0.0314961 -0.015748 
vn 0.0472441 0.299213 0.952756 
vn -0.0314961 0.307087 0.952756 
vn -0.0314961 0.740157 0.669291 
vn 0.590551 0.543307 0.598425 
vn 0.409449 0.614173 0.677165 
vn -0.574803 0.653543 0.488189 
vn 0.96063 0.220472 0.173228 
vn 0.251969 0.80315 0.543307 
vn 1 0.0393701 0.00787402 
vn 0.937008 0.259843 0.220472 
vn 1 0.00787402 -0.015748 
vn 0.992126 0.0314961 -0.141732 
vn 1 0.00787402 0 
vn 1 0 -0.015748 
vn 1 0.0472441 0.015748 
vn 1 0 0 
vn 1 0 -0.015748 
vn 1 0 0 
vn 1 0.00787402 0.00787402 
vn 1 0 0 
vn 1 0 0 
vn 1 0.0629921 0.0472441 
vn 0.929134 0.307087 0.204724 
vn 1 0.0551181 0.0393701 
vn 1 0.0708661 0.0393701 
vn 1 0.0314961 0.0314961 
vn 0.92126 0.346457 0.188976 
vn 0.275591 0.858268 0.425197 
vn 0.937008 0.291339 0.188976 
vn 1 0.00787402 0.023622 
vn 1 0 0.023622 
vn 0.976378 0.11811 0.188976 
vn 0.984252 0.015748 0.165354 
vn 0.448819 0.740157 0.496063 
vn 0.574803 0.440945 0.685039 
vn 0.677165 0.0866142 0.732283 
vn 0.574803 0.653543 0.488189 
vn 0.417323 0.527559 0.740157 
vn 0.488189 0.80315 0.346457 
vn 0.779528 0 -0.629921 
vn 0.732283 -0.322835 -0.598425 
vn 0.519685 -0.755906 -0.393701 
vn 0.944882 -0.291339 -0.133858 
vn 0.590551 -0.811024 0 
vn 0.590551 -0.811024 0 
vn 0.952756 -0.307087 0 
vn 0.590551 -0.80315 0.015748 
vn 0.952756 -0.307087 0 
vn 1 -0.0314961 -0.015748 
vn 0.952756 -0.299213 -0.015748 
vn 0.944882 -0.291339 -0.133858 
vn 0.590551 -0.795276 -0.110236 
vn 0.519685 -0.755906 -0.393701 
vn 0.992126 -0.0314961 -0.149606 
vn 0.732283 -0.322835 -0.598425 
vn 1 0 -0.015748 
vn 1 0 0 
vn 0.779528 -0.0393701 -0.629921 
vn 0.779528 0 -0.629921 
vn 0.992126 0 -0.149606 
vn 0.992126 0 -0.149606 
vn 0.779528 0 -0.629921 
vn 0.992126 0 -0.149606 
vn 0.779528 0.0314961 -0.622047 
vn 0.787402 0.110236 -0.606299 
vn 0.259843 0.0472441 -0.968504 
vn -0.559055 0.645669 0.511811 
vn 0.559055 0.645669 0.511811 
vn 0.551181 0.480315 0.685039 
vn 0.417323 0.527559 0.740157 
vn 0.574803 0.653543 0.488189 
vn 0.566929 0.748031 0.338583 
vn 0.488189 0.80315 0.346457 
vn 0 -0.299213 0.952756 
vn 0.952756 0.19685 -0.228346 
vn 0.748031 0.488189 -0.456693 
vn -0.929134 0.307087 0.204724 
vn -0.251969 0.80315 0.543307 
vn -0.92126 0.346457 0.188976 
vn -0.692913 0 0.716535 
vn -0.574803 0.440945 0.685039 
vn -0.00787402 0.582677 0.811024 
vn 0.023622 0.645669 0.76378 
vn 0.0944882 0.125984 0.984252 
vn 0.984252 -0.0708661 0.173228 
vn 0.590551 -0.80315 0.0472441 
vn -0.267717 0.724409 -0.629921 
vn 0 0.76378 -0.645669 
vn 0.267717 0.724409 -0.629921 
vn 0.582677 0.811024 -0.00787402 
vn 0.472441 0.661417 -0.582677 
vn 0.748031 0.488189 -0.456693 
vn 0.346457 0.937008 0 
vn 0.440945 0.724409 0.527559 
vn 0.84252 0.543307 -0.015748 
vn 0.76378 0.559055 0.322835 
vn 0.259843 0.740157 0.622047 
vn 0 1 0 
vn 0 0.76378 0.645669 
vn 0 0.267717 0.96063 
vn 0.015748 0.464567 0.889764 
vn -0.0314961 0.307087 0.952756 
vn -0.0314961 0.740157 0.669291 
vn -0.244094 0.740157 0.622047 
vn 0.590551 0.543307 0.598425 
vn 0.409449 0.614173 0.677165 
vn -0.574803 0.653543 0.488189 
vn 0.251969 0.80315 0.543307 
vn 0.937008 0.259843 0.220472 
vn -0.488189 0.80315 0.346457 
vn 0.929134 0.307087 0.204724 
vn 0.275591 0.858268 0.425197 
vn 0.937008 0.291339 0.188976 
vn -0.204724 0.897638 0.385827 
vn 0.448819 0.740157 0.496063 
vn 0.574803 0.440945 0.685039 
vn 0.00787402 0.582677 0.811024 
vn -0.023622 0.645669 0.76378 
vn 0 0.661417 0.755906 
vn -0.0708661 0.952756 0.299213 
vn -0.322835 0.905512 0.283465 
vn 0 0.96063 0.267717 
vn -0.0708661 0.968504 0.251969 
vn 0 0.968504 0.251969 
vn 0.0708661 0.968504 0.251969 
vn -0.409449 0.614173 0.677165 
vn -0.590551 0.543307 0.598425 
vn 0.574803 0.653543 0.488189 
vn 0.488189 0.80315 0.346457 
vn -0.015748 0.464567 0.889764 
vn -0.275591 0.858268 0.425197 
vn 0.204724 0.897638 0.385827 
vn -0.76378 0.559055 0.322835 
vn -0.448819 0.740157 0.496063 
vn 0.0708661 0.952756 0.299213 
vn 0 0.661417 0.755906 
vn 0 0.96063 0.267717 
vn 0.0708661 0.968504 0.251969 
vn 0.322835 0.905512 0.283465 
vn 0.244094 0.740157 0.622047 
vn 0.0314961 0.740157 0.669291 
vn 0 0.968504 0.251969 
vn 0 0.732283 0.685039 
vn -0.0314961 0.740157 0.669291 
vn -0.0708661 0.968504 0.251969 
vn -0.244094 0.740157 0.622047 
vn -0.440945 0.724409 0.527559 
vn -0.259843 0.740157 0.622047 
vn 0 0.76378 0.645669 
vn 0 1 0 
vn -0.346457 0.937008 0 
vn 0 0.76378 -0.645669 
vn 0.346457 0.937008 0 
vn 0.267717 0.724409 -0.629921 
vn -0.267717 0.724409 -0.629921 
vn -0.582677 0.811024 -0.00787402 
vn -0.84252 0.543307 -0.015748 
vn 0.582677 0.811024 -0.00787402 
vn 0.84252 0.543307 -0.015748 
vn -0.748031 0.488189 -0.456693 
vn -0.472441 0.661417 -0.582677 
vn 0 -1 0.015748 
vn -0.559055 0.645669 0.511811 
vn -0.551181 0.480315 0.685039 
vn -0.566929 0.748031 0.338583 
vn -0.488189 0.80315 0.346457 
vn -0.322835 0.905512 0.283465 
vn -0.204724 0.897638 0.385827 
vn -0.0708661 0.952756 0.299213 
vn 0.559055 0.645669 0.511811 
vn 0.244094 0.740157 0.622047 
vn 0.566929 0.748031 0.338583 
vn 0.488189 0.80315 0.346457 
vn 0.322835 0.905512 0.283465 
vn 0.204724 0.897638 0.385827 
vn 0.0708661 0.952756 0.299213 
vn 0 -0.299213 0.952756 
vn 0 -0.299213 0.952756 
vn 0 0 1 
vn -1 0.00787402 0.00787402 
vn -0.929134 0.307087 0.204724 
vn -1 0.0551181 0.0393701 
vn -0.251969 0.80315 0.543307 
vn -0.559055 -0.692913 0.456693 
vn -0.645669 -0.220472 0.732283 
vn -0.692913 0 0.716535 
vn -0.677165 0.0866142 0.732283 
vn -0.574803 0.440945 0.685039 
vn -0.102362 0 0.992126 
vn -0.0944882 0.125984 0.984252 
vn -0.00787402 0.582677 0.811024 
vn 0 0.141732 0.992126 
vn 0.023622 0.645669 0.76378 
vn 0 0.141732 0.992126 
vn 0 0 1 
vn 0 -0.299213 0.952756 
vn 0 0 1 
vn 0 0 1 
vn 0 -0.299213 0.952756 
vn 0 -0.299213 0.952756 
vn 0 -0.84252 0.535433 
vn -0.102362 -0.291339 0.952756 
vn -0.0629921 -0.834646 0.551181 
vn 0 -0.84252 0.535433 
vn 0 -0.84252 0.535433 
vn 0.102362 -0.291339 0.952756 
vn 0.0629921 -0.834646 0.551181 
vn 0.559055 -0.692913 0.456693 
vn 0.102362 0 0.992126 
vn 0 0.141732 0.992126 
vn 0.0944882 0.125984 0.984252 
vn 0.677165 0.0866142 0.732283 
vn 0.692913 0 0.716535 
vn 0.645669 -0.220472 0.732283 
vn 0.590551 -0.80315 0.0472441 
vn 0.346457 0.937008 0 
vn 0.440945 0.724409 0.527559 
vn 0.84252 0.543307 -0.015748 
vn 0.76378 0.559055 0.322835 
vn 0.259843 0.740157 0.622047 
vn 0 0.76378 0.645669 
vn 0 0.267717 0.96063 
vn 0.0472441 0.299213 0.952756 
vn 0 0.283465 0.96063 
vn 0.015748 0.464567 0.889764 
vn -0.0314961 0.307087 0.952756 
vn 0 0.732283 0.685039 
vn -0.0314961 0.740157 0.669291 
vn -0.244094 0.740157 0.622047 
vn -0.259843 0.385827 0.88189 
vn 0.590551 0.543307 0.598425 
vn -0.417323 0.527559 0.740157 
vn 0.409449 0.614173 0.677165 
vn -0.574803 0.653543 0.488189 
vn 0.937008 0.259843 0.220472 
vn 1 0.00787402 0.00787402 
vn 0.929134 0.307087 0.204724 
vn 1 0.0551181 0.0393701 
vn 0.448819 0.740157 0.496063 
vn 0.574803 0.440945 0.685039 
vn 0.677165 0.0866142 0.732283 
vn 0.0944882 0.125984 0.984252 
vn 0.00787402 0.582677 0.811024 
vn 0 0.141732 0.992126 
vn -0.023622 0.645669 0.76378 
vn 0 0.141732 0.992126 
vn 0 0 1 
vn 0 0.661417 0.755906 
vn -0.409449 0.614173 0.677165 
vn -0.590551 0.543307 0.598425 
vn 0.574803 0.653543 0.488189 
vn 0.417323 0.527559 0.740157 
vn -0.015748 0.464567 0.889764 
vn -0.76378 0.559055 0.322835 
vn -0.448819 0.740157 0.496063 
vn 0 0.661417 0.755906 
vn 0.244094 0.740157 0.622047 
vn 0.0314961 0.740157 0.669291 
vn 0.0314961 0.307087 0.952756 
vn 0 0.732283 0.685039 
vn 0 0.283465 0.96063 
vn 0.259843 0.385827 0.88189 
vn -0.244094 0.740157 0.622047 
vn -0.0472441 0.299213 0.952756 
vn 0 0.267717 0.96063 
vn -0.440945 0.724409 0.527559 
vn -0.259843 0.740157 0.622047 
vn 0 0.76378 0.645669 
vn -0.346457 0.937008 0 
vn -0.748031 0.488189 -0.456693 
vn 0 -1 0.015748 
vn -0.259843 0.385827 0.88189 
vn -0.559055 0.645669 0.511811 
vn -0.551181 0.480315 0.685039 
vn -0.417323 0.527559 0.740157 
vn 0.015748 0.464567 0.889764 
vn 0.559055 0.645669 0.511811 
vn 0.259843 0.385827 0.88189 
vn 0.551181 0.480315 0.685039 
vn 0.417323 0.527559 0.740157 
vn -0.015748 0.464567 0.889764 
vn 0.244094 0.740157 0.622047 
vn -0.944882 -0.291339 -0.133858 
vn -0.732283 -0.322835 -0.598425 
vn -0.519685 -0.755906 -0.393701 
vn 0.952756 0.19685 -0.228346 
vn 0.503937 0.23622 -0.834646 
vn 0.748031 0.488189 -0.456693 
vn -0.96063 0.220472 0.173228 
vn -1 0.0393701 0.00787402 
vn -1 0.0472441 0.015748 
vn -1 0.00787402 0 
vn -0.937008 0.259843 0.220472 
vn -0.976378 0.19685 0.0708661 
vn -1 0.0629921 0.0472441 
vn -1 0.00787402 0.00787402 
vn -0.929134 0.307087 0.204724 
vn -1 0.0551181 0.0393701 
vn -0.251969 0.80315 0.543307 
vn -1 0.0708661 0.0393701 
vn -0.92126 0.346457 0.188976 
vn -1 0.0314961 0.0314961 
vn -0.779528 0 -0.629921 
vn -0.779528 -0.0393701 -0.629921 
vn -0.732283 -0.322835 -0.598425 
vn -0.992126 -0.0314961 -0.149606 
vn -0.944882 -0.291339 -0.133858 
vn -0.779528 0 -0.629921 
vn -0.779528 0 -0.629921 
vn -0.779528 0.00787402 -0.629921 
vn -0.992126 0.00787402 -0.149606 
vn -0.992126 0.0314961 -0.141732 
vn -1 0.00787402 -0.015748 
vn -0.992126 0 -0.149606 
vn -1 0 -0.015748 
vn -0.992126 0 -0.149606 
vn -0.992126 0 -0.149606 
vn -1 0 -0.015748 
vn -1 0 0 
vn -1 0 -0.015748 
vn -1 0 0 
vn -1 0 0 
vn -1 0.00787402 0.023622 
vn -1 -0.0314961 -0.015748 
vn -1 0 0 
vn -1 0 0 
vn -0.952756 -0.307087 0 
vn -0.590551 -0.811024 0 
vn -0.952756 -0.307087 0 
vn -0.590551 -0.80315 0.015748 
vn -1 -0.0314961 0 
vn -0.590551 -0.80315 0.0472441 
vn -0.952756 -0.291339 0.023622 
vn -0.850394 -0.503937 0.141732 
vn -1 -0.0314961 0.023622 
vn -1 0 0.023622 
vn -0.984252 0 0.15748 
vn -0.984252 0.015748 0.165354 
vn -0.984252 -0.0708661 0.173228 
vn -0.559055 -0.692913 0.456693 
vn -0.645669 -0.220472 0.732283 
vn -0.692913 0 0.716535 
vn -0.677165 0.0866142 0.732283 
vn -0.574803 0.440945 0.685039 
vn 0.0944882 0.125984 0.984252 
vn 0.149606 -0.858268 -0.496063 
vn 0.84252 0.543307 -0.015748 
vn 0.590551 0.543307 0.598425 
vn -0.574803 0.653543 0.488189 
vn -0.409449 0.614173 0.677165 
vn -0.590551 0.543307 0.598425 
vn -0.275591 0.858268 0.425197 
vn -0.76378 0.559055 0.322835 
vn -0.937008 0.291339 0.188976 
vn -0.448819 0.740157 0.496063 
vn -0.976378 0.11811 0.188976 
vn -0.84252 0.543307 -0.015748 
vn -0.984252 0.181102 -0.015748 
vn -0.748031 0.488189 -0.456693 
vn -1 0.0314961 -0.015748 
vn -0.952756 0.19685 -0.228346 
vn -0.503937 0.23622 -0.834646 
vn -0.787402 0.110236 -0.606299 
vn -0.779528 0.0314961 -0.622047 
vn -1 0 0.023622 
vn -1 0 0 
vn -1 -0.0314961 0 
vn -0.952756 -0.299213 -0.015748 
vn -0.590551 -0.795276 -0.110236 
vn -0.519685 -0.755906 -0.393701 
vn -0.590551 -0.811024 -0.015748 
vn -0.590551 -0.811024 0 
vn 0 -1 0.015748 
vn 0.259843 0.0472441 -0.968504 
vn -0.559055 0.645669 0.511811 
vn -0.551181 0.480315 0.685039 
vn -0.417323 0.527559 0.740157 
vn -0.574803 0.653543 0.488189 
vn -0.566929 0.748031 0.338583 
vn -0.488189 0.80315 0.346457 
vn 0 -0.299213 0.952756 
vn -0.732283 -0.322835 -0.598425 
vn -0.519685 -0.755906 -0.393701 
vn 0 -0.874016 -0.480315 
vn 0 -0.409449 -0.913386 
vn 0 -0.874016 -0.480315 
vn -0.00787402 -0.874016 -0.480315 
vn -0.590551 -0.811024 0 
vn -0.590551 -0.80315 0.015748 
vn -0.590551 -0.80315 0.0472441 
vn -0.850394 -0.503937 0.141732 
vn -0.559055 -0.692913 0.456693 
vn -0.228346 -0.968504 0.110236 
vn -0.645669 -0.220472 0.732283 
vn -0.692913 0 0.716535 
vn 0 -0.84252 0.535433 
vn -0.0629921 -0.834646 0.551181 
vn -0.015748 -0.992126 0.0944882 
vn 0 -0.84252 0.535433 
vn 0 -0.992126 0.0866142 
vn 0 -0.992126 0.0866142 
vn 0 -0.84252 0.535433 
vn 0 -0.992126 0.0866142 
vn 0.559055 -0.692913 0.456693 
vn 0.0944882 0.125984 0.984252 
vn 0.645669 -0.220472 0.732283 
vn 0.984252 -0.0708661 0.173228 
vn 0.952756 -0.307087 0 
vn 0.952756 -0.291339 0.023622 
vn 0.590551 -0.80315 0.015748 
vn 0.590551 -0.80315 0.0472441 
vn 0.850394 -0.503937 0.141732 
vn 0.228346 -0.968504 0.110236 
vn 0.015748 -0.992126 0.0944882 
vn 0.952756 -0.299213 -0.015748 
vn 0.590551 -0.811024 -0.015748 
vn 0.590551 -0.795276 -0.110236 
vn 0.11811 -0.992126 -0.00787402 
vn 0.110236 -0.992126 -0.0944882 
vn 0.00787402 -1 -0.00787402 
vn 0.00787402 -0.992126 -0.102362 
vn 0 -0.992126 -0.102362 
vn 0.149606 -0.858268 -0.496063 
vn 0 -0.874016 -0.480315 
vn 0.00787402 -0.874016 -0.480315 
vn -0.228346 -0.968504 0.110236 
vn -0.850394 -0.503937 0.141732 
vn -0.590551 -0.80315 0.0472441 
vn -0.015748 -0.992126 0.0944882 
vn -0.559055 -0.692913 0.456693 
vn -0.574803 0.653543 0.488189 
vn 0.275591 0.858268 0.425197 
vn 0 -0.992126 0.0866142 
vn 0 -0.84252 0.535433 
vn 0 -0.992126 0.0866142 
vn 0.015748 -0.992126 0.0944882 
vn 0 -0.84252 0.535433 
vn 0.0629921 -0.834646 0.551181 
vn 0.559055 -0.692913 0.456693 
vn 0.732283 -0.322835 -0.598425 
vn 0.944882 -0.291339 -0.133858 
vn -0.590551 -0.795276 -0.110236 
vn -0.519685 -0.755906 -0.393701 
vn -0.590551 -0.811024 -0.015748 
vn -0.110236 -0.992126 -0.0944882 
vn -0.149606 -0.858268 -0.496063 
vn -0.11811 -0.992126 -0.00787402 
vn -0.590551 -0.811024 0 
vn -0.00787402 -0.992126 -0.102362 
vn -0.00787402 -0.874016 -0.480315 
vn -0.00787402 -1 -0.00787402 
vn 0 -0.992126 -0.102362 
vn 0 -0.874016 -0.480315 
vn 0 -0.874016 -0.480315 
vn 0 -1 -0.00787402 
vn 0 -0.992126 -0.102362 
vn -0.00787402 -1 0 
vn 0 -1 -0.00787402 
vn 0 -1 -0.00787402 
vn 0 -1 0 
vn 0 -1 0 
vn 0 -1 0 
vn 0 -1 0 
vn 0 -1 0.015748 
vn 0 -1 0.015748 
vn 0 -0.992126 0.0866142 
vn 0 -0.992126 0.0866142 
vn -0.015748 -0.992126 0.0944882 
vn -0.00787402 -1 0.015748 
vn -0.228346 -0.968504 0.110236 
vn -0.00787402 -1 0 
vn -0.110236 -0.992126 0.015748 
vn -0.11811 -0.992126 0 
vn -0.11811 -0.992126 0 
vn 0 -0.992126 -0.102362 
vn 0 -0.874016 -0.480315 
vn 0 -0.992126 -0.102362 
vn 0 -0.874016 -0.480315 
vn 0 -0.992126 -0.102362 
vn 0.00787402 -1 -0.00787402 
vn 0 -1 -0.00787402 
vn 0.00787402 -1 0 
vn 0.11811 -0.992126 -0.00787402 
vn 0 -1 0 
vn 0 -1 -0.00787402 
vn 0 -1 0 
vn 0 -1 0 
vn 0 -1 0 
vn 0 -1 0.015748 
vn 0.00787402 -1 0 
vn 0.11811 -0.992126 0 
vn 0.590551 -0.811024 0 
vn 0.590551 -0.811024 -0.015748 
vn 0.590551 -0.811024 0 
vn 0.11811 -0.992126 0 
vn 0.590551 -0.80315 0.015748 
vn 0.110236 -0.992126 0.015748 
vn 0.590551 -0.80315 0.0472441 
vn 0.228346 -0.968504 0.110236 
vn 0.00787402 -1 0.015748 
vn 0.015748 -0.992126 0.0944882 
vn 0 -1 0.015748 
vn 0 -0.992126 0.0866142 
vn 0 -0.992126 0.0866142 
vn 0.590551 -0.795276 -0.110236 
vn 0.519685 -0.755906 -0.393701 
vn 0.110236 -0.992126 -0.0944882 
vn 0.149606 -0.858268 -0.496063 
vn -0.732283 -0.322835 -0.598425 
vn -0.519685 -0.755906 -0.393701 
vn -0.220472 -0.377953 -0.897638 
vn -0.149606 -0.858268 -0.496063 
vn -0.244094 -0.0472441 -0.968504 
vn 0.779528 0.00787402 -0.629921 
vn 0.779528 0.0314961 -0.622047 
vn 0.779528 0 -0.629921 
vn 0.779528 0 -0.629921 
vn 0.952756 0.19685 -0.228346 
vn 0.787402 0.110236 -0.606299 
vn 0.503937 0.23622 -0.834646 
vn 0.748031 0.488189 -0.456693 
vn 0 -0.874016 -0.480315 
vn 0 -0.409449 -0.913386 
vn 0 -0.874016 -0.480315 
vn 0 -0.409449 -0.913386 
vn 0 -0.0472441 -1 
vn -0.00787402 -0.874016 -0.480315 
vn -0.015748 -0.0472441 -1 
vn -0.015748 -0.409449 -0.913386 
vn -0.149606 -0.858268 -0.496063 
vn -0.220472 -0.377953 -0.897638 
vn -0.244094 -0.0472441 -0.968504 
vn -0.015748 0 -1 
vn -0.244094 0 -0.968504 
vn -0.244094 0 -0.968504 
vn -0.779528 0 -0.629921 
vn -0.779528 -0.0393701 -0.629921 
vn -0.732283 -0.322835 -0.598425 
vn -0.779528 0 -0.629921 
vn -0.779528 0 -0.629921 
vn -0.244094 0 -0.968504 
vn -0.779528 0.00787402 -0.629921 
vn 0.149606 -0.858268 -0.496063 
vn 0 -0.874016 -0.480315 
vn 0.015748 -0.409449 -0.913386 
vn 0.149606 -0.858268 -0.496063 
vn 0.00787402 -0.874016 -0.480315 
vn 0 -0.409449 -0.913386 
vn 0 -0.874016 -0.480315 
vn 0 -0.409449 -0.913386 
vn 0 -0.874016 -0.480315 
vn -0.267717 0.724409 -0.629921 
vn 0 0.76378 -0.645669 
vn 0 0.23622 -0.968504 
vn 0.267717 0.724409 -0.629921 
vn 0.0866142 0.23622 -0.968504 
vn 0.472441 0.661417 -0.582677 
vn 0.748031 0.488189 -0.456693 
vn 0.346457 0.937008 0 
vn 0.503937 0.23622 -0.834646 
vn 0.181102 0.251969 -0.952756 
vn 0.84252 0.543307 -0.015748 
vn 0 0 -1 
vn 0 -0.0472441 -1 
vn 0 -0.0472441 -1 
vn -0.346457 0.937008 0 
vn 0.267717 0.724409 -0.629921 
vn -0.267717 0.724409 -0.629921 
vn 0.472441 0.661417 -0.582677 
vn 0.0866142 0.23622 -0.968504 
vn 0.181102 0.251969 -0.952756 
vn -0.748031 0.488189 -0.456693 
vn -0.503937 0.23622 -0.834646 
vn -0.181102 0.251969 -0.952756 
vn -0.787402 0.110236 -0.606299 
vn -0.472441 0.661417 -0.582677 
vn -0.0866142 0.23622 -0.968504 
vn 0 0.23622 -0.968504 
vn -0.779528 0.0314961 -0.622047 
vn -0.259843 0.0472441 -0.968504 
vn -0.503937 0.23622 -0.834646 
vn -0.0393701 0.0472441 -1 
vn -0.181102 0.251969 -0.952756 
vn -0.244094 0.00787402 -0.968504 
vn -0.015748 0.00787402 -1 
vn -0.00787402 0.0393701 -1 
vn -0.0866142 0.23622 -0.968504 
vn 0 0.0393701 -1 
vn 0 0.23622 -0.968504 
vn 0 0.00787402 -1 
vn 0 0.00787402 -1 
vn 0 0 -1 
vn 0 0 -1 
vn 0 0 -1 
vn -0.015748 0 -1 
vn 0 0 -1 
vn 0 0 -1 
vn -0.015748 0 -1 
vn 0 0 -1 
vn 0 0 -1 
vn 0 -0.0472441 -1 
vn 0 -0.0472441 -1 
vn 0 0 -1 
vn 0.015748 0 -1 
vn 0.015748 0 -1 
vn 0.244094 0 -0.968504 
vn 0.015748 -0.0472441 -1 
vn 0.244094 0 -0.968504 
vn 0.779528 0 -0.629921 
vn 0.244094 -0.0472441 -0.968504 
vn 0 -0.409449 -0.913386 
vn 0 -0.874016 -0.480315 
vn 0.015748 -0.409449 -0.913386 
vn 0.220472 -0.377953 -0.897638 
vn 0.149606 -0.858268 -0.496063 
vn 0.732283 -0.322835 -0.598425 
vn 0.519685 -0.755906 -0.393701 
vn 0.944882 -0.291339 -0.133858 
vn 0.732283 -0.322835 -0.598425 
vn 0.779528 -0.0393701 -0.629921 
vn 0.244094 -0.0472441 -0.968504 
vn 0.779528 0 -0.629921 
vn 0.779528 0 -0.629921 
vn 0.244094 0 -0.968504 
vn 0.779528 0 -0.629921 
vn 0.244094 0 -0.968504 
vn 0.015748 0 -1 
vn 0.779528 0.00787402 -0.629921 
vn 0.015748 0 -1 
vn 0.244094 0.00787402 -0.968504 
vn 0.779528 0.0314961 -0.622047 
vn 0 0 -1 
vn 0.787402 0.110236 -0.606299 
vn 0.259843 0.0472441 -0.968504 
vn 0.503937 0.23622 -0.834646 
vn 0.015748 0.00787402 -1 
vn 0 0 -1 
vn 0 0 -1 
vn 0 0 -1 
vn 0 0 -1 
vn 0.0393701 0.0472441 -1 
vn 0.181102 0.251969 -0.952756 
vn 0 0.00787402 -1 
vn 0 0.00787402 -1 
vn 0.00787402 0.0393701 -1 
vn 0.0866142 0.23622 -0.968504 
vn 0 0.0393701 -1 
vn 0 0.23622 -0.968504 

vt 26.2066 -8.99822 
vt 26.225 -9.08135 
vt 26.2242 -8.99685 
vt 26.2067 -9.08252 
vt 26.225 -9.13747 
vt 26.1821 -9.08268 
vt 26.2067 -9.13762 
vt 26.225 -9.16772 
vt 26.2062 -8.91855 
vt 26.2207 -8.93224 
vt 26.1821 -8.99807 
vt 26.2242 -8.90493 
vt 26.1821 -8.91575 
vt 26.2066 -8.87044 
vt 26.0891 -9.08373 
vt 25.9801 -9.07426 
vt 25.9319 -9.06432 
vt 25.9535 -9.21658 
vt 25.8575 -9.215 
vt 25.8323 -9.20856 
vt 25.7813 -9.20874 
vt 25.7665 -9.16772 
vt 25.774 -9.16772 
vt 25.774 -9.1855 
vt 25.774 -9.19785 
vt 25.8271 -9.1855 
vt 25.8271 -9.16772 
vt 25.8271 -9.19785 
vt 25.9495 -9.1855 
vt 25.9495 -9.16772 
vt 26.0784 -9.1855 
vt 26.0784 -9.16772 
vt 25.9495 -9.19785 
vt 26.1498 -9.1855 
vt 26.1498 -9.16772 
vt 26.1821 -9.1855 
vt 26.1821 -9.16772 
vt 26.2067 -9.16772 
vt 26.1821 -9.13764 
vt 26.1498 -9.19785 
vt 26.1821 -9.19785 
vt 26.1498 -9.2088 
vt 26.0784 -9.19785 
vt 26.0784 -9.2088 
vt 26.0784 -9.2169 
vt 25.9505 -9.20874 
vt 25.9535 -9.21658 
vt 25.8575 -9.215 
vt 25.8323 -9.20856 
vt 26.1498 -9.2169 
vt 26.1821 -9.2088 
vt 26.1821 -9.2169 
vt 26.2062 -9.21658 
vt 26.2067 -8.80352 
vt 26.2066 -8.87044 
vt 26.1821 -8.86556 
vt 26.1821 -8.91575 
vt 26.1555 -8.86893 
vt 26.1556 -8.9177 
vt 26.1821 -8.99807 
vt 26.1379 -8.84899 
vt 26.1227 -8.9526 
vt 26.0692 -9.05553 
vt 26.1241 -8.89165 
vt 26.0809 -8.94317 
vt 26.023 -9.01358 
vt 26.1253 -8.93129 
vt 26.0115 -9.00556 
vt 26.1552 -8.99859 
vt 26.0855 -8.96617 
vt 26.1821 -9.08268 
vt 26.2066 -8.99822 
vt 26.152 -9.08293 
vt 26.1821 -9.13764 
vt 26.124 -9.00091 
vt 26.1501 -9.13769 
vt 26.1821 -9.16772 
vt 26.1498 -9.16772 
vt 26.0891 -9.08373 
vt 26.0798 -9.13839 
vt 26.0784 -9.16772 
vt 26.0942 -9.00307 
vt 26.023 -9.01801 
vt 26.0527 -9.04611 
vt 25.9801 -9.07426 
vt 25.9625 -9.10536 
vt 25.9319 -9.06432 
vt 25.9101 -9.05939 
vt 25.8605 -9.1051 
vt 25.9514 -9.14032 
vt 25.9495 -9.16772 
vt 25.8313 -9.14044 
vt 25.8271 -9.16772 
vt 25.8196 -9.10386 
vt 25.7798 -9.1403 
vt 25.774 -9.16772 
vt 26.023 -9.01358 
vt 26.0855 -8.95011 
vt 25.929 -9.06365 
vt 26.225 -9.1855 
vt 26.2242 -9.20856 
vt 26.2207 -9.215 
vt 26.2066 -9.20874 
vt 26.1498 -9.2169 
vt 26.0784 -9.2169 
vt 26.1498 -9.2088 
vt 25.9535 -9.21658 
vt 26.0784 -9.2088 
vt 26.1821 -9.19785 
vt 26.1821 -9.2088 
vt 26.2066 -9.20874 
vt 26.2062 -9.21658 
vt 26.2207 -9.215 
vt 26.2067 -9.19785 
vt 26.2242 -9.20856 
vt 26.1821 -9.1855 
vt 26.1498 -9.1855 
vt 26.225 -9.19785 
vt 26.225 -9.1855 
vt 26.2067 -9.1855 
vt 26.2067 -9.16772 
vt 26.225 -9.16772 
vt 26.2067 -9.13762 
vt 26.2242 -8.99685 
vt 26.2207 -8.93224 
vt 26.2314 -8.98664 
vt 26.05 -9.0379 
vt 26.05 -9.0379 
vt 26.0923 -8.98575 
vt 26.0855 -8.95011 
vt 26.023 -9.01358 
vt 25.9781 -9.07104 
vt 25.929 -9.06365 
vt 26 -8.76645 
vt 25.8097 -9.20619 
vt 25.8242 -9.20661 
vt 26.1908 -9.023 
vt 26.1773 -9.01147 
vt 26.1908 -8.93192 
vt 26.1759 -8.77404 
vt 26.1758 -8.77985 
vt 26.1403 -8.77383 
vt 26.0774 -8.77407 
vt 25.8593 -8.76645 
vt 25.8092 -8.82713 
vt 25.8121 -8.85746 
vt 26.0783 -9.20675 
vt 26 -9.20675 
vt 25.9217 -9.20675 
vt 25.8593 -9.18207 
vt 25.8593 -9.20675 
vt 25.8242 -9.20661 
vt 25.9217 -9.18207 
vt 25.8597 -9.15602 
vt 25.8241 -9.18207 
vt 25.8242 -9.15552 
vt 25.9226 -9.15711 
vt 26 -9.18207 
vt 26 -9.15737 
vt 26 -9.13909 
vt 25.8638 -9.12673 
vt 25.949 -9.1227 
vt 25.9597 -9.06915 
vt 25.9212 -9.06447 
vt 25.8241 -9.12415 
vt 25.8228 -9.08088 
vt 25.848 -9.023 
vt 25.8227 -9.01147 
vt 25.8092 -9.08552 
vt 25.8484 -8.92901 
vt 25.8092 -9.023 
vt 25.8228 -8.91008 
vt 25.8092 -8.8605 
vt 25.8638 -8.83416 
vt 25.8241 -8.81963 
vt 25.8242 -8.77985 
vt 25.8597 -8.77383 
vt 25.9226 -8.77407 
vt 26 -8.77404 
vt 25.9301 -8.82745 
vt 25.9047 -8.95687 
vt 26 -8.82713 
vt 25.949 -8.94916 
vt 26 -8.94847 
vt 26.051 -8.94916 
vt 26.1772 -9.08088 
vt 26.1759 -9.12415 
vt 26.152 -9.023 
vt 26.1516 -8.92901 
vt 26.1362 -9.12673 
vt 26.1772 -8.91008 
vt 26.1362 -8.83416 
vt 26.1758 -9.15552 
vt 26.1759 -8.81963 
vt 26.0699 -8.82745 
vt 26 -8.77404 
vt 26 -8.82713 
vt 26.051 -8.94916 
vt 26.0953 -8.95687 
vt 26.0788 -9.06447 
vt 26.0403 -9.06915 
vt 26 -8.94847 
vt 26 -9.06982 
vt 25.9597 -9.06915 
vt 25.949 -8.94916 
vt 25.9212 -9.06447 
vt 26.1403 -9.15602 
vt 26.0774 -9.15711 
vt 26 -9.15737 
vt 26 -9.18207 
vt 26.0783 -9.18207 
vt 26 -9.20675 
vt 25.9217 -9.18207 
vt 25.9217 -9.20675 
vt 26.0783 -9.20675 
vt 26.1407 -9.18207 
vt 26.1759 -9.18207 
vt 25.8593 -9.18207 
vt 25.8241 -9.18207 
vt 26.1758 -9.20661 
vt 26.1407 -9.20675 
vt 25.9217 -8.94955 
vt 25.8845 -9.05 
vt 25.8788 -9.09229 
vt 25.8788 -8.97805 
vt 25.8484 -8.92901 
vt 25.9047 -8.95687 
vt 25.8638 -8.83416 
vt 25.9301 -8.82745 
vt 26.1155 -9.05 
vt 26.0788 -9.06447 
vt 26.1212 -8.97805 
vt 26.1516 -8.92901 
vt 26.0953 -8.95687 
vt 26.1362 -8.83416 
vt 26.0699 -8.82745 
vt 26 -9.19785 
vt 26.0783 -9.19785 
vt 26 -9.1855 
vt 25.8035 -9.08373 
vt 25.8092 -9.01801 
vt 25.8042 -9.04611 
vt 25.8227 -9.00556 
vt 25.8242 -9.20874 
vt 25.8241 -9.19785 
vt 25.8241 -9.1855 
vt 25.8241 -9.16772 
vt 25.8242 -9.1403 
vt 25.8593 -9.1855 
vt 25.8593 -9.16772 
vt 25.8597 -9.14079 
vt 25.9217 -9.16772 
vt 25.9226 -9.14198 
vt 26 -9.16772 
vt 25.9217 -9.1855 
vt 25.9217 -9.19785 
vt 26 -9.1855 
vt 26.0783 -9.1855 
vt 26 -9.19785 
vt 26.0783 -9.19785 
vt 26 -9.2088 
vt 25.8593 -9.19785 
vt 25.8593 -9.2088 
vt 25.9217 -9.2088 
vt 26.0783 -9.2088 
vt 26.1407 -9.19785 
vt 26.1407 -9.2088 
vt 26.1758 -9.20874 
vt 26.1407 -9.1855 
vt 26.0783 -9.16772 
vt 26.1407 -9.16772 
vt 26.1759 -9.16772 
vt 26.1759 -9.1855 
vt 26.1759 -9.19785 
vt 26.1879 -9.215 
vt 26.0783 -8.79703 
vt 26.1403 -8.83739 
vt 26.1759 -8.86556 
vt 26.1758 -8.86893 
vt 26.0774 -8.80353 
vt 26 -8.78615 
vt 26 -8.83417 
vt 26.0699 -8.84899 
vt 26 -8.94394 
vt 26.1362 -8.88177 
vt 26.051 -8.9526 
vt 26 -9.05371 
vt 26.0403 -9.05553 
vt 26.0788 -9.05341 
vt 26.0953 -8.9699 
vt 26.1759 -8.89165 
vt 26.1516 -8.95011 
vt 26.1772 -8.94317 
vt 26.152 -9.01358 
vt 26.1908 -8.96617 
vt 26.1965 -9.08373 
vt 26.1908 -9.01801 
vt 26.1958 -9.04611 
vt 26.1759 -9.10386 
vt 26.1758 -9.1403 
vt 26.1759 -9.16772 
vt 26.1407 -9.16772 
vt 26.1403 -9.14079 
vt 26.0783 -9.16772 
vt 26.0774 -9.14198 
vt 26 -9.16772 
vt 26.0783 -9.1855 
vt 26 -9.14226 
vt 25.8228 -8.94317 
vt 25.8241 -8.89165 
vt 25.848 -9.01358 
vt 25.8484 -8.95011 
vt 25.8638 -8.88177 
vt 25.8242 -8.86893 
vt 25.8241 -9.10386 
vt 26 -9.14226 
vt 25.9212 -9.05341 
vt 25.9597 -9.05553 
vt 25.949 -8.9526 
vt 26 -9.05371 
vt 26 -8.94394 
vt 25.9047 -8.9699 
vt 26.0788 -9.05341 
vt 25.9301 -8.84899 
vt 26 -8.83417 
vt 25.8597 -8.83739 
vt 25.9226 -8.80353 
vt 26 -8.78615 
vt 25.9217 -8.79703 
vt 25.8242 -8.87044 
vt 26.0783 -9.22024 
vt 26.0953 -8.9699 
vt 26.1155 -9.0379 
vt 26.1212 -8.98575 
vt 26.1516 -8.95011 
vt 26.1362 -8.88177 
vt 25.8845 -9.0379 
vt 25.9047 -8.9699 
vt 25.8788 -8.98575 
vt 25.8484 -8.95011 
vt 25.8638 -8.88177 
vt 25.9212 -9.05341 
vt 25.7934 -9.20874 
vt 25.7758 -9.20856 
vt 25.7793 -9.215 
vt 25.7938 -8.91855 
vt 25.7758 -8.90493 
vt 25.7934 -8.87044 
vt 25.8747 -8.93129 
vt 25.8448 -8.99859 
vt 25.876 -9.00091 
vt 25.848 -9.08293 
vt 25.9145 -8.96617 
vt 25.8444 -8.9177 
vt 25.9058 -9.00307 
vt 25.9109 -9.08373 
vt 25.977 -9.01801 
vt 25.9473 -9.04611 
vt 25.9885 -9.00556 
vt 26.0199 -9.07426 
vt 26.0681 -9.06432 
vt 26.0375 -9.10536 
vt 25.775 -9.1855 
vt 25.775 -9.19785 
vt 25.7758 -9.20856 
vt 25.7933 -9.19785 
vt 25.7934 -9.20874 
vt 25.775 -9.16772 
vt 25.775 -9.13747 
vt 25.775 -9.08135 
vt 25.7933 -9.08252 
vt 25.7934 -8.99822 
vt 25.8179 -9.08268 
vt 25.7933 -9.13762 
vt 25.8179 -9.13764 
vt 25.7933 -9.16772 
vt 25.7933 -9.1855 
vt 25.8179 -9.16772 
vt 25.8499 -9.13769 
vt 25.8179 -9.1855 
vt 25.8502 -9.16772 
vt 25.9202 -9.13839 
vt 26.0486 -9.14032 
vt 25.8179 -9.19785 
vt 25.8502 -9.1855 
vt 25.9216 -9.16772 
vt 25.8502 -9.2088 
vt 25.9216 -9.2169 
vt 25.9216 -9.2088 
vt 26.0465 -9.21658 
vt 25.9216 -9.19785 
vt 26.1425 -9.215 
vt 26.0495 -9.20874 
vt 26.1677 -9.20856 
vt 26.0505 -9.19785 
vt 26.0505 -9.1855 
vt 26.1729 -9.1855 
vt 26.1729 -9.16772 
vt 26.1729 -9.19785 
vt 26.2187 -9.20874 
vt 26.226 -9.19785 
vt 26.226 -9.1855 
vt 26.226 -9.16772 
vt 26.2202 -9.1403 
vt 26.2335 -9.16772 
vt 25.7758 -9.21658 
vt 25.8179 -8.86556 
vt 25.8759 -8.89165 
vt 25.977 -9.01358 
vt 25.9191 -8.94317 
vt 25.8759 -8.89165 
vt 26.0899 -9.05939 
vt 25.8445 -8.86893 
vt 26.1395 -9.1051 
vt 26.1804 -9.10386 
vt 26.1687 -9.14044 
vt 25.8179 -8.86556 
vt 25.8179 -8.91575 
vt 25.7934 -8.87044 
vt 25.8179 -8.99807 
vt 25.7938 -8.91855 
vt 25.7758 -8.90493 
vt 25.7793 -8.93224 
vt 25.7758 -8.99685 
vt 26.0505 -9.16772 
vt 25.9216 -9.1855 
vt 25.8502 -9.19785 
vt 25.8179 -9.2088 
vt 25.7938 -9.21658 
vt 25.7793 -9.215 
vt 25.8179 -9.2169 
vt 25.8502 -9.2169 
vt 26.0505 -9.22024 
vt 25.7686 -8.98664 
vt 25.95 -9.0379 
vt 25.9077 -8.98575 
vt 25.9145 -8.95011 
vt 25.977 -9.01358 
vt 26.0219 -9.07104 
vt 26.071 -9.06365 
vt 26 -8.76645 
vt 25.8097 -9.22424 
vt 25.8121 -9.22068 
vt 25.9217 -9.22497 
vt 26 -9.23247 
vt 26 -9.22497 
vt 25.8593 -9.22497 
vt 25.8092 -9.07842 
vt 25.8097 -8.95348 
vt 25.8121 -8.85746 
vt 25.8097 -8.83232 
vt 25.8242 -8.78134 
vt 25.8245 -8.83232 
vt 25.8241 -8.77404 
vt 25.8241 -8.77404 
vt 26 -8.77404 
vt 25.8593 -8.77404 
vt 25.8593 -8.82713 
vt 25.9217 -8.77404 
vt 25.9217 -8.82713 
vt 26 -8.82713 
vt 26.0783 -8.77404 
vt 26.0783 -8.82713 
vt 26.1758 -8.78134 
vt 26.1407 -8.76645 
vt 26.1759 -8.77404 
vt 26.1908 -8.82713 
vt 26.1958 -9.07842 
vt 26.1951 -8.95053 
vt 26.1903 -8.95348 
vt 26.1879 -8.85746 
vt 26.1903 -8.83232 
vt 26.1755 -8.83232 
vt 26.1407 -8.82713 
vt 26.1958 -9.18207 
vt 26.1908 -9.18207 
vt 26.1903 -9.20619 
vt 26.1759 -9.18207 
vt 26.1758 -9.20661 
vt 26.1407 -9.18207 
vt 26.1407 -9.20675 
vt 26.0783 -9.20675 
vt 26.1755 -9.22424 
vt 26.0783 -9.22497 
vt 26.1407 -9.22497 
vt 25.8245 -8.83232 
vt 25.8097 -8.83232 
vt 25.8121 -8.85746 
vt 25.8593 -8.82713 
vt 25.8242 -8.78134 
vt 26.152 -9.023 
vt 26.1772 -8.91008 
vt 26.0783 -8.82713 
vt 26 -8.77404 
vt 26 -8.82713 
vt 26.1407 -8.82713 
vt 26.0783 -8.77404 
vt 26.1407 -8.77404 
vt 26.1758 -8.78134 
vt 26.1903 -9.22424 
vt 26.1951 -9.20661 
vt 25.8097 -9.20619 
vt 25.8121 -9.22068 
vt 25.8092 -9.18207 
vt 25.8242 -9.20661 
vt 25.8245 -9.22424 
vt 25.8241 -9.18207 
vt 25.8092 -9.14978 
vt 25.8593 -9.20675 
vt 25.8593 -9.22497 
vt 25.8593 -9.18207 
vt 25.9217 -9.20675 
vt 25.9217 -9.22497 
vt 26 -9.22497 
vt 25.9217 -9.18207 
vt 26 -9.20675 
vt 25.8593 -9.14978 
vt 26 -9.18207 
vt 26.0783 -9.18207 
vt 26 -9.14978 
vt 25.9217 -9.14978 
vt 26 -9.07842 
vt 25.9217 -9.07842 
vt 25.9217 -8.94955 
vt 26 -8.94955 
vt 25.9217 -8.82713 
vt 26 -8.82713 
vt 25.8593 -8.82713 
vt 25.8593 -8.94955 
vt 25.8245 -8.83232 
vt 25.8593 -9.07842 
vt 25.8242 -8.95053 
vt 25.8241 -9.07842 
vt 25.8241 -9.14978 
vt 25.9217 -9.20675 
vt 26 -9.22497 
vt 26 -9.20675 
vt 26.0783 -9.22497 
vt 26.0783 -9.20675 
vt 26.1407 -9.18207 
vt 26.0783 -9.18207 
vt 26.1407 -9.14978 
vt 26.1759 -9.18207 
vt 26 -9.14978 
vt 26 -9.18207 
vt 26.0783 -9.14978 
vt 26 -9.07842 
vt 26.0783 -9.07842 
vt 26 -8.94955 
vt 26.1407 -9.07842 
vt 26.1759 -9.14978 
vt 26.1908 -9.14978 
vt 26.1908 -9.18207 
vt 26.1908 -9.07842 
vt 26.1759 -9.07842 
vt 26.1903 -8.95348 
vt 26.1758 -8.95053 
vt 26.1879 -8.85746 
vt 26.1755 -8.83232 
vt 26.1407 -8.94955 
vt 26.1407 -8.82713 
vt 26.0783 -8.94955 
vt 26.0783 -8.82713 
vt 26 -8.82713 
vt 26.1903 -9.20619 
vt 26.1879 -9.22068 
vt 26.1758 -9.20661 
vt 26.1755 -9.22424 
vt 26.1903 -9.20856 
vt 26.1879 -9.215 
vt 26.1758 -9.20874 
vt 26.1755 -9.21658 
vt 26.1759 -9.19785 
vt 25.8092 -9.08135 
vt 25.8097 -8.99685 
vt 25.8092 -9.13747 
vt 25.8092 -9.16772 
vt 25.8097 -8.91855 
vt 25.8121 -8.93224 
vt 25.8245 -8.90493 
vt 25.8242 -8.87044 
vt 26.0783 -9.2169 
vt 26 -9.2088 
vt 26 -9.2169 
vt 26.0783 -9.2088 
vt 26.0783 -9.19785 
vt 26.1407 -9.2169 
vt 26.1407 -9.19785 
vt 26.1407 -9.2088 
vt 26.1755 -9.21658 
vt 26.1758 -9.20874 
vt 26.1759 -9.19785 
vt 26.1407 -9.1855 
vt 26.1759 -9.1855 
vt 26.1759 -9.16772 
vt 26.1908 -9.1855 
vt 26.1908 -9.19785 
vt 26.1903 -9.20856 
vt 26.1908 -9.16772 
vt 26.1908 -9.13747 
vt 26.1759 -9.1371 
vt 26.1908 -9.08135 
vt 25.8245 -9.21658 
vt 25.9217 -9.2169 
vt 25.8593 -9.2088 
vt 25.8245 -9.21658 
vt 25.8593 -9.2169 
vt 25.9217 -9.2088 
vt 25.9217 -9.2169 
vt 26 -9.2088 
vt 26 -9.2169 
vt 26.0783 -8.80352 
vt 26 -8.78615 
vt 26 -8.83417 
vt 25.9217 -8.80352 
vt 25.9217 -8.84896 
vt 25.8593 -8.8377 
vt 25.8242 -8.87044 
vt 25.9217 -8.79703 
vt 25.8245 -8.90493 
vt 25.8593 -8.87805 
vt 25.8241 -8.86556 
vt 26 -9.1855 
vt 25.9217 -9.19785 
vt 26 -9.19785 
vt 26.0783 -8.79703 
vt 25.9217 -8.80352 
vt 26.0783 -8.80352 
vt 25.8593 -8.8377 
vt 25.9217 -8.84896 
vt 25.8593 -8.87805 
vt 26.1758 -8.87044 
vt 26.1755 -8.90493 
vt 26.1407 -8.87805 
vt 26.1879 -8.93224 
vt 26.1407 -8.8377 
vt 26.0783 -8.84896 
vt 26 -8.83417 
vt 26.1903 -8.99685 
vt 26.1758 -8.98664 
vt 26.1755 -8.90493 
vt 26.1407 -8.97165 
vt 26.1407 -8.87805 
vt 26.1759 -9.07838 
vt 26.1407 -9.07355 
vt 26.0783 -8.95419 
vt 26.0783 -8.84896 
vt 26 -8.94532 
vt 26 -8.83417 
vt 26 -9.06477 
vt 26.0783 -9.06773 
vt 26 -9.1354 
vt 26.0783 -9.13577 
vt 26 -9.16772 
vt 26.1407 -9.1365 
vt 26.0783 -9.16772 
vt 26 -9.1855 
vt 26.1407 -9.16772 
vt 26.0783 -9.1855 
vt 25.9217 -9.1855 
vt 26 -9.19785 
vt 25.9217 -9.19785 
vt 25.9217 -9.16772 
vt 25.8593 -9.16772 
vt 25.8593 -9.1855 
vt 25.8241 -9.16772 
vt 25.8593 -9.19785 
vt 25.8241 -9.1855 
vt 25.8092 -9.1855 
vt 25.8241 -9.19785 
vt 25.9217 -9.2088 
vt 25.9217 -9.2169 
vt 25.8593 -9.2088 
vt 25.8242 -9.20874 
vt 25.8245 -9.21658 
vt 25.8097 -9.20856 
vt 25.8121 -9.215 
vt 25.8049 -9.20874 
vt 25.8097 -9.20856 
vt 25.8092 -9.19785 
vt 25.8241 -9.19785 
vt 25.8092 -9.1855 
vt 25.8092 -9.16772 
vt 25.8241 -9.16772 
vt 25.8092 -9.13747 
vt 25.8241 -9.1371 
vt 25.8593 -9.16772 
vt 25.8092 -9.08135 
vt 25.8593 -9.1365 
vt 25.8241 -9.07838 
vt 25.8097 -8.99685 
vt 25.9217 -9.16772 
vt 25.8121 -8.93224 
vt 25.8242 -8.98664 
vt 25.8245 -8.90493 
vt 25.8593 -9.07355 
vt 25.9217 -9.13577 
vt 26 -9.16772 
vt 25.9217 -9.1855 
vt 26 -9.1354 
vt 25.8593 -8.97165 
vt 25.8593 -8.87805 
vt 25.9217 -9.06773 
vt 26 -9.06477 
vt 25.9217 -8.95419 
vt 25.9217 -8.84896 
vt 26 -8.94532 
vt 26 -8.83417 

usemtl Cube0231Mtl

f 2633/2633/2633 2634/2634/2634 2635/2635/2635 
f 2634/2634/2634 2633/2633/2633 2636/2636/2636 
f 2636/2636/2636 2637/2637/2637 2634/2634/2634 
f 2633/2633/2633 2638/2638/2638 2636/2636/2636 
f 2638/2638/2638 2639/2639/2639 2636/2636/2636 
f 2637/2637/2637 2636/2636/2636 2639/2639/2639 
f 2639/2639/2639 2640/2640/2640 2637/2637/2637 
f 2641/2641/2641 2633/2633/2633 2642/2642/2642 
f 2641/2641/2641 2643/2643/2643 2633/2633/2633 
f 2644/2644/2644 2641/2641/2641 2642/2642/2642 
f 2645/2645/2645 2643/2643/2643 2641/2641/2641 
f 2644/2644/2644 2646/2646/2646 2641/2641/2641 
f 2646/2646/2646 2645/2645/2645 2641/2641/2641 
f 2656/2656/2656 2658/2658/2658 2655/2655/2655 
f 2657/2657/2657 2658/2658/2658 2656/2656/2656 
f 2659/2659/2659 2655/2655/2655 2658/2658/2658 
f 2653/2653/2653 2660/2660/2660 2657/2657/2657 
f 2658/2658/2658 2657/2657/2657 2660/2660/2660 
f 2658/2658/2658 2661/2661/2661 2659/2659/2659 
f 2660/2660/2660 2661/2661/2661 2658/2658/2658 
f 2662/2662/2662 2659/2659/2659 2661/2661/2661 
f 2661/2661/2661 2663/2663/2663 2662/2662/2662 
f 2664/2664/2664 2662/2662/2662 2663/2663/2663 
f 2661/2661/2661 2660/2660/2660 2665/2665/2665 
f 2665/2665/2665 2663/2663/2663 2661/2661/2661 
f 2666/2666/2666 2664/2664/2664 2663/2663/2663 
f 2664/2664/2664 2666/2666/2666 2667/2667/2667 
f 2666/2666/2666 2668/2668/2668 2667/2667/2667 
f 2669/2669/2669 2667/2667/2667 2668/2668/2668 
f 2668/2668/2668 2670/2670/2670 2669/2669/2669 
f 2670/2670/2670 2671/2671/2671 2669/2669/2669 
f 2671/2671/2671 2670/2670/2670 2639/2639/2639 
f 2639/2639/2639 2638/2638/2638 2671/2671/2671 
f 2666/2666/2666 2663/2663/2663 2672/2672/2672 
f 2672/2672/2672 2673/2673/2673 2666/2666/2666 
f 2674/2674/2674 2673/2673/2673 2672/2672/2672 
f 2675/2675/2675 2672/2672/2672 2663/2663/2663 
f 2675/2675/2675 2674/2674/2674 2672/2672/2672 
f 2663/2663/2663 2665/2665/2665 2675/2675/2675 
f 2674/2674/2674 2675/2675/2675 2676/2676/2676 
f 2677/2677/2677 2674/2674/2674 2676/2676/2676 
f 2675/2675/2675 2678/2678/2678 2676/2676/2676 
f 2678/2678/2678 2675/2675/2675 2665/2665/2665 
f 2679/2679/2679 2676/2676/2676 2678/2678/2678 
f 2680/2680/2680 2679/2679/2679 2678/2678/2678 
f 2665/2665/2665 2681/2681/2681 2678/2678/2678 
f 2678/2678/2678 2681/2681/2681 2680/2680/2680 
f 2681/2681/2681 2665/2665/2665 2660/2660/2660 
f 2660/2660/2660 2653/2653/2653 2681/2681/2681 
f 2682/2682/2682 2683/2683/2683 2674/2674/2674 
f 2683/2683/2683 2682/2682/2682 2684/2684/2684 
f 2684/2684/2684 2685/2685/2685 2683/2683/2683 
f 2688/2688/2688 2689/2689/2689 2687/2687/2687 
f 2690/2690/2690 2689/2689/2689 2688/2688/2688 
f 2689/2689/2689 2690/2690/2690 2691/2691/2691 
f 2691/2691/2691 2692/2692/2692 2689/2689/2689 
f 2696/2696/2696 2691/2691/2691 2690/2690/2690 
f 2691/2691/2691 2696/2696/2696 2699/2699/2699 
f 2697/2697/2697 2699/2699/2699 2696/2696/2696 
f 2699/2699/2699 2701/2701/2701 2691/2691/2691 
f 2692/2692/2692 2691/2691/2691 2701/2701/2701 
f 2699/2699/2699 2697/2697/2697 2702/2702/2702 
f 2700/2700/2700 2702/2702/2702 2697/2697/2697 
f 2701/2701/2701 2703/2703/2703 2692/2692/2692 
f 2703/2703/2703 2704/2704/2704 2692/2692/2692 
f 2703/2703/2703 2701/2701/2701 2705/2705/2705 
f 2705/2705/2705 2706/2706/2706 2703/2703/2703 
f 2701/2701/2701 2699/2699/2699 2707/2707/2707 
f 2707/2707/2707 2705/2705/2705 2701/2701/2701 
f 2699/2699/2699 2702/2702/2702 2707/2707/2707 
f 2706/2706/2706 2705/2705/2705 2708/2708/2708 
f 2708/2708/2708 2709/2709/2709 2706/2706/2706 
f 2709/2709/2709 2708/2708/2708 2710/2710/2710 
f 2711/2711/2711 2708/2708/2708 2705/2705/2705 
f 2705/2705/2705 2707/2707/2707 2711/2711/2711 
f 2712/2712/2712 2710/2710/2710 2708/2708/2708 
f 2708/2708/2708 2711/2711/2711 2712/2712/2712 
f 2710/2710/2710 2712/2712/2712 2713/2713/2713 
f 2702/2702/2702 2714/2714/2714 2707/2707/2707 
f 2714/2714/2714 2711/2711/2711 2707/2707/2707 
f 2715/2715/2715 2714/2714/2714 2702/2702/2702 
f 2711/2711/2711 2714/2714/2714 2716/2716/2716 
f 2714/2714/2714 2715/2715/2715 2716/2716/2716 
f 2702/2702/2702 2700/2700/2700 2715/2715/2715 
f 2717/2717/2717 2711/2711/2711 2716/2716/2716 
f 2715/2715/2715 2717/2717/2717 2716/2716/2716 
f 2718/2718/2718 2712/2712/2712 2711/2711/2711 
f 2711/2711/2711 2717/2717/2717 2718/2718/2718 
f 2717/2717/2717 2715/2715/2715 2719/2719/2719 
f 2700/2700/2700 2719/2719/2719 2715/2715/2715 
f 2719/2719/2719 2718/2718/2718 2717/2717/2717 
f 2700/2700/2700 2720/2720/2720 2719/2719/2719 
f 2718/2718/2718 2719/2719/2719 2721/2721/2721 
f 2721/2721/2721 2719/2719/2719 2720/2720/2720 
f 2712/2712/2712 2718/2718/2718 2722/2722/2722 
f 2721/2721/2721 2722/2722/2722 2718/2718/2718 
f 2722/2722/2722 2713/2713/2713 2712/2712/2712 
f 2713/2713/2713 2722/2722/2722 2723/2723/2723 
f 2724/2724/2724 2723/2723/2723 2722/2722/2722 
f 2722/2722/2722 2721/2721/2721 2724/2724/2724 
f 2723/2723/2723 2724/2724/2724 2725/2725/2725 
f 2720/2720/2720 2726/2726/2726 2721/2721/2721 
f 2726/2726/2726 2724/2724/2724 2721/2721/2721 
f 2727/2727/2727 2725/2725/2725 2724/2724/2724 
f 2724/2724/2724 2726/2726/2726 2727/2727/2727 
f 2725/2725/2725 2727/2727/2727 2728/2728/2728 
f 2640/2640/2640 2670/2670/2670 2732/2732/2732 
f 2733/2733/2733 2735/2735/2735 2734/2734/2734 
f 2738/2738/2738 2737/2737/2737 2736/2736/2736 
f 2740/2740/2740 2739/2739/2739 2737/2737/2737 
f 2741/2741/2741 2738/2738/2738 2742/2742/2742 
f 2742/2742/2742 2743/2743/2743 2741/2741/2741 
f 2743/2743/2743 2742/2742/2742 2744/2744/2744 
f 2744/2744/2744 2745/2745/2745 2743/2743/2743 
f 2746/2746/2746 2741/2741/2741 2743/2743/2743 
f 2746/2746/2746 2743/2743/2743 2747/2747/2747 
f 2741/2741/2741 2746/2746/2746 2748/2748/2748 
f 2748/2748/2748 2749/2749/2749 2741/2741/2741 
f 2750/2750/2750 2746/2746/2746 2747/2747/2747 
f 2752/2752/2752 2746/2746/2746 2750/2750/2750 
f 2751/2751/2751 2752/2752/2752 2750/2750/2750 
f 2752/2752/2752 2748/2748/2748 2746/2746/2746 
f 2753/2753/2753 2752/2752/2752 2751/2751/2751 
f 2753/2753/2753 2748/2748/2748 2752/2752/2752 
f 2754/2754/2754 2755/2755/2755 2753/2753/2753 
f 2704/2704/2704 2756/2756/2756 2757/2757/2757 
f 2763/2763/2763 2761/2761/2761 2762/2762/2762 
f 2761/2761/2761 2763/2763/2763 2760/2760/2760 
f 2763/2763/2763 2764/2764/2764 2760/2760/2760 
f 2763/2763/2763 2765/2765/2765 2764/2764/2764 
f 2781/2781/2781 2782/2782/2782 2783/2783/2783 
f 2782/2782/2782 2784/2784/2784 2783/2783/2783 
f 2782/2782/2782 2781/2781/2781 2785/2785/2785 
f 2785/2785/2785 2786/2786/2786 2782/2782/2782 
f 2788/2788/2788 2787/2787/2787 2782/2782/2782 
f 2786/2786/2786 2788/2788/2788 2782/2782/2782 
f 2786/2786/2786 2785/2785/2785 2789/2789/2789 
f 2790/2790/2790 2789/2789/2789 2785/2785/2785 
f 2789/2789/2789 2790/2790/2790 2791/2791/2791 
f 2788/2788/2788 2793/2793/2793 2797/2797/2797 
f 2798/2798/2798 2799/2799/2799 2800/2800/2800 
f 2802/2802/2802 2800/2800/2800 2799/2799/2799 
f 2800/2800/2800 2802/2802/2802 2804/2804/2804 
f 2806/2806/2806 2804/2804/2804 2802/2802/2802 
f 2804/2804/2804 2806/2806/2806 2807/2807/2807 
f 2807/2807/2807 2809/2809/2809 2808/2808/2808 
f 2809/2809/2809 2807/2807/2807 2806/2806/2806 
f 2810/2810/2810 2809/2809/2809 2806/2806/2806 
f 2810/2810/2810 2806/2806/2806 2812/2812/2812 
f 2811/2811/2811 2810/2810/2810 2812/2812/2812 
f 2806/2806/2806 2813/2813/2813 2812/2812/2812 
f 2811/2811/2811 2812/2812/2812 2814/2814/2814 
f 2812/2812/2812 2815/2815/2815 2814/2814/2814 
f 2814/2814/2814 2815/2815/2815 2816/2816/2816 
f 2817/2817/2817 2814/2814/2814 2816/2816/2816 
f 2820/2820/2820 2818/2818/2818 2770/2770/2770 
f 2821/2821/2821 2820/2820/2820 2770/2770/2770 
f 2821/2821/2821 2770/2770/2770 2823/2823/2823 
f 2823/2823/2823 2824/2824/2824 2821/2821/2821 
f 2822/2822/2822 2825/2825/2825 2819/2819/2819 
f 2824/2824/2824 2823/2823/2823 2826/2826/2826 
f 2774/2774/2774 2824/2824/2824 2826/2826/2826 
f 2773/2773/2773 2774/2774/2774 2826/2826/2826 
f 2775/2775/2775 2824/2824/2824 2774/2774/2774 
f 2824/2824/2824 2775/2775/2775 2827/2827/2827 
f 2828/2828/2828 2827/2827/2827 2775/2775/2775 
f 2827/2827/2827 2828/2828/2828 2829/2829/2829 
f 2829/2829/2829 2830/2830/2830 2827/2827/2827 
f 2831/2831/2831 2827/2827/2827 2830/2830/2830 
f 2830/2830/2830 2832/2832/2832 2831/2831/2831 
f 2832/2832/2832 2830/2830/2830 2833/2833/2833 
f 2834/2834/2834 2833/2833/2833 2830/2830/2830 
f 2833/2833/2833 2834/2834/2834 2835/2835/2835 
f 2834/2834/2834 2836/2836/2836 2835/2835/2835 
f 2837/2837/2837 2836/2836/2836 2834/2834/2834 
f 2838/2838/2838 2836/2836/2836 2837/2837/2837 
f 2842/2842/2842 2840/2840/2840 2841/2841/2841 
f 2840/2840/2840 2842/2842/2842 2843/2843/2843 
f 2843/2843/2843 2839/2839/2839 2840/2840/2840 
f 2843/2843/2843 2842/2842/2842 2844/2844/2844 
f 2842/2842/2842 2845/2845/2845 2844/2844/2844 
f 2846/2846/2846 2844/2844/2844 2845/2845/2845 
f 2843/2843/2843 2844/2844/2844 2847/2847/2847 
f 2839/2839/2839 2843/2843/2843 2848/2848/2848 
f 2848/2848/2848 2825/2825/2825 2839/2839/2839 
f 2847/2847/2847 2848/2848/2848 2843/2843/2843 
f 2825/2825/2825 2848/2848/2848 2849/2849/2849 
f 2768/2768/2768 2850/2850/2850 2851/2851/2851 
f 2848/2848/2848 2852/2852/2852 2849/2849/2849 
f 2852/2852/2852 2848/2848/2848 2853/2853/2853 
f 2848/2848/2848 2847/2847/2847 2853/2853/2853 
f 2838/2838/2838 2857/2857/2857 2855/2855/2855 
f 2857/2857/2857 2838/2838/2838 2859/2859/2859 
f 2858/2858/2858 2857/2857/2857 2859/2859/2859 
f 2858/2858/2858 2859/2859/2859 2860/2860/2860 
f 2859/2859/2859 2838/2838/2838 2837/2837/2837 
f 2859/2859/2859 2837/2837/2837 2861/2861/2861 
f 2864/2864/2864 2863/2863/2863 2862/2862/2862 
f 2866/2866/2866 2863/2863/2863 2864/2864/2864 
f 2865/2865/2865 2866/2866/2866 2864/2864/2864 
f 2866/2866/2866 2865/2865/2865 2867/2867/2867 
f 2868/2868/2868 2866/2866/2866 2867/2867/2867 
f 2869/2869/2869 2870/2870/2870 2871/2871/2871 
f 2881/2881/2881 2878/2878/2878 2877/2877/2877 
f 2881/2881/2881 2879/2879/2879 2878/2878/2878 
f 2882/2882/2882 2880/2880/2880 2879/2879/2879 
f 2879/2879/2879 2881/2881/2881 2882/2882/2882 
f 2880/2880/2880 2882/2882/2882 2883/2883/2883 
f 2882/2882/2882 2884/2884/2884 2883/2883/2883 
f 2884/2884/2884 2882/2882/2882 2881/2881/2881 
f 2885/2885/2885 2883/2883/2883 2884/2884/2884 
f 2884/2884/2884 2886/2886/2886 2885/2885/2885 
f 2884/2884/2884 2881/2881/2881 2887/2887/2887 
f 2886/2886/2886 2884/2884/2884 2887/2887/2887 
f 2881/2881/2881 2888/2888/2888 2887/2887/2887 
f 2886/2886/2886 2887/2887/2887 2889/2889/2889 
f 2889/2889/2889 2887/2887/2887 2888/2888/2888 
f 2890/2890/2890 2886/2886/2886 2889/2889/2889 
f 2889/2889/2889 2888/2888/2888 2891/2891/2891 
f 2890/2890/2890 2889/2889/2889 2892/2892/2892 
f 2891/2891/2891 2888/2888/2888 2893/2893/2893 
f 2892/2892/2892 2891/2891/2891 2893/2893/2893 
f 2888/2888/2888 2881/2881/2881 2894/2894/2894 
f 2881/2881/2881 2877/2877/2877 2894/2894/2894 
f 2876/2876/2876 2894/2894/2894 2877/2877/2877 
f 2894/2894/2894 2876/2876/2876 2895/2895/2895 
f 2894/2894/2894 2896/2896/2896 2888/2888/2888 
f 2896/2896/2896 2894/2894/2894 2895/2895/2895 
f 2896/2896/2896 2893/2893/2893 2888/2888/2888 
f 2892/2892/2892 2893/2893/2893 2897/2897/2897 
f 2897/2897/2897 2898/2898/2898 2892/2892/2892 
f 2898/2898/2898 2897/2897/2897 2899/2899/2899 
f 2892/2892/2892 2898/2898/2898 2890/2890/2890 
f 2900/2900/2900 2898/2898/2898 2899/2899/2899 
f 2901/2901/2901 2890/2890/2890 2898/2898/2898 
f 2890/2890/2890 2901/2901/2901 2902/2902/2902 
f 2903/2903/2903 2902/2902/2902 2901/2901/2901 
f 2904/2904/2904 2903/2903/2903 2901/2901/2901 
f 2904/2904/2904 2901/2901/2901 2905/2905/2905 
f 2898/2898/2898 2906/2906/2906 2901/2901/2901 
f 2905/2905/2905 2901/2901/2901 2906/2906/2906 
f 2898/2898/2898 2900/2900/2900 2906/2906/2906 
f 2912/2912/2912 2913/2913/2913 2914/2914/2914 
f 2912/2912/2912 2914/2914/2914 2915/2915/2915 
f 2915/2915/2915 2909/2909/2909 2912/2912/2912 
f 2915/2915/2915 2914/2914/2914 2916/2916/2916 
f 2909/2909/2909 2915/2915/2915 2917/2917/2917 
f 2917/2917/2917 2911/2911/2911 2909/2909/2909 
f 2915/2915/2915 2916/2916/2916 2918/2918/2918 
f 2918/2918/2918 2917/2917/2917 2915/2915/2915 
f 2919/2919/2919 2918/2918/2918 2916/2916/2916 
f 2918/2918/2918 2919/2919/2919 2920/2920/2920 
f 2921/2921/2921 2918/2918/2918 2920/2920/2920 
f 2918/2918/2918 2921/2921/2921 2922/2922/2922 
f 2917/2917/2917 2918/2918/2918 2922/2922/2922 
f 2924/2924/2924 2923/2923/2923 2917/2917/2917 
f 2923/2923/2923 2924/2924/2924 2925/2925/2925 
f 2926/2926/2926 2925/2925/2925 2924/2924/2924 
f 2932/2932/2932 2934/2934/2934 2933/2933/2933 
f 2932/2932/2932 2935/2935/2935 2934/2934/2934 
f 2935/2935/2935 2936/2936/2936 2934/2934/2934 
f 2936/2936/2936 2935/2935/2935 2937/2937/2937 
f 2937/2937/2937 2938/2938/2938 2936/2936/2936 
f 2938/2938/2938 2939/2939/2939 2936/2936/2936 
f 2938/2938/2938 2937/2937/2937 2940/2940/2940 
f 2941/2941/2941 2943/2943/2943 2944/2944/2944 
f 2942/2942/2942 2941/2941/2941 2944/2944/2944 
f 2944/2944/2944 2945/2945/2945 2942/2942/2942 
f 2948/2948/2948 2885/2885/2885 2886/2886/2886 
f 2951/2951/2951 2949/2949/2949 2950/2950/2950 
f 2952/2952/2952 2951/2951/2951 2950/2950/2950 
f 2951/2951/2951 2952/2952/2952 2953/2953/2953 
f 2949/2949/2949 2951/2951/2951 2954/2954/2954 
f 2945/2945/2945 2954/2954/2954 2951/2951/2951 
f 2953/2953/2953 2956/2956/2956 2951/2951/2951 
f 2945/2945/2945 2951/2951/2951 2956/2956/2956 
f 2956/2956/2956 2953/2953/2953 2957/2957/2957 
f 2958/2958/2958 2945/2945/2945 2956/2956/2956 
f 2957/2957/2957 2959/2959/2959 2956/2956/2956 
f 2958/2958/2958 2956/2956/2956 2959/2959/2959 
f 2959/2959/2959 2957/2957/2957 2960/2960/2960 
f 2946/2946/2946 2945/2945/2945 2958/2958/2958 
f 2964/2964/2964 2965/2965/2965 2966/2966/2966 
f 2967/2967/2967 2964/2964/2964 2966/2966/2966 
f 2964/2964/2964 2967/2967/2967 2968/2968/2968 
f 2965/2965/2965 2964/2964/2964 2955/2955/2955 
f 2969/2969/2969 2970/2970/2970 2971/2971/2971 
f 2970/2970/2970 2972/2972/2972 2971/2971/2971 
f 2972/2972/2972 2970/2970/2970 2973/2973/2973 
f 2974/2974/2974 2970/2970/2970 2969/2969/2969 
f 2975/2975/2975 2976/2976/2976 2977/2977/2977 
f 2981/2981/2981 2982/2982/2982 2983/2983/2983 
f 2982/2982/2982 2984/2984/2984 2983/2983/2983 
f 2983/2983/2983 2985/2985/2985 2981/2981/2981 
f 2982/2982/2982 2981/2981/2981 2986/2986/2986 
f 2985/2985/2985 2983/2983/2983 2987/2987/2987 
f 2983/2983/2983 2988/2988/2988 2987/2987/2987 
f 2983/2983/2983 2984/2984/2984 2988/2988/2988 
f 2989/2989/2989 2985/2985/2985 2987/2987/2987 
f 2987/2987/2987 2990/2990/2990 2989/2989/2989 
f 2990/2990/2990 2987/2987/2987 2988/2988/2988 
f 2991/2991/2991 2985/2985/2985 2989/2989/2989 
f 2992/2992/2992 2989/2989/2989 2990/2990/2990 
f 2988/2988/2988 2992/2992/2992 2990/2990/2990 
f 2989/2989/2989 2992/2992/2992 2993/2993/2993 
f 2991/2991/2991 2989/2989/2989 2993/2993/2993 
f 2992/2992/2992 2988/2988/2988 2994/2994/2994 
f 2994/2994/2994 2993/2993/2993 2992/2992/2992 
f 2996/2996/2996 2997/2997/2997 2998/2998/2998 
f 2998/2998/2998 2995/2995/2995 2996/2996/2996 
f 2998/2998/2998 2997/2997/2997 2999/2999/2999 
f 3001/3001/3001 3003/3003/3003 3002/3002/3002 
f 3004/3004/3004 3002/3002/3002 3003/3003/3003 
f 3005/3005/3005 3004/3004/3004 3003/3003/3003 
f 3003/3003/3003 3001/3001/3001 3006/3006/3006 
f 3006/3006/3006 3005/3005/3005 3003/3003/3003 
f 3000/3000/3000 3006/3006/3006 3001/3001/3001 
f 3005/3005/3005 3006/3006/3006 3007/3007/3007 
f 3006/3006/3006 3000/3000/3000 3008/3008/3008 
f 3000/3000/3000 2995/2995/2995 3008/3008/3008 
f 3006/3006/3006 3008/3008/3008 3007/3007/3007 
f 3007/3007/3007 2984/2984/2984 3005/3005/3005 
f 3008/3008/3008 2995/2995/2995 3009/3009/3009 
f 2995/2995/2995 2998/2998/2998 3009/3009/3009 
f 3007/3007/3007 3008/3008/3008 3010/3010/3010 
f 3009/3009/3009 3010/3010/3010 3008/3008/3008 
f 2984/2984/2984 3007/3007/3007 3011/3011/3011 
f 3010/3010/3010 3011/3011/3011 3007/3007/3007 
f 3011/3011/3011 2988/2988/2988 2984/2984/2984 
f 3010/3010/3010 3009/3009/3009 3012/3012/3012 
f 3012/3012/3012 3009/3009/3009 2998/2998/2998 
f 3011/3011/3011 3010/3010/3010 3013/3013/3013 
f 2988/2988/2988 3011/3011/3011 3014/3014/3014 
f 3014/3014/3014 3011/3011/3011 3013/3013/3013 
f 3014/3014/3014 2994/2994/2994 2988/2988/2988 
f 2994/2994/2994 3014/3014/3014 3015/3015/3015 
f 3012/3012/3012 2998/2998/2998 3016/3016/3016 
f 3017/3017/3017 3010/3010/3010 3012/3012/3012 
f 3010/3010/3010 3017/3017/3017 3013/3013/3013 
f 3016/3016/3016 3017/3017/3017 3012/3012/3012 
f 2999/2999/2999 3016/3016/3016 2998/2998/2998 
f 3018/3018/3018 3015/3015/3015 3014/3014/3014 
f 3014/3014/3014 3013/3013/3013 3018/3018/3018 
f 3019/3019/3019 3020/3020/3020 3021/3021/3021 
f 3022/3022/3022 3021/3021/3021 3020/3020/3020 
f 3023/3023/3023 3019/3019/3019 3021/3021/3021 
f 3024/3024/3024 3025/3025/3025 3022/3022/3022 
f 3021/3021/3021 3022/3022/3022 3025/3025/3025 
f 3025/3025/3025 3023/3023/3023 3021/3021/3021 
f 3026/3026/3026 3025/3025/3025 3024/3024/3024 
f 3023/3023/3023 3025/3025/3025 3027/3027/3027 
f 3025/3025/3025 3026/3026/3026 3027/3027/3027 
f 3028/3028/3028 3023/3023/3023 3027/3027/3027 
f 3029/3029/3029 3028/3028/3028 3027/3027/3027 
f 3030/3030/3030 3028/3028/3028 3029/3029/3029 
f 3031/3031/3031 3027/3027/3027 3026/3026/3026 
f 3029/3029/3029 3027/3027/3027 3031/3031/3031 
f 3032/3032/3032 3031/3031/3031 3026/3026/3026 
f 3033/3033/3033 3029/3029/3029 3031/3031/3031 
f 3031/3031/3031 3032/3032/3032 3033/3033/3033 
f 3034/3034/3034 3030/3030/3030 3029/3029/3029 
f 3029/3029/3029 3033/3033/3033 3034/3034/3034 
f 3030/3030/3030 3034/3034/3034 3035/3035/3035 
f 3036/3036/3036 3030/3030/3030 3035/3035/3035 
f 3042/3042/3042 2981/2981/2981 2985/2985/2985 
f 2985/2985/2985 2991/2991/2991 3042/3042/3042 
f 2981/2981/2981 3042/3042/3042 3043/3043/3043 
f 3043/3043/3043 2986/2986/2986 2981/2981/2981 
f 3044/3044/3044 2991/2991/2991 2993/2993/2993 
f 2986/2986/2986 3043/3043/3043 3045/3045/3045 
f 3046/3046/3046 3044/3044/3044 2993/2993/2993 
f 2993/2993/2993 2994/2994/2994 3046/3046/3046 
f 3047/3047/3047 3044/3044/3044 3046/3046/3046 
f 3015/3015/3015 3046/3046/3046 2994/2994/2994 
f 3048/3048/3048 3047/3047/3047 3046/3046/3046 
f 3046/3046/3046 3015/3015/3015 3048/3048/3048 
f 3047/3047/3047 3048/3048/3048 3036/3036/3036 
f 3030/3030/3030 3036/3036/3036 3048/3048/3048 
f 3050/3050/3050 3045/3045/3045 3049/3049/3049 
f 3045/3045/3045 3050/3050/3050 2986/2986/2986 
f 3051/3051/3051 3050/3050/3050 3049/3049/3049 
f 3052/3052/3052 2986/2986/2986 3050/3050/3050 
f 2986/2986/2986 3052/3052/3052 2982/2982/2982 
f 3053/3053/3053 3052/3052/3052 3050/3050/3050 
f 3050/3050/3050 3051/3051/3051 3053/3053/3053 
f 3005/3005/3005 2982/2982/2982 3052/3052/3052 
f 2982/2982/2982 3005/3005/3005 2984/2984/2984 
f 3052/3052/3052 3053/3053/3053 3004/3004/3004 
f 3004/3004/3004 3005/3005/3005 3052/3052/3052 
f 3053/3053/3053 3051/3051/3051 3054/3054/3054 
f 3054/3054/3054 3055/3055/3055 3053/3053/3053 
f 3004/3004/3004 3053/3053/3053 3055/3055/3055 
f 3004/3004/3004 3055/3055/3055 3056/3056/3056 
f 3002/3002/3002 3004/3004/3004 3056/3056/3056 
f 3015/3015/3015 3018/3018/3018 3057/3057/3057 
f 3048/3048/3048 3015/3015/3015 3057/3057/3057 
f 3048/3048/3048 3057/3057/3057 3030/3030/3030 
f 3018/3018/3018 3028/3028/3028 3057/3057/3057 
f 3028/3028/3028 3030/3030/3030 3057/3057/3057 
f 3018/3018/3018 3013/3013/3013 3058/3058/3058 
f 3017/3017/3017 3058/3058/3058 3013/3013/3013 
f 3028/3028/3028 3018/3018/3018 3058/3058/3058 
f 3058/3058/3058 3017/3017/3017 3059/3059/3059 
f 3017/3017/3017 3016/3016/3016 3059/3059/3059 
f 3023/3023/3023 3028/3028/3028 3058/3058/3058 
f 3058/3058/3058 3059/3059/3059 3023/3023/3023 
f 3059/3059/3059 3016/3016/3016 3060/3060/3060 
f 3016/3016/3016 2999/2999/2999 3060/3060/3060 
f 3019/3019/3019 3023/3023/3023 3059/3059/3059 
f 3059/3059/3059 3060/3060/3060 3019/3019/3019 
f 3060/3060/3060 2999/2999/2999 3061/3061/3061 
f 2999/2999/2999 3062/3062/3062 3061/3061/3061 
f 3060/3060/3060 3061/3061/3061 3063/3063/3063 
f 3064/3064/3064 3060/3060/3060 3063/3063/3063 
f 3060/3060/3060 3064/3064/3064 3019/3019/3019 
f 3020/3020/3020 3019/3019/3019 3064/3064/3064 
f 3068/3068/3068 3070/3070/3070 3069/3069/3069 
f 3070/3070/3070 3068/3068/3068 3067/3067/3067 
f 3071/3071/3071 3070/3070/3070 3067/3067/3067 
f 3070/3070/3070 3071/3071/3071 3072/3072/3072 
f 3083/3083/3083 3085/3085/3085 3084/3084/3084 
f 3084/3084/3084 3090/3090/3090 3089/3089/3089 
f 3090/3090/3090 3091/3091/3091 3089/3089/3089 
f 3090/3090/3090 3092/3092/3092 3091/3091/3091 
f 3092/3092/3092 3088/3088/3088 3091/3091/3091 
f 3092/3092/3092 3093/3093/3093 3088/3088/3088 
f 3088/3088/3088 3095/3095/3095 3094/3094/3094 
f 3104/3104/3104 3105/3105/3105 3103/3103/3103 
f 3105/3105/3105 3104/3104/3104 3096/3096/3096 
f 3096/3096/3096 3106/3106/3106 3105/3105/3105 
f 3110/3110/3110 3109/3109/3109 3108/3108/3108 
f 3109/3109/3109 3110/3110/3110 3111/3111/3111 
f 3112/3112/3112 3111/3111/3111 3110/3110/3110 
f 3111/3111/3111 3112/3112/3112 3113/3113/3113 
f 3112/3112/3112 3114/3114/3114 3113/3113/3113 
f 3113/3113/3113 3115/3115/3115 3111/3111/3111 
f 3116/3116/3116 3113/3113/3113 3114/3114/3114 
f 3115/3115/3115 3113/3113/3113 3117/3117/3117 
f 3113/3113/3113 3116/3116/3116 3117/3117/3117 
f 3118/3118/3118 3119/3119/3119 3120/3120/3120 
f 3121/3121/3121 3122/3122/3122 3118/3118/3118 
f 3125/3125/3125 3126/3126/3126 3127/3127/3127 
f 3128/3128/3128 3129/3129/3129 3125/3125/3125 
f 3129/3129/3129 3128/3128/3128 3130/3130/3130 
f 3128/3128/3128 3131/3131/3131 3130/3130/3130 
f 3137/3137/3137 3134/3134/3134 3135/3135/3135 
f 3135/3135/3135 3138/3138/3138 3137/3137/3137 
f 3134/3134/3134 3139/3139/3139 3136/3136/3136 
f 3134/3134/3134 3137/3137/3137 3139/3139/3139 
f 3139/3139/3139 3140/3140/3140 3136/3136/3136 
f 3138/3138/3138 3141/3141/3141 3137/3137/3137 
f 3138/3138/3138 3142/3142/3142 3141/3141/3141 
f 3137/3137/3137 3143/3143/3143 3139/3139/3139 
f 3137/3137/3137 3141/3141/3141 3143/3143/3143 
f 3142/3142/3142 3144/3144/3144 3141/3141/3141 
f 3144/3144/3144 3143/3143/3143 3141/3141/3141 
f 3142/3142/3142 3145/3145/3145 3144/3144/3144 
f 3146/3146/3146 3144/3144/3144 3145/3145/3145 
f 3143/3143/3143 3144/3144/3144 3147/3147/3147 
f 3148/3148/3148 3147/3147/3147 3144/3144/3144 
f 3139/3139/3139 3143/3143/3143 3149/3149/3149 
f 3147/3147/3147 3148/3148/3148 3150/3150/3150 
f 3148/3148/3148 3151/3151/3151 3150/3150/3150 
f 3151/3151/3151 3148/3148/3148 3114/3114/3114 
f 3152/3152/3152 3147/3147/3147 3150/3150/3150 
f 3153/3153/3153 3143/3143/3143 3147/3147/3147 
f 3147/3147/3147 3152/3152/3152 3153/3153/3153 
f 3143/3143/3143 3153/3153/3153 3149/3149/3149 
f 3154/3154/3154 3153/3153/3153 3152/3152/3152 
f 3153/3153/3153 3154/3154/3154 3155/3155/3155 
f 3155/3155/3155 3149/3149/3149 3153/3153/3153 
f 3154/3154/3154 3156/3156/3156 3155/3155/3155 
f 3156/3156/3156 3154/3154/3154 3157/3157/3157 
f 3157/3157/3157 3158/3158/3158 3156/3156/3156 
f 3158/3158/3158 3157/3157/3157 3159/3159/3159 
f 3160/3160/3160 3156/3156/3156 3158/3158/3158 
f 3156/3156/3156 3160/3160/3160 3161/3161/3161 
f 3161/3161/3161 3155/3155/3155 3156/3156/3156 
f 3162/3162/3162 3161/3161/3161 3160/3160/3160 
f 3149/3149/3149 3155/3155/3155 3163/3163/3163 
f 3155/3155/3155 3161/3161/3161 3163/3163/3163 
f 3161/3161/3161 3162/3162/3162 3164/3164/3164 
f 3164/3164/3164 3163/3163/3163 3161/3161/3161 
f 3082/3082/3082 3164/3164/3164 3162/3162/3162 
f 3165/3165/3165 3149/3149/3149 3163/3163/3163 
f 3163/3163/3163 3164/3164/3164 3165/3165/3165 
f 3149/3149/3149 3165/3165/3165 3166/3166/3166 
f 3139/3139/3139 3149/3149/3149 3166/3166/3166 
f 3140/3140/3140 3139/3139/3139 3166/3166/3166 
f 3166/3166/3166 3080/3080/3080 3140/3140/3140 
f 3080/3080/3080 3166/3166/3166 3165/3165/3165 
f 3081/3081/3081 3165/3165/3165 3164/3164/3164 
f 3165/3165/3165 3081/3081/3081 3080/3080/3080 
f 3164/3164/3164 3082/3082/3082 3081/3081/3081 
f 3167/3167/3167 3168/3168/3168 3169/3169/3169 
f 3170/3170/3170 3169/3169/3169 3168/3168/3168 
f 3169/3169/3169 3170/3170/3170 3171/3171/3171 
f 3171/3171/3171 3172/3172/3172 3173/3173/3173 
f 3173/3173/3173 3172/3172/3172 3174/3174/3174 
f 3175/3175/3175 3174/3174/3174 3172/3172/3172 
f 3173/3173/3173 3176/3176/3176 3177/3177/3177 
f 3176/3176/3176 3173/3173/3173 3178/3178/3178 
f 3173/3173/3173 3174/3174/3174 3178/3178/3178 
f 3178/3178/3178 3179/3179/3179 3176/3176/3176 
f 3179/3179/3179 3178/3178/3178 3180/3180/3180 
f 3180/3180/3180 3181/3181/3181 3179/3179/3179 
f 3178/3178/3178 3174/3174/3174 3182/3182/3182 
f 3178/3178/3178 3182/3182/3182 3180/3180/3180 
f 3174/3174/3174 3175/3175/3175 3183/3183/3183 
f 3183/3183/3183 3182/3182/3182 3174/3174/3174 
f 3175/3175/3175 3184/3184/3184 3183/3183/3183 
f 3184/3184/3184 3175/3175/3175 3185/3185/3185 
f 3186/3186/3186 3183/3183/3183 3184/3184/3184 
f 3182/3182/3182 3183/3183/3183 3187/3187/3187 
f 3183/3183/3183 3186/3186/3186 3187/3187/3187 
f 3188/3188/3188 3187/3187/3187 3186/3186/3186 
f 3187/3187/3187 3188/3188/3188 3189/3189/3189 
f 3189/3189/3189 3182/3182/3182 3187/3187/3187 
f 3190/3190/3190 3189/3189/3189 3188/3188/3188 
f 3189/3189/3189 3190/3190/3190 3191/3191/3191 
f 3182/3182/3182 3189/3189/3189 3192/3192/3192 
f 3191/3191/3191 3192/3192/3192 3189/3189/3189 
f 3182/3182/3182 3192/3192/3192 3180/3180/3180 
f 3192/3192/3192 3191/3191/3191 3193/3193/3193 
f 3180/3180/3180 3192/3192/3192 3194/3194/3194 
f 3193/3193/3193 3194/3194/3194 3192/3192/3192 
f 3181/3181/3181 3180/3180/3180 3194/3194/3194 
f 3194/3194/3194 3193/3193/3193 3195/3195/3195 
f 3181/3181/3181 3194/3194/3194 3195/3195/3195 
f 3181/3181/3181 3195/3195/3195 3196/3196/3196 
f 3199/3199/3199 3198/3198/3198 3197/3197/3197 
f 3198/3198/3198 3199/3199/3199 3200/3200/3200 
f 3203/3203/3203 3202/3202/3202 3201/3201/3201 
f 3202/3202/3202 3203/3203/3203 3204/3204/3204 
f 3205/3205/3205 3203/3203/3203 3201/3201/3201 
f 3214/3214/3214 3215/3215/3215 3216/3216/3216 
f 3215/3215/3215 3214/3214/3214 3217/3217/3217 
f 3218/3218/3218 3215/3215/3215 3217/3217/3217 
f 3219/3219/3219 3217/3217/3217 3214/3214/3214 
f 3217/3217/3217 3220/3220/3220 3218/3218/3218 
f 3217/3217/3217 3219/3219/3219 3221/3221/3221 
f 3220/3220/3220 3217/3217/3217 3221/3221/3221 
f 3222/3222/3222 3221/3221/3221 3219/3219/3219 
f 3221/3221/3221 3222/3222/3222 3223/3223/3223 
f 3223/3223/3223 3220/3220/3220 3221/3221/3221 
f 3220/3220/3220 3223/3223/3223 3224/3224/3224 
f 3224/3224/3224 3225/3225/3225 3220/3220/3220 
f 3225/3225/3225 3224/3224/3224 3226/3226/3226 
f 3227/3227/3227 3225/3225/3225 3226/3226/3226 
f 3226/3226/3226 3224/3224/3224 3228/3228/3228 
f 3227/3227/3227 3226/3226/3226 3228/3228/3228 
f 3228/3228/3228 3224/3224/3224 3229/3229/3229 
f 3229/3229/3229 3224/3224/3224 3230/3230/3230 
f 3231/3231/3231 3227/3227/3227 3228/3228/3228 
f 3232/3232/3232 3227/3227/3227 3231/3231/3231 
f 3233/3233/3233 3227/3227/3227 3232/3232/3232 
f 3234/3234/3234 3233/3233/3233 3232/3232/3232 
f 3237/3237/3237 3238/3238/3238 3239/3239/3239 
f 3239/3239/3239 3240/3240/3240 3237/3237/3237 
f 3240/3240/3240 3239/3239/3239 3241/3241/3241 
f 3242/3242/3242 3241/3241/3241 3243/3243/3243 
f 3244/3244/3244 3245/3245/3245 3246/3246/3246 
f 3245/3245/3245 3247/3247/3247 3246/3246/3246 
f 3248/3248/3248 3246/3246/3246 3247/3247/3247 
f 3252/3252/3252 3253/3253/3253 3250/3250/3250 
f 3255/3255/3255 3256/3256/3256 3257/3257/3257 
f 3259/3259/3259 3261/3261/3261 3262/3262/3262 
f 3263/3263/3263 3262/3262/3262 3261/3261/3261 
f 3261/3261/3261 3213/3213/3213 3263/3263/3263 
f 3265/3265/3265 3264/3264/3264 3266/3266/3266 
f 3264/3264/3264 3268/3268/3268 3266/3266/3266 
f 3268/3268/3268 3269/3269/3269 3266/3266/3266 
f 3268/3268/3268 3260/3260/3260 3269/3269/3269 
f 3260/3260/3260 3270/3270/3270 3269/3269/3269 
f 3271/3271/3271 3267/3267/3267 3272/3272/3272 
f 3273/3273/3273 3272/3272/3272 3267/3267/3267 
f 3273/3273/3273 3274/3274/3274 3272/3272/3272 
f 3274/3274/3274 3273/3273/3273 3275/3275/3275 
f 3272/3272/3272 3276/3276/3276 3271/3271/3271 
f 3271/3271/3271 3276/3276/3276 3234/3234/3234 
f 3277/3277/3277 3272/3272/3272 3274/3274/3274 
f 3272/3272/3272 3277/3277/3277 3276/3276/3276 
f 3275/3275/3275 3278/3278/3278 3274/3274/3274 
f 3278/3278/3278 3275/3275/3275 3279/3279/3279 
f 3279/3279/3279 3280/3280/3280 3278/3278/3278 
f 3279/3279/3279 3281/3281/3281 3280/3280/3280 
f 3282/3282/3282 3278/3278/3278 3280/3280/3280 
f 3283/3283/3283 3274/3274/3274 3278/3278/3278 
f 3278/3278/3278 3282/3282/3282 3283/3283/3283 
f 3274/3274/3274 3283/3283/3283 3277/3277/3277 
f 3283/3283/3283 3282/3282/3282 3284/3284/3284 
f 3283/3283/3283 3284/3284/3284 3285/3285/3285 
f 3285/3285/3285 3277/3277/3277 3283/3283/3283 
f 3286/3286/3286 3285/3285/3285 3284/3284/3284 
f 3277/3277/3277 3285/3285/3285 3287/3287/3287 
f 3287/3287/3287 3276/3276/3276 3277/3277/3277 
f 3285/3285/3285 3286/3286/3286 3288/3288/3288 
f 3288/3288/3288 3287/3287/3287 3285/3285/3285 
f 3288/3288/3288 3286/3286/3286 3289/3289/3289 
f 3276/3276/3276 3287/3287/3287 3233/3233/3233 
f 3233/3233/3233 3234/3234/3234 3276/3276/3276 
f 3287/3287/3287 3288/3288/3288 3290/3290/3290 
f 3290/3290/3290 3233/3233/3233 3287/3287/3287 
f 3291/3291/3291 3290/3290/3290 3288/3288/3288 
f 3288/3288/3288 3289/3289/3289 3291/3291/3291 
f 3286/3286/3286 3292/3292/3292 3289/3289/3289 
f 3290/3290/3290 3291/3291/3291 3225/3225/3225 
f 3233/3233/3233 3290/3290/3290 3227/3227/3227 
f 3227/3227/3227 3290/3290/3290 3225/3225/3225 
f 3289/3289/3289 3218/3218/3218 3291/3291/3291 
f 3218/3218/3218 3225/3225/3225 3291/3291/3291 
f 3218/3218/3218 3289/3289/3289 3293/3293/3293 
f 3294/3294/3294 3289/3289/3289 3292/3292/3292 
f 3215/3215/3215 3218/3218/3218 3293/3293/3293 
f 3293/3293/3293 3294/3294/3294 3215/3215/3215 
f 3225/3225/3225 3218/3218/3218 3220/3220/3220 
f 3295/3295/3295 3296/3296/3296 3292/3292/3292 
f 3297/3297/3297 3292/3292/3292 3296/3296/3296 
f 3292/3292/3292 3297/3297/3297 3294/3294/3294 
f 3296/3296/3296 3298/3298/3298 3297/3297/3297 
f 3299/3299/3299 3294/3294/3294 3297/3297/3297 
f 3300/3300/3300 3297/3297/3297 3298/3298/3298 
f 3297/3297/3297 3300/3300/3300 3299/3299/3299 
f 3298/3298/3298 3301/3301/3301 3300/3300/3300 
f 3298/3298/3298 3209/3209/3209 3301/3301/3301 
f 3300/3300/3300 3301/3301/3301 3302/3302/3302 
f 3302/3302/3302 3299/3299/3299 3300/3300/3300 
f 3294/3294/3294 3299/3299/3299 3303/3303/3303 
f 3303/3303/3303 3215/3215/3215 3294/3294/3294 
f 3304/3304/3304 3215/3215/3215 3303/3303/3303 
f 3305/3305/3305 3303/3303/3303 3299/3299/3299 
f 3306/3306/3306 3299/3299/3299 3302/3302/3302 
f 3299/3299/3299 3306/3306/3306 3305/3305/3305 
f 3307/3307/3307 3305/3305/3305 3306/3306/3306 
f 3302/3302/3302 3308/3308/3308 3306/3306/3306 
f 3306/3306/3306 3309/3309/3309 3307/3307/3307 
f 3309/3309/3309 3306/3306/3306 3308/3308/3308 
f 3313/3313/3313 3312/3312/3312 3311/3311/3311 
f 3314/3314/3314 3312/3312/3312 3313/3313/3313 
f 3316/3316/3316 3317/3317/3317 3315/3315/3315 
f 3317/3317/3317 3316/3316/3316 3318/3318/3318 
f 3319/3319/3319 3318/3318/3318 3316/3316/3316 
f 3318/3318/3318 3320/3320/3320 3317/3317/3317 
f 3318/3318/3318 3319/3319/3319 3321/3321/3321 
f 3320/3320/3320 3318/3318/3318 3322/3322/3322 
f 3321/3321/3321 3322/3322/3322 3318/3318/3318 
f 3322/3322/3322 3323/3323/3323 3320/3320/3320 
f 3324/3324/3324 3321/3321/3321 3319/3319/3319 
f 3326/3326/3326 3325/3325/3325 3323/3323/3323 
f 3323/3323/3323 3322/3322/3322 3326/3326/3326 
f 3325/3325/3325 3326/3326/3326 3327/3327/3327 
f 3322/3322/3322 3321/3321/3321 3328/3328/3328 
f 3328/3328/3328 3326/3326/3326 3322/3322/3322 
f 3321/3321/3321 3324/3324/3324 3329/3329/3329 
f 3329/3329/3329 3328/3328/3328 3321/3321/3321 
f 3330/3330/3330 3329/3329/3329 3324/3324/3324 
f 3331/3331/3331 3330/3330/3330 3324/3324/3324 
f 3329/3329/3329 3330/3330/3330 3332/3332/3332 
f 3333/3333/3333 3327/3327/3327 3326/3326/3326 
f 3326/3326/3326 3328/3328/3328 3333/3333/3333 
f 3327/3327/3327 3333/3333/3333 3334/3334/3334 
f 3328/3328/3328 3329/3329/3329 3335/3335/3335 
f 3335/3335/3335 3329/3329/3329 3332/3332/3332 
f 3335/3335/3335 3333/3333/3333 3328/3328/3328 
f 3336/3336/3336 3335/3335/3335 3332/3332/3332 
f 3337/3337/3337 3334/3334/3334 3333/3333/3333 
f 3333/3333/3333 3335/3335/3335 3337/3337/3337 
f 3336/3336/3336 3337/3337/3337 3335/3335/3335 
f 3334/3334/3334 3337/3337/3337 3338/3338/3338 
f 3337/3337/3337 3336/3336/3336 3339/3339/3339 
f 3339/3339/3339 3338/3338/3338 3337/3337/3337 
f 3338/3338/3338 3339/3339/3339 3340/3340/3340 

g Torus0021

v -0.26549 4.00186 19.5684 1 1 1 1 
v -0.148883 3.71853 19.509 1 1 1 1 
v -0.190077 3.7476 19.4477 1 1 1 1 
v -0.229815 3.9914 19.6385 1 1 1 1 
v -0.148883 3.71853 19.509 1 1 1 1 
v -0.229815 3.9914 19.6385 1 1 1 1 
v -0.26549 3.94373 19.6909 1 1 1 1 
v -0.190077 3.68947 19.5702 1 1 1 1 
v -0.26549 3.49333 19.327 1 1 1 1 
v -0.190077 3.7476 19.4477 1 1 1 1 
v -0.148883 3.71853 19.509 1 1 1 1 
v -0.229815 3.44566 19.3795 1 1 1 1 
v -0.148883 3.71853 19.509 1 1 1 1 
v -0.26549 3.43521 19.4495 1 1 1 1 
v -0.229815 3.44566 19.3795 1 1 1 1 
v -0.190077 3.68947 19.5702 1 1 1 1 
v -1.23932 3.74588 19.4513 1 1 1 1 
v -1.17416 3.96557 19.5556 1 1 1 1 
v -1.14455 3.92278 19.6059 1 1 1 1 
v -1.20513 3.71853 19.509 1 1 1 1 
v -1.14455 3.51429 19.412 1 1 1 1 
v -1.17416 3.52619 19.3471 1 1 1 1 
v -1.14455 3.92278 19.6059 1 1 1 1 
v -1.23932 3.69118 19.5666 1 1 1 1 
v -1.20513 3.71853 19.509 1 1 1 1 
v -1.17416 3.91088 19.6708 1 1 1 1 
v -1.14455 3.51429 19.412 1 1 1 1 
v -1.17416 3.47149 19.4623 1 1 1 1 
v -1.24044 3.94373 19.6909 1 1 1 1 
v -1.31585 3.68947 19.5702 1 1 1 1 
v -1.23932 3.69118 19.5666 1 1 1 1 
v -1.17416 3.91088 19.6708 1 1 1 1 
v -1.24044 3.43521 19.4495 1 1 1 1 
v -1.17416 3.47149 19.4623 1 1 1 1 
v -0.26549 3.94373 19.6909 1 1 1 1 
v -0.266608 3.69118 19.5666 1 1 1 1 
v -0.190077 3.68947 19.5702 1 1 1 1 
v -0.331767 3.91088 19.6708 1 1 1 1 
v -0.331767 3.47149 19.4623 1 1 1 1 
v -0.190077 3.68947 19.5702 1 1 1 1 
v -0.266608 3.69118 19.5666 1 1 1 1 
v -0.26549 3.43521 19.4495 1 1 1 1 
v -1.24044 4.00186 19.5684 1 1 1 1 
v -1.31585 3.7476 19.4477 1 1 1 1 
v -1.35704 3.71853 19.509 1 1 1 1 
v -1.27611 3.9914 19.6385 1 1 1 1 
v -1.24044 3.49333 19.327 1 1 1 1 
v -1.27611 3.44566 19.3795 1 1 1 1 
v -1.35704 3.71853 19.509 1 1 1 1 
v -1.24044 3.94373 19.6909 1 1 1 1 
v -1.27611 3.9914 19.6385 1 1 1 1 
v -1.31585 3.68947 19.5702 1 1 1 1 
v -1.24044 3.43521 19.4495 1 1 1 1 
v -1.27611 3.44566 19.3795 1 1 1 1 
v -0.266608 3.74588 19.4513 1 1 1 1 
v -0.36138 3.92278 19.6059 1 1 1 1 
v -0.331767 3.96557 19.5556 1 1 1 1 
v -0.300801 3.71853 19.509 1 1 1 1 
v -0.36138 3.92278 19.6059 1 1 1 1 
v -0.300801 3.71853 19.509 1 1 1 1 
v -0.266608 3.69118 19.5666 1 1 1 1 
v -0.331767 3.91088 19.6708 1 1 1 1 
v -0.266608 3.74588 19.4513 1 1 1 1 
v -0.331767 3.52619 19.3471 1 1 1 1 
v -0.361379 3.51429 19.412 1 1 1 1 
v -0.300801 3.71853 19.509 1 1 1 1 
v -0.361379 3.51429 19.412 1 1 1 1 
v -0.266608 3.69118 19.5666 1 1 1 1 
v -0.300801 3.71853 19.509 1 1 1 1 
v -0.331767 3.47149 19.4623 1 1 1 1 
v -1.23932 3.74588 19.4513 1 1 1 1 
v -1.24044 4.00186 19.5684 1 1 1 1 
v -1.17416 3.96557 19.5556 1 1 1 1 
v -1.31585 3.7476 19.4477 1 1 1 1 
v -1.24044 3.49333 19.327 1 1 1 1 
v -1.17416 3.52619 19.3471 1 1 1 1 
v -0.266608 3.74588 19.4513 1 1 1 1 
v -0.331767 3.96557 19.5556 1 1 1 1 
v -0.26549 4.00186 19.5684 1 1 1 1 
v -0.190077 3.7476 19.4477 1 1 1 1 
v -0.190077 3.7476 19.4477 1 1 1 1 
v -0.26549 3.49333 19.327 1 1 1 1 
v -0.331767 3.52619 19.3471 1 1 1 1 
v -0.266608 3.74588 19.4513 1 1 1 1 

vn 0.834646 0.417323 -0.362205 
vn 0.858268 0.220472 -0.472441 
vn 0.858268 0.220472 -0.472441 
vn 0.834646 0.417323 -0.362205 
vn 0.858268 -0.220472 0.472441 
vn 0.834646 -0.015748 0.551181 
vn 0.834646 -0.015748 0.551181 
vn 0.858268 -0.220472 0.472441 
vn 0.834646 0.015748 -0.551181 
vn 0.858268 0.220472 -0.472441 
vn 0.858268 0.220472 -0.472441 
vn 0.834646 0.015748 -0.551181 
vn 0.858268 -0.220472 0.472441 
vn 0.834646 -0.417323 0.362205 
vn 0.834646 -0.417323 0.362205 
vn 0.858268 -0.220472 0.472441 
vn 0.88189 0.204724 -0.425197 
vn 0.858268 -0.00787402 -0.511811 
vn 0.858268 -0.00787402 -0.511811 
vn 0.88189 0.204724 -0.425197 
vn 0.858268 0.401575 -0.314961 
vn 0.858268 0.401575 -0.314961 
vn 0.858268 -0.401575 0.314961 
vn 0.88189 -0.204724 0.425197 
vn 0.88189 -0.204724 0.425197 
vn 0.858268 -0.401575 0.314961 
vn 0.858268 0.00787402 0.511811 
vn 0.858268 0.00787402 0.511811 
vn 0.0551181 -0.440945 0.897638 
vn 0.0551181 -0.425197 0.905512 
vn 0.0551181 -0.425197 0.905512 
vn 0.0551181 -0.440945 0.897638 
vn 0.0551181 -0.417323 0.905512 
vn 0.0551181 -0.417323 0.905512 
vn -0.0551181 -0.440945 0.897638 
vn -0.0551181 -0.425197 0.905512 
vn -0.0551181 -0.425197 0.905512 
vn -0.0551181 -0.440945 0.897638 
vn -0.0551181 -0.417323 0.905512 
vn -0.0551181 -0.425197 0.905512 
vn -0.0551181 -0.425197 0.905512 
vn -0.0551181 -0.417323 0.905512 
vn -0.834646 0.417323 -0.362205 
vn -0.858268 0.220472 -0.472441 
vn -0.858268 0.220472 -0.472441 
vn -0.834646 0.417323 -0.362205 
vn -0.834646 0.015748 -0.551181 
vn -0.834646 0.015748 -0.551181 
vn -0.858268 -0.220472 0.472441 
vn -0.834646 -0.015748 0.551181 
vn -0.834646 -0.015748 0.551181 
vn -0.858268 -0.220472 0.472441 
vn -0.834646 -0.417323 0.362205 
vn -0.834646 -0.417323 0.362205 
vn -0.88189 0.204724 -0.425197 
vn -0.858268 -0.00787402 -0.511811 
vn -0.858268 -0.00787402 -0.511811 
vn -0.88189 0.204724 -0.425197 
vn -0.858268 -0.401575 0.314961 
vn -0.88189 -0.204724 0.425197 
vn -0.88189 -0.204724 0.425197 
vn -0.858268 -0.401575 0.314961 
vn -0.88189 0.204724 -0.425197 
vn -0.858268 0.401575 -0.314961 
vn -0.858268 0.401575 -0.314961 
vn -0.88189 0.204724 -0.425197 
vn -0.858268 0.00787402 0.511811 
vn -0.88189 -0.204724 0.425197 
vn -0.88189 -0.204724 0.425197 
vn -0.858268 0.00787402 0.511811 
vn 0.0551181 0.425197 -0.905512 
vn 0.0551181 0.417323 -0.905512 
vn 0.0551181 0.417323 -0.905512 
vn 0.0551181 0.425197 -0.905512 
vn 0.0551181 0.440945 -0.897638 
vn 0.0551181 0.440945 -0.897638 
vn -0.0551181 0.425197 -0.905512 
vn -0.0551181 0.417323 -0.905512 
vn -0.0551181 0.417323 -0.905512 
vn -0.0551181 0.425197 -0.905512 
vn -0.0551181 0.425197 -0.905512 
vn -0.0551181 0.440945 -0.897638 
vn -0.0551181 0.440945 -0.897638 
vn -0.0551181 0.425197 -0.905512 

vt 57.9926 -22.9646 
vt 58 -23 
vt 58.0077 -22.9964 
vt 57.9838 -22.9659 
vt 58 -23 
vt 57.9838 -22.9659 
vt 57.9773 -22.9718 
vt 57.9923 -23.0036 
vt 58.0227 -23.0282 
vt 58.0077 -22.9964 
vt 58 -23 
vt 58.0162 -23.0341 
vt 58 -23 
vt 58.0074 -23.0354 
vt 58.0162 -23.0341 
vt 57.9923 -23.0036 
vt 58.0072 -22.9966 
vt 57.9942 -22.9691 
vt 57.9879 -22.9745 
vt 58 -23 
vt 58.0121 -23.0255 
vt 58.0202 -23.024 
vt 57.9879 -22.9745 
vt 57.9928 -23.0034 
vt 58 -23 
vt 57.9798 -22.976 
vt 58.0121 -23.0255 
vt 58.0058 -23.0309 
vt 57.9391 -22.9718 
vt 57.9296 -23.0036 
vt 57.9392 -23.0034 
vt 57.9473 -22.976 
vt 57.9391 -23.0354 
vt 57.9473 -23.0309 
vt 58.0609 -22.9718 
vt 58.0608 -23.0034 
vt 58.0704 -23.0036 
vt 58.0527 -22.976 
vt 58.0527 -23.0309 
vt 58.0704 -23.0036 
vt 58.0608 -23.0034 
vt 58.0609 -23.0354 
vt 58.0074 -22.9646 
vt 57.9923 -22.9964 
vt 58 -23 
vt 58.0162 -22.9659 
vt 57.9773 -23.0282 
vt 57.9838 -23.0341 
vt 58 -23 
vt 58.0227 -22.9718 
vt 58.0162 -22.9659 
vt 58.0077 -23.0036 
vt 57.9926 -23.0354 
vt 57.9838 -23.0341 
vt 57.9928 -22.9966 
vt 58.0121 -22.9745 
vt 58.0058 -22.9691 
vt 58 -23 
vt 58.0121 -22.9745 
vt 58 -23 
vt 58.0072 -23.0034 
vt 58.0202 -22.976 
vt 57.9928 -22.9966 
vt 57.9798 -23.024 
vt 57.9879 -23.0255 
vt 58 -23 
vt 57.9879 -23.0255 
vt 58.0072 -23.0034 
vt 58 -23 
vt 57.9942 -23.0309 
vt 58.0608 -22.9966 
vt 58.0609 -22.9646 
vt 58.0527 -22.9691 
vt 58.0704 -22.9964 
vt 58.0609 -23.0282 
vt 58.0527 -23.024 
vt 57.9392 -22.9966 
vt 57.9473 -22.9691 
vt 57.9391 -22.9646 
vt 57.9296 -22.9964 
vt 57.9296 -22.9964 
vt 57.9391 -23.0282 
vt 57.9473 -23.024 
vt 57.9392 -22.9966 

usemtl Cube0231Mtl

f 3341/3341/3341 3342/3342/3342 3343/3343/3343 
f 3342/3342/3342 3341/3341/3341 3344/3344/3344 
f 3345/3345/3345 3346/3346/3346 3347/3347/3347 
f 3345/3345/3345 3347/3347/3347 3348/3348/3348 
f 3349/3349/3349 3350/3350/3350 3351/3351/3351 
f 3351/3351/3351 3352/3352/3352 3349/3349/3349 
f 3353/3353/3353 3354/3354/3354 3355/3355/3355 
f 3354/3354/3354 3353/3353/3353 3356/3356/3356 
f 3357/3357/3357 3358/3358/3358 3359/3359/3359 
f 3357/3357/3357 3359/3359/3359 3360/3360/3360 
f 3361/3361/3361 3357/3357/3357 3360/3360/3360 
f 3357/3357/3357 3361/3361/3361 3362/3362/3362 
f 3363/3363/3363 3364/3364/3364 3365/3365/3365 
f 3364/3364/3364 3363/3363/3363 3366/3366/3366 
f 3367/3367/3367 3365/3365/3365 3364/3364/3364 
f 3367/3367/3367 3364/3364/3364 3368/3368/3368 
f 3369/3369/3369 3370/3370/3370 3371/3371/3371 
f 3369/3369/3369 3371/3371/3371 3372/3372/3372 
f 3373/3373/3373 3371/3371/3371 3370/3370/3370 
f 3371/3371/3371 3373/3373/3373 3374/3374/3374 
f 3375/3375/3375 3376/3376/3376 3377/3377/3377 
f 3376/3376/3376 3375/3375/3375 3378/3378/3378 
f 3379/3379/3379 3380/3380/3380 3381/3381/3381 
f 3380/3380/3380 3379/3379/3379 3382/3382/3382 
f 3383/3383/3383 3384/3384/3384 3385/3385/3385 
f 3385/3385/3385 3386/3386/3386 3383/3383/3383 
f 3387/3387/3387 3385/3385/3385 3384/3384/3384 
f 3385/3385/3385 3387/3387/3387 3388/3388/3388 
f 3389/3389/3389 3390/3390/3390 3391/3391/3391 
f 3390/3390/3390 3389/3389/3389 3392/3392/3392 
f 3389/3389/3389 3393/3393/3393 3392/3392/3392 
f 3389/3389/3389 3394/3394/3394 3393/3393/3393 
f 3395/3395/3395 3396/3396/3396 3397/3397/3397 
f 3396/3396/3396 3395/3395/3395 3398/3398/3398 
f 3399/3399/3399 3400/3400/3400 3401/3401/3401 
f 3399/3399/3399 3401/3401/3401 3402/3402/3402 
f 3403/3403/3403 3404/3404/3404 3405/3405/3405 
f 3403/3403/3403 3405/3405/3405 3406/3406/3406 
f 3407/3407/3407 3408/3408/3408 3409/3409/3409 
f 3408/3408/3408 3407/3407/3407 3410/3410/3410 
f 3411/3411/3411 3412/3412/3412 3413/3413/3413 
f 3412/3412/3412 3411/3411/3411 3414/3414/3414 
f 3411/3411/3411 3415/3415/3415 3414/3414/3414 
f 3415/3415/3415 3411/3411/3411 3416/3416/3416 
f 3417/3417/3417 3418/3418/3418 3419/3419/3419 
f 3419/3419/3419 3420/3420/3420 3417/3417/3417 
f 3421/3421/3421 3422/3422/3422 3423/3423/3423 
f 3421/3421/3421 3423/3423/3423 3424/3424/3424 

g Torus0031

v -0.471521 3.3072 19.2387 1 1 1 1 
v -0.752964 3.17279 19.25 1 1 1 1 
v -1.03441 3.3072 19.2387 1 1 1 1 
v -1.24044 3.49333 19.327 1 1 1 1 
v -0.26549 3.43521 19.4495 1 1 1 1 
v -1.24044 4.00186 19.5684 1 1 1 1 
v -1.055 4.19116 19.7333 1 1 1 1 
v -1.03441 4.18799 19.6567 1 1 1 1 
v -1.27611 3.9914 19.6385 1 1 1 1 
v -0.752964 4.26427 19.768 1 1 1 1 
v -0.752964 4.25612 19.6891 1 1 1 1 
v -0.471521 4.18799 19.6567 1 1 1 1 
v -0.450924 4.19116 19.7333 1 1 1 1 
v -0.26549 4.00186 19.5684 1 1 1 1 
v -0.229815 3.9914 19.6385 1 1 1 1 
v -0.752964 3.3065 19.2428 1 1 1 1 
v -1.17416 3.52619 19.3471 1 1 1 1 
v -0.509786 3.31067 19.386 1 1 1 1 
v -0.752964 3.2518 19.358 1 1 1 1 
v -1.17416 3.47149 19.4623 1 1 1 1 
v -0.509786 3.36536 19.2707 1 1 1 1 
v -0.36138 3.51429 19.412 1 1 1 1 
v -0.331767 3.52619 19.3471 1 1 1 1 
v -0.526883 3.36477 19.3411 1 1 1 1 
v -0.752964 3.3065 19.2428 1 1 1 1 
v -0.752964 3.31004 19.3151 1 1 1 1 
v -0.979046 3.36477 19.3411 1 1 1 1 
v -0.996142 3.36536 19.2707 1 1 1 1 
v -1.17416 3.52619 19.3471 1 1 1 1 
v -1.14455 3.51429 19.412 1 1 1 1 
v -1.27611 3.44566 19.3795 1 1 1 1 
v -0.471521 3.24907 19.3612 1 1 1 1 
v -0.26549 3.43521 19.4495 1 1 1 1 
v -1.03441 3.24907 19.3612 1 1 1 1 
v -1.055 4.19116 19.7333 1 1 1 1 
v -1.27611 3.9914 19.6385 1 1 1 1 
v -0.752964 4.26427 19.768 1 1 1 1 
v -0.450924 4.19116 19.7333 1 1 1 1 
v -0.229815 3.9914 19.6385 1 1 1 1 
v -1.055 4.19116 19.7333 1 1 1 1 
v -1.27611 3.9914 19.6385 1 1 1 1 
v -1.24044 3.94373 19.6909 1 1 1 1 
v -1.03441 4.12986 19.7792 1 1 1 1 
v -0.752964 4.26427 19.768 1 1 1 1 
v -0.752964 4.19799 19.8115 1 1 1 1 
v -0.471521 4.12986 19.7792 1 1 1 1 
v -0.450924 4.19116 19.7333 1 1 1 1 
v -0.26549 3.94373 19.6909 1 1 1 1 
v -0.229815 3.9914 19.6385 1 1 1 1 
v -1.03441 4.12986 19.7792 1 1 1 1 
v -1.24044 3.94373 19.6909 1 1 1 1 
v -1.17416 3.91088 19.6708 1 1 1 1 
v -0.996142 4.0717 19.7472 1 1 1 1 
v -0.752964 4.19799 19.8115 1 1 1 1 
v -0.752964 4.13057 19.7751 1 1 1 1 
v -0.509786 4.0717 19.7472 1 1 1 1 
v -0.471521 4.12986 19.7792 1 1 1 1 
v -0.331767 3.91088 19.6708 1 1 1 1 
v -0.26549 3.94373 19.6909 1 1 1 1 
v -0.26549 3.43521 19.4495 1 1 1 1 
v -0.509786 3.31067 19.386 1 1 1 1 
v -0.471521 3.24907 19.3612 1 1 1 1 
v -0.331767 3.47149 19.4623 1 1 1 1 
v -0.752964 3.2518 19.358 1 1 1 1 
v -0.752964 3.18095 19.3289 1 1 1 1 
v -0.996142 3.31067 19.386 1 1 1 1 
v -1.03441 3.24907 19.3612 1 1 1 1 
v -1.17416 3.47149 19.4623 1 1 1 1 
v -1.24044 3.43521 19.4495 1 1 1 1 
v -0.979046 4.0723 19.6768 1 1 1 1 
v -0.526883 4.0723 19.6768 1 1 1 1 
v -0.979046 3.36477 19.3411 1 1 1 1 
v -0.36138 3.51429 19.412 1 1 1 1 
v -0.526883 3.36477 19.3411 1 1 1 1 
v -0.509786 3.31067 19.386 1 1 1 1 
v -0.331767 3.47149 19.4623 1 1 1 1 
v -0.752964 3.2518 19.358 1 1 1 1 
v -0.752964 3.31004 19.3151 1 1 1 1 
v -0.979046 3.36477 19.3411 1 1 1 1 
v -0.996142 3.31067 19.386 1 1 1 1 
v -1.14455 3.51429 19.412 1 1 1 1 
v -1.17416 3.47149 19.4623 1 1 1 1 
v -0.229815 3.44566 19.3795 1 1 1 1 
v -0.450924 3.24591 19.2847 1 1 1 1 
v -0.752964 3.17279 19.25 1 1 1 1 
v -1.055 3.24591 19.2847 1 1 1 1 
v -1.24044 3.49333 19.327 1 1 1 1 
v -1.27611 3.44566 19.3795 1 1 1 1 
v -0.229815 3.44566 19.3795 1 1 1 1 
v -0.471521 3.24907 19.3612 1 1 1 1 
v -0.450924 3.24591 19.2847 1 1 1 1 
v -0.26549 3.43521 19.4495 1 1 1 1 
v -0.752964 3.17279 19.25 1 1 1 1 
v -0.752964 3.18095 19.3289 1 1 1 1 
v -1.03441 3.24907 19.3612 1 1 1 1 
v -1.055 3.24591 19.2847 1 1 1 1 
v -1.24044 3.43521 19.4495 1 1 1 1 
v -1.27611 3.44566 19.3795 1 1 1 1 
v -1.055 4.19116 19.7333 1 1 1 1 
v -0.752964 4.19799 19.8115 1 1 1 1 
v -0.331767 3.47149 19.4623 1 1 1 1 
v -0.752964 3.2518 19.358 1 1 1 1 
v -1.17416 3.47149 19.4623 1 1 1 1 
v -0.752964 4.12703 19.7028 1 1 1 1 
v -0.526883 4.0723 19.6768 1 1 1 1 
v -1.14455 3.92278 19.6059 1 1 1 1 
v -0.979046 4.0723 19.6768 1 1 1 1 
v -0.996142 4.0717 19.7472 1 1 1 1 
v -1.17416 3.91088 19.6708 1 1 1 1 
v -0.752964 4.13057 19.7751 1 1 1 1 
v -0.752964 4.12703 19.7028 1 1 1 1 
v -0.526883 4.0723 19.6768 1 1 1 1 
v -0.509786 4.0717 19.7472 1 1 1 1 
v -0.36138 3.92278 19.6059 1 1 1 1 
v -0.331767 3.91088 19.6708 1 1 1 1 
v -0.471521 3.3072 19.2387 1 1 1 1 
v -0.26549 3.49333 19.327 1 1 1 1 
v -0.229815 3.44566 19.3795 1 1 1 1 
v -0.450924 3.24591 19.2847 1 1 1 1 
v -0.752964 3.17279 19.25 1 1 1 1 
v -0.752964 3.23907 19.2064 1 1 1 1 
v -1.03441 3.3072 19.2387 1 1 1 1 
v -1.055 3.24591 19.2847 1 1 1 1 
v -1.24044 3.49333 19.327 1 1 1 1 
v -1.27611 3.44566 19.3795 1 1 1 1 
v -1.055 4.19116 19.7333 1 1 1 1 
v -1.27611 3.9914 19.6385 1 1 1 1 
v -0.752964 4.26427 19.768 1 1 1 1 
v -0.450924 4.19116 19.7333 1 1 1 1 
v -0.229815 3.9914 19.6385 1 1 1 1 
v -1.17416 3.96557 19.5556 1 1 1 1 
v -1.03441 4.18799 19.6567 1 1 1 1 
v -0.996142 4.1264 19.6319 1 1 1 1 
v -1.24044 4.00186 19.5684 1 1 1 1 
v -0.752964 4.25612 19.6891 1 1 1 1 
v -0.752964 4.18527 19.6599 1 1 1 1 
v -0.509786 4.1264 19.6319 1 1 1 1 
v -0.471521 4.18799 19.6567 1 1 1 1 
v -0.331767 3.96557 19.5556 1 1 1 1 
v -0.26549 4.00186 19.5684 1 1 1 1 
v -1.17416 3.91088 19.6708 1 1 1 1 
v -0.331767 3.91088 19.6708 1 1 1 1 
v -0.509786 3.36536 19.2707 1 1 1 1 
v -0.26549 3.49333 19.327 1 1 1 1 
v -0.471521 3.3072 19.2387 1 1 1 1 
v -0.331767 3.52619 19.3471 1 1 1 1 
v -0.752964 3.3065 19.2428 1 1 1 1 
v -0.752964 3.23907 19.2064 1 1 1 1 
v -0.996142 3.36536 19.2707 1 1 1 1 
v -1.03441 3.3072 19.2387 1 1 1 1 
v -1.17416 3.52619 19.3471 1 1 1 1 
v -1.24044 3.49333 19.327 1 1 1 1 
v -1.17416 3.96557 19.5556 1 1 1 1 
v -0.996142 4.1264 19.6319 1 1 1 1 
v -0.979046 4.0723 19.6768 1 1 1 1 
v -1.14455 3.92278 19.6059 1 1 1 1 
v -0.752964 4.18527 19.6599 1 1 1 1 
v -0.752964 4.12703 19.7028 1 1 1 1 
v -0.526883 4.0723 19.6768 1 1 1 1 
v -0.509786 4.1264 19.6319 1 1 1 1 
v -0.36138 3.92278 19.6059 1 1 1 1 
v -0.331767 3.96557 19.5556 1 1 1 1 

vn 0.425197 -0.448819 -0.787402 
vn 0 -0.551181 -0.834646 
vn -0.425197 -0.448819 -0.787402 
vn -0.606299 -0.330709 -0.716535 
vn 0.606299 -0.771654 0.19685 
vn -0.606299 0.771654 -0.19685 
vn -0.425197 0.889764 -0.149606 
vn -0.425197 0.889764 -0.149606 
vn -0.606299 0.771654 -0.19685 
vn 0 0.992126 -0.102362 
vn 0 0.992126 -0.102362 
vn 0.425197 0.889764 -0.149606 
vn 0.425197 0.889764 -0.149606 
vn 0.606299 0.771654 -0.19685 
vn 0.606299 0.771654 -0.19685 
vn 0 0.472441 -0.88189 
vn 0.0393701 0.464567 -0.88189 
vn -0.023622 -0.385827 0.92126 
vn 0 -0.377953 0.92126 
vn 0.0393701 -0.393701 0.92126 
vn -0.440945 0.889764 -0.102362 
vn -0.629921 0.76378 -0.149606 
vn -0.629921 0.76378 -0.149606 
vn -0.440945 0.889764 -0.102362 
vn 0 1 -0.0472441 
vn 0 1 -0.0472441 
vn 0.440945 0.889764 -0.102362 
vn 0.440945 0.889764 -0.102362 
vn 0.629921 0.76378 -0.149606 
vn 0.629921 0.76378 -0.149606 
vn -0.606299 -0.330709 -0.716535 
vn 0.425197 -0.889764 0.149606 
vn 0.606299 -0.771654 0.19685 
vn -0.425197 -0.889764 0.149606 
vn -0.425197 0.889764 -0.149606 
vn -0.606299 0.771654 -0.19685 
vn 0 0.992126 -0.102362 
vn 0.425197 0.889764 -0.149606 
vn 0.606299 0.771654 -0.19685 
vn -0.425197 0.448819 0.787402 
vn -0.606299 0.330709 0.716535 
vn -0.606299 0.330709 0.716535 
vn -0.425197 0.448819 0.787402 
vn 0 0.551181 0.834646 
vn 0 0.551181 0.834646 
vn 0.425197 0.448819 0.787402 
vn 0.425197 0.448819 0.787402 
vn 0.606299 0.330709 0.716535 
vn 0.606299 0.330709 0.716535 
vn 0.023622 -0.472441 0.88189 
vn 0.0393701 -0.464567 0.88189 
vn 0.0393701 -0.464567 0.88189 
vn 0.023622 -0.472441 0.88189 
vn 0 -0.472441 0.88189 
vn 0 -0.472441 0.88189 
vn -0.023622 -0.472441 0.88189 
vn -0.023622 -0.472441 0.88189 
vn -0.0393701 -0.464567 0.88189 
vn -0.0393701 -0.464567 0.88189 
vn -0.0393701 -0.393701 0.92126 
vn -0.023622 -0.385827 0.92126 
vn -0.023622 -0.385827 0.92126 
vn -0.0393701 -0.393701 0.92126 
vn 0 -0.377953 0.92126 
vn 0 -0.377953 0.92126 
vn 0.023622 -0.385827 0.92126 
vn 0.023622 -0.385827 0.92126 
vn 0.0393701 -0.393701 0.92126 
vn 0.0393701 -0.393701 0.92126 
vn 0.440945 -0.488189 -0.755906 
vn -0.440945 -0.488189 -0.755906 
vn 0.440945 0.889764 -0.102362 
vn -0.629921 0.370079 0.685039 
vn -0.440945 0.488189 0.755906 
vn -0.440945 0.488189 0.755906 
vn -0.629921 0.370079 0.685039 
vn 0 0.590551 0.80315 
vn 0 0.590551 0.80315 
vn 0.440945 0.488189 0.755906 
vn 0.440945 0.488189 0.755906 
vn 0.629921 0.370079 0.685039 
vn 0.629921 0.370079 0.685039 
vn 0.606299 -0.330709 -0.716535 
vn 0.425197 -0.448819 -0.787402 
vn 0 -0.551181 -0.834646 
vn -0.425197 -0.448819 -0.787402 
vn -0.606299 -0.330709 -0.716535 
vn -0.606299 -0.330709 -0.716535 
vn 0.606299 -0.771654 0.19685 
vn 0.425197 -0.889764 0.149606 
vn 0.425197 -0.889764 0.149606 
vn 0.606299 -0.771654 0.19685 
vn 0 -0.992126 0.102362 
vn 0 -0.992126 0.102362 
vn -0.425197 -0.889764 0.149606 
vn -0.425197 -0.889764 0.149606 
vn -0.606299 -0.771654 0.19685 
vn -0.606299 -0.771654 0.19685 
vn -0.425197 0.889764 -0.149606 
vn 0 0.551181 0.834646 
vn -0.0393701 -0.393701 0.92126 
vn 0 -0.377953 0.92126 
vn 0.0393701 -0.393701 0.92126 
vn 0 -0.590551 -0.80315 
vn -0.440945 -0.488189 -0.755906 
vn 0.629921 -0.76378 0.149606 
vn 0.440945 -0.889764 0.102362 
vn 0.440945 -0.889764 0.102362 
vn 0.629921 -0.76378 0.149606 
vn 0 -1 0.0472441 
vn 0 -1 0.0472441 
vn -0.440945 -0.889764 0.102362 
vn -0.440945 -0.889764 0.102362 
vn -0.629921 -0.76378 0.149606 
vn -0.629921 -0.76378 0.149606 
vn 0.425197 -0.448819 -0.787402 
vn 0.606299 -0.330709 -0.716535 
vn 0.606299 -0.330709 -0.716535 
vn 0.425197 -0.448819 -0.787402 
vn 0 -0.551181 -0.834646 
vn 0 -0.551181 -0.834646 
vn -0.425197 -0.448819 -0.787402 
vn -0.425197 -0.448819 -0.787402 
vn -0.606299 -0.330709 -0.716535 
vn -0.606299 -0.330709 -0.716535 
vn -0.425197 0.889764 -0.149606 
vn -0.606299 0.771654 -0.19685 
vn 0 0.992126 -0.102362 
vn 0.425197 0.889764 -0.149606 
vn 0.606299 0.771654 -0.19685 
vn 0.0393701 0.393701 -0.92126 
vn 0.023622 0.385827 -0.92126 
vn 0.023622 0.385827 -0.92126 
vn 0.0393701 0.393701 -0.92126 
vn 0 0.377953 -0.92126 
vn 0 0.377953 -0.92126 
vn -0.023622 0.385827 -0.92126 
vn -0.023622 0.385827 -0.92126 
vn -0.0393701 0.393701 -0.92126 
vn -0.0393701 0.393701 -0.92126 
vn 0.0393701 -0.464567 0.88189 
vn -0.0393701 -0.464567 0.88189 
vn -0.023622 0.472441 -0.88189 
vn -0.0393701 0.464567 -0.88189 
vn -0.023622 0.472441 -0.88189 
vn -0.0393701 0.464567 -0.88189 
vn 0 0.472441 -0.88189 
vn 0 0.472441 -0.88189 
vn 0.023622 0.472441 -0.88189 
vn 0.023622 0.472441 -0.88189 
vn 0.0393701 0.464567 -0.88189 
vn 0.0393701 0.464567 -0.88189 
vn 0.629921 -0.370079 -0.685039 
vn 0.440945 -0.488189 -0.755906 
vn 0.440945 -0.488189 -0.755906 
vn 0.629921 -0.370079 -0.685039 
vn 0 -0.590551 -0.80315 
vn 0 -0.590551 -0.80315 
vn -0.440945 -0.488189 -0.755906 
vn -0.440945 -0.488189 -0.755906 
vn -0.629921 -0.370079 -0.685039 
vn -0.629921 -0.370079 -0.685039 

vt 47.9648 -9.03378 
vt 48 -9.03238 
vt 48.0352 -9.03378 
vt 48.0609 -9.02274 
vt 47.9391 -9.00743 
vt 48.0609 -8.99257 
vt 48.0378 -8.97196 
vt 48.0352 -8.98153 
vt 48.0654 -8.98381 
vt 48 -8.96762 
vt 48 -8.97749 
vt 47.9648 -8.98153 
vt 47.9622 -8.97196 
vt 47.9391 -8.99257 
vt 47.9346 -8.98381 
vt 48 -9.03327 
vt 48.0527 -9.02024 
vt 47.9696 -9.01537 
vt 48 -9.01886 
vt 48.0527 -9.00583 
vt 47.9696 -9.02978 
vt 47.9511 -9.01212 
vt 47.9473 -9.02024 
vt 47.9717 -9.02099 
vt 48 -9.03327 
vt 48 -9.02423 
vt 48.0283 -9.02099 
vt 48.0304 -9.02978 
vt 48.0527 -9.02024 
vt 48.0489 -9.01212 
vt 47.9346 -9.03411 
vt 48.0352 -9.05868 
vt 48.0609 -9.03542 
vt 47.9648 -9.05868 
vt 47.9622 -8.94092 
vt 47.9346 -8.96589 
vt 48 -8.93178 
vt 48.0378 -8.94092 
vt 48.0654 -8.96589 
vt 47.9622 -8.94092 
vt 47.9346 -8.96589 
vt 47.9391 -8.97185 
vt 47.9648 -8.94858 
vt 48 -8.93178 
vt 48 -8.94007 
vt 48.0352 -8.94858 
vt 48.0378 -8.94092 
vt 48.0609 -8.97185 
vt 48.0654 -8.96589 
vt 47.9648 -8.94858 
vt 47.9391 -8.97185 
vt 47.9473 -8.97596 
vt 47.9696 -8.95585 
vt 48 -8.94007 
vt 48 -8.9485 
vt 48.0304 -8.95585 
vt 48.0352 -8.94858 
vt 48.0527 -8.97596 
vt 48.0609 -8.97185 
vt 48.0609 -9.03542 
vt 48.0304 -9.05098 
vt 48.0352 -9.05868 
vt 48.0527 -9.03088 
vt 48 -9.05834 
vt 48 -9.0672 
vt 47.9696 -9.05098 
vt 47.9648 -9.05868 
vt 47.9473 -9.03088 
vt 47.9391 -9.03542 
vt 47.9717 -8.95578 
vt 48.0283 -8.95578 
vt 47.9717 -9.04422 
vt 48.0489 -9.02553 
vt 48.0283 -9.04422 
vt 48.0304 -9.05098 
vt 48.0527 -9.03088 
vt 48 -9.05834 
vt 48 -9.05106 
vt 47.9717 -9.04422 
vt 47.9696 -9.05098 
vt 47.9511 -9.02553 
vt 47.9473 -9.03088 
vt 48.0654 -9.01619 
vt 48.0378 -9.02804 
vt 48 -9.03238 
vt 47.9622 -9.02804 
vt 47.9391 -9.02274 
vt 47.9346 -9.01619 
vt 48.0654 -9.01619 
vt 48.0352 -9.01847 
vt 48.0378 -9.02804 
vt 48.0609 -9.00743 
vt 48 -9.03238 
vt 48 -9.02251 
vt 47.9648 -9.01847 
vt 47.9622 -9.02804 
vt 47.9391 -9.00743 
vt 47.9346 -9.01619 
vt 47.9622 -8.97196 
vt 48 -8.96218 
vt 48.0527 -9.00583 
vt 48 -9.01886 
vt 47.9473 -9.00583 
vt 48 -8.97577 
vt 48.0283 -8.97901 
vt 47.9511 -8.98788 
vt 47.9717 -8.97901 
vt 47.9696 -8.97022 
vt 47.9473 -8.97976 
vt 48 -8.96673 
vt 48 -8.97577 
vt 48.0283 -8.97901 
vt 48.0304 -8.97022 
vt 48.0489 -8.98788 
vt 48.0527 -8.97976 
vt 47.9648 -9.05142 
vt 47.9391 -9.02815 
vt 47.9346 -9.03411 
vt 47.9622 -9.05908 
vt 48 -9.06822 
vt 48 -9.05993 
vt 48.0352 -9.05142 
vt 48.0378 -9.05908 
vt 48.0609 -9.02815 
vt 48.0654 -9.03411 
vt 48.0378 -8.94092 
vt 48.0654 -8.96589 
vt 48 -8.93178 
vt 47.9622 -8.94092 
vt 47.9346 -8.96589 
vt 48.0527 -8.96912 
vt 48.0352 -8.94132 
vt 48.0304 -8.94902 
vt 48.0609 -8.96458 
vt 48 -8.9328 
vt 48 -8.94166 
vt 47.9696 -8.94902 
vt 47.9648 -8.94132 
vt 47.9473 -8.96912 
vt 47.9391 -8.96458 
vt 48.0527 -8.97596 
vt 47.9473 -8.97596 
vt 47.9696 -9.04415 
vt 47.9391 -9.02815 
vt 47.9648 -9.05142 
vt 47.9473 -9.02404 
vt 48 -9.0515 
vt 48 -9.05993 
vt 48.0304 -9.04415 
vt 48.0352 -9.05142 
vt 48.0527 -9.02404 
vt 48.0609 -9.02815 
vt 48.0527 -8.96912 
vt 48.0304 -8.94902 
vt 48.0283 -8.95578 
vt 48.0489 -8.97447 
vt 48 -8.94166 
vt 48 -8.94894 
vt 47.9717 -8.95578 
vt 47.9696 -8.94902 
vt 47.9511 -8.97447 
vt 47.9473 -8.96912 

usemtl Cube0231Mtl

f 3430/3430/3430 3431/3431/3431 3432/3432/3432 
f 3431/3431/3431 3430/3430/3430 3433/3433/3433 
f 3434/3434/3434 3432/3432/3432 3431/3431/3431 
f 3432/3432/3432 3434/3434/3434 3435/3435/3435 
f 3436/3436/3436 3435/3435/3435 3434/3434/3434 
f 3434/3434/3434 3437/3437/3437 3436/3436/3436 
f 3438/3438/3438 3436/3436/3436 3437/3437/3437 
f 3437/3437/3437 3439/3439/3439 3438/3438/3438 
f 3445/3445/3445 3446/3446/3446 3447/3447/3447 
f 3446/3446/3446 3445/3445/3445 3448/3448/3448 
f 3449/3449/3449 3448/3448/3448 3445/3445/3445 
f 3448/3448/3448 3449/3449/3449 3450/3450/3450 
f 3449/3449/3449 3451/3451/3451 3450/3450/3450 
f 3449/3449/3449 3452/3452/3452 3451/3451/3451 
f 3453/3453/3453 3451/3451/3451 3452/3452/3452 
f 3451/3451/3451 3453/3453/3453 3454/3454/3454 
f 3464/3464/3464 3465/3465/3465 3466/3466/3466 
f 3466/3466/3466 3467/3467/3467 3464/3464/3464 
f 3468/3468/3468 3464/3464/3464 3467/3467/3467 
f 3468/3468/3468 3467/3467/3467 3469/3469/3469 
f 3470/3470/3470 3468/3468/3468 3469/3469/3469 
f 3468/3468/3468 3470/3470/3470 3471/3471/3471 
f 3472/3472/3472 3471/3471/3471 3470/3470/3470 
f 3471/3471/3471 3472/3472/3472 3473/3473/3473 
f 3474/3474/3474 3475/3475/3475 3476/3476/3476 
f 3474/3474/3474 3476/3476/3476 3477/3477/3477 
f 3477/3477/3477 3478/3478/3478 3474/3474/3474 
f 3478/3478/3478 3477/3477/3477 3479/3479/3479 
f 3480/3480/3480 3478/3478/3478 3479/3479/3479 
f 3478/3478/3478 3480/3480/3480 3481/3481/3481 
f 3482/3482/3482 3481/3481/3481 3480/3480/3480 
f 3481/3481/3481 3482/3482/3482 3483/3483/3483 
f 3484/3484/3484 3485/3485/3485 3486/3486/3486 
f 3485/3485/3485 3484/3484/3484 3487/3487/3487 
f 3488/3488/3488 3486/3486/3486 3485/3485/3485 
f 3486/3486/3486 3488/3488/3488 3489/3489/3489 
f 3490/3490/3490 3489/3489/3489 3488/3488/3488 
f 3489/3489/3489 3490/3490/3490 3491/3491/3491 
f 3492/3492/3492 3491/3491/3491 3490/3490/3490 
f 3491/3491/3491 3492/3492/3492 3493/3493/3493 
f 3497/3497/3497 3498/3498/3498 3499/3499/3499 
f 3497/3497/3497 3499/3499/3499 3500/3500/3500 
f 3498/3498/3498 3501/3501/3501 3499/3499/3499 
f 3498/3498/3498 3502/3502/3502 3501/3501/3501 
f 3503/3503/3503 3501/3501/3501 3502/3502/3502 
f 3501/3501/3501 3503/3503/3503 3504/3504/3504 
f 3505/3505/3505 3504/3504/3504 3503/3503/3503 
f 3504/3504/3504 3505/3505/3505 3506/3506/3506 
f 3513/3513/3513 3514/3514/3514 3515/3515/3515 
f 3514/3514/3514 3513/3513/3513 3516/3516/3516 
f 3517/3517/3517 3515/3515/3515 3514/3514/3514 
f 3517/3517/3517 3514/3514/3514 3518/3518/3518 
f 3519/3519/3519 3517/3517/3517 3518/3518/3518 
f 3517/3517/3517 3519/3519/3519 3520/3520/3520 
f 3521/3521/3521 3520/3520/3520 3519/3519/3519 
f 3520/3520/3520 3521/3521/3521 3522/3522/3522 
f 3530/3530/3530 3531/3531/3531 3532/3532/3532 
f 3530/3530/3530 3532/3532/3532 3533/3533/3533 
f 3531/3531/3531 3534/3534/3534 3532/3532/3532 
f 3531/3531/3531 3535/3535/3535 3534/3534/3534 
f 3536/3536/3536 3534/3534/3534 3535/3535/3535 
f 3534/3534/3534 3536/3536/3536 3537/3537/3537 
f 3538/3538/3538 3537/3537/3537 3536/3536/3536 
f 3537/3537/3537 3538/3538/3538 3539/3539/3539 
f 3540/3540/3540 3541/3541/3541 3542/3542/3542 
f 3542/3542/3542 3543/3543/3543 3540/3540/3540 
f 3544/3544/3544 3540/3540/3540 3543/3543/3543 
f 3540/3540/3540 3544/3544/3544 3545/3545/3545 
f 3546/3546/3546 3545/3545/3545 3544/3544/3544 
f 3544/3544/3544 3547/3547/3547 3546/3546/3546 
f 3548/3548/3548 3546/3546/3546 3547/3547/3547 
f 3547/3547/3547 3549/3549/3549 3548/3548/3548 
f 3555/3555/3555 3556/3556/3556 3557/3557/3557 
f 3556/3556/3556 3555/3555/3555 3558/3558/3558 
f 3559/3559/3559 3557/3557/3557 3556/3556/3556 
f 3557/3557/3557 3559/3559/3559 3560/3560/3560 
f 3559/3559/3559 3561/3561/3561 3560/3560/3560 
f 3561/3561/3561 3559/3559/3559 3562/3562/3562 
f 3562/3562/3562 3563/3563/3563 3561/3561/3561 
f 3563/3563/3563 3562/3562/3562 3564/3564/3564 
f 3567/3567/3567 3568/3568/3568 3569/3569/3569 
f 3568/3568/3568 3567/3567/3567 3570/3570/3570 
f 3569/3569/3569 3571/3571/3571 3567/3567/3567 
f 3571/3571/3571 3569/3569/3569 3572/3572/3572 
f 3573/3573/3573 3571/3571/3571 3572/3572/3572 
f 3572/3572/3572 3574/3574/3574 3573/3573/3573 
f 3574/3574/3574 3575/3575/3575 3573/3573/3573 
f 3574/3574/3574 3576/3576/3576 3575/3575/3575 
f 3577/3577/3577 3578/3578/3578 3579/3579/3579 
f 3577/3577/3577 3579/3579/3579 3580/3580/3580 
f 3581/3581/3581 3579/3579/3579 3578/3578/3578 
f 3579/3579/3579 3581/3581/3581 3582/3582/3582 
f 3581/3581/3581 3583/3583/3583 3582/3582/3582 
f 3583/3583/3583 3581/3581/3581 3584/3584/3584 
f 3584/3584/3584 3585/3585/3585 3583/3583/3583 
f 3584/3584/3584 3586/3586/3586 3585/3585/3585 

g Cube0181

v 1.40358 5.32972 14.7565 1 1 1 1 
v 1.40358 4.92034 13.1322 1 1 1 1 
v 1.40358 5.58469 13.1322 1 1 1 1 
v 1.40358 4.92034 14.7565 1 1 1 1 
v -2.81423 5.32972 14.7565 1 1 1 1 
v -2.81423 4.92034 13.1322 1 1 1 1 
v -2.81423 5.58469 13.1322 1 1 1 1 
v -2.81423 4.92034 14.7565 1 1 1 1 
v 1.40358 5.58469 13.1322 1 1 1 1 
v 1.3083 5.32972 14.7565 1 1 1 1 
v 1.40358 5.32972 14.7565 1 1 1 1 
v 1.3083 5.58469 13.1322 1 1 1 1 
v -2.9095 5.58469 13.1322 1 1 1 1 
v -2.9095 5.32972 14.7565 1 1 1 1 
v -2.81423 5.32972 14.7565 1 1 1 1 
v -2.81423 5.58469 13.1322 1 1 1 1 
v 1.3083 5.32972 14.7565 1 1 1 1 
v 1.40358 4.92034 14.7565 1 1 1 1 
v 1.40358 5.32972 14.7565 1 1 1 1 
v 1.3083 4.92034 14.7565 1 1 1 1 
v -2.81423 5.32972 14.7565 1 1 1 1 
v -2.9095 5.32972 14.7565 1 1 1 1 
v -2.9095 4.92034 14.7565 1 1 1 1 
v -2.81423 4.92034 14.7565 1 1 1 1 
v -2.9095 5.32972 14.7565 1 1 1 1 
v -2.9095 5.58469 13.1322 1 1 1 1 
v -2.9095 4.92034 13.1322 1 1 1 1 
v -2.9095 4.92034 14.7565 1 1 1 1 
v 1.3083 5.32972 14.7565 1 1 1 1 
v 1.3083 4.92034 13.1322 1 1 1 1 
v 1.3083 4.92034 14.7565 1 1 1 1 
v 1.3083 5.58469 13.1322 1 1 1 1 
v 1.40358 4.92034 13.1322 1 1 1 1 
v 1.40358 4.92034 14.7565 1 1 1 1 
v 1.3083 4.92034 13.1322 1 1 1 1 
v 1.3083 4.92034 14.7565 1 1 1 1 
v -2.81423 4.92034 13.1322 1 1 1 1 
v -2.9095 4.92034 14.7565 1 1 1 1 
v -2.9095 4.92034 13.1322 1 1 1 1 
v -2.81423 4.92034 14.7565 1 1 1 1 
v 1.40358 5.58469 13.1322 1 1 1 1 
v 1.3083 4.92034 13.1322 1 1 1 1 
v 1.3083 5.58469 13.1322 1 1 1 1 
v 1.40358 4.92034 13.1322 1 1 1 1 
v -2.9095 5.58469 13.1322 1 1 1 1 
v -2.81423 5.58469 13.1322 1 1 1 1 
v -2.81423 4.92034 13.1322 1 1 1 1 
v -2.9095 4.92034 13.1322 1 1 1 1 

vn 1 0 0 
vn 1 0 0 
vn 1 0 0 
vn 1 0 0 
vn 1 0 0 
vn 1 0 0 
vn 1 0 0 
vn 1 0 0 
vn 0 0.984252 0.15748 
vn 0 0.984252 0.15748 
vn 0 0.984252 0.15748 
vn 0 0.984252 0.15748 
vn 0 0.984252 0.15748 
vn 0 0.984252 0.15748 
vn 0 0.984252 0.15748 
vn 0 0.984252 0.15748 
vn 0 0 1 
vn 0 0 1 
vn 0 0 1 
vn 0 0 1 
vn 0 0 1 
vn 0 0 1 
vn 0 0 1 
vn 0 0 1 
vn -1 0 0 
vn -1 0 0 
vn -1 0 0 
vn -1 0 0 
vn -1 0 0 
vn -1 0 0 
vn -1 0 0 
vn -1 0 0 
vn 0 -1 0 
vn 0 -1 0 
vn 0 -1 0 
vn 0 -1 0 
vn 0 -1 0 
vn 0 -1 0 
vn 0 -1 0 
vn 0 -1 0 
vn 0 0 -1 
vn 0 0 -1 
vn 0 0 -1 
vn 0 0 -1 
vn 0 0 -1 
vn 0 0 -1 
vn 0 0 -1 
vn 0 0 -1 

vt -0.101514 -34.9903 
vt 0.101514 -35.0415 
vt 0.101514 -34.9585 
vt -0.101514 -35.0415 
vt -0.101514 -34.9903 
vt 0.101514 -35.0415 
vt 0.101514 -34.9585 
vt -0.101514 -35.0415 
vt -0.269568 -35.1015 
vt -0.257658 -34.8985 
vt -0.269568 -34.8985 
vt -0.257658 -35.1015 
vt 0.269568 -35.1015 
vt 0.269568 -34.8985 
vt 0.257658 -34.8985 
vt 0.257658 -35.1015 
vt 0.257658 -34.9903 
vt 0.269568 -35.0415 
vt 0.269568 -34.9903 
vt 0.257658 -35.0415 
vt -0.257658 -34.9903 
vt -0.269568 -34.9903 
vt -0.269568 -35.0415 
vt -0.257658 -35.0415 
vt 0.101514 -34.9903 
vt -0.101514 -34.9585 
vt -0.101514 -35.0415 
vt 0.101514 -35.0415 
vt 0.101514 -34.9903 
vt -0.101514 -35.0415 
vt 0.101514 -35.0415 
vt -0.101514 -34.9585 
vt 0.269568 -35.1015 
vt 0.269568 -34.8985 
vt 0.257658 -35.1015 
vt 0.257658 -34.8985 
vt -0.257658 -35.1015 
vt -0.269568 -34.8985 
vt -0.269568 -35.1015 
vt -0.257658 -34.8985 
vt -0.269568 -34.9585 
vt -0.257658 -35.0415 
vt -0.257658 -34.9585 
vt -0.269568 -35.0415 
vt 0.269568 -34.9585 
vt 0.257658 -34.9585 
vt 0.257658 -35.0415 
vt 0.269568 -35.0415 

usemtl Cube0231Mtl

f 3587/3587/3587 3588/3588/3588 3589/3589/3589 
f 3588/3588/3588 3587/3587/3587 3590/3590/3590 
f 3591/3591/3591 3592/3592/3592 3593/3593/3593 
f 3592/3592/3592 3591/3591/3591 3594/3594/3594 
f 3595/3595/3595 3596/3596/3596 3597/3597/3597 
f 3596/3596/3596 3595/3595/3595 3598/3598/3598 
f 3599/3599/3599 3600/3600/3600 3601/3601/3601 
f 3601/3601/3601 3602/3602/3602 3599/3599/3599 
f 3603/3603/3603 3604/3604/3604 3605/3605/3605 
f 3604/3604/3604 3603/3603/3603 3606/3606/3606 
f 3607/3607/3607 3608/3608/3608 3609/3609/3609 
f 3607/3607/3607 3609/3609/3609 3610/3610/3610 
f 3611/3611/3611 3612/3612/3612 3613/3613/3613 
f 3611/3611/3611 3613/3613/3613 3614/3614/3614 
f 3615/3615/3615 3616/3616/3616 3617/3617/3617 
f 3616/3616/3616 3615/3615/3615 3618/3618/3618 
f 3619/3619/3619 3620/3620/3620 3621/3621/3621 
f 3621/3621/3621 3620/3620/3620 3622/3622/3622 
f 3623/3623/3623 3624/3624/3624 3625/3625/3625 
f 3624/3624/3624 3623/3623/3623 3626/3626/3626 
f 3627/3627/3627 3628/3628/3628 3629/3629/3629 
f 3628/3628/3628 3627/3627/3627 3630/3630/3630 
f 3631/3631/3631 3632/3632/3632 3633/3633/3633 
f 3631/3631/3631 3633/3633/3633 3634/3634/3634 

g Cube0241

v 0.688943 5.31974 13.7791 1 1 1 1 
v 0.688943 3.50451 15.5583 1 1 1 1 
v 0.688943 3.50451 15.3214 1 1 1 1 
v 0.688943 5.31974 13.5422 1 1 1 1 
v -2.08203 5.31974 13.7791 1 1 1 1 
v -2.08203 3.50451 15.3214 1 1 1 1 
v -2.08203 5.31974 13.5422 1 1 1 1 
v -2.08203 3.50451 15.5583 1 1 1 1 
v 0.576099 5.31974 13.7791 1 1 1 1 
v 0.688943 3.50451 15.5583 1 1 1 1 
v 0.688943 5.31974 13.7791 1 1 1 1 
v 0.576099 3.50451 15.5583 1 1 1 1 
v -2.19487 5.31974 13.7791 1 1 1 1 
v -2.19487 3.50451 15.5583 1 1 1 1 
v -2.08203 5.31974 13.7791 1 1 1 1 
v -2.08203 3.50451 15.5583 1 1 1 1 
v -2.19487 3.50451 15.5583 1 1 1 1 
v -2.19487 5.31974 13.7791 1 1 1 1 
v -2.19487 3.50451 15.3214 1 1 1 1 
v -2.19487 5.31974 13.5422 1 1 1 1 
v 0.576099 3.50451 15.3214 1 1 1 1 
v 0.576099 5.31974 13.7791 1 1 1 1 
v 0.576099 5.31974 13.5422 1 1 1 1 
v 0.576099 3.50451 15.5583 1 1 1 1 
v 0.688943 5.31974 13.5422 1 1 1 1 
v 0.576099 3.50451 15.3214 1 1 1 1 
v 0.576099 5.31974 13.5422 1 1 1 1 
v 0.688943 3.50451 15.3214 1 1 1 1 
v -2.08203 5.31974 13.5422 1 1 1 1 
v -2.08203 3.50451 15.3214 1 1 1 1 
v -2.19487 5.31974 13.5422 1 1 1 1 
v -2.19487 3.50451 15.3214 1 1 1 1 

vn 1 0 0 
vn 1 0 0 
vn 1 0 0 
vn 1 0 0 
vn 1 0 0 
vn 1 0 0 
vn 1 0 0 
vn 1 0 0 
vn 0 0.700787 0.716535 
vn 0 0.700787 0.716535 
vn 0 0.700787 0.716535 
vn 0 0.700787 0.716535 
vn 0 0.700787 0.716535 
vn 0 0.700787 0.716535 
vn 0 0.700787 0.716535 
vn 0 0.700787 0.716535 
vn -1 0 0 
vn -1 0 0 
vn -1 0 0 
vn -1 0 0 
vn -1 0 0 
vn -1 0 0 
vn -1 0 0 
vn -1 0 0 
vn 0 -0.700787 -0.716535 
vn 0 -0.700787 -0.716535 
vn 0 -0.700787 -0.716535 
vn 0 -0.700787 -0.716535 
vn 0 -0.700787 -0.716535 
vn 0 -0.700787 -0.716535 
vn 0 -0.700787 -0.716535 
vn 0 -0.700787 -0.716535 

vt 46.0964 -36.8865 
vt 45.874 -37.1135 
vt 45.9036 -37.1135 
vt 46.126 -36.8865 
vt 46.0964 -36.8865 
vt 45.9036 -37.1135 
vt 46.126 -36.8865 
vt 45.874 -37.1135 
vt 46.1661 -36.8865 
vt 46.1802 -37.1135 
vt 46.1802 -36.8865 
vt 46.1661 -37.1135 
vt 45.8198 -36.8865 
vt 45.8198 -37.1135 
vt 45.8339 -36.8865 
vt 45.8339 -37.1135 
vt 46.126 -37.1135 
vt 45.9036 -36.8865 
vt 46.0964 -37.1135 
vt 45.874 -36.8865 
vt 46.0964 -37.1135 
vt 45.9036 -36.8865 
vt 45.874 -36.8865 
vt 46.126 -37.1135 
vt 45.8198 -36.8865 
vt 45.8339 -37.1135 
vt 45.8339 -36.8865 
vt 45.8198 -37.1135 
vt 46.1661 -36.8865 
vt 46.1661 -37.1135 
vt 46.1802 -36.8865 
vt 46.1802 -37.1135 

usemtl Cube0231Mtl

f 3635/3635/3635 3636/3636/3636 3637/3637/3637 
f 3637/3637/3637 3638/3638/3638 3635/3635/3635 
f 3639/3639/3639 3640/3640/3640 3641/3641/3641 
f 3640/3640/3640 3639/3639/3639 3642/3642/3642 
f 3643/3643/3643 3644/3644/3644 3645/3645/3645 
f 3644/3644/3644 3643/3643/3643 3646/3646/3646 
f 3647/3647/3647 3648/3648/3648 3649/3649/3649 
f 3649/3649/3649 3648/3648/3648 3650/3650/3650 
f 3651/3651/3651 3652/3652/3652 3653/3653/3653 
f 3654/3654/3654 3653/3653/3653 3652/3652/3652 
f 3655/3655/3655 3656/3656/3656 3657/3657/3657 
f 3656/3656/3656 3655/3655/3655 3658/3658/3658 
f 3659/3659/3659 3660/3660/3660 3661/3661/3661 
f 3660/3660/3660 3659/3659/3659 3662/3662/3662 
f 3663/3663/3663 3664/3664/3664 3665/3665/3665 
f 3665/3665/3665 3664/3664/3664 3666/3666/3666 

g Cube0281

v 2.14605 1.52996 19.1546 1 1 1 1 
v 2.14605 1.45005 15.2057 1 1 1 1 
v 2.14605 2.18408 15.2057 1 1 1 1 
v 2.14605 1.11493 19.1546 1 1 1 1 
v -3.01389 1.11493 19.1546 1 1 1 1 
v -3.01389 1.45005 15.2057 1 1 1 1 
v -3.01389 1.52996 19.1546 1 1 1 1 
v -3.01389 2.18408 15.2057 1 1 1 1 
v 1.50797 1.52996 19.1546 1 1 1 1 
v 1.50797 1.11493 19.1546 1 1 1 1 
v 2.14605 1.52996 19.1546 1 1 1 1 
v 2.14605 1.11493 19.1546 1 1 1 1 
v -3.01389 1.52996 19.1546 1 1 1 1 
v -3.65198 1.52996 19.1546 1 1 1 1 
v -3.01389 1.11493 19.1546 1 1 1 1 
v -3.65198 1.11493 19.1546 1 1 1 1 
v -3.65198 1.45005 15.2057 1 1 1 1 
v -3.65198 1.52996 19.1546 1 1 1 1 
v -3.65198 2.18408 15.2057 1 1 1 1 
v -3.65198 1.11493 19.1546 1 1 1 1 
v 1.50797 1.52996 19.1546 1 1 1 1 
v 1.50797 2.18408 15.2057 1 1 1 1 
v 1.50797 1.45005 15.2057 1 1 1 1 
v 1.50797 1.11493 19.1546 1 1 1 1 
v 2.14605 1.45005 15.2057 1 1 1 1 
v 1.50797 2.18408 15.2057 1 1 1 1 
v 2.14605 2.18408 15.2057 1 1 1 1 
v 1.50797 1.45005 15.2057 1 1 1 1 
v -3.65198 2.18408 15.2057 1 1 1 1 
v -3.01389 2.18408 15.2057 1 1 1 1 
v -3.65198 1.45005 15.2057 1 1 1 1 
v -3.01389 1.45005 15.2057 1 1 1 1 

vn 1 0 0 
vn 1 0 0 
vn 1 0 0 
vn 1 0 0 
vn 1 0 0 
vn 1 0 0 
vn 1 0 0 
vn 1 0 0 
vn 0 0 1 
vn 0 0 1 
vn 0 0 1 
vn 0 0 1 
vn 0 0 1 
vn 0 0 1 
vn 0 0 1 
vn 0 0 1 
vn -1 0 0 
vn -1 0 0 
vn -1 0 0 
vn -1 0 0 
vn -1 0 0 
vn -1 0 0 
vn -1 0 0 
vn -1 0 0 
vn 0 0 -1 
vn 0 0 -1 
vn 0 0 -1 
vn 0 0 -1 
vn 0 0 -1 
vn 0 0 -1 
vn 0 0 -1 
vn 0 0 -1 

vt 3.75319 -35.0149 
vt 4.24681 -35.0249 
vt 4.24681 -34.9332 
vt 3.75319 -35.0668 
vt 3.75319 -35.0668 
vt 4.24681 -35.0249 
vt 3.75319 -35.0149 
vt 4.24681 -34.9332 
vt 4.28262 -35.0149 
vt 4.28262 -35.0668 
vt 4.36238 -35.0149 
vt 4.36238 -35.0668 
vt 3.71738 -35.0149 
vt 3.63762 -35.0149 
vt 3.71738 -35.0668 
vt 3.63762 -35.0668 
vt 3.75319 -35.0249 
vt 4.24681 -35.0149 
vt 3.75319 -34.9332 
vt 4.24681 -35.0668 
vt 4.24681 -35.0149 
vt 3.75319 -34.9332 
vt 3.75319 -35.0249 
vt 4.24681 -35.0668 
vt 3.63762 -35.0249 
vt 3.71738 -34.9332 
vt 3.63762 -34.9332 
vt 3.71738 -35.0249 
vt 4.36238 -34.9332 
vt 4.28262 -34.9332 
vt 4.36238 -35.0249 
vt 4.28262 -35.0249 

usemtl Cube0231Mtl

f 3667/3667/3667 3668/3668/3668 3669/3669/3669 
f 3668/3668/3668 3667/3667/3667 3670/3670/3670 
f 3671/3671/3671 3672/3672/3672 3673/3673/3673 
f 3674/3674/3674 3673/3673/3673 3672/3672/3672 
f 3675/3675/3675 3676/3676/3676 3677/3677/3677 
f 3677/3677/3677 3676/3676/3676 3678/3678/3678 
f 3679/3679/3679 3680/3680/3680 3681/3681/3681 
f 3680/3680/3680 3682/3682/3682 3681/3681/3681 
f 3683/3683/3683 3684/3684/3684 3685/3685/3685 
f 3684/3684/3684 3683/3683/3683 3686/3686/3686 
f 3687/3687/3687 3688/3688/3688 3689/3689/3689 
f 3687/3687/3687 3689/3689/3689 3690/3690/3690 
f 3691/3691/3691 3692/3692/3692 3693/3693/3693 
f 3692/3692/3692 3691/3691/3691 3694/3694/3694 
f 3695/3695/3695 3696/3696/3696 3697/3697/3697 
f 3696/3696/3696 3698/3698/3698 3697/3697/3697 

g Cylinder0211

v -3.02476 1.28027 15.6298 1 1 1 1 
v -3.05012 1.36994 15.6026 1 1 1 1 
v -3.11135 1.40709 15.5371 1 1 1 1 
v -3.11135 1.15345 15.5371 1 1 1 1 
v -2.96447 1.15345 15.3998 1 1 1 1 
v -3.17258 1.1906 15.4716 1 1 1 1 
v -3.19794 1.28027 15.4445 1 1 1 1 
v -3.17258 1.36994 15.4716 1 1 1 1 
v 1.39731 1.36994 15.4653 1 1 1 1 
v 1.51883 1.28027 15.6298 1 1 1 1 
v 1.60542 1.40709 15.5371 1 1 1 1 
v 1.37195 1.28027 15.4925 1 1 1 1 
v 1.39731 1.1906 15.4653 1 1 1 1 
v 1.69201 1.28027 15.4445 1 1 1 1 
v -0.0125296 1.16523 19.9994 1 1 1 1 
v 0.0128336 1.07556 20.0265 1 1 1 1 
v -0.0125296 0.985888 19.9994 1 1 1 1 
v -1.37094 1.16523 19.8684 1 1 1 1 
v -1.43217 1.18405 19.9339 1 1 1 1 
v -1.37979 1.15227 19.8778 1 1 1 1 
v -1.43217 1.20238 19.9339 1 1 1 1 
v -1.34558 1.07556 19.8412 1 1 1 1 
v -1.37979 1.15227 19.8778 1 1 1 1 
v -1.35809 1.07556 19.8546 1 1 1 1 
v -1.37094 1.16523 19.8684 1 1 1 1 
v -1.37094 0.985888 19.8684 1 1 1 1 
v -1.34558 1.07556 19.8412 1 1 1 1 
v -1.37979 0.998848 19.8778 1 1 1 1 
v -1.35809 1.07556 19.8546 1 1 1 1 
v -1.43217 0.948744 19.9339 1 1 1 1 
v -1.37094 0.985888 19.8684 1 1 1 1 
v -1.43217 0.967072 19.9339 1 1 1 1 
v -1.37979 0.998848 19.8778 1 1 1 1 
v -1.43217 1.20238 19.9339 1 1 1 1 
v -1.4934 1.16523 19.9994 1 1 1 1 
v -1.43217 1.18405 19.9339 1 1 1 1 
v -1.48455 1.15227 19.9899 1 1 1 1 
v -1.4934 1.16523 19.9994 1 1 1 1 
v -1.51876 1.07556 20.0265 1 1 1 1 
v -1.48455 1.15227 19.9899 1 1 1 1 
v -1.50625 1.07556 20.0131 1 1 1 1 
v -1.51876 1.07556 20.0265 1 1 1 1 
v -1.48455 0.998848 19.9899 1 1 1 1 
v -1.50625 1.07556 20.0131 1 1 1 1 
v -1.4934 0.985888 19.9994 1 1 1 1 
v -1.4934 0.985888 19.9994 1 1 1 1 
v -1.43217 0.967072 19.9339 1 1 1 1 
v -1.48455 0.998848 19.9899 1 1 1 1 
v -1.43217 0.948744 19.9339 1 1 1 1 
v -1.5722 1.36994 14.2214 1 1 1 1 
v -1.54683 1.28027 14.2485 1 1 1 1 
v -1.58104 1.35698 14.2119 1 1 1 1 
v -1.63343 1.40709 14.1559 1 1 1 1 
v -1.63343 1.38876 14.1559 1 1 1 1 
v -1.55935 1.28027 14.2351 1 1 1 1 
v -1.58104 1.20356 14.2119 1 1 1 1 
v -1.5722 1.1906 14.2214 1 1 1 1 
v -1.63343 1.17178 14.1559 1 1 1 1 
v -1.63343 1.15345 14.1559 1 1 1 1 
v -1.69465 1.1906 14.0903 1 1 1 1 
v -1.68581 1.20356 14.0998 1 1 1 1 
v -1.72002 1.28027 14.0632 1 1 1 1 
v -1.7075 1.28027 14.0766 1 1 1 1 
v -1.72002 1.28027 14.0632 1 1 1 1 
v -1.68581 1.35698 14.0998 1 1 1 1 
v -1.7075 1.28027 14.0766 1 1 1 1 
v -1.69465 1.36994 14.0903 1 1 1 1 
v -1.63343 1.38876 14.1559 1 1 1 1 
v -1.63343 1.40709 14.1559 1 1 1 1 
v -1.63343 1.17178 14.1559 1 1 1 1 
v -1.5722 1.1906 14.2214 1 1 1 1 
v -1.63343 1.15345 14.1559 1 1 1 1 
v -1.63343 1.38876 14.1559 1 1 1 1 
v -1.5722 1.36994 14.2214 1 1 1 1 
v -1.58104 1.35698 14.2119 1 1 1 1 
v 1.74639 1.07556 18.4064 1 1 1 1 
v 1.71218 0.998848 18.3698 1 1 1 1 
v 1.73387 1.07556 18.393 1 1 1 1 
v 1.72103 0.985888 18.3792 1 1 1 1 
v 1.74639 1.07556 18.4064 1 1 1 1 
v 1.71218 1.15228 18.3698 1 1 1 1 
v 1.72103 1.16524 18.3792 1 1 1 1 
v 1.73387 1.07556 18.393 1 1 1 1 
v 1.72103 1.16524 18.3792 1 1 1 1 
v 1.6598 1.18405 18.3137 1 1 1 1 
v 1.6598 1.20238 18.3137 1 1 1 1 
v 1.71218 1.15228 18.3698 1 1 1 1 
v 1.72103 0.985888 18.3792 1 1 1 1 
v 1.6598 0.948744 18.3137 1 1 1 1 
v 1.6598 0.967072 18.3137 1 1 1 1 
v 1.71218 0.998848 18.3698 1 1 1 1 
v 1.6598 0.967072 18.3137 1 1 1 1 
v 1.59857 0.985888 18.2482 1 1 1 1 
v 1.60742 0.998848 18.2577 1 1 1 1 
v 1.6598 0.948744 18.3137 1 1 1 1 
v 1.57321 1.07556 18.2211 1 1 1 1 
v 1.60742 0.998848 18.2577 1 1 1 1 
v 1.59857 0.985888 18.2482 1 1 1 1 
v 1.58572 1.07556 18.2345 1 1 1 1 
v 1.57321 1.07556 18.2211 1 1 1 1 
v 1.59857 1.16524 18.2482 1 1 1 1 
v 1.60742 1.15228 18.2577 1 1 1 1 
v 1.58572 1.07556 18.2345 1 1 1 1 
v 1.59857 1.16524 18.2482 1 1 1 1 
v 1.6598 1.18405 18.3137 1 1 1 1 
v 1.60742 1.15228 18.2577 1 1 1 1 
v 1.6598 1.20238 18.3137 1 1 1 1 
v -3.1045 0.985888 18.2482 1 1 1 1 
v -3.07913 1.07556 18.2211 1 1 1 1 
v -3.1045 1.16524 18.2482 1 1 1 1 
v 1.29233 1.28027 15.393 1 1 1 1 
v 1.39731 1.1906 15.4653 1 1 1 1 
v 1.31403 1.20356 15.3698 1 1 1 1 
v 1.37195 1.28027 15.4925 1 1 1 1 
v 1.39731 1.36994 15.4653 1 1 1 1 
v 1.36641 1.17178 15.3137 1 1 1 1 
v 1.31403 1.35698 15.3698 1 1 1 1 
v -2.92472 1.20356 15.2577 1 1 1 1 
v -2.94641 1.28027 15.2345 1 1 1 1 
v -2.92472 1.35698 15.2577 1 1 1 1 
v -2.85771 0.998848 18.4966 1 1 1 1 
v 1.40417 0.948744 18.5526 1 1 1 1 
v 1.40417 1.18405 18.5526 1 1 1 1 
v -2.97132 1.16524 18.6181 1 1 1 1 
v -2.99669 1.07556 18.6453 1 1 1 1 
v -2.96247 1.15228 18.6087 1 1 1 1 
v -2.96247 0.998848 18.6087 1 1 1 1 
v -2.98417 1.07556 18.6319 1 1 1 1 
v -2.97132 0.985888 18.6181 1 1 1 1 
v -2.91009 0.967072 18.5526 1 1 1 1 
v -2.91009 0.948744 18.5526 1 1 1 1 
v -2.84886 0.985888 18.4871 1 1 1 1 
v -2.85771 0.998848 18.4966 1 1 1 1 
v -2.8235 1.07556 18.46 1 1 1 1 
v -2.83602 1.07556 18.4734 1 1 1 1 
v -2.98417 1.07556 18.6319 1 1 1 1 
v -2.96247 1.15228 18.6087 1 1 1 1 
v -2.99669 1.07556 18.6453 1 1 1 1 
v -2.91009 1.18405 18.5526 1 1 1 1 
v -2.97132 1.16524 18.6181 1 1 1 1 
v -2.91009 1.20238 18.5526 1 1 1 1 
v -2.8235 1.07556 18.46 1 1 1 1 
v -2.85771 1.15228 18.4966 1 1 1 1 
v -2.83602 1.07556 18.4734 1 1 1 1 
v -2.84886 0.985888 18.4871 1 1 1 1 
v -2.85771 0.998848 18.4966 1 1 1 1 
v -2.84886 1.16524 18.4871 1 1 1 1 
v -2.91009 1.18405 18.5526 1 1 1 1 
v -2.91009 1.20238 18.5526 1 1 1 1 
v -2.91009 0.967072 18.5526 1 1 1 1 
v -2.97132 0.985888 18.6181 1 1 1 1 
v -2.91009 0.948744 18.5526 1 1 1 1 
v 1.55304 1.20356 15.5932 1 1 1 1 
v -3.17258 1.36994 15.4716 1 1 1 1 
v -3.11135 1.38876 15.5371 1 1 1 1 
v -3.16373 1.35698 15.4811 1 1 1 1 
v -3.11135 1.40709 15.5371 1 1 1 1 
v -3.19794 1.28027 15.4445 1 1 1 1 
v -3.16373 1.35698 15.4811 1 1 1 1 
v -3.18543 1.28027 15.4578 1 1 1 1 
v -3.17258 1.36994 15.4716 1 1 1 1 
v -3.17258 1.1906 15.4716 1 1 1 1 
v -3.19794 1.28027 15.4445 1 1 1 1 
v -3.16373 1.20356 15.4811 1 1 1 1 
v -3.18543 1.28027 15.4578 1 1 1 1 
v -3.11135 1.15345 15.5371 1 1 1 1 
v -3.17258 1.1906 15.4716 1 1 1 1 
v -3.11135 1.17178 15.5371 1 1 1 1 
v -3.16373 1.20356 15.4811 1 1 1 1 
v -3.11135 1.40709 15.5371 1 1 1 1 
v -3.05012 1.36994 15.6026 1 1 1 1 
v -3.11135 1.38876 15.5371 1 1 1 1 
v -3.05897 1.35698 15.5932 1 1 1 1 
v -3.05012 1.36994 15.6026 1 1 1 1 
v -3.02476 1.28027 15.6298 1 1 1 1 
v -3.05897 1.35698 15.5932 1 1 1 1 
v -3.03727 1.28027 15.6164 1 1 1 1 
v -3.02476 1.28027 15.6298 1 1 1 1 
v -3.05897 1.20356 15.5932 1 1 1 1 
v -3.03727 1.28027 15.6164 1 1 1 1 
v -3.05012 1.1906 15.6026 1 1 1 1 
v -3.05012 1.1906 15.6026 1 1 1 1 
v -3.11135 1.17178 15.5371 1 1 1 1 
v -3.05897 1.20356 15.5932 1 1 1 1 
v -3.11135 1.15345 15.5371 1 1 1 1 
v 0.125502 0.998848 19.8527 1 1 1 1 
v 0.147199 1.07556 19.8759 1 1 1 1 
v 0.125502 1.15227 19.8527 1 1 1 1 
v 0.159714 1.07556 19.8893 1 1 1 1 
v 0.125502 0.998848 19.8527 1 1 1 1 
v 0.147199 1.07556 19.8759 1 1 1 1 
v 0.125502 1.15227 19.8527 1 1 1 1 
v 0.134351 0.985888 19.8621 1 1 1 1 
v 0.0731212 0.967072 19.7966 1 1 1 1 
v 0.0731212 0.948744 19.7966 1 1 1 1 
v 0.134351 1.16523 19.8621 1 1 1 1 
v 0.0731212 1.18405 19.7966 1 1 1 1 
v 0.0731212 1.20238 19.7966 1 1 1 1 
v 0.0118904 1.16523 19.7311 1 1 1 1 
v 0.0731212 1.18405 19.7966 1 1 1 1 
v 0.0207396 1.15227 19.7406 1 1 1 1 
v 0.0731212 1.18405 19.7966 1 1 1 1 
v 0.0118904 1.16523 19.7311 1 1 1 1 
v 0.0731212 1.20238 19.7966 1 1 1 1 
v -0.0134707 1.07556 19.704 1 1 1 1 
v 0.0207396 1.15227 19.7406 1 1 1 1 
v -0.000956178 1.07556 19.7173 1 1 1 1 
v 0.0731212 0.967072 19.7966 1 1 1 1 
v 0.0118905 0.985888 19.7311 1 1 1 1 
v 0.0207396 0.998848 19.7406 1 1 1 1 
v 0.0731212 0.948744 19.7966 1 1 1 1 
v -0.0134707 1.07556 19.704 1 1 1 1 
v 0.0207396 0.998848 19.7406 1 1 1 1 
v 0.0118905 0.985888 19.7311 1 1 1 1 
v -0.000956178 1.07556 19.7173 1 1 1 1 
v -0.214726 1.28027 14.0096 1 1 1 1 
v -0.180515 1.20356 13.973 1 1 1 1 
v -0.202212 1.28027 13.9962 1 1 1 1 
v -0.189364 1.1906 13.9825 1 1 1 1 
v -0.214726 1.28027 14.0096 1 1 1 1 
v -0.180515 1.35698 13.973 1 1 1 1 
v -0.189364 1.36994 13.9825 1 1 1 1 
v -0.202212 1.28027 13.9962 1 1 1 1 
v -0.189364 1.36994 13.9825 1 1 1 1 
v -0.128135 1.38876 13.9169 1 1 1 1 
v -0.128135 1.40709 13.9169 1 1 1 1 
v -0.180515 1.35698 13.973 1 1 1 1 
v -0.189364 1.1906 13.9825 1 1 1 1 
v -0.128135 1.15345 13.9169 1 1 1 1 
v -0.128135 1.17178 13.9169 1 1 1 1 
v -0.180515 1.20356 13.973 1 1 1 1 
v -0.128135 1.17178 13.9169 1 1 1 1 
v -0.0669051 1.1906 13.8514 1 1 1 1 
v -0.0757542 1.20356 13.8609 1 1 1 1 
v -0.128135 1.15345 13.9169 1 1 1 1 
v -0.0415429 1.28027 13.8243 1 1 1 1 
v -0.0757542 1.20356 13.8609 1 1 1 1 
v -0.0669051 1.1906 13.8514 1 1 1 1 
v -0.0540575 1.28027 13.8377 1 1 1 1 
v -0.0415429 1.28027 13.8243 1 1 1 1 
v -0.0669051 1.36994 13.8514 1 1 1 1 
v -0.0757542 1.35698 13.8609 1 1 1 1 
v -0.0540575 1.28027 13.8377 1 1 1 1 
v -0.0669051 1.36994 13.8514 1 1 1 1 
v -0.128135 1.38876 13.9169 1 1 1 1 
v -0.0757542 1.35698 13.8609 1 1 1 1 
v -0.128135 1.40709 13.9169 1 1 1 1 
v -3.02476 1.28027 15.6298 1 1 1 1 
v -2.90324 1.1906 15.4653 1 1 1 1 
v -3.05012 1.1906 15.6026 1 1 1 1 
v -3.11135 1.15345 15.5371 1 1 1 1 
v -2.96447 1.15345 15.3998 1 1 1 1 
v -3.0257 1.1906 15.3343 1 1 1 1 
v -3.17258 1.1906 15.4716 1 1 1 1 
v -3.05106 1.28027 15.3072 1 1 1 1 
v 1.51883 1.28027 15.6298 1 1 1 1 
v 1.39731 1.1906 15.4653 1 1 1 1 
v 1.54419 1.1906 15.6026 1 1 1 1 
v 1.60542 1.15345 15.5371 1 1 1 1 
v 1.45854 1.15345 15.3998 1 1 1 1 
v 1.51977 1.1906 15.3343 1 1 1 1 
v 1.66665 1.1906 15.4716 1 1 1 1 
v -0.13499 1.16523 19.8684 1 1 1 1 
v -0.160351 1.07556 19.8412 1 1 1 1 
v -0.0125296 1.16523 19.9994 1 1 1 1 
v 0.0128336 1.07556 20.0265 1 1 1 1 
v -1.37094 1.16523 19.8684 1 1 1 1 
v -1.4934 1.16523 19.9994 1 1 1 1 
v -1.51876 1.07556 20.0265 1 1 1 1 
v -1.50625 1.07556 20.0131 1 1 1 1 
v 0.179878 1.20356 14.0998 1 1 1 1 
v 0.188727 1.1906 14.0903 1 1 1 1 
v 0.127497 1.17178 14.1559 1 1 1 1 
v 0.0662675 1.1906 14.2214 1 1 1 1 
v 0.0751165 1.20356 14.2119 1 1 1 1 
v -1.5722 1.1906 14.2214 1 1 1 1 
v -1.63343 1.17178 14.1559 1 1 1 1 
v -1.69465 1.1906 14.0903 1 1 1 1 
v -1.68581 1.20356 14.0998 1 1 1 1 
v 1.74639 1.07556 18.4064 1 1 1 1 
v 1.72103 1.16524 18.3792 1 1 1 1 
v 1.6598 1.20238 18.3137 1 1 1 1 
v 1.59857 1.16524 18.2482 1 1 1 1 
v -3.2398 1.07556 18.393 1 1 1 1 
v -3.22696 1.16524 18.3792 1 1 1 1 
v -3.16573 1.20238 18.3137 1 1 1 1 
v -3.07913 1.07556 18.2211 1 1 1 1 
v -3.1045 1.16524 18.2482 1 1 1 1 
v 1.29233 1.28027 15.393 1 1 1 1 
v 1.39731 1.1906 15.4653 1 1 1 1 
v 1.31403 1.20356 15.3698 1 1 1 1 
v 1.45854 1.15345 15.3998 1 1 1 1 
v 1.36641 1.17178 15.3137 1 1 1 1 
v 1.41879 1.20356 15.2577 1 1 1 1 
v 1.51977 1.1906 15.3343 1 1 1 1 
v 1.44048 1.28027 15.2345 1 1 1 1 
v -2.79826 1.28027 15.393 1 1 1 1 
v -2.90324 1.1906 15.4653 1 1 1 1 
v -2.81995 1.20356 15.3698 1 1 1 1 
v -2.96447 1.15345 15.3998 1 1 1 1 
v -2.87233 1.17178 15.3137 1 1 1 1 
v -2.92472 1.20356 15.2577 1 1 1 1 
v -3.0257 1.1906 15.3343 1 1 1 1 
v -2.94641 1.28027 15.2345 1 1 1 1 
v 1.41879 1.20356 15.2577 1 1 1 1 
v 0.179878 1.20356 14.0998 1 1 1 1 
v 1.36641 1.17178 15.3137 1 1 1 1 
v 0.127497 1.17178 14.1559 1 1 1 1 
v 0.0751165 1.20356 14.2119 1 1 1 1 
v 1.31403 1.20356 15.3698 1 1 1 1 
v -2.92472 1.20356 15.2577 1 1 1 1 
v -1.68581 1.20356 14.0998 1 1 1 1 
v -2.87233 1.17178 15.3137 1 1 1 1 
v -1.63343 1.17178 14.1559 1 1 1 1 
v -1.58104 1.20356 14.2119 1 1 1 1 
v -2.81995 1.20356 15.3698 1 1 1 1 
v -1.57905 1.18405 19.7966 1 1 1 1 
v -2.85771 1.15228 18.4966 1 1 1 1 
v -2.91009 1.18405 18.5526 1 1 1 1 
v -1.52667 1.15227 19.7406 1 1 1 1 
v -2.83602 1.07556 18.4734 1 1 1 1 
v -1.50497 1.07556 19.7173 1 1 1 1 
v -1.65313 1.07556 19.8759 1 1 1 1 
v -2.96247 1.15228 18.6087 1 1 1 1 
v -1.63143 1.15227 19.8527 1 1 1 1 
v -2.91009 1.18405 18.5526 1 1 1 1 
v -1.57905 1.18405 19.7966 1 1 1 1 
v 1.49076 1.07556 18.6453 1 1 1 1 
v 1.45655 1.15228 18.6087 1 1 1 1 
v 1.31757 1.07556 18.46 1 1 1 1 
v 1.33009 1.07556 18.4734 1 1 1 1 
v 1.35178 1.15228 18.4966 1 1 1 1 
v 1.40417 1.18405 18.5526 1 1 1 1 
v -2.97132 1.16524 18.6181 1 1 1 1 
v -2.8235 1.07556 18.46 1 1 1 1 
v -2.91009 1.20238 18.5526 1 1 1 1 
v -3.16373 1.20356 15.4811 1 1 1 1 
v 1.35178 1.15228 18.4966 1 1 1 1 
v 0.0731212 1.18405 19.7966 1 1 1 1 
v 1.40417 1.18405 18.5526 1 1 1 1 
v 0.0207396 1.15227 19.7406 1 1 1 1 
v -0.000956178 1.07556 19.7173 1 1 1 1 
v 1.45655 1.15228 18.6087 1 1 1 1 
v 0.125502 1.15227 19.8527 1 1 1 1 
v 1.40417 1.18405 18.5526 1 1 1 1 
v 0.0731212 1.18405 19.7966 1 1 1 1 
v 0.134351 1.16523 19.8621 1 1 1 1 
v -0.0125296 1.16523 19.9994 1 1 1 1 
v 0.0731212 1.20238 19.7966 1 1 1 1 
v -0.0737591 1.20238 19.9339 1 1 1 1 
v -0.13499 1.16523 19.8684 1 1 1 1 
v 0.0118904 1.16523 19.7311 1 1 1 1 
v -0.0737591 1.20238 19.9339 1 1 1 1 
v 0.0731212 1.20238 19.7966 1 1 1 1 
v -1.66564 1.07556 19.8893 1 1 1 1 
v -1.64028 1.16523 19.8621 1 1 1 1 
v -1.4934 1.16523 19.9994 1 1 1 1 
v -1.57905 1.20238 19.7966 1 1 1 1 
v -1.43217 1.20238 19.9339 1 1 1 1 
v -1.37094 1.16523 19.8684 1 1 1 1 
v -1.51782 1.16523 19.7311 1 1 1 1 
v -1.43217 1.20238 19.9339 1 1 1 1 
v -1.57905 1.20238 19.7966 1 1 1 1 
v -0.189364 1.1906 13.9825 1 1 1 1 
v -0.128135 1.15345 13.9169 1 1 1 1 
v -0.0669051 1.1906 13.8514 1 1 1 1 
v -0.0757542 1.20356 13.8609 1 1 1 1 
v -0.0415429 1.28027 13.8243 1 1 1 1 
v -1.31656 1.1906 13.9825 1 1 1 1 
v -1.37779 1.15345 13.9169 1 1 1 1 
v -1.43902 1.1906 13.8514 1 1 1 1 
v -1.43017 1.35698 13.8609 1 1 1 1 
v 1.72103 1.16524 18.3792 1 1 1 1 
v 1.4654 1.16524 18.6181 1 1 1 1 
v 1.40417 1.20238 18.5526 1 1 1 1 
v 1.6598 1.20238 18.3137 1 1 1 1 
v 1.34294 1.16524 18.4871 1 1 1 1 
v 1.59857 1.16524 18.2482 1 1 1 1 
v 1.40417 1.20238 18.5526 1 1 1 1 
v 1.6598 1.20238 18.3137 1 1 1 1 
v -3.22696 1.16524 18.3792 1 1 1 1 
v -2.97132 1.16524 18.6181 1 1 1 1 
v -2.91009 1.20238 18.5526 1 1 1 1 
v -3.16573 1.20238 18.3137 1 1 1 1 
v -2.84886 1.16524 18.4871 1 1 1 1 
v -3.1045 1.16524 18.2482 1 1 1 1 
v -2.91009 1.20238 18.5526 1 1 1 1 
v -3.16573 1.20238 18.3137 1 1 1 1 
v -0.189364 1.1906 13.9825 1 1 1 1 
v 0.0662675 1.1906 14.2214 1 1 1 1 
v -0.128135 1.15345 13.9169 1 1 1 1 
v 0.127497 1.15345 14.1559 1 1 1 1 
v -0.0669051 1.1906 13.8514 1 1 1 1 
v 0.188727 1.1906 14.0903 1 1 1 1 
v -1.31656 1.1906 13.9825 1 1 1 1 
v -1.5722 1.1906 14.2214 1 1 1 1 
v -1.37779 1.15345 13.9169 1 1 1 1 
v -1.63343 1.15345 14.1559 1 1 1 1 
v -1.43902 1.1906 13.8514 1 1 1 1 
v -1.69465 1.1906 14.0903 1 1 1 1 
v -2.96447 1.15345 15.3998 1 1 1 1 
v -3.0257 1.1906 15.3343 1 1 1 1 
v -3.17258 1.1906 15.4716 1 1 1 1 
v -3.05106 1.28027 15.3072 1 1 1 1 
v -3.19794 1.28027 15.4445 1 1 1 1 
v -3.17258 1.36994 15.4716 1 1 1 1 
v -3.0257 1.36994 15.3343 1 1 1 1 
v 1.45854 1.40709 15.3998 1 1 1 1 
v 1.60542 1.15345 15.5371 1 1 1 1 
v 1.45854 1.15345 15.3998 1 1 1 1 
v 1.51977 1.1906 15.3343 1 1 1 1 
v 1.66665 1.1906 15.4716 1 1 1 1 
v 1.54513 1.28027 15.3072 1 1 1 1 
v 1.69201 1.28027 15.4445 1 1 1 1 
v 1.66665 1.36994 15.4716 1 1 1 1 
v 1.51977 1.36994 15.3343 1 1 1 1 
v -0.0125296 1.16523 19.9994 1 1 1 1 
v -0.0125296 0.985888 19.9994 1 1 1 1 
v -1.37094 0.985888 19.8684 1 1 1 1 
v 0.214089 1.28027 14.0632 1 1 1 1 
v 0.179878 1.35698 14.0998 1 1 1 1 
v 0.188727 1.36994 14.0903 1 1 1 1 
v 0.127497 1.40709 14.1559 1 1 1 1 
v 0.201574 1.28027 14.0766 1 1 1 1 
v 0.179878 1.20356 14.0998 1 1 1 1 
v 0.188727 1.1906 14.0903 1 1 1 1 
v -1.69465 1.1906 14.0903 1 1 1 1 
v -1.68581 1.20356 14.0998 1 1 1 1 
v -1.72002 1.28027 14.0632 1 1 1 1 
v -1.69465 1.36994 14.0903 1 1 1 1 
v 1.74639 1.07556 18.4064 1 1 1 1 
v 1.72103 0.985888 18.3792 1 1 1 1 
v 1.72103 1.16524 18.3792 1 1 1 1 
v -3.22696 0.985888 18.3792 1 1 1 1 
v -3.25232 1.07556 18.4064 1 1 1 1 
v -3.22696 1.16524 18.3792 1 1 1 1 
v 1.41879 1.20356 15.2577 1 1 1 1 
v 1.51977 1.1906 15.3343 1 1 1 1 
v 1.44048 1.28027 15.2345 1 1 1 1 
v 1.54513 1.28027 15.3072 1 1 1 1 
v 1.51977 1.36994 15.3343 1 1 1 1 
v 1.41879 1.35698 15.2577 1 1 1 1 
v -2.92472 1.20356 15.2577 1 1 1 1 
v -3.0257 1.1906 15.3343 1 1 1 1 
v -2.94641 1.28027 15.2345 1 1 1 1 
v -3.05106 1.28027 15.3072 1 1 1 1 
v -3.0257 1.36994 15.3343 1 1 1 1 
v -2.92472 1.35698 15.2577 1 1 1 1 
v 0.179878 1.35698 14.0998 1 1 1 1 
v 1.41879 1.35698 15.2577 1 1 1 1 
v 0.201574 1.28027 14.0766 1 1 1 1 
v 1.44048 1.28027 15.2345 1 1 1 1 
v 1.41879 1.20356 15.2577 1 1 1 1 
v 0.179878 1.20356 14.0998 1 1 1 1 
v -1.68581 1.35698 14.0998 1 1 1 1 
v -2.92472 1.35698 15.2577 1 1 1 1 
v -1.7075 1.28027 14.0766 1 1 1 1 
v -2.94641 1.28027 15.2345 1 1 1 1 
v -2.92472 1.20356 15.2577 1 1 1 1 
v -1.68581 1.20356 14.0998 1 1 1 1 
v -1.63143 0.998848 19.8527 1 1 1 1 
v -2.96247 0.998848 18.6087 1 1 1 1 
v -1.65313 1.07556 19.8759 1 1 1 1 
v -2.98417 1.07556 18.6319 1 1 1 1 
v -2.96247 1.15228 18.6087 1 1 1 1 
v -1.63143 1.15227 19.8527 1 1 1 1 
v 1.45655 1.15228 18.6087 1 1 1 1 
v 1.47824 1.07556 18.6319 1 1 1 1 
v 1.45655 0.998848 18.6087 1 1 1 1 
v -2.97132 1.16524 18.6181 1 1 1 1 
v -2.99669 1.07556 18.6453 1 1 1 1 
v -2.97132 0.985888 18.6181 1 1 1 1 
v 0.125502 0.998848 19.8527 1 1 1 1 
v 1.45655 0.998848 18.6087 1 1 1 1 
v 0.147199 1.07556 19.8759 1 1 1 1 
v 1.47824 1.07556 18.6319 1 1 1 1 
v 1.45655 1.15228 18.6087 1 1 1 1 
v 0.125502 1.15227 19.8527 1 1 1 1 
v 0.159714 1.07556 19.8893 1 1 1 1 
v 0.134351 1.16523 19.8621 1 1 1 1 
v 0.0128336 1.07556 20.0265 1 1 1 1 
v 0.134351 0.985888 19.8621 1 1 1 1 
v -0.0125296 1.16523 19.9994 1 1 1 1 
v -0.0125296 0.985888 19.9994 1 1 1 1 
v -1.66564 1.07556 19.8893 1 1 1 1 
v -1.51876 1.07556 20.0265 1 1 1 1 
v -1.64028 1.16523 19.8621 1 1 1 1 
v -1.64028 0.985888 19.8621 1 1 1 1 
v -1.4934 1.16523 19.9994 1 1 1 1 
v -1.4934 0.985888 19.9994 1 1 1 1 
v -0.214726 1.28027 14.0096 1 1 1 1 
v -0.0669051 1.1906 13.8514 1 1 1 1 
v -0.0757542 1.20356 13.8609 1 1 1 1 
v -0.0415429 1.28027 13.8243 1 1 1 1 
v -0.0669051 1.36994 13.8514 1 1 1 1 
v -1.37779 1.40709 13.9169 1 1 1 1 
v -1.37779 1.15345 13.9169 1 1 1 1 
v -1.43902 1.1906 13.8514 1 1 1 1 
v -1.46439 1.28027 13.8243 1 1 1 1 
v -1.43902 1.36994 13.8514 1 1 1 1 
v -1.43017 1.35698 13.8609 1 1 1 1 
v 1.72103 0.985888 18.3792 1 1 1 1 
v 1.49076 1.07556 18.6453 1 1 1 1 
v 1.4654 0.985888 18.6181 1 1 1 1 
v 1.74639 1.07556 18.4064 1 1 1 1 
v 1.72103 1.16524 18.3792 1 1 1 1 
v 1.4654 1.16524 18.6181 1 1 1 1 
v -2.99669 1.07556 18.6453 1 1 1 1 
v -3.22696 0.985888 18.3792 1 1 1 1 
v -2.97132 0.985888 18.6181 1 1 1 1 
v -3.25232 1.07556 18.4064 1 1 1 1 
v -3.22696 1.16524 18.3792 1 1 1 1 
v -2.97132 1.16524 18.6181 1 1 1 1 
v -0.0669051 1.1906 13.8514 1 1 1 1 
v 0.188727 1.1906 14.0903 1 1 1 1 
v -0.0415429 1.28027 13.8243 1 1 1 1 
v 0.214089 1.28027 14.0632 1 1 1 1 
v 0.188727 1.36994 14.0903 1 1 1 1 
v -0.0669051 1.36994 13.8514 1 1 1 1 
v -1.43902 1.1906 13.8514 1 1 1 1 
v -1.69465 1.1906 14.0903 1 1 1 1 
v -1.46439 1.28027 13.8243 1 1 1 1 
v -1.72002 1.28027 14.0632 1 1 1 1 
v -1.69465 1.36994 14.0903 1 1 1 1 
v -1.43902 1.36994 13.8514 1 1 1 1 
v -2.90324 1.36994 15.4653 1 1 1 1 
v -3.02476 1.28027 15.6298 1 1 1 1 
v -3.05012 1.36994 15.6026 1 1 1 1 
v -3.11135 1.40709 15.5371 1 1 1 1 
v -2.87788 1.28027 15.4925 1 1 1 1 
v -2.90324 1.1906 15.4653 1 1 1 1 
v 1.60542 1.40709 15.5371 1 1 1 1 
v 1.45854 1.40709 15.3998 1 1 1 1 
v 1.45854 1.15345 15.3998 1 1 1 1 
v 1.69201 1.28027 15.4445 1 1 1 1 
v 1.66665 1.36994 15.4716 1 1 1 1 
v -0.0737593 1.18405 19.9339 1 1 1 1 
v -0.13499 1.16523 19.8684 1 1 1 1 
v -0.126141 1.15227 19.8778 1 1 1 1 
v -0.0737591 1.20238 19.9339 1 1 1 1 
v -0.160351 1.07556 19.8412 1 1 1 1 
v -0.126141 1.15227 19.8778 1 1 1 1 
v -0.13499 1.16523 19.8684 1 1 1 1 
v -0.147837 1.07556 19.8546 1 1 1 1 
v -0.160351 1.07556 19.8412 1 1 1 1 
v -0.13499 0.985888 19.8684 1 1 1 1 
v -0.126141 0.998848 19.8778 1 1 1 1 
v -0.147837 1.07556 19.8546 1 1 1 1 
v -0.13499 0.985888 19.8684 1 1 1 1 
v -0.0737591 0.967072 19.9339 1 1 1 1 
v -0.126141 0.998848 19.8778 1 1 1 1 
v -0.0737591 0.948744 19.9339 1 1 1 1 
v -0.0125296 1.16523 19.9994 1 1 1 1 
v -0.0737591 1.20238 19.9339 1 1 1 1 
v -0.0737593 1.18405 19.9339 1 1 1 1 
v -0.0213787 1.15227 19.9899 1 1 1 1 
v 0.0128336 1.07556 20.0265 1 1 1 1 
v -0.0213787 1.15227 19.9899 1 1 1 1 
v 0.000319123 1.07556 20.0131 1 1 1 1 
v -0.0125296 1.16523 19.9994 1 1 1 1 
v 0.0128336 1.07556 20.0265 1 1 1 1 
v -0.0213787 0.998848 19.9899 1 1 1 1 
v -0.0125296 0.985888 19.9994 1 1 1 1 
v 0.000319123 1.07556 20.0131 1 1 1 1 
v -0.0125296 0.985888 19.9994 1 1 1 1 
v -0.0737591 0.967072 19.9339 1 1 1 1 
v -0.0737591 0.948744 19.9339 1 1 1 1 
v -0.0213787 0.998848 19.9899 1 1 1 1 
v -1.4934 1.16523 19.9994 1 1 1 1 
v -1.51876 1.07556 20.0265 1 1 1 1 
v -1.4934 0.985888 19.9994 1 1 1 1 
v 0.040905 1.28027 14.2485 1 1 1 1 
v 0.0751165 1.35698 14.2119 1 1 1 1 
v 0.0534195 1.28027 14.2351 1 1 1 1 
v 0.0662675 1.36994 14.2214 1 1 1 1 
v 0.127497 1.38876 14.1559 1 1 1 1 
v 0.214089 1.28027 14.0632 1 1 1 1 
v 0.179878 1.35698 14.0998 1 1 1 1 
v 0.188727 1.36994 14.0903 1 1 1 1 
v 0.127497 1.38876 14.1559 1 1 1 1 
v 0.127497 1.40709 14.1559 1 1 1 1 
v 0.201574 1.28027 14.0766 1 1 1 1 
v 0.179878 1.20356 14.0998 1 1 1 1 
v 0.188727 1.1906 14.0903 1 1 1 1 
v 0.127497 1.17178 14.1559 1 1 1 1 
v 0.0662675 1.1906 14.2214 1 1 1 1 
v 0.127497 1.15345 14.1559 1 1 1 1 
v 0.0751165 1.20356 14.2119 1 1 1 1 
v 0.040905 1.28027 14.2485 1 1 1 1 
v 0.0534195 1.28027 14.2351 1 1 1 1 
v 0.127497 1.38876 14.1559 1 1 1 1 
v 0.188727 1.36994 14.0903 1 1 1 1 
v 0.179878 1.35698 14.0998 1 1 1 1 
v 0.0662675 1.36994 14.2214 1 1 1 1 
v 0.127497 1.40709 14.1559 1 1 1 1 
v 0.127497 1.38876 14.1559 1 1 1 1 
v 0.127497 1.17178 14.1559 1 1 1 1 
v 0.188727 1.1906 14.0903 1 1 1 1 
v 0.127497 1.15345 14.1559 1 1 1 1 
v -1.5722 1.36994 14.2214 1 1 1 1 
v -1.54683 1.28027 14.2485 1 1 1 1 
v -1.58104 1.35698 14.2119 1 1 1 1 
v -1.63343 1.40709 14.1559 1 1 1 1 
v -1.5722 1.1906 14.2214 1 1 1 1 
v 1.59857 0.985888 18.2482 1 1 1 1 
v 1.57321 1.07556 18.2211 1 1 1 1 
v 1.59857 1.16524 18.2482 1 1 1 1 
v -3.22696 0.985888 18.3792 1 1 1 1 
v -3.25232 1.07556 18.4064 1 1 1 1 
v -3.21811 0.998848 18.3698 1 1 1 1 
v -3.2398 1.07556 18.393 1 1 1 1 
v -3.25232 1.07556 18.4064 1 1 1 1 
v -3.21811 1.15228 18.3698 1 1 1 1 
v -3.2398 1.07556 18.393 1 1 1 1 
v -3.22696 1.16524 18.3792 1 1 1 1 
v -3.22696 1.16524 18.3792 1 1 1 1 
v -3.16573 1.18405 18.3137 1 1 1 1 
v -3.21811 1.15228 18.3698 1 1 1 1 
v -3.16573 1.20238 18.3137 1 1 1 1 
v -3.16573 0.948744 18.3137 1 1 1 1 
v -3.22696 0.985888 18.3792 1 1 1 1 
v -3.16573 0.967072 18.3137 1 1 1 1 
v -3.21811 0.998848 18.3698 1 1 1 1 
v -3.1045 0.985888 18.2482 1 1 1 1 
v -3.16573 0.967072 18.3137 1 1 1 1 
v -3.11334 0.998848 18.2577 1 1 1 1 
v -3.16573 0.948744 18.3137 1 1 1 1 
v -3.07913 1.07556 18.2211 1 1 1 1 
v -3.11334 0.998848 18.2577 1 1 1 1 
v -3.09165 1.07556 18.2345 1 1 1 1 
v -3.1045 0.985888 18.2482 1 1 1 1 
v -3.1045 1.16524 18.2482 1 1 1 1 
v -3.07913 1.07556 18.2211 1 1 1 1 
v -3.11334 1.15228 18.2577 1 1 1 1 
v -3.09165 1.07556 18.2345 1 1 1 1 
v -3.16573 1.20238 18.3137 1 1 1 1 
v -3.1045 1.16524 18.2482 1 1 1 1 
v -3.16573 1.18405 18.3137 1 1 1 1 
v -3.11334 1.15228 18.2577 1 1 1 1 
v 1.44048 1.28027 15.2345 1 1 1 1 
v -2.79826 1.28027 15.393 1 1 1 1 
v -2.90324 1.1906 15.4653 1 1 1 1 
v -2.87788 1.28027 15.4925 1 1 1 1 
v -2.90324 1.36994 15.4653 1 1 1 1 
v -2.81995 1.20356 15.3698 1 1 1 1 
v -2.81995 1.35698 15.3698 1 1 1 1 
v 1.49076 1.07556 18.6453 1 1 1 1 
v 1.45655 1.15228 18.6087 1 1 1 1 
v 1.47824 1.07556 18.6319 1 1 1 1 
v 1.45655 0.998848 18.6087 1 1 1 1 
v 1.40417 0.967072 18.5526 1 1 1 1 
v 1.4654 0.985888 18.6181 1 1 1 1 
v 1.40417 0.948744 18.5526 1 1 1 1 
v 1.34294 0.985888 18.4871 1 1 1 1 
v 1.31757 1.07556 18.46 1 1 1 1 
v 1.35178 0.998848 18.4966 1 1 1 1 
v 1.33009 1.07556 18.4734 1 1 1 1 
v 1.35178 1.15228 18.4966 1 1 1 1 
v 1.34294 1.16524 18.4871 1 1 1 1 
v 1.40417 1.18405 18.5526 1 1 1 1 
v 1.40417 1.20238 18.5526 1 1 1 1 
v 1.49076 1.07556 18.6453 1 1 1 1 
v 1.4654 1.16524 18.6181 1 1 1 1 
v 1.45655 1.15228 18.6087 1 1 1 1 
v 1.40417 1.18405 18.5526 1 1 1 1 
v 1.45655 0.998848 18.6087 1 1 1 1 
v 1.4654 0.985888 18.6181 1 1 1 1 
v 1.40417 1.18405 18.5526 1 1 1 1 
v 1.34294 1.16524 18.4871 1 1 1 1 
v 1.35178 1.15228 18.4966 1 1 1 1 
v 1.4654 1.16524 18.6181 1 1 1 1 
v 1.40417 1.20238 18.5526 1 1 1 1 
v 1.40417 1.18405 18.5526 1 1 1 1 
v 1.34294 0.985888 18.4871 1 1 1 1 
v 1.40417 0.967072 18.5526 1 1 1 1 
v 1.35178 0.998848 18.4966 1 1 1 1 
v 1.60542 1.38876 15.5371 1 1 1 1 
v 1.66665 1.36994 15.4716 1 1 1 1 
v 1.6578 1.35698 15.4811 1 1 1 1 
v 1.60542 1.40709 15.5371 1 1 1 1 
v 1.69201 1.28027 15.4445 1 1 1 1 
v 1.6578 1.35698 15.4811 1 1 1 1 
v 1.66665 1.36994 15.4716 1 1 1 1 
v 1.6795 1.28027 15.4578 1 1 1 1 
v 1.69201 1.28027 15.4445 1 1 1 1 
v 1.66665 1.1906 15.4716 1 1 1 1 
v 1.6578 1.20356 15.4811 1 1 1 1 
v 1.6795 1.28027 15.4578 1 1 1 1 
v 1.66665 1.1906 15.4716 1 1 1 1 
v 1.60542 1.17178 15.5371 1 1 1 1 
v 1.6578 1.20356 15.4811 1 1 1 1 
v 1.60542 1.15345 15.5371 1 1 1 1 
v 1.54419 1.36994 15.6026 1 1 1 1 
v 1.60542 1.40709 15.5371 1 1 1 1 
v 1.60542 1.38876 15.5371 1 1 1 1 
v 1.55304 1.35698 15.5932 1 1 1 1 
v 1.51883 1.28027 15.6298 1 1 1 1 
v 1.55304 1.35698 15.5932 1 1 1 1 
v 1.53134 1.28027 15.6164 1 1 1 1 
v 1.54419 1.36994 15.6026 1 1 1 1 
v 1.51883 1.28027 15.6298 1 1 1 1 
v 1.55304 1.20356 15.5932 1 1 1 1 
v 1.54419 1.1906 15.6026 1 1 1 1 
v 1.53134 1.28027 15.6164 1 1 1 1 
v 1.54419 1.1906 15.6026 1 1 1 1 
v 1.60542 1.17178 15.5371 1 1 1 1 
v 1.60542 1.15345 15.5371 1 1 1 1 
v 1.55304 1.20356 15.5932 1 1 1 1 
v -1.57905 1.20238 19.7966 1 1 1 1 
v -1.57905 0.948744 19.7966 1 1 1 1 
v -1.64028 0.985888 19.8621 1 1 1 1 
v -1.66564 1.07556 19.8893 1 1 1 1 
v -1.63143 0.998848 19.8527 1 1 1 1 
v -1.63143 1.15227 19.8527 1 1 1 1 
v -1.64028 1.16523 19.8621 1 1 1 1 
v -1.65313 1.07556 19.8759 1 1 1 1 
v -1.65313 1.07556 19.8759 1 1 1 1 
v -1.63143 0.998848 19.8527 1 1 1 1 
v -1.66564 1.07556 19.8893 1 1 1 1 
v -1.57905 0.967072 19.7966 1 1 1 1 
v -1.64028 0.985888 19.8621 1 1 1 1 
v -1.57905 0.948744 19.7966 1 1 1 1 
v -1.51782 0.985888 19.7311 1 1 1 1 
v -1.52667 0.998848 19.7406 1 1 1 1 
v -1.49246 1.07556 19.704 1 1 1 1 
v -1.52667 1.15227 19.7406 1 1 1 1 
v -1.50497 1.07556 19.7173 1 1 1 1 
v -1.51782 1.16523 19.7311 1 1 1 1 
v -1.57905 1.20238 19.7966 1 1 1 1 
v -1.57905 1.18405 19.7966 1 1 1 1 
v -1.52667 1.15227 19.7406 1 1 1 1 
v -1.57905 1.18405 19.7966 1 1 1 1 
v -1.51782 1.16523 19.7311 1 1 1 1 
v -1.49246 1.07556 19.704 1 1 1 1 
v -1.52667 0.998848 19.7406 1 1 1 1 
v -1.50497 1.07556 19.7173 1 1 1 1 
v -1.64028 1.16523 19.8621 1 1 1 1 
v -1.57905 1.18405 19.7966 1 1 1 1 
v -1.63143 1.15227 19.8527 1 1 1 1 
v -1.57905 1.20238 19.7966 1 1 1 1 
v -0.0669051 1.1906 13.8514 1 1 1 1 
v -0.0415429 1.28027 13.8243 1 1 1 1 
v -0.0669051 1.36994 13.8514 1 1 1 1 
v -1.31656 1.1906 13.9825 1 1 1 1 
v -1.2912 1.28027 14.0096 1 1 1 1 
v -1.32541 1.20356 13.973 1 1 1 1 
v -1.30372 1.28027 13.9962 1 1 1 1 
v -1.2912 1.28027 14.0096 1 1 1 1 
v -1.32541 1.35698 13.973 1 1 1 1 
v -1.30372 1.28027 13.9962 1 1 1 1 
v -1.31656 1.36994 13.9825 1 1 1 1 
v -1.31656 1.36994 13.9825 1 1 1 1 
v -1.37779 1.38876 13.9169 1 1 1 1 
v -1.32541 1.35698 13.973 1 1 1 1 
v -1.37779 1.40709 13.9169 1 1 1 1 
v -1.37779 1.15345 13.9169 1 1 1 1 
v -1.31656 1.1906 13.9825 1 1 1 1 
v -1.37779 1.17178 13.9169 1 1 1 1 
v -1.32541 1.20356 13.973 1 1 1 1 
v -1.43902 1.1906 13.8514 1 1 1 1 
v -1.37779 1.17178 13.9169 1 1 1 1 
v -1.43017 1.20356 13.8609 1 1 1 1 
v -1.37779 1.15345 13.9169 1 1 1 1 
v -1.46439 1.28027 13.8243 1 1 1 1 
v -1.43017 1.20356 13.8609 1 1 1 1 
v -1.45187 1.28027 13.8377 1 1 1 1 
v -1.43902 1.1906 13.8514 1 1 1 1 
v -1.43902 1.36994 13.8514 1 1 1 1 
v -1.46439 1.28027 13.8243 1 1 1 1 
v -1.43017 1.35698 13.8609 1 1 1 1 
v -1.45187 1.28027 13.8377 1 1 1 1 
v -1.37779 1.40709 13.9169 1 1 1 1 
v -1.43902 1.36994 13.8514 1 1 1 1 
v -1.37779 1.38876 13.9169 1 1 1 1 
v -1.43017 1.35698 13.8609 1 1 1 1 
v -2.90324 1.36994 15.4653 1 1 1 1 
v -3.02476 1.28027 15.6298 1 1 1 1 
v -3.05012 1.36994 15.6026 1 1 1 1 
v -3.11135 1.40709 15.5371 1 1 1 1 
v -2.96447 1.40709 15.3998 1 1 1 1 
v -3.17258 1.36994 15.4716 1 1 1 1 
v -3.0257 1.36994 15.3343 1 1 1 1 
v -3.11135 1.40709 15.5371 1 1 1 1 
v -2.96447 1.40709 15.3998 1 1 1 1 
v 1.39731 1.36994 15.4653 1 1 1 1 
v 1.54419 1.36994 15.6026 1 1 1 1 
v 1.51883 1.28027 15.6298 1 1 1 1 
v 1.60542 1.40709 15.5371 1 1 1 1 
v 1.45854 1.40709 15.3998 1 1 1 1 
v 1.66665 1.36994 15.4716 1 1 1 1 
v 1.51977 1.36994 15.3343 1 1 1 1 
v 1.60542 1.40709 15.5371 1 1 1 1 
v 1.45854 1.40709 15.3998 1 1 1 1 
v -0.160351 1.07556 19.8412 1 1 1 1 
v -0.13499 0.985888 19.8684 1 1 1 1 
v 0.0128336 1.07556 20.0265 1 1 1 1 
v -0.0125296 0.985888 19.9994 1 1 1 1 
v -1.37094 0.985888 19.8684 1 1 1 1 
v -1.51876 1.07556 20.0265 1 1 1 1 
v -1.50625 1.07556 20.0131 1 1 1 1 
v -1.4934 0.985888 19.9994 1 1 1 1 
v 0.0751165 1.35698 14.2119 1 1 1 1 
v 0.0662675 1.36994 14.2214 1 1 1 1 
v 0.127497 1.38876 14.1559 1 1 1 1 
v 0.179878 1.35698 14.0998 1 1 1 1 
v 0.188727 1.36994 14.0903 1 1 1 1 
v 0.201574 1.28027 14.0766 1 1 1 1 
v -1.5722 1.36994 14.2214 1 1 1 1 
v -1.54683 1.28027 14.2485 1 1 1 1 
v -1.58104 1.35698 14.2119 1 1 1 1 
v -1.63343 1.40709 14.1559 1 1 1 1 
v -1.63343 1.17178 14.1559 1 1 1 1 
v -1.72002 1.28027 14.0632 1 1 1 1 
v -1.69465 1.36994 14.0903 1 1 1 1 
v 1.74639 1.07556 18.4064 1 1 1 1 
v 1.72103 0.985888 18.3792 1 1 1 1 
v 1.6598 0.948744 18.3137 1 1 1 1 
v 1.59857 0.985888 18.2482 1 1 1 1 
v -3.22696 0.985888 18.3792 1 1 1 1 
v -3.2398 1.07556 18.393 1 1 1 1 
v -3.1045 0.985888 18.2482 1 1 1 1 
v -3.07913 1.07556 18.2211 1 1 1 1 
v 1.29233 1.28027 15.393 1 1 1 1 
v 1.39731 1.36994 15.4653 1 1 1 1 
v 1.31403 1.35698 15.3698 1 1 1 1 
v 1.45854 1.40709 15.3998 1 1 1 1 
v 1.36641 1.38876 15.3137 1 1 1 1 
v 1.44048 1.28027 15.2345 1 1 1 1 
v 1.51977 1.36994 15.3343 1 1 1 1 
v 1.41879 1.35698 15.2577 1 1 1 1 
v 1.45854 1.40709 15.3998 1 1 1 1 
v 1.36641 1.38876 15.3137 1 1 1 1 
v -2.79826 1.28027 15.393 1 1 1 1 
v -2.90324 1.36994 15.4653 1 1 1 1 
v -2.81995 1.35698 15.3698 1 1 1 1 
v -2.96447 1.40709 15.3998 1 1 1 1 
v -2.87233 1.38876 15.3137 1 1 1 1 
v -2.94641 1.28027 15.2345 1 1 1 1 
v -3.0257 1.36994 15.3343 1 1 1 1 
v -2.92472 1.35698 15.2577 1 1 1 1 
v -2.96447 1.40709 15.3998 1 1 1 1 
v -2.87233 1.38876 15.3137 1 1 1 1 
v 0.179878 1.35698 14.0998 1 1 1 1 
v 1.36641 1.38876 15.3137 1 1 1 1 
v 0.127497 1.38876 14.1559 1 1 1 1 
v 1.41879 1.35698 15.2577 1 1 1 1 
v 0.0751165 1.35698 14.2119 1 1 1 1 
v 1.31403 1.35698 15.3698 1 1 1 1 
v 1.36641 1.38876 15.3137 1 1 1 1 
v 0.127497 1.38876 14.1559 1 1 1 1 
v -2.87233 1.38876 15.3137 1 1 1 1 
v -1.68581 1.35698 14.0998 1 1 1 1 
v -1.63343 1.38876 14.1559 1 1 1 1 
v -2.92472 1.35698 15.2577 1 1 1 1 
v -1.58104 1.35698 14.2119 1 1 1 1 
v -2.81995 1.35698 15.3698 1 1 1 1 
v -2.87233 1.38876 15.3137 1 1 1 1 
v -1.63343 1.38876 14.1559 1 1 1 1 
v -2.83602 1.07556 18.4734 1 1 1 1 
v -1.50497 1.07556 19.7173 1 1 1 1 
v -1.52667 0.998848 19.7406 1 1 1 1 
v -2.85771 0.998848 18.4966 1 1 1 1 
v -1.57905 0.967072 19.7966 1 1 1 1 
v -2.91009 0.967072 18.5526 1 1 1 1 
v -1.63143 0.998848 19.8527 1 1 1 1 
v -2.96247 0.998848 18.6087 1 1 1 1 
v -1.65313 1.07556 19.8759 1 1 1 1 
v 1.49076 1.07556 18.6453 1 1 1 1 
v 1.45655 0.998848 18.6087 1 1 1 1 
v 1.40417 0.967072 18.5526 1 1 1 1 
v 1.40417 0.948744 18.5526 1 1 1 1 
v 1.35178 0.998848 18.4966 1 1 1 1 
v 1.33009 1.07556 18.4734 1 1 1 1 
v -2.97132 0.985888 18.6181 1 1 1 1 
v -2.91009 0.948744 18.5526 1 1 1 1 
v -3.16373 1.35698 15.4811 1 1 1 1 
v -3.16373 1.20356 15.4811 1 1 1 1 
v -0.000956178 1.07556 19.7173 1 1 1 1 
v 0.0207396 0.998848 19.7406 1 1 1 1 
v 1.35178 0.998848 18.4966 1 1 1 1 
v 0.0731212 0.967072 19.7966 1 1 1 1 
v 1.40417 0.967072 18.5526 1 1 1 1 
v 0.125502 0.998848 19.8527 1 1 1 1 
v 1.45655 0.998848 18.6087 1 1 1 1 
v 0.134351 0.985888 19.8621 1 1 1 1 
v -0.0125296 0.985888 19.9994 1 1 1 1 
v 0.0731212 0.948744 19.7966 1 1 1 1 
v -0.0737591 0.948744 19.9339 1 1 1 1 
v 0.0118905 0.985888 19.7311 1 1 1 1 
v -0.13499 0.985888 19.8684 1 1 1 1 
v -1.64028 0.985888 19.8621 1 1 1 1 
v -1.4934 0.985888 19.9994 1 1 1 1 
v -1.57905 0.948744 19.7966 1 1 1 1 
v -1.43217 0.948744 19.9339 1 1 1 1 
v -1.51782 0.985888 19.7311 1 1 1 1 
v -1.37094 0.985888 19.8684 1 1 1 1 
v -0.189364 1.36994 13.9825 1 1 1 1 
v -0.128135 1.40709 13.9169 1 1 1 1 
v -0.0415429 1.28027 13.8243 1 1 1 1 
v -0.0669051 1.36994 13.8514 1 1 1 1 
v -1.31656 1.36994 13.9825 1 1 1 1 
v -1.37779 1.40709 13.9169 1 1 1 1 
v -1.43902 1.36994 13.8514 1 1 1 1 
v -1.43017 1.35698 13.8609 1 1 1 1 
v 1.72103 0.985888 18.3792 1 1 1 1 
v 1.4654 0.985888 18.6181 1 1 1 1 
v 1.40417 0.948744 18.5526 1 1 1 1 
v 1.6598 0.948744 18.3137 1 1 1 1 
v 1.59857 0.985888 18.2482 1 1 1 1 
v 1.34294 0.985888 18.4871 1 1 1 1 
v -3.22696 0.985888 18.3792 1 1 1 1 
v -2.97132 0.985888 18.6181 1 1 1 1 
v -2.91009 0.948744 18.5526 1 1 1 1 
v -3.16573 0.948744 18.3137 1 1 1 1 
v -3.1045 0.985888 18.2482 1 1 1 1 
v -2.84886 0.985888 18.4871 1 1 1 1 
v -0.189364 1.36994 13.9825 1 1 1 1 
v 0.0662675 1.36994 14.2214 1 1 1 1 
v -0.128135 1.40709 13.9169 1 1 1 1 
v 0.127497 1.40709 14.1559 1 1 1 1 
v 0.188727 1.36994 14.0903 1 1 1 1 
v -0.0669051 1.36994 13.8514 1 1 1 1 
v 0.127497 1.40709 14.1559 1 1 1 1 
v -0.128135 1.40709 13.9169 1 1 1 1 
v -1.31656 1.36994 13.9825 1 1 1 1 
v -1.5722 1.36994 14.2214 1 1 1 1 
v -1.37779 1.40709 13.9169 1 1 1 1 
v -1.63343 1.40709 14.1559 1 1 1 1 
v -1.69465 1.36994 14.0903 1 1 1 1 
v -1.43902 1.36994 13.8514 1 1 1 1 
v -1.63343 1.40709 14.1559 1 1 1 1 
v -1.37779 1.40709 13.9169 1 1 1 1 
v -2.90324 1.36994 15.4653 1 1 1 1 
v -3.02476 1.28027 15.6298 1 1 1 1 
v -3.05012 1.36994 15.6026 1 1 1 1 
v -3.11135 1.40709 15.5371 1 1 1 1 
v -2.87788 1.28027 15.4925 1 1 1 1 
v -2.90324 1.1906 15.4653 1 1 1 1 
v -3.05012 1.1906 15.6026 1 1 1 1 
v -3.11135 1.15345 15.5371 1 1 1 1 
v -2.96447 1.15345 15.3998 1 1 1 1 
v -3.0257 1.36994 15.3343 1 1 1 1 
v 1.39731 1.36994 15.4653 1 1 1 1 
v 1.54419 1.36994 15.6026 1 1 1 1 
v 1.51883 1.28027 15.6298 1 1 1 1 
v 1.45854 1.40709 15.3998 1 1 1 1 
v 1.37195 1.28027 15.4925 1 1 1 1 
v 1.39731 1.1906 15.4653 1 1 1 1 
v 1.54419 1.1906 15.6026 1 1 1 1 
v 1.45854 1.15345 15.3998 1 1 1 1 
v -0.13499 1.16523 19.8684 1 1 1 1 
v -0.160351 1.07556 19.8412 1 1 1 1 
v -0.13499 0.985888 19.8684 1 1 1 1 
v -0.0125296 1.16523 19.9994 1 1 1 1 
v -0.0125296 0.985888 19.9994 1 1 1 1 
v -1.37094 1.16523 19.8684 1 1 1 1 
v -1.34558 1.07556 19.8412 1 1 1 1 
v -1.37094 0.985888 19.8684 1 1 1 1 
v 0.0751165 1.35698 14.2119 1 1 1 1 
v 0.0534195 1.28027 14.2351 1 1 1 1 
v 0.0662675 1.36994 14.2214 1 1 1 1 
v 0.127497 1.40709 14.1559 1 1 1 1 
v 0.179878 1.20356 14.0998 1 1 1 1 
v 0.0662675 1.1906 14.2214 1 1 1 1 
v 0.0751165 1.20356 14.2119 1 1 1 1 
v -1.5722 1.36994 14.2214 1 1 1 1 
v -1.54683 1.28027 14.2485 1 1 1 1 
v -1.58104 1.35698 14.2119 1 1 1 1 
v -1.55935 1.28027 14.2351 1 1 1 1 
v -1.5722 1.1906 14.2214 1 1 1 1 
v 1.6598 1.20238 18.3137 1 1 1 1 
v 1.6598 0.948744 18.3137 1 1 1 1 
v -3.1045 1.16524 18.2482 1 1 1 1 
v 1.29233 1.28027 15.393 1 1 1 1 
v 1.31403 1.35698 15.3698 1 1 1 1 
v -2.79826 1.28027 15.393 1 1 1 1 
v -2.81995 1.20356 15.3698 1 1 1 1 
v -2.81995 1.35698 15.3698 1 1 1 1 
v -2.87233 1.38876 15.3137 1 1 1 1 
v 0.0751165 1.20356 14.2119 1 1 1 1 
v 1.31403 1.20356 15.3698 1 1 1 1 
v 1.29233 1.28027 15.393 1 1 1 1 
v 0.0534195 1.28027 14.2351 1 1 1 1 
v 0.0751165 1.35698 14.2119 1 1 1 1 
v 1.31403 1.35698 15.3698 1 1 1 1 
v -1.58104 1.20356 14.2119 1 1 1 1 
v -2.81995 1.20356 15.3698 1 1 1 1 
v -2.79826 1.28027 15.393 1 1 1 1 
v -1.55935 1.28027 14.2351 1 1 1 1 
v -1.58104 1.35698 14.2119 1 1 1 1 
v -2.81995 1.35698 15.3698 1 1 1 1 
v -2.85771 1.15228 18.4966 1 1 1 1 
v -1.52667 1.15227 19.7406 1 1 1 1 
v -2.83602 1.07556 18.4734 1 1 1 1 
v -1.50497 1.07556 19.7173 1 1 1 1 
v -1.52667 0.998848 19.7406 1 1 1 1 
v -2.85771 0.998848 18.4966 1 1 1 1 
v 1.40417 0.948744 18.5526 1 1 1 1 
v 1.31757 1.07556 18.46 1 1 1 1 
v 1.35178 0.998848 18.4966 1 1 1 1 
v 1.33009 1.07556 18.4734 1 1 1 1 
v 1.35178 1.15228 18.4966 1 1 1 1 
v 1.40417 1.18405 18.5526 1 1 1 1 
v -2.8235 1.07556 18.46 1 1 1 1 
v -3.16373 1.35698 15.4811 1 1 1 1 
v 1.35178 1.15228 18.4966 1 1 1 1 
v 0.0207396 1.15227 19.7406 1 1 1 1 
v 1.33009 1.07556 18.4734 1 1 1 1 
v -0.000956178 1.07556 19.7173 1 1 1 1 
v 0.0207396 0.998848 19.7406 1 1 1 1 
v 1.35178 0.998848 18.4966 1 1 1 1 
v 0.159714 1.07556 19.8893 1 1 1 1 
v 0.0118905 0.985888 19.7311 1 1 1 1 
v -0.13499 0.985888 19.8684 1 1 1 1 
v -0.0134707 1.07556 19.704 1 1 1 1 
v -0.160351 1.07556 19.8412 1 1 1 1 
v -0.13499 1.16523 19.8684 1 1 1 1 
v 0.0118904 1.16523 19.7311 1 1 1 1 
v -1.51782 0.985888 19.7311 1 1 1 1 
v -1.37094 0.985888 19.8684 1 1 1 1 
v -1.49246 1.07556 19.704 1 1 1 1 
v -1.34558 1.07556 19.8412 1 1 1 1 
v -1.37094 1.16523 19.8684 1 1 1 1 
v -1.51782 1.16523 19.7311 1 1 1 1 
v -0.214726 1.28027 14.0096 1 1 1 1 
v -0.189364 1.1906 13.9825 1 1 1 1 
v -0.189364 1.36994 13.9825 1 1 1 1 
v -1.31656 1.1906 13.9825 1 1 1 1 
v -1.2912 1.28027 14.0096 1 1 1 1 
v -1.31656 1.36994 13.9825 1 1 1 1 
v 1.59857 0.985888 18.2482 1 1 1 1 
v 1.34294 0.985888 18.4871 1 1 1 1 
v 1.57321 1.07556 18.2211 1 1 1 1 
v 1.31757 1.07556 18.46 1 1 1 1 
v 1.34294 1.16524 18.4871 1 1 1 1 
v 1.59857 1.16524 18.2482 1 1 1 1 
v -3.1045 0.985888 18.2482 1 1 1 1 
v -2.84886 0.985888 18.4871 1 1 1 1 
v -3.07913 1.07556 18.2211 1 1 1 1 
v -2.8235 1.07556 18.46 1 1 1 1 
v -2.84886 1.16524 18.4871 1 1 1 1 
v -3.1045 1.16524 18.2482 1 1 1 1 
v 0.040905 1.28027 14.2485 1 1 1 1 
v -0.189364 1.1906 13.9825 1 1 1 1 
v -0.214726 1.28027 14.0096 1 1 1 1 
v -0.189364 1.36994 13.9825 1 1 1 1 
v 0.0662675 1.1906 14.2214 1 1 1 1 
v 0.0662675 1.36994 14.2214 1 1 1 1 
v -1.31656 1.1906 13.9825 1 1 1 1 
v -1.54683 1.28027 14.2485 1 1 1 1 
v -1.2912 1.28027 14.0096 1 1 1 1 
v -1.31656 1.36994 13.9825 1 1 1 1 
v -1.5722 1.1906 14.2214 1 1 1 1 
v -1.5722 1.36994 14.2214 1 1 1 1 

vn -0.685039 0 -0.732283 
vn -0.480315 -0.708661 -0.519685 
vn 0 -1 0 
vn 0 1 0 
vn 0 1 0 
vn 0.480315 0.708661 0.519685 
vn 0.685039 0 0.732283 
vn 0.480315 -0.708661 0.519685 
vn 0.480315 -0.708661 -0.519685 
vn 0.685039 0 -0.732283 
vn 0 -1 0 
vn 0.685039 0 -0.732283 
vn 0.480315 0.708661 -0.519685 
vn -0.685039 0 0.732283 
vn -0.732283 0 0.685039 
vn -0.732283 0 0.685039 
vn -0.732283 0 0.685039 
vn 0.732283 0 0.685039 
vn 0.732283 0 0.685039 
vn 0.732283 0 0.685039 
vn 0.732283 0 0.685039 
vn 0.732283 0 0.685039 
vn 0.732283 0 0.685039 
vn 0.732283 0 0.685039 
vn 0.732283 0 0.685039 
vn 0.732283 0 0.685039 
vn 0.732283 0 0.685039 
vn 0.732283 0 0.685039 
vn 0.732283 0 0.685039 
vn 0.732283 0 0.685039 
vn 0.732283 0 0.685039 
vn 0.732283 0 0.685039 
vn 0.732283 0 0.685039 
vn 0.732283 0 0.685039 
vn 0.732283 0 0.685039 
vn 0.732283 0 0.685039 
vn 0.732283 0 0.685039 
vn 0.732283 0 0.685039 
vn 0.732283 0 0.685039 
vn 0.732283 0 0.685039 
vn 0.732283 0 0.685039 
vn 0.732283 0 0.685039 
vn 0.732283 0 0.685039 
vn 0.732283 0 0.685039 
vn 0.732283 0 0.685039 
vn 0.732283 0 0.685039 
vn 0.732283 0 0.685039 
vn 0.732283 0 0.685039 
vn 0.732283 0 0.685039 
vn 0.732283 0 -0.685039 
vn 0.732283 0 -0.685039 
vn 0.732283 0 -0.685039 
vn 0.732283 0 -0.685039 
vn 0.732283 0 -0.685039 
vn 0.732283 0 -0.685039 
vn 0.732283 0 -0.685039 
vn 0.732283 0 -0.685039 
vn 0.732283 0 -0.685039 
vn 0.732283 0 -0.685039 
vn 0.732283 0 -0.685039 
vn 0.732283 0 -0.685039 
vn 0.732283 0 -0.685039 
vn 0.732283 0 -0.685039 
vn 0.732283 0 -0.685039 
vn 0.732283 0 -0.685039 
vn 0.732283 0 -0.685039 
vn 0.732283 0 -0.685039 
vn 0.732283 0 -0.685039 
vn 0.732283 0 -0.685039 
vn 0.732283 0 -0.685039 
vn 0.732283 0 -0.685039 
vn 0.732283 0 -0.685039 
vn 0.732283 0 -0.685039 
vn 0.732283 0 -0.685039 
vn 0.732283 0 -0.685039 
vn 0.732283 0 -0.685039 
vn 0.732283 0 -0.685039 
vn 0.732283 0 -0.685039 
vn 0.732283 0 -0.685039 
vn 0.732283 0 -0.685039 
vn 0.732283 0 -0.685039 
vn 0.732283 0 -0.685039 
vn 0.732283 0 -0.685039 
vn 0.732283 0 -0.685039 
vn 0.732283 0 -0.685039 
vn 0.732283 0 -0.685039 
vn 0.732283 0 -0.685039 
vn 0.732283 0 -0.685039 
vn 0.732283 0 -0.685039 
vn 0.732283 0 -0.685039 
vn 0.732283 0 -0.685039 
vn 0.732283 0 -0.685039 
vn 0.732283 0 -0.685039 
vn 0.732283 0 -0.685039 
vn 0.732283 0 -0.685039 
vn 0.732283 0 -0.685039 
vn 0.732283 0 -0.685039 
vn 0.732283 0 -0.685039 
vn 0.732283 0 -0.685039 
vn 0.732283 0 -0.685039 
vn 0.732283 0 -0.685039 
vn 0.732283 0 -0.685039 
vn 0.732283 0 -0.685039 
vn 0.732283 0 -0.685039 
vn 0.732283 0 -0.685039 
vn 0.732283 0 -0.685039 
vn 0.732283 0 -0.685039 
vn -0.732283 0 -0.685039 
vn -0.732283 0 -0.685039 
vn -0.732283 0 -0.685039 
vn 0.779528 0 -0.622047 
vn 0.582677 0.700787 -0.409449 
vn 0.582677 0.700787 -0.409449 
vn 0.779528 0 -0.622047 
vn 0.582677 -0.700787 -0.409449 
vn 0.102362 0.992126 0.0944882 
vn 0.582677 -0.700787 -0.409449 
vn 0.370079 0.700787 0.606299 
vn 0.566929 0 0.818898 
vn 0.370079 -0.700787 0.606299 
vn 0.480315 -0.708661 -0.519685 
vn -0.732283 0 0.685039 
vn -0.732283 0 0.685039 
vn 0.732283 0 0.685039 
vn 0.732283 0 0.685039 
vn 0.732283 0 0.685039 
vn 0.732283 0 0.685039 
vn 0.732283 0 0.685039 
vn 0.732283 0 0.685039 
vn 0.732283 0 0.685039 
vn 0.732283 0 0.685039 
vn 0.732283 0 0.685039 
vn 0.732283 0 0.685039 
vn 0.732283 0 0.685039 
vn 0.732283 0 0.685039 
vn 0.732283 0 0.685039 
vn 0.732283 0 0.685039 
vn 0.732283 0 0.685039 
vn 0.732283 0 0.685039 
vn 0.732283 0 0.685039 
vn 0.732283 0 0.685039 
vn 0.732283 0 0.685039 
vn 0.732283 0 0.685039 
vn 0.732283 0 0.685039 
vn 0.732283 0 0.685039 
vn 0.732283 0 0.685039 
vn 0.732283 0 0.685039 
vn 0.732283 0 0.685039 
vn 0.732283 0 0.685039 
vn 0.732283 0 0.685039 
vn 0.732283 0 0.685039 
vn 0.732283 0 0.685039 
vn -0.732283 0 -0.685039 
vn 0.732283 0 -0.685039 
vn 0.732283 0 -0.685039 
vn 0.732283 0 -0.685039 
vn 0.732283 0 -0.685039 
vn 0.732283 0 -0.685039 
vn 0.732283 0 -0.685039 
vn 0.732283 0 -0.685039 
vn 0.732283 0 -0.685039 
vn 0.732283 0 -0.685039 
vn 0.732283 0 -0.685039 
vn 0.732283 0 -0.685039 
vn 0.732283 0 -0.685039 
vn 0.732283 0 -0.685039 
vn 0.732283 0 -0.685039 
vn 0.732283 0 -0.685039 
vn 0.732283 0 -0.685039 
vn 0.732283 0 -0.685039 
vn 0.732283 0 -0.685039 
vn 0.732283 0 -0.685039 
vn 0.732283 0 -0.685039 
vn 0.732283 0 -0.685039 
vn 0.732283 0 -0.685039 
vn 0.732283 0 -0.685039 
vn 0.732283 0 -0.685039 
vn 0.732283 0 -0.685039 
vn 0.732283 0 -0.685039 
vn 0.732283 0 -0.685039 
vn 0.732283 0 -0.685039 
vn 0.732283 0 -0.685039 
vn 0.732283 0 -0.685039 
vn 0.732283 0 -0.685039 
vn 0.732283 0 -0.685039 
vn 0.480315 -0.708661 0.519685 
vn 0.685039 0 0.732283 
vn 0.480315 0.708661 0.519685 
vn 0.732283 0 -0.685039 
vn 0.732283 0 -0.685039 
vn 0.732283 0 -0.685039 
vn 0.732283 0 -0.685039 
vn 0.732283 0 -0.685039 
vn 0.732283 0 -0.685039 
vn 0.732283 0 -0.685039 
vn 0.732283 0 -0.685039 
vn 0.732283 0 -0.685039 
vn 0.732283 0 -0.685039 
vn 0.732283 0 -0.685039 
vn 0.732283 0 -0.685039 
vn 0.732283 0 -0.685039 
vn 0.732283 0 -0.685039 
vn 0.732283 0 -0.685039 
vn 0.732283 0 -0.685039 
vn 0.732283 0 -0.685039 
vn 0.732283 0 -0.685039 
vn 0.732283 0 -0.685039 
vn 0.732283 0 -0.685039 
vn 0.732283 0 -0.685039 
vn 0.732283 0 -0.685039 
vn 0.732283 0 -0.685039 
vn 0.732283 0 -0.685039 
vn 0.732283 0 -0.685039 
vn 0.732283 0 -0.685039 
vn 0.732283 0 -0.685039 
vn 0.732283 0 0.685039 
vn 0.732283 0 0.685039 
vn 0.732283 0 0.685039 
vn 0.732283 0 0.685039 
vn 0.732283 0 0.685039 
vn 0.732283 0 0.685039 
vn 0.732283 0 0.685039 
vn 0.732283 0 0.685039 
vn 0.732283 0 0.685039 
vn 0.732283 0 0.685039 
vn 0.732283 0 0.685039 
vn 0.732283 0 0.685039 
vn 0.732283 0 0.685039 
vn 0.732283 0 0.685039 
vn 0.732283 0 0.685039 
vn 0.732283 0 0.685039 
vn 0.732283 0 0.685039 
vn 0.732283 0 0.685039 
vn 0.732283 0 0.685039 
vn 0.732283 0 0.685039 
vn 0.732283 0 0.685039 
vn 0.732283 0 0.685039 
vn 0.732283 0 0.685039 
vn 0.732283 0 0.685039 
vn 0.732283 0 0.685039 
vn 0.732283 0 0.685039 
vn 0.732283 0 0.685039 
vn 0.732283 0 0.685039 
vn 0.732283 0 0.685039 
vn 0.732283 0 0.685039 
vn 0.732283 0 0.685039 
vn 0.732283 0 0.685039 
vn -0.685039 0 -0.732283 
vn -0.480315 0.708661 -0.519685 
vn -0.480315 0.708661 -0.519685 
vn 0 1 0 
vn 0 1 0 
vn 0.480315 0.708661 0.519685 
vn 0.480315 0.708661 0.519685 
vn 0.685039 0 0.732283 
vn 0.685039 0 -0.732283 
vn 0.480315 0.708661 -0.519685 
vn 0.480315 0.708661 -0.519685 
vn 0 1 0 
vn 0 1 0 
vn -0.480315 0.708661 0.519685 
vn -0.480315 0.708661 0.519685 
vn -0.732283 0 0.685039 
vn -0.732283 0 0.685039 
vn -0.732283 0 0.685039 
vn -0.732283 0 0.685039 
vn 0.732283 0 0.685039 
vn 0.732283 0 0.685039 
vn 0.732283 0 0.685039 
vn 0.732283 0 0.685039 
vn -0.732283 0 -0.685039 
vn -0.732283 0 -0.685039 
vn -0.732283 0 -0.685039 
vn -0.732283 0 -0.685039 
vn -0.732283 0 -0.685039 
vn 0.732283 0 -0.685039 
vn 0.732283 0 -0.685039 
vn 0.732283 0 -0.685039 
vn 0.732283 0 -0.685039 
vn 0.732283 0 -0.685039 
vn 0.732283 0 -0.685039 
vn 0.732283 0 -0.685039 
vn 0.732283 0 -0.685039 
vn -0.732283 0 -0.685039 
vn -0.732283 0 -0.685039 
vn -0.732283 0 -0.685039 
vn -0.732283 0 -0.685039 
vn -0.732283 0 -0.685039 
vn 0.779528 0 -0.622047 
vn 0.582677 0.700787 -0.409449 
vn 0.582677 0.700787 -0.409449 
vn 0.102362 0.992126 0.0944882 
vn 0.102362 0.992126 0.0944882 
vn -0.370079 0.700787 0.606299 
vn -0.370079 0.700787 0.606299 
vn -0.566929 0 0.818898 
vn -0.779528 0 -0.622047 
vn -0.582677 0.700787 -0.409449 
vn -0.582677 0.700787 -0.409449 
vn -0.102362 0.992126 0.0944882 
vn -0.102362 0.992126 0.0944882 
vn 0.370079 0.700787 0.606299 
vn 0.370079 0.700787 0.606299 
vn 0.566929 0 0.818898 
vn -0.480315 0.708661 0.519685 
vn -0.480315 0.708661 0.519685 
vn 0 1 0 
vn 0 1 0 
vn 0.480315 0.708661 -0.519685 
vn 0.480315 0.708661 -0.519685 
vn 0.480315 0.708661 0.519685 
vn 0.480315 0.708661 0.519685 
vn 0 1 0 
vn 0 1 0 
vn -0.480315 0.708661 -0.519685 
vn -0.480315 0.708661 -0.519685 
vn 0 1 0 
vn 0.480315 0.708661 -0.519685 
vn 0 1 0 
vn 0.480315 0.708661 -0.519685 
vn 0.685039 0 -0.732283 
vn 0.685039 0 -0.732283 
vn -0.685039 0 0.732283 
vn -0.480315 0.708661 0.519685 
vn -0.480315 0.708661 0.519685 
vn 0 1 0 
vn 0 1 0 
vn -0.732283 0 0.685039 
vn -0.732283 0 0.685039 
vn -0.732283 0 0.685039 
vn -0.732283 0 0.685039 
vn -0.732283 0 0.685039 
vn -0.732283 0 0.685039 
vn 0.732283 0 0.685039 
vn 0.732283 0 0.685039 
vn 0.732283 0 0.685039 
vn 0.732283 0 -0.685039 
vn -0.480315 0.708661 -0.519685 
vn 0 1 0 
vn 0 1 0 
vn -0.480315 0.708661 -0.519685 
vn -0.685039 0 -0.732283 
vn 0.480315 0.708661 0.519685 
vn 0.480315 0.708661 0.519685 
vn 0 1 0 
vn 0 1 0 
vn 0.480315 0.708661 0.519685 
vn 0.480315 0.708661 0.519685 
vn 0 1 0 
vn 0 1 0 
vn -0.480315 0.708661 -0.519685 
vn -0.480315 0.708661 -0.519685 
vn 0 1 0 
vn 0 1 0 
vn -0.685039 0 0.732283 
vn -0.480315 0.708661 0.519685 
vn -0.480315 0.708661 0.519685 
vn 0 1 0 
vn 0 1 0 
vn 0.480315 0.708661 -0.519685 
vn 0.480315 0.708661 -0.519685 
vn 0 1 0 
vn 0 1 0 
vn 0.732283 0 0.685039 
vn 0.732283 0 0.685039 
vn 0.732283 0 0.685039 
vn 0.732283 0 0.685039 
vn 0.732283 0 0.685039 
vn -0.732283 0 0.685039 
vn -0.732283 0 0.685039 
vn -0.732283 0 0.685039 
vn -0.732283 0 0.685039 
vn 0.480315 0.708661 0.519685 
vn 0.480315 0.708661 0.519685 
vn 0 1 0 
vn 0 1 0 
vn -0.480315 0.708661 -0.519685 
vn -0.480315 0.708661 -0.519685 
vn 0 1 0 
vn 0 1 0 
vn -0.480315 0.708661 0.519685 
vn -0.480315 0.708661 0.519685 
vn 0 1 0 
vn 0 1 0 
vn 0.480315 0.708661 -0.519685 
vn 0.480315 0.708661 -0.519685 
vn 0 1 0 
vn 0 1 0 
vn 0.480315 0.708661 -0.519685 
vn 0.480315 0.708661 -0.519685 
vn 0 1 0 
vn 0 1 0 
vn -0.480315 0.708661 0.519685 
vn -0.480315 0.708661 0.519685 
vn -0.480315 0.708661 -0.519685 
vn -0.480315 0.708661 -0.519685 
vn 0 1 0 
vn 0 1 0 
vn 0.480315 0.708661 0.519685 
vn 0.480315 0.708661 0.519685 
vn 0 1 0 
vn 0.480315 0.708661 0.519685 
vn 0.480315 0.708661 0.519685 
vn 0.685039 0 0.732283 
vn 0.685039 0 0.732283 
vn 0.480315 -0.708661 0.519685 
vn 0.480315 -0.708661 0.519685 
vn 0 -1 0 
vn 0 1 0 
vn 0 1 0 
vn -0.480315 0.708661 0.519685 
vn -0.480315 0.708661 0.519685 
vn -0.685039 0 0.732283 
vn -0.685039 0 0.732283 
vn -0.480315 -0.708661 0.519685 
vn -0.480315 -0.708661 0.519685 
vn -0.732283 0 0.685039 
vn -0.732283 0 0.685039 
vn 0.732283 0 0.685039 
vn -0.732283 0 -0.685039 
vn -0.732283 0 -0.685039 
vn -0.732283 0 -0.685039 
vn -0.732283 0 -0.685039 
vn -0.732283 0 -0.685039 
vn -0.732283 0 -0.685039 
vn -0.732283 0 -0.685039 
vn 0.732283 0 -0.685039 
vn 0.732283 0 -0.685039 
vn 0.732283 0 -0.685039 
vn 0.732283 0 -0.685039 
vn 0.732283 0 -0.685039 
vn 0.732283 0 -0.685039 
vn 0.732283 0 -0.685039 
vn -0.732283 0 -0.685039 
vn -0.732283 0 -0.685039 
vn -0.732283 0 -0.685039 
vn -0.370079 0.700787 0.606299 
vn -0.370079 0.700787 0.606299 
vn -0.566929 0 0.818898 
vn -0.566929 0 0.818898 
vn -0.370079 -0.700787 0.606299 
vn -0.370079 -0.700787 0.606299 
vn 0.370079 0.700787 0.606299 
vn 0.370079 0.700787 0.606299 
vn 0.566929 0 0.818898 
vn 0.566929 0 0.818898 
vn 0.370079 -0.700787 0.606299 
vn 0.370079 -0.700787 0.606299 
vn -0.480315 -0.708661 0.519685 
vn -0.480315 -0.708661 0.519685 
vn -0.685039 0 0.732283 
vn -0.685039 0 0.732283 
vn -0.480315 0.708661 0.519685 
vn -0.480315 0.708661 0.519685 
vn 0.480315 -0.708661 0.519685 
vn 0.480315 -0.708661 0.519685 
vn 0.685039 0 0.732283 
vn 0.685039 0 0.732283 
vn 0.480315 0.708661 0.519685 
vn 0.480315 0.708661 0.519685 
vn -0.480315 -0.708661 0.519685 
vn -0.480315 -0.708661 0.519685 
vn -0.685039 0 0.732283 
vn -0.685039 0 0.732283 
vn -0.480315 0.708661 0.519685 
vn -0.480315 0.708661 0.519685 
vn -0.732283 0 0.685039 
vn -0.732283 0 0.685039 
vn -0.732283 0 0.685039 
vn 0.732283 0 0.685039 
vn 0.732283 0 0.685039 
vn 0.732283 0 0.685039 
vn 0.480315 -0.708661 0.519685 
vn 0.480315 -0.708661 0.519685 
vn 0.685039 0 0.732283 
vn 0.685039 0 0.732283 
vn 0.480315 0.708661 0.519685 
vn 0.480315 0.708661 0.519685 
vn 0.685039 0 0.732283 
vn 0.480315 0.708661 0.519685 
vn 0.685039 0 0.732283 
vn 0.480315 -0.708661 0.519685 
vn 0.480315 0.708661 0.519685 
vn 0.480315 -0.708661 0.519685 
vn -0.685039 0 0.732283 
vn -0.685039 0 0.732283 
vn -0.480315 0.708661 0.519685 
vn -0.480315 -0.708661 0.519685 
vn -0.480315 0.708661 0.519685 
vn -0.480315 -0.708661 0.519685 
vn 0.732283 0 0.685039 
vn 0.732283 0 0.685039 
vn 0.732283 0 0.685039 
vn 0.732283 0 0.685039 
vn 0.732283 0 0.685039 
vn -0.732283 0 0.685039 
vn -0.732283 0 0.685039 
vn -0.732283 0 0.685039 
vn -0.732283 0 0.685039 
vn -0.732283 0 0.685039 
vn -0.732283 0 0.685039 
vn 0.480315 -0.708661 0.519685 
vn 0.685039 0 0.732283 
vn 0.480315 -0.708661 0.519685 
vn 0.685039 0 0.732283 
vn 0.480315 0.708661 0.519685 
vn 0.480315 0.708661 0.519685 
vn -0.685039 0 0.732283 
vn -0.480315 -0.708661 0.519685 
vn -0.480315 -0.708661 0.519685 
vn -0.685039 0 0.732283 
vn -0.480315 0.708661 0.519685 
vn -0.480315 0.708661 0.519685 
vn -0.480315 0.708661 0.519685 
vn -0.480315 0.708661 0.519685 
vn -0.685039 0 0.732283 
vn -0.685039 0 0.732283 
vn -0.480315 -0.708661 0.519685 
vn -0.480315 -0.708661 0.519685 
vn 0.480315 0.708661 0.519685 
vn 0.480315 0.708661 0.519685 
vn 0.685039 0 0.732283 
vn 0.685039 0 0.732283 
vn 0.480315 -0.708661 0.519685 
vn 0.480315 -0.708661 0.519685 
vn -0.480315 -0.708661 -0.519685 
vn -0.685039 0 -0.732283 
vn -0.480315 -0.708661 -0.519685 
vn 0 -1 0 
vn -0.685039 0 -0.732283 
vn -0.480315 0.708661 -0.519685 
vn 0 -1 0 
vn 0 -1 0 
vn 0 1 0 
vn -0.685039 0 0.732283 
vn -0.480315 -0.708661 0.519685 
vn -0.732283 0 0.685039 
vn -0.732283 0 0.685039 
vn -0.732283 0 0.685039 
vn -0.732283 0 0.685039 
vn -0.732283 0 0.685039 
vn -0.732283 0 0.685039 
vn -0.732283 0 0.685039 
vn -0.732283 0 0.685039 
vn -0.732283 0 0.685039 
vn -0.732283 0 0.685039 
vn -0.732283 0 0.685039 
vn -0.732283 0 0.685039 
vn -0.732283 0 0.685039 
vn -0.732283 0 0.685039 
vn -0.732283 0 0.685039 
vn -0.732283 0 0.685039 
vn -0.732283 0 0.685039 
vn -0.732283 0 0.685039 
vn -0.732283 0 0.685039 
vn -0.732283 0 0.685039 
vn -0.732283 0 0.685039 
vn -0.732283 0 0.685039 
vn -0.732283 0 0.685039 
vn -0.732283 0 0.685039 
vn -0.732283 0 0.685039 
vn -0.732283 0 0.685039 
vn -0.732283 0 0.685039 
vn -0.732283 0 0.685039 
vn -0.732283 0 0.685039 
vn -0.732283 0 0.685039 
vn -0.732283 0 0.685039 
vn -0.732283 0 0.685039 
vn 0.732283 0 0.685039 
vn 0.732283 0 0.685039 
vn 0.732283 0 0.685039 
vn -0.732283 0 -0.685039 
vn -0.732283 0 -0.685039 
vn -0.732283 0 -0.685039 
vn -0.732283 0 -0.685039 
vn -0.732283 0 -0.685039 
vn -0.732283 0 -0.685039 
vn -0.732283 0 -0.685039 
vn -0.732283 0 -0.685039 
vn -0.732283 0 -0.685039 
vn -0.732283 0 -0.685039 
vn -0.732283 0 -0.685039 
vn -0.732283 0 -0.685039 
vn -0.732283 0 -0.685039 
vn -0.732283 0 -0.685039 
vn -0.732283 0 -0.685039 
vn -0.732283 0 -0.685039 
vn -0.732283 0 -0.685039 
vn -0.732283 0 -0.685039 
vn -0.732283 0 -0.685039 
vn -0.732283 0 -0.685039 
vn -0.732283 0 -0.685039 
vn -0.732283 0 -0.685039 
vn -0.732283 0 -0.685039 
vn -0.732283 0 -0.685039 
vn -0.732283 0 -0.685039 
vn -0.732283 0 -0.685039 
vn -0.732283 0 -0.685039 
vn -0.732283 0 -0.685039 
vn 0.732283 0 -0.685039 
vn 0.732283 0 -0.685039 
vn 0.732283 0 -0.685039 
vn 0.732283 0 -0.685039 
vn 0.732283 0 -0.685039 
vn 0.732283 0 -0.685039 
vn 0.732283 0 -0.685039 
vn 0.732283 0 -0.685039 
vn -0.732283 0 -0.685039 
vn -0.732283 0 -0.685039 
vn -0.732283 0 -0.685039 
vn -0.732283 0 -0.685039 
vn -0.732283 0 -0.685039 
vn -0.732283 0 -0.685039 
vn -0.732283 0 -0.685039 
vn -0.732283 0 -0.685039 
vn -0.732283 0 -0.685039 
vn -0.732283 0 -0.685039 
vn -0.732283 0 -0.685039 
vn -0.732283 0 -0.685039 
vn -0.732283 0 -0.685039 
vn -0.732283 0 -0.685039 
vn -0.732283 0 -0.685039 
vn -0.732283 0 -0.685039 
vn -0.732283 0 -0.685039 
vn -0.732283 0 -0.685039 
vn -0.732283 0 -0.685039 
vn -0.732283 0 -0.685039 
vn -0.732283 0 -0.685039 
vn -0.732283 0 -0.685039 
vn -0.732283 0 -0.685039 
vn -0.732283 0 -0.685039 
vn -0.732283 0 -0.685039 
vn -0.732283 0 -0.685039 
vn -0.732283 0 -0.685039 
vn -0.732283 0 -0.685039 
vn -0.732283 0 -0.685039 
vn -0.732283 0 -0.685039 
vn -0.732283 0 -0.685039 
vn -0.732283 0 -0.685039 
vn -0.566929 0 0.818898 
vn -0.779528 0 -0.622047 
vn -0.582677 0.700787 -0.409449 
vn -0.779528 0 -0.622047 
vn -0.582677 -0.700787 -0.409449 
vn -0.582677 0.700787 -0.409449 
vn -0.582677 -0.700787 -0.409449 
vn -0.732283 0 0.685039 
vn -0.732283 0 0.685039 
vn -0.732283 0 0.685039 
vn -0.732283 0 0.685039 
vn -0.732283 0 0.685039 
vn -0.732283 0 0.685039 
vn -0.732283 0 0.685039 
vn -0.732283 0 0.685039 
vn -0.732283 0 0.685039 
vn -0.732283 0 0.685039 
vn -0.732283 0 0.685039 
vn -0.732283 0 0.685039 
vn -0.732283 0 0.685039 
vn -0.732283 0 0.685039 
vn -0.732283 0 0.685039 
vn -0.732283 0 0.685039 
vn -0.732283 0 0.685039 
vn -0.732283 0 0.685039 
vn -0.732283 0 0.685039 
vn -0.732283 0 0.685039 
vn -0.732283 0 0.685039 
vn -0.732283 0 0.685039 
vn -0.732283 0 0.685039 
vn -0.732283 0 0.685039 
vn -0.732283 0 0.685039 
vn -0.732283 0 0.685039 
vn -0.732283 0 0.685039 
vn -0.732283 0 0.685039 
vn -0.732283 0 0.685039 
vn -0.732283 0 0.685039 
vn -0.732283 0 -0.685039 
vn -0.732283 0 -0.685039 
vn -0.732283 0 -0.685039 
vn -0.732283 0 -0.685039 
vn -0.732283 0 -0.685039 
vn -0.732283 0 -0.685039 
vn -0.732283 0 -0.685039 
vn -0.732283 0 -0.685039 
vn -0.732283 0 -0.685039 
vn -0.732283 0 -0.685039 
vn -0.732283 0 -0.685039 
vn -0.732283 0 -0.685039 
vn -0.732283 0 -0.685039 
vn -0.732283 0 -0.685039 
vn -0.732283 0 -0.685039 
vn -0.732283 0 -0.685039 
vn -0.732283 0 -0.685039 
vn -0.732283 0 -0.685039 
vn -0.732283 0 -0.685039 
vn -0.732283 0 -0.685039 
vn -0.732283 0 -0.685039 
vn -0.732283 0 -0.685039 
vn -0.732283 0 -0.685039 
vn -0.732283 0 -0.685039 
vn -0.732283 0 -0.685039 
vn -0.732283 0 -0.685039 
vn -0.732283 0 -0.685039 
vn -0.732283 0 -0.685039 
vn -0.732283 0 -0.685039 
vn -0.732283 0 -0.685039 
vn -0.732283 0 -0.685039 
vn -0.732283 0 -0.685039 
vn 0 1 0 
vn 0 -1 0 
vn -0.732283 0 -0.685039 
vn -0.732283 0 -0.685039 
vn -0.732283 0 -0.685039 
vn -0.732283 0 -0.685039 
vn -0.732283 0 -0.685039 
vn -0.732283 0 -0.685039 
vn -0.732283 0 -0.685039 
vn -0.732283 0 -0.685039 
vn -0.732283 0 -0.685039 
vn -0.732283 0 -0.685039 
vn -0.732283 0 -0.685039 
vn -0.732283 0 -0.685039 
vn -0.732283 0 -0.685039 
vn -0.732283 0 -0.685039 
vn -0.732283 0 -0.685039 
vn -0.732283 0 -0.685039 
vn -0.732283 0 -0.685039 
vn -0.732283 0 -0.685039 
vn -0.732283 0 -0.685039 
vn -0.732283 0 -0.685039 
vn -0.732283 0 -0.685039 
vn -0.732283 0 -0.685039 
vn -0.732283 0 -0.685039 
vn -0.732283 0 -0.685039 
vn -0.732283 0 -0.685039 
vn -0.732283 0 -0.685039 
vn -0.732283 0 -0.685039 
vn -0.732283 0 -0.685039 
vn -0.732283 0 -0.685039 
vn -0.732283 0 -0.685039 
vn 0.732283 0 0.685039 
vn 0.732283 0 0.685039 
vn 0.732283 0 0.685039 
vn -0.732283 0 0.685039 
vn -0.732283 0 0.685039 
vn -0.732283 0 0.685039 
vn -0.732283 0 0.685039 
vn -0.732283 0 0.685039 
vn -0.732283 0 0.685039 
vn -0.732283 0 0.685039 
vn -0.732283 0 0.685039 
vn -0.732283 0 0.685039 
vn -0.732283 0 0.685039 
vn -0.732283 0 0.685039 
vn -0.732283 0 0.685039 
vn -0.732283 0 0.685039 
vn -0.732283 0 0.685039 
vn -0.732283 0 0.685039 
vn -0.732283 0 0.685039 
vn -0.732283 0 0.685039 
vn -0.732283 0 0.685039 
vn -0.732283 0 0.685039 
vn -0.732283 0 0.685039 
vn -0.732283 0 0.685039 
vn -0.732283 0 0.685039 
vn -0.732283 0 0.685039 
vn -0.732283 0 0.685039 
vn -0.732283 0 0.685039 
vn -0.732283 0 0.685039 
vn -0.732283 0 0.685039 
vn -0.732283 0 0.685039 
vn -0.732283 0 0.685039 
vn -0.732283 0 0.685039 
vn -0.732283 0 0.685039 
vn -0.732283 0 0.685039 
vn -0.480315 -0.708661 -0.519685 
vn -0.685039 0 -0.732283 
vn -0.480315 -0.708661 -0.519685 
vn 0 -1 0 
vn 0 -1 0 
vn 0.480315 -0.708661 0.519685 
vn 0.480315 -0.708661 0.519685 
vn 0 -1 0 
vn 0 -1 0 
vn 0.480315 -0.708661 -0.519685 
vn 0.480315 -0.708661 -0.519685 
vn 0.685039 0 -0.732283 
vn 0 -1 0 
vn 0 -1 0 
vn -0.480315 -0.708661 0.519685 
vn -0.480315 -0.708661 0.519685 
vn 0 -1 0 
vn 0 -1 0 
vn -0.732283 0 0.685039 
vn -0.732283 0 0.685039 
vn -0.732283 0 0.685039 
vn -0.732283 0 0.685039 
vn 0.732283 0 0.685039 
vn 0.732283 0 0.685039 
vn 0.732283 0 0.685039 
vn 0.732283 0 0.685039 
vn -0.732283 0 -0.685039 
vn -0.732283 0 -0.685039 
vn -0.732283 0 -0.685039 
vn -0.732283 0 -0.685039 
vn -0.732283 0 -0.685039 
vn -0.732283 0 -0.685039 
vn 0.732283 0 -0.685039 
vn 0.732283 0 -0.685039 
vn 0.732283 0 -0.685039 
vn 0.732283 0 -0.685039 
vn 0.732283 0 -0.685039 
vn 0.732283 0 -0.685039 
vn 0.732283 0 -0.685039 
vn 0.732283 0 -0.685039 
vn 0.732283 0 -0.685039 
vn 0.732283 0 -0.685039 
vn 0.732283 0 -0.685039 
vn -0.732283 0 -0.685039 
vn -0.732283 0 -0.685039 
vn -0.732283 0 -0.685039 
vn -0.732283 0 -0.685039 
vn 0.779528 0 -0.622047 
vn 0.582677 -0.700787 -0.409449 
vn 0.582677 -0.700787 -0.409449 
vn 0.102362 -0.992126 0.0944882 
vn 0.102362 -0.992126 0.0944882 
vn -0.566929 0 0.818898 
vn -0.370079 -0.700787 0.606299 
vn -0.370079 -0.700787 0.606299 
vn 0.102362 -0.992126 0.0944882 
vn 0.102362 -0.992126 0.0944882 
vn -0.779528 0 -0.622047 
vn -0.582677 -0.700787 -0.409449 
vn -0.582677 -0.700787 -0.409449 
vn -0.102362 -0.992126 0.0944882 
vn -0.102362 -0.992126 0.0944882 
vn 0.566929 0 0.818898 
vn 0.370079 -0.700787 0.606299 
vn 0.370079 -0.700787 0.606299 
vn -0.102362 -0.992126 0.0944882 
vn -0.102362 -0.992126 0.0944882 
vn -0.480315 -0.708661 0.519685 
vn 0 -1 0 
vn 0 -1 0 
vn -0.480315 -0.708661 0.519685 
vn 0.480315 -0.708661 -0.519685 
vn 0.480315 -0.708661 -0.519685 
vn 0 -1 0 
vn 0 -1 0 
vn 0 -1 0 
vn 0.480315 -0.708661 0.519685 
vn 0 -1 0 
vn 0.480315 -0.708661 0.519685 
vn -0.480315 -0.708661 -0.519685 
vn -0.480315 -0.708661 -0.519685 
vn 0 -1 0 
vn 0 -1 0 
vn 0.685039 0 -0.732283 
vn 0.685039 0 -0.732283 
vn 0.480315 -0.708661 -0.519685 
vn 0.480315 -0.708661 -0.519685 
vn 0 -1 0 
vn 0 -1 0 
vn -0.480315 -0.708661 0.519685 
vn -0.480315 -0.708661 0.519685 
vn -0.685039 0 0.732283 
vn -0.732283 0 0.685039 
vn -0.732283 0 0.685039 
vn -0.732283 0 0.685039 
vn -0.732283 0 0.685039 
vn -0.732283 0 0.685039 
vn -0.732283 0 0.685039 
vn 0.732283 0 0.685039 
vn 0.732283 0 0.685039 
vn 0.732283 0 -0.685039 
vn 0.732283 0 -0.685039 
vn -0.685039 0 -0.732283 
vn -0.480315 -0.708661 -0.519685 
vn -0.480315 -0.708661 -0.519685 
vn 0 -1 0 
vn 0 -1 0 
vn 0.480315 -0.708661 0.519685 
vn 0.480315 -0.708661 0.519685 
vn 0.480315 -0.708661 0.519685 
vn 0.480315 -0.708661 0.519685 
vn 0 -1 0 
vn 0 -1 0 
vn -0.480315 -0.708661 -0.519685 
vn -0.480315 -0.708661 -0.519685 
vn -0.480315 -0.708661 0.519685 
vn -0.480315 -0.708661 0.519685 
vn 0 -1 0 
vn 0 -1 0 
vn 0.480315 -0.708661 -0.519685 
vn 0.480315 -0.708661 -0.519685 
vn 0.732283 0 0.685039 
vn 0.732283 0 0.685039 
vn 0.732283 0 0.685039 
vn 0.732283 0 0.685039 
vn -0.732283 0 0.685039 
vn -0.732283 0 0.685039 
vn -0.732283 0 0.685039 
vn -0.732283 0 0.685039 
vn 0.480315 -0.708661 0.519685 
vn 0.480315 -0.708661 0.519685 
vn 0 -1 0 
vn 0 -1 0 
vn -0.480315 -0.708661 -0.519685 
vn -0.480315 -0.708661 -0.519685 
vn -0.480315 -0.708661 0.519685 
vn -0.480315 -0.708661 0.519685 
vn 0 -1 0 
vn 0 -1 0 
vn 0.480315 -0.708661 -0.519685 
vn 0.480315 -0.708661 -0.519685 
vn 0.480315 -0.708661 -0.519685 
vn 0.480315 -0.708661 -0.519685 
vn 0 -1 0 
vn 0 -1 0 
vn -0.480315 -0.708661 0.519685 
vn -0.480315 -0.708661 0.519685 
vn 0 -1 0 
vn 0 -1 0 
vn -0.480315 -0.708661 -0.519685 
vn -0.480315 -0.708661 -0.519685 
vn 0 -1 0 
vn 0 -1 0 
vn 0.480315 -0.708661 0.519685 
vn 0.480315 -0.708661 0.519685 
vn 0 -1 0 
vn 0 -1 0 
vn -0.480315 -0.708661 -0.519685 
vn -0.685039 0 -0.732283 
vn -0.480315 -0.708661 -0.519685 
vn 0 -1 0 
vn -0.685039 0 -0.732283 
vn -0.480315 0.708661 -0.519685 
vn -0.480315 0.708661 -0.519685 
vn 0 1 0 
vn 0 1 0 
vn 0.480315 -0.708661 0.519685 
vn 0.480315 -0.708661 -0.519685 
vn 0.480315 -0.708661 -0.519685 
vn 0.685039 0 -0.732283 
vn 0 -1 0 
vn 0.685039 0 -0.732283 
vn 0.480315 0.708661 -0.519685 
vn 0.480315 0.708661 -0.519685 
vn 0 1 0 
vn -0.732283 0 0.685039 
vn -0.732283 0 0.685039 
vn -0.732283 0 0.685039 
vn -0.732283 0 0.685039 
vn -0.732283 0 0.685039 
vn 0.732283 0 0.685039 
vn 0.732283 0 0.685039 
vn 0.732283 0 0.685039 
vn -0.732283 0 -0.685039 
vn -0.732283 0 -0.685039 
vn -0.732283 0 -0.685039 
vn -0.732283 0 -0.685039 
vn -0.732283 0 -0.685039 
vn -0.732283 0 -0.685039 
vn -0.732283 0 -0.685039 
vn 0.732283 0 -0.685039 
vn 0.732283 0 -0.685039 
vn 0.732283 0 -0.685039 
vn 0.732283 0 -0.685039 
vn 0.732283 0 -0.685039 
vn 0.732283 0 -0.685039 
vn 0.732283 0 -0.685039 
vn -0.732283 0 -0.685039 
vn 0.779528 0 -0.622047 
vn 0.582677 -0.700787 -0.409449 
vn -0.779528 0 -0.622047 
vn -0.582677 0.700787 -0.409449 
vn -0.582677 -0.700787 -0.409449 
vn -0.102362 -0.992126 0.0944882 
vn 0.480315 0.708661 -0.519685 
vn 0.480315 0.708661 -0.519685 
vn 0.685039 0 -0.732283 
vn 0.685039 0 -0.732283 
vn 0.480315 -0.708661 -0.519685 
vn 0.480315 -0.708661 -0.519685 
vn -0.480315 0.708661 -0.519685 
vn -0.480315 0.708661 -0.519685 
vn -0.685039 0 -0.732283 
vn -0.685039 0 -0.732283 
vn -0.480315 -0.708661 -0.519685 
vn -0.480315 -0.708661 -0.519685 
vn 0.480315 0.708661 -0.519685 
vn 0.480315 0.708661 -0.519685 
vn 0.685039 0 -0.732283 
vn 0.685039 0 -0.732283 
vn 0.480315 -0.708661 -0.519685 
vn 0.480315 -0.708661 -0.519685 
vn -0.732283 0 0.685039 
vn -0.732283 0 0.685039 
vn -0.732283 0 0.685039 
vn -0.732283 0 0.685039 
vn -0.732283 0 0.685039 
vn -0.732283 0 0.685039 
vn 0.732283 0 0.685039 
vn 0.732283 0 -0.685039 
vn -0.480315 0.708661 -0.519685 
vn -0.480315 0.708661 -0.519685 
vn -0.685039 0 -0.732283 
vn -0.685039 0 -0.732283 
vn -0.480315 -0.708661 -0.519685 
vn -0.480315 -0.708661 -0.519685 
vn 0.685039 0 0.732283 
vn -0.480315 -0.708661 -0.519685 
vn -0.480315 -0.708661 -0.519685 
vn -0.685039 0 -0.732283 
vn -0.685039 0 -0.732283 
vn -0.480315 0.708661 -0.519685 
vn -0.480315 0.708661 -0.519685 
vn 0.480315 -0.708661 -0.519685 
vn 0.480315 -0.708661 -0.519685 
vn 0.685039 0 -0.732283 
vn 0.685039 0 -0.732283 
vn 0.480315 0.708661 -0.519685 
vn 0.480315 0.708661 -0.519685 
vn 0.732283 0 0.685039 
vn 0.732283 0 0.685039 
vn 0.732283 0 0.685039 
vn -0.732283 0 0.685039 
vn -0.732283 0 0.685039 
vn -0.732283 0 0.685039 
vn -0.480315 -0.708661 -0.519685 
vn -0.480315 -0.708661 -0.519685 
vn -0.685039 0 -0.732283 
vn -0.685039 0 -0.732283 
vn -0.480315 0.708661 -0.519685 
vn -0.480315 0.708661 -0.519685 
vn 0.480315 -0.708661 -0.519685 
vn 0.480315 -0.708661 -0.519685 
vn 0.685039 0 -0.732283 
vn 0.685039 0 -0.732283 
vn 0.480315 0.708661 -0.519685 
vn 0.480315 0.708661 -0.519685 
vn 0.685039 0 -0.732283 
vn 0.480315 0.708661 -0.519685 
vn 0.685039 0 -0.732283 
vn 0.480315 -0.708661 -0.519685 
vn 0.480315 0.708661 -0.519685 
vn 0.480315 -0.708661 -0.519685 
vn -0.480315 0.708661 -0.519685 
vn -0.685039 0 -0.732283 
vn -0.685039 0 -0.732283 
vn -0.480315 -0.708661 -0.519685 
vn -0.480315 0.708661 -0.519685 
vn -0.480315 -0.708661 -0.519685 

vt 24.162 -24.9872 
vt 24.1653 -24.976 
vt 24.1735 -24.9714 
vt 24.1735 -25.0031 
vt 24.1907 -25.0031 
vt 24.1817 -24.9984 
vt 24.1851 -24.9872 
vt 24.1817 -24.976 
vt 24.1825 -24.976 
vt 24.162 -24.9872 
vt 24.1735 -24.9714 
vt 24.1791 -24.9872 
vt 24.1825 -24.9984 
vt 24.1851 -24.9872 
vt 23.6158 -25.0016 
vt 23.6124 -25.0128 
vt 23.6158 -25.024 
vt 23.6321 -25.0016 
vt 23.6239 -24.9992 
vt 23.6309 -25.0032 
vt 23.6239 -24.9969 
vt 23.6355 -25.0128 
vt 23.6309 -25.0032 
vt 23.6339 -25.0128 
vt 23.6321 -25.0016 
vt 23.6321 -25.024 
vt 23.6355 -25.0128 
vt 23.6309 -25.0224 
vt 23.6339 -25.0128 
vt 23.6239 -25.0286 
vt 23.6321 -25.024 
vt 23.6239 -25.0264 
vt 23.6309 -25.0224 
vt 23.6239 -24.9969 
vt 23.6158 -25.0016 
vt 23.6239 -24.9992 
vt 23.6169 -25.0032 
vt 23.6158 -25.0016 
vt 23.6124 -25.0128 
vt 23.6169 -25.0032 
vt 23.614 -25.0128 
vt 23.6124 -25.0128 
vt 23.6169 -25.0224 
vt 23.614 -25.0128 
vt 23.6158 -25.024 
vt 23.6158 -25.024 
vt 23.6239 -25.0264 
vt 23.6169 -25.0224 
vt 23.6239 -25.0286 
vt 24.338 -24.976 
vt 24.3346 -24.9872 
vt 24.3392 -24.9776 
vt 24.3462 -24.9714 
vt 24.3462 -24.9736 
vt 24.3363 -24.9872 
vt 24.3392 -24.9968 
vt 24.338 -24.9984 
vt 24.3462 -25.0008 
vt 24.3462 -25.0031 
vt 24.3544 -24.9984 
vt 24.3532 -24.9968 
vt 24.3578 -24.9872 
vt 24.3561 -24.9872 
vt 24.3578 -24.9872 
vt 24.3532 -24.9776 
vt 24.3561 -24.9872 
vt 24.3544 -24.976 
vt 24.3462 -24.9736 
vt 24.3462 -24.9714 
vt 24.3462 -25.0008 
vt 24.338 -24.9984 
vt 24.3462 -25.0031 
vt 24.3462 -24.9736 
vt 24.338 -24.976 
vt 24.3392 -24.9776 
vt 23.8149 -25.0128 
vt 23.8195 -25.0224 
vt 23.8166 -25.0128 
vt 23.8183 -25.024 
vt 23.8149 -25.0128 
vt 23.8195 -25.0032 
vt 23.8183 -25.0016 
vt 23.8166 -25.0128 
vt 23.8183 -25.0016 
vt 23.8265 -24.9992 
vt 23.8265 -24.9969 
vt 23.8195 -25.0032 
vt 23.8183 -25.024 
vt 23.8265 -25.0286 
vt 23.8265 -25.0264 
vt 23.8195 -25.0224 
vt 23.8265 -25.0264 
vt 23.8347 -25.024 
vt 23.8335 -25.0224 
vt 23.8265 -25.0286 
vt 23.838 -25.0128 
vt 23.8335 -25.0224 
vt 23.8347 -25.024 
vt 23.8364 -25.0128 
vt 23.838 -25.0128 
vt 23.8347 -25.0016 
vt 23.8335 -25.0032 
vt 23.8364 -25.0128 
vt 23.8347 -25.0016 
vt 23.8265 -24.9992 
vt 23.8335 -25.0032 
vt 23.8265 -24.9969 
vt 23.8347 -25.024 
vt 23.838 -25.0128 
vt 23.8347 -25.0016 
vt 24.1916 -24.9872 
vt 24.1825 -24.9984 
vt 24.1945 -24.9968 
vt 24.1791 -24.9872 
vt 24.1825 -24.976 
vt 24.2015 -25.0008 
vt 24.1945 -24.9776 
vt 24.2085 -24.9968 
vt 24.2114 -24.9872 
vt 24.2085 -24.9776 
vt 23.8036 -25.0224 
vt 23.7966 -25.0286 
vt 23.7966 -24.9992 
vt 23.7884 -25.0016 
vt 23.785 -25.0128 
vt 23.7896 -25.0032 
vt 23.7896 -25.0224 
vt 23.7867 -25.0128 
vt 23.7884 -25.024 
vt 23.7966 -25.0264 
vt 23.7966 -25.0286 
vt 23.8048 -25.024 
vt 23.8036 -25.0224 
vt 23.8082 -25.0128 
vt 23.8065 -25.0128 
vt 23.7867 -25.0128 
vt 23.7896 -25.0032 
vt 23.785 -25.0128 
vt 23.7966 -24.9992 
vt 23.7884 -25.0016 
vt 23.7966 -24.9969 
vt 23.8082 -25.0128 
vt 23.8036 -25.0032 
vt 23.8065 -25.0128 
vt 23.8048 -25.024 
vt 23.8036 -25.0224 
vt 23.8048 -25.0016 
vt 23.7966 -24.9992 
vt 23.7966 -24.9969 
vt 23.7966 -25.0264 
vt 23.7884 -25.024 
vt 23.7966 -25.0286 
vt 24.1665 -24.9968 
vt 24.1817 -24.976 
vt 24.1735 -24.9736 
vt 24.1805 -24.9776 
vt 24.1735 -24.9714 
vt 24.1851 -24.9872 
vt 24.1805 -24.9776 
vt 24.1834 -24.9872 
vt 24.1817 -24.976 
vt 24.1817 -24.9984 
vt 24.1851 -24.9872 
vt 24.1805 -24.9968 
vt 24.1834 -24.9872 
vt 24.1735 -25.0031 
vt 24.1817 -24.9984 
vt 24.1735 -25.0008 
vt 24.1805 -24.9968 
vt 24.1735 -24.9714 
vt 24.1653 -24.976 
vt 24.1735 -24.9736 
vt 24.1665 -24.9776 
vt 24.1653 -24.976 
vt 24.162 -24.9872 
vt 24.1665 -24.9776 
vt 24.1636 -24.9872 
vt 24.162 -24.9872 
vt 24.1665 -24.9968 
vt 24.1636 -24.9872 
vt 24.1653 -24.9984 
vt 24.1653 -24.9984 
vt 24.1735 -25.0008 
vt 24.1665 -24.9968 
vt 24.1735 -25.0031 
vt 23.6341 -25.0224 
vt 23.6312 -25.0128 
vt 23.6341 -25.0032 
vt 23.6295 -25.0128 
vt 23.6341 -25.0224 
vt 23.6312 -25.0128 
vt 23.6341 -25.0032 
vt 23.6329 -25.024 
vt 23.6411 -25.0264 
vt 23.6411 -25.0286 
vt 23.6329 -25.0016 
vt 23.6411 -24.9992 
vt 23.6411 -24.9969 
vt 23.6493 -25.0016 
vt 23.6411 -24.9992 
vt 23.6481 -25.0032 
vt 23.6411 -24.9992 
vt 23.6493 -25.0016 
vt 23.6411 -24.9969 
vt 23.6527 -25.0128 
vt 23.6481 -25.0032 
vt 23.651 -25.0128 
vt 23.6411 -25.0264 
vt 23.6493 -25.024 
vt 23.6481 -25.0224 
vt 23.6411 -25.0286 
vt 23.6527 -25.0128 
vt 23.6481 -25.0224 
vt 23.6493 -25.024 
vt 23.651 -25.0128 
vt 24.3645 -24.9872 
vt 24.3691 -24.9968 
vt 24.3661 -24.9872 
vt 24.3679 -24.9984 
vt 24.3645 -24.9872 
vt 24.3691 -24.9776 
vt 24.3679 -24.976 
vt 24.3661 -24.9872 
vt 24.3679 -24.976 
vt 24.3761 -24.9736 
vt 24.3761 -24.9714 
vt 24.3691 -24.9776 
vt 24.3679 -24.9984 
vt 24.3761 -25.0031 
vt 24.3761 -25.0008 
vt 24.3691 -24.9968 
vt 24.3761 -25.0008 
vt 24.3842 -24.9984 
vt 24.3831 -24.9968 
vt 24.3761 -25.0031 
vt 24.3876 -24.9872 
vt 24.3831 -24.9968 
vt 24.3842 -24.9984 
vt 24.386 -24.9872 
vt 24.3876 -24.9872 
vt 24.3842 -24.976 
vt 24.3831 -24.9776 
vt 24.386 -24.9872 
vt 24.3842 -24.976 
vt 24.3761 -24.9736 
vt 24.3831 -24.9776 
vt 24.3761 -24.9714 
vt 24.284 -25.162 
vt 24.2688 -25.1825 
vt 24.2871 -25.1653 
vt 24.2948 -25.1735 
vt 24.2764 -25.1907 
vt 24.2841 -25.1989 
vt 24.3025 -25.1817 
vt 24.2873 -25.2023 
vt 23.716 -25.162 
vt 23.7312 -25.1825 
vt 23.7129 -25.1653 
vt 23.7052 -25.1735 
vt 23.7236 -25.1907 
vt 23.7159 -25.1989 
vt 23.6975 -25.1817 
vt 23.9228 -24.6321 
vt 23.9259 -24.6355 
vt 23.9074 -24.6158 
vt 23.9043 -24.6124 
vt 24.0772 -24.6321 
vt 24.0926 -24.6158 
vt 24.0957 -24.6124 
vt 24.0942 -24.614 
vt 23.8834 -25.3532 
vt 23.8823 -25.3544 
vt 23.8899 -25.3462 
vt 23.8976 -25.338 
vt 23.8965 -25.3392 
vt 24.1024 -25.338 
vt 24.1101 -25.3462 
vt 24.1177 -25.3544 
vt 24.1166 -25.3532 
vt 23.6876 -24.8149 
vt 23.6908 -24.8183 
vt 23.6984 -24.8265 
vt 23.7061 -24.8347 
vt 24.3109 -24.8166 
vt 24.3092 -24.8183 
vt 24.3016 -24.8265 
vt 24.2908 -24.838 
vt 24.2939 -24.8347 
vt 23.7443 -25.1916 
vt 23.7312 -25.1825 
vt 23.7416 -25.1945 
vt 23.7236 -25.1907 
vt 23.7351 -25.2015 
vt 23.7285 -25.2085 
vt 23.7159 -25.1989 
vt 23.7258 -25.2114 
vt 24.2557 -25.1916 
vt 24.2688 -25.1825 
vt 24.2584 -25.1945 
vt 24.2764 -25.1907 
vt 24.2649 -25.2015 
vt 24.2715 -25.2085 
vt 24.2841 -25.1989 
vt 24.2742 -25.2114 
vt 23.7285 -25.2085 
vt 23.8834 -25.3532 
vt 23.7351 -25.2015 
vt 23.8899 -25.3462 
vt 23.8965 -25.3392 
vt 23.7416 -25.1945 
vt 24.2715 -25.2085 
vt 24.1166 -25.3532 
vt 24.2649 -25.2015 
vt 24.1101 -25.3462 
vt 24.1035 -25.3392 
vt 24.2584 -25.1945 
vt 24.1033 -24.6411 
vt 24.2631 -24.8036 
vt 24.2696 -24.7966 
vt 24.0967 -24.6481 
vt 24.2604 -24.8065 
vt 24.094 -24.651 
vt 24.1125 -24.6312 
vt 24.2762 -24.7896 
vt 24.1098 -24.6341 
vt 24.2696 -24.7966 
vt 24.1033 -24.6411 
vt 23.7195 -24.785 
vt 23.7238 -24.7896 
vt 23.7412 -24.8082 
vt 23.7396 -24.8065 
vt 23.7369 -24.8036 
vt 23.7304 -24.7966 
vt 24.2773 -24.7884 
vt 24.2588 -24.8082 
vt 24.2696 -24.7966 
vt 24.3013 -25.1805 
vt 23.7369 -24.8036 
vt 23.8967 -24.6411 
vt 23.7304 -24.7966 
vt 23.9033 -24.6481 
vt 23.906 -24.651 
vt 23.7238 -24.7896 
vt 23.8902 -24.6341 
vt 23.7304 -24.7966 
vt 23.8967 -24.6411 
vt 23.8891 -24.6329 
vt 23.9074 -24.6158 
vt 23.8967 -24.6411 
vt 23.9151 -24.6239 
vt 23.9228 -24.6321 
vt 23.9044 -24.6493 
vt 23.9151 -24.6239 
vt 23.8967 -24.6411 
vt 24.1141 -24.6295 
vt 24.1109 -24.6329 
vt 24.0926 -24.6158 
vt 24.1033 -24.6411 
vt 24.0849 -24.6239 
vt 24.0772 -24.6321 
vt 24.0956 -24.6493 
vt 24.0849 -24.6239 
vt 24.1033 -24.6411 
vt 23.9296 -25.3679 
vt 23.9219 -25.3761 
vt 23.9142 -25.3842 
vt 23.9153 -25.3831 
vt 23.9111 -25.3876 
vt 24.0704 -25.3679 
vt 24.0781 -25.3761 
vt 24.0858 -25.3842 
vt 24.0847 -25.3831 
vt 23.6908 -24.8183 
vt 23.7227 -24.7884 
vt 23.7304 -24.7966 
vt 23.6984 -24.8265 
vt 23.738 -24.8048 
vt 23.7061 -24.8347 
vt 23.7304 -24.7966 
vt 23.6984 -24.8265 
vt 24.3092 -24.8183 
vt 24.2773 -24.7884 
vt 24.2696 -24.7966 
vt 24.3016 -24.8265 
vt 24.262 -24.8048 
vt 24.2939 -24.8347 
vt 24.2696 -24.7966 
vt 24.3016 -24.8265 
vt 23.9296 -25.3679 
vt 23.8976 -25.338 
vt 23.9219 -25.3761 
vt 23.8899 -25.3462 
vt 23.9142 -25.3842 
vt 23.8823 -25.3544 
vt 24.0704 -25.3679 
vt 24.1024 -25.338 
vt 24.0781 -25.3761 
vt 24.1101 -25.3462 
vt 24.0858 -25.3842 
vt 24.1177 -25.3544 
vt 23.7236 -25.0031 
vt 23.7159 -24.9984 
vt 23.6975 -24.9984 
vt 23.7127 -24.9872 
vt 23.6944 -24.9872 
vt 23.6975 -24.976 
vt 23.7159 -24.976 
vt 24.2764 -24.9714 
vt 24.2948 -25.0031 
vt 24.2764 -25.0031 
vt 24.2841 -24.9984 
vt 24.3025 -24.9984 
vt 24.2873 -24.9872 
vt 24.3056 -24.9872 
vt 24.3025 -24.976 
vt 24.2841 -24.976 
vt 24.0926 -25.0016 
vt 24.0926 -25.024 
vt 23.9228 -25.024 
vt 24.1209 -24.9872 
vt 24.1166 -24.9776 
vt 24.1177 -24.976 
vt 24.1101 -24.9714 
vt 24.1193 -24.9872 
vt 24.1166 -24.9968 
vt 24.1177 -24.9984 
vt 23.8823 -24.9984 
vt 23.8834 -24.9968 
vt 23.8791 -24.9872 
vt 23.8823 -24.976 
vt 24.3124 -25.0128 
vt 24.3092 -25.024 
vt 24.3092 -25.0016 
vt 23.6908 -25.024 
vt 23.6876 -25.0128 
vt 23.6908 -25.0016 
vt 24.2715 -24.9968 
vt 24.2841 -24.9984 
vt 24.2742 -24.9872 
vt 24.2873 -24.9872 
vt 24.2841 -24.976 
vt 24.2715 -24.9776 
vt 23.7285 -24.9968 
vt 23.7159 -24.9984 
vt 23.7258 -24.9872 
vt 23.7127 -24.9872 
vt 23.7159 -24.976 
vt 23.7285 -24.9776 
vt 24.1166 -24.9776 
vt 24.2715 -24.9776 
vt 24.1193 -24.9872 
vt 24.2742 -24.9872 
vt 24.2715 -24.9968 
vt 24.1166 -24.9968 
vt 23.8834 -24.9776 
vt 23.7285 -24.9776 
vt 23.8807 -24.9872 
vt 23.7258 -24.9872 
vt 23.7285 -24.9968 
vt 23.8834 -24.9968 
vt 23.8902 -25.0224 
vt 23.7238 -25.0224 
vt 23.8875 -25.0128 
vt 23.7211 -25.0128 
vt 23.7238 -25.0032 
vt 23.8902 -25.0032 
vt 24.2762 -25.0032 
vt 24.2789 -25.0128 
vt 24.2762 -25.0224 
vt 23.7227 -25.0016 
vt 23.7195 -25.0128 
vt 23.7227 -25.024 
vt 24.1098 -25.0224 
vt 24.2762 -25.0224 
vt 24.1125 -25.0128 
vt 24.2789 -25.0128 
vt 24.2762 -25.0032 
vt 24.1098 -25.0032 
vt 24.1141 -25.0128 
vt 24.1109 -25.0016 
vt 24.0957 -25.0128 
vt 24.1109 -25.024 
vt 24.0926 -25.0016 
vt 24.0926 -25.024 
vt 23.8859 -25.0128 
vt 23.9043 -25.0128 
vt 23.8891 -25.0016 
vt 23.8891 -25.024 
vt 23.9074 -25.0016 
vt 23.9074 -25.024 
vt 24.0673 -24.9872 
vt 24.0858 -24.9984 
vt 24.0847 -24.9968 
vt 24.0889 -24.9872 
vt 24.0858 -24.976 
vt 23.9219 -24.9714 
vt 23.9219 -25.0031 
vt 23.9142 -24.9984 
vt 23.9111 -24.9872 
vt 23.9142 -24.976 
vt 23.9153 -24.9776 
vt 24.3092 -25.024 
vt 24.2805 -25.0128 
vt 24.2773 -25.024 
vt 24.3124 -25.0128 
vt 24.3092 -25.0016 
vt 24.2773 -25.0016 
vt 23.7195 -25.0128 
vt 23.6908 -25.024 
vt 23.7227 -25.024 
vt 23.6876 -25.0128 
vt 23.6908 -25.0016 
vt 23.7227 -25.0016 
vt 24.0858 -24.9984 
vt 24.1177 -24.9984 
vt 24.0889 -24.9872 
vt 24.1209 -24.9872 
vt 24.1177 -24.976 
vt 24.0858 -24.976 
vt 23.9142 -24.9984 
vt 23.8823 -24.9984 
vt 23.9111 -24.9872 
vt 23.8791 -24.9872 
vt 23.8823 -24.976 
vt 23.9142 -24.976 
vt 23.8175 -24.976 
vt 23.838 -24.9872 
vt 23.8347 -24.976 
vt 23.8265 -24.9714 
vt 23.8209 -24.9872 
vt 23.8175 -24.9984 
vt 23.8265 -24.9714 
vt 23.8093 -24.9714 
vt 23.8093 -25.0031 
vt 23.8149 -24.9872 
vt 23.8183 -24.976 
vt 24.3761 -24.9992 
vt 24.3679 -25.0016 
vt 24.3691 -25.0032 
vt 24.3761 -24.9969 
vt 24.3645 -25.0128 
vt 24.3691 -25.0032 
vt 24.3679 -25.0016 
vt 24.3661 -25.0128 
vt 24.3645 -25.0128 
vt 24.3679 -25.024 
vt 24.3691 -25.0224 
vt 24.3661 -25.0128 
vt 24.3679 -25.024 
vt 24.3761 -25.0264 
vt 24.3691 -25.0224 
vt 24.3761 -25.0286 
vt 24.3842 -25.0016 
vt 24.3761 -24.9969 
vt 24.3761 -24.9992 
vt 24.3831 -25.0032 
vt 24.3876 -25.0128 
vt 24.3831 -25.0032 
vt 24.386 -25.0128 
vt 24.3842 -25.0016 
vt 24.3876 -25.0128 
vt 24.3831 -25.0224 
vt 24.3842 -25.024 
vt 24.386 -25.0128 
vt 24.3842 -25.024 
vt 24.3761 -25.0264 
vt 24.3761 -25.0286 
vt 24.3831 -25.0224 
vt 24.3842 -25.0016 
vt 24.3876 -25.0128 
vt 24.3842 -25.024 
vt 23.6654 -24.9872 
vt 23.6608 -24.9776 
vt 23.6637 -24.9872 
vt 23.662 -24.976 
vt 23.6538 -24.9736 
vt 23.6422 -24.9872 
vt 23.6468 -24.9776 
vt 23.6456 -24.976 
vt 23.6538 -24.9736 
vt 23.6538 -24.9714 
vt 23.6439 -24.9872 
vt 23.6468 -24.9968 
vt 23.6456 -24.9984 
vt 23.6538 -25.0008 
vt 23.662 -24.9984 
vt 23.6538 -25.0031 
vt 23.6608 -24.9968 
vt 23.6654 -24.9872 
vt 23.6637 -24.9872 
vt 23.6538 -24.9736 
vt 23.6456 -24.976 
vt 23.6468 -24.9776 
vt 23.662 -24.976 
vt 23.6538 -24.9714 
vt 23.6538 -24.9736 
vt 23.6538 -25.0008 
vt 23.6456 -24.9984 
vt 23.6538 -25.0031 
vt 23.662 -24.976 
vt 23.6654 -24.9872 
vt 23.6608 -24.9776 
vt 23.6538 -24.9714 
vt 23.662 -24.9984 
vt 24.1653 -25.024 
vt 24.162 -25.0128 
vt 24.1653 -25.0016 
vt 24.1817 -25.024 
vt 24.1851 -25.0128 
vt 24.1805 -25.0224 
vt 24.1834 -25.0128 
vt 24.1851 -25.0128 
vt 24.1805 -25.0032 
vt 24.1834 -25.0128 
vt 24.1817 -25.0016 
vt 24.1817 -25.0016 
vt 24.1735 -24.9992 
vt 24.1805 -25.0032 
vt 24.1735 -24.9969 
vt 24.1735 -25.0286 
vt 24.1817 -25.024 
vt 24.1735 -25.0264 
vt 24.1805 -25.0224 
vt 24.1653 -25.024 
vt 24.1735 -25.0264 
vt 24.1665 -25.0224 
vt 24.1735 -25.0286 
vt 24.162 -25.0128 
vt 24.1665 -25.0224 
vt 24.1636 -25.0128 
vt 24.1653 -25.024 
vt 24.1653 -25.0016 
vt 24.162 -25.0128 
vt 24.1665 -25.0032 
vt 24.1636 -25.0128 
vt 24.1735 -24.9969 
vt 24.1653 -25.0016 
vt 24.1735 -24.9992 
vt 24.1665 -25.0032 
vt 23.7886 -24.9872 
vt 23.8084 -24.9872 
vt 23.8175 -24.9984 
vt 23.8209 -24.9872 
vt 23.8175 -24.976 
vt 23.8055 -24.9968 
vt 23.8055 -24.9776 
vt 24.215 -25.0128 
vt 24.2104 -25.0032 
vt 24.2133 -25.0128 
vt 24.2104 -25.0224 
vt 24.2034 -25.0264 
vt 24.2116 -25.024 
vt 24.2034 -25.0286 
vt 24.1952 -25.024 
vt 24.1918 -25.0128 
vt 24.1964 -25.0224 
vt 24.1935 -25.0128 
vt 24.1964 -25.0032 
vt 24.1952 -25.0016 
vt 24.2034 -24.9992 
vt 24.2034 -24.9969 
vt 24.215 -25.0128 
vt 24.2116 -25.0016 
vt 24.2104 -25.0032 
vt 24.2034 -24.9992 
vt 24.2104 -25.0224 
vt 24.2116 -25.024 
vt 24.2034 -24.9992 
vt 24.1952 -25.0016 
vt 24.1964 -25.0032 
vt 24.2116 -25.0016 
vt 24.2034 -24.9969 
vt 24.2034 -24.9992 
vt 24.1952 -25.024 
vt 24.2034 -25.0264 
vt 24.1964 -25.0224 
vt 23.8265 -24.9736 
vt 23.8183 -24.976 
vt 23.8195 -24.9776 
vt 23.8265 -24.9714 
vt 23.8149 -24.9872 
vt 23.8195 -24.9776 
vt 23.8183 -24.976 
vt 23.8166 -24.9872 
vt 23.8149 -24.9872 
vt 23.8183 -24.9984 
vt 23.8195 -24.9968 
vt 23.8166 -24.9872 
vt 23.8183 -24.9984 
vt 23.8265 -25.0008 
vt 23.8195 -24.9968 
vt 23.8265 -25.0031 
vt 23.8347 -24.976 
vt 23.8265 -24.9714 
vt 23.8265 -24.9736 
vt 23.8335 -24.9776 
vt 23.838 -24.9872 
vt 23.8335 -24.9776 
vt 23.8364 -24.9872 
vt 23.8347 -24.976 
vt 23.838 -24.9872 
vt 23.8335 -24.9968 
vt 23.8347 -24.9984 
vt 23.8364 -24.9872 
vt 23.8347 -24.9984 
vt 23.8265 -25.0008 
vt 23.8265 -25.0031 
vt 23.8335 -24.9968 
vt 24.3589 -24.9969 
vt 24.3589 -25.0286 
vt 24.3671 -25.024 
vt 24.3705 -25.0128 
vt 24.3659 -25.0224 
vt 24.3659 -25.0032 
vt 24.3671 -25.0016 
vt 24.3688 -25.0128 
vt 24.3688 -25.0128 
vt 24.3659 -25.0224 
vt 24.3705 -25.0128 
vt 24.3589 -25.0264 
vt 24.3671 -25.024 
vt 24.3589 -25.0286 
vt 24.3507 -25.024 
vt 24.3519 -25.0224 
vt 24.3473 -25.0128 
vt 24.3519 -25.0032 
vt 24.349 -25.0128 
vt 24.3507 -25.0016 
vt 24.3589 -24.9969 
vt 24.3589 -24.9992 
vt 24.3519 -25.0032 
vt 24.3589 -24.9992 
vt 24.3507 -25.0016 
vt 24.3473 -25.0128 
vt 24.3519 -25.0224 
vt 24.349 -25.0128 
vt 24.3671 -25.0016 
vt 24.3589 -24.9992 
vt 24.3659 -25.0032 
vt 24.3589 -24.9969 
vt 23.6158 -24.9984 
vt 23.6124 -24.9872 
vt 23.6158 -24.976 
vt 23.6321 -24.9984 
vt 23.6355 -24.9872 
vt 23.6309 -24.9968 
vt 23.6339 -24.9872 
vt 23.6355 -24.9872 
vt 23.6309 -24.9776 
vt 23.6339 -24.9872 
vt 23.6321 -24.976 
vt 23.6321 -24.976 
vt 23.6239 -24.9736 
vt 23.6309 -24.9776 
vt 23.6239 -24.9714 
vt 23.6239 -25.0031 
vt 23.6321 -24.9984 
vt 23.6239 -25.0008 
vt 23.6309 -24.9968 
vt 23.6158 -24.9984 
vt 23.6239 -25.0008 
vt 23.6169 -24.9968 
vt 23.6239 -25.0031 
vt 23.6124 -24.9872 
vt 23.6169 -24.9968 
vt 23.614 -24.9872 
vt 23.6158 -24.9984 
vt 23.6158 -24.976 
vt 23.6124 -24.9872 
vt 23.6169 -24.9776 
vt 23.614 -24.9872 
vt 23.6239 -24.9714 
vt 23.6158 -24.976 
vt 23.6239 -24.9736 
vt 23.6169 -24.9776 
vt 23.7312 -25.1825 
vt 23.716 -25.162 
vt 23.7129 -25.1653 
vt 23.7052 -25.1735 
vt 23.7236 -25.1907 
vt 23.6975 -25.1817 
vt 23.7159 -25.1989 
vt 23.7052 -25.1735 
vt 23.7236 -25.1907 
vt 24.2688 -25.1825 
vt 24.2871 -25.1653 
vt 24.284 -25.162 
vt 24.2948 -25.1735 
vt 24.2764 -25.1907 
vt 24.3025 -25.1817 
vt 24.2841 -25.1989 
vt 24.2948 -25.1735 
vt 24.2764 -25.1907 
vt 24.0741 -24.6355 
vt 24.0772 -24.6321 
vt 24.0957 -24.6124 
vt 24.0926 -24.6158 
vt 23.9228 -24.6321 
vt 23.9043 -24.6124 
vt 23.9058 -24.614 
vt 23.9074 -24.6158 
vt 24.1035 -25.3392 
vt 24.1024 -25.338 
vt 24.1101 -25.3462 
vt 24.1166 -25.3532 
vt 24.1177 -25.3544 
vt 24.1193 -25.3561 
vt 23.8976 -25.338 
vt 23.9008 -25.3346 
vt 23.8965 -25.3392 
vt 23.8899 -25.3462 
vt 23.8899 -25.3462 
vt 23.8791 -25.3578 
vt 23.8823 -25.3544 
vt 24.3124 -24.8149 
vt 24.3092 -24.8183 
vt 24.3016 -24.8265 
vt 24.2939 -24.8347 
vt 23.6908 -24.8183 
vt 23.6891 -24.8166 
vt 23.7061 -24.8347 
vt 23.7092 -24.838 
vt 24.2557 -25.1916 
vt 24.2688 -25.1825 
vt 24.2584 -25.1945 
vt 24.2764 -25.1907 
vt 24.2649 -25.2015 
vt 24.2742 -25.2114 
vt 24.2841 -25.1989 
vt 24.2715 -25.2085 
vt 24.2764 -25.1907 
vt 24.2649 -25.2015 
vt 23.7443 -25.1916 
vt 23.7312 -25.1825 
vt 23.7416 -25.1945 
vt 23.7236 -25.1907 
vt 23.7351 -25.2015 
vt 23.7258 -25.2114 
vt 23.7159 -25.1989 
vt 23.7285 -25.2085 
vt 23.7236 -25.1907 
vt 23.7351 -25.2015 
vt 24.1166 -25.3532 
vt 24.2649 -25.2015 
vt 24.1101 -25.3462 
vt 24.2715 -25.2085 
vt 24.1035 -25.3392 
vt 24.2584 -25.1945 
vt 24.2649 -25.2015 
vt 24.1101 -25.3462 
vt 23.7351 -25.2015 
vt 23.8834 -25.3532 
vt 23.8899 -25.3462 
vt 23.7285 -25.2085 
vt 23.8965 -25.3392 
vt 23.7416 -25.1945 
vt 23.7351 -25.2015 
vt 23.8899 -25.3462 
vt 23.7396 -24.8065 
vt 23.906 -24.651 
vt 23.9033 -24.6481 
vt 23.7369 -24.8036 
vt 23.8967 -24.6411 
vt 23.7304 -24.7966 
vt 23.8902 -24.6341 
vt 23.7238 -24.7896 
vt 23.8875 -24.6312 
vt 24.2805 -24.785 
vt 24.2762 -24.7896 
vt 24.2696 -24.7966 
vt 24.2696 -24.7966 
vt 24.2631 -24.8036 
vt 24.2604 -24.8065 
vt 23.7227 -24.7884 
vt 23.7304 -24.7966 
vt 23.6987 -25.1805 
vt 23.6987 -25.1805 
vt 24.094 -24.651 
vt 24.0967 -24.6481 
vt 24.2631 -24.8036 
vt 24.1033 -24.6411 
vt 24.2696 -24.7966 
vt 24.1098 -24.6341 
vt 24.2762 -24.7896 
vt 24.1109 -24.6329 
vt 24.0926 -24.6158 
vt 24.1033 -24.6411 
vt 24.0849 -24.6239 
vt 24.0956 -24.6493 
vt 24.0772 -24.6321 
vt 23.8891 -24.6329 
vt 23.9074 -24.6158 
vt 23.8967 -24.6411 
vt 23.9151 -24.6239 
vt 23.9044 -24.6493 
vt 23.9228 -24.6321 
vt 24.0704 -25.3679 
vt 24.0781 -25.3761 
vt 24.0889 -25.3876 
vt 24.0858 -25.3842 
vt 23.9296 -25.3679 
vt 23.9219 -25.3761 
vt 23.9142 -25.3842 
vt 23.9153 -25.3831 
vt 24.3092 -24.8183 
vt 24.2773 -24.7884 
vt 24.2696 -24.7966 
vt 24.3016 -24.8265 
vt 24.2939 -24.8347 
vt 24.262 -24.8048 
vt 23.6908 -24.8183 
vt 23.7227 -24.7884 
vt 23.7304 -24.7966 
vt 23.6984 -24.8265 
vt 23.7061 -24.8347 
vt 23.738 -24.8048 
vt 24.0704 -25.3679 
vt 24.1024 -25.338 
vt 24.0781 -25.3761 
vt 24.1101 -25.3462 
vt 24.1177 -25.3544 
vt 24.0858 -25.3842 
vt 24.1101 -25.3462 
vt 24.0781 -25.3761 
vt 23.9296 -25.3679 
vt 23.8976 -25.338 
vt 23.9219 -25.3761 
vt 23.8899 -25.3462 
vt 23.8823 -25.3544 
vt 23.9142 -25.3842 
vt 23.8899 -25.3462 
vt 23.9219 -25.3761 
vt 24.2688 -24.976 
vt 24.284 -24.9872 
vt 24.2871 -24.976 
vt 24.2948 -24.9714 
vt 24.2656 -24.9872 
vt 24.2688 -24.9984 
vt 24.2871 -24.9984 
vt 24.2948 -25.0031 
vt 24.2764 -25.0031 
vt 24.2841 -24.976 
vt 23.7312 -24.976 
vt 23.7129 -24.976 
vt 23.716 -24.9872 
vt 23.7236 -24.9714 
vt 23.7344 -24.9872 
vt 23.7312 -24.9984 
vt 23.7129 -24.9984 
vt 23.7236 -25.0031 
vt 23.9228 -25.0016 
vt 23.9259 -25.0128 
vt 23.9228 -25.024 
vt 23.9074 -25.0016 
vt 23.9074 -25.024 
vt 24.0772 -25.0016 
vt 24.0741 -25.0128 
vt 24.0772 -25.024 
vt 23.8965 -24.9776 
vt 23.8992 -24.9872 
vt 23.8976 -24.976 
vt 23.8899 -24.9714 
vt 23.8834 -24.9968 
vt 23.8976 -24.9984 
vt 23.8965 -24.9968 
vt 24.1024 -24.976 
vt 24.0992 -24.9872 
vt 24.1035 -24.9776 
vt 24.1008 -24.9872 
vt 24.1024 -24.9984 
vt 23.6984 -24.9969 
vt 23.6984 -25.0286 
vt 24.2939 -25.0016 
vt 23.7443 -24.9872 
vt 23.7416 -24.9776 
vt 24.2557 -24.9872 
vt 24.2584 -24.9968 
vt 24.2584 -24.9776 
vt 24.2649 -24.9736 
vt 23.8965 -24.9968 
vt 23.7416 -24.9968 
vt 23.7443 -24.9872 
vt 23.8992 -24.9872 
vt 23.8965 -24.9776 
vt 23.7416 -24.9776 
vt 24.1035 -24.9968 
vt 24.2584 -24.9968 
vt 24.2557 -24.9872 
vt 24.1008 -24.9872 
vt 24.1035 -24.9776 
vt 24.2584 -24.9776 
vt 24.2631 -25.0032 
vt 24.0967 -25.0032 
vt 24.2604 -25.0128 
vt 24.094 -25.0128 
vt 24.0967 -25.0224 
vt 24.2631 -25.0224 
vt 23.7304 -25.0286 
vt 23.7412 -25.0128 
vt 23.7369 -25.0224 
vt 23.7396 -25.0128 
vt 23.7369 -25.0032 
vt 23.7304 -24.9992 
vt 24.2588 -25.0128 
vt 24.3013 -24.9776 
vt 23.7369 -25.0032 
vt 23.9033 -25.0032 
vt 23.7396 -25.0128 
vt 23.906 -25.0128 
vt 23.9033 -25.0224 
vt 23.7369 -25.0224 
vt 23.8859 -25.0128 
vt 23.9044 -25.024 
vt 23.9228 -25.024 
vt 23.9076 -25.0128 
vt 23.9259 -25.0128 
vt 23.9228 -25.0016 
vt 23.9044 -25.0016 
vt 24.0956 -25.024 
vt 24.0772 -25.024 
vt 24.0924 -25.0128 
vt 24.0741 -25.0128 
vt 24.0772 -25.0016 
vt 24.0956 -25.0016 
vt 23.9327 -24.9872 
vt 23.9296 -24.9984 
vt 23.9296 -24.976 
vt 24.0704 -24.9984 
vt 24.0673 -24.9872 
vt 24.0704 -24.976 
vt 23.7061 -25.024 
vt 23.738 -25.024 
vt 23.7092 -25.0128 
vt 23.7412 -25.0128 
vt 23.738 -25.0016 
vt 23.7061 -25.0016 
vt 24.2939 -25.024 
vt 24.262 -25.024 
vt 24.2908 -25.0128 
vt 24.2588 -25.0128 
vt 24.262 -25.0016 
vt 24.2939 -25.0016 
vt 23.9008 -24.9872 
vt 23.9296 -24.9984 
vt 23.9327 -24.9872 
vt 23.9296 -24.976 
vt 23.8976 -24.9984 
vt 23.8976 -24.976 
vt 24.0704 -24.9984 
vt 24.0992 -24.9872 
vt 24.0673 -24.9872 
vt 24.0704 -24.976 
vt 24.1024 -24.9984 
vt 24.1024 -24.976 

usemtl Cube0231Mtl

f 3716/3716/3716 3717/3717/3717 3718/3718/3718 
f 3717/3717/3717 3716/3716/3716 3719/3719/3719 
f 3720/3720/3720 3721/3721/3721 3722/3722/3722 
f 3721/3721/3721 3720/3720/3720 3723/3723/3723 
f 3724/3724/3724 3725/3725/3725 3726/3726/3726 
f 3726/3726/3726 3725/3725/3725 3727/3727/3727 
f 3728/3728/3728 3729/3729/3729 3730/3730/3730 
f 3731/3731/3731 3730/3730/3730 3729/3729/3729 
f 3732/3732/3732 3733/3733/3733 3734/3734/3734 
f 3734/3734/3734 3733/3733/3733 3735/3735/3735 
f 3736/3736/3736 3737/3737/3737 3738/3738/3738 
f 3739/3739/3739 3738/3738/3738 3737/3737/3737 
f 3740/3740/3740 3741/3741/3741 3742/3742/3742 
f 3741/3741/3741 3740/3740/3740 3743/3743/3743 
f 3744/3744/3744 3745/3745/3745 3746/3746/3746 
f 3745/3745/3745 3744/3744/3744 3747/3747/3747 
f 3748/3748/3748 3749/3749/3749 3750/3750/3750 
f 3751/3751/3751 3748/3748/3748 3752/3752/3752 
f 3753/3753/3753 3750/3750/3750 3749/3749/3749 
f 3749/3749/3749 3754/3754/3754 3753/3753/3753 
f 3754/3754/3754 3749/3749/3749 3755/3755/3755 
f 3755/3755/3755 3756/3756/3756 3754/3754/3754 
f 3757/3757/3757 3758/3758/3758 3756/3756/3756 
f 3759/3759/3759 3756/3756/3756 3758/3758/3758 
f 3758/3758/3758 3760/3760/3760 3759/3759/3759 
f 3759/3759/3759 3760/3760/3760 3761/3761/3761 
f 3762/3762/3762 3763/3763/3763 3764/3764/3764 
f 3763/3763/3763 3762/3762/3762 3765/3765/3765 
f 3765/3765/3765 3766/3766/3766 3763/3763/3763 
f 3766/3766/3766 3765/3765/3765 3767/3767/3767 
f 3768/3768/3768 3769/3769/3769 3770/3770/3770 
f 3771/3771/3771 3772/3772/3772 3773/3773/3773 
f 3774/3774/3774 3775/3775/3775 3776/3776/3776 
f 3774/3774/3774 3777/3777/3777 3775/3775/3775 
f 3778/3778/3778 3779/3779/3779 3780/3780/3780 
f 3779/3779/3779 3778/3778/3778 3781/3781/3781 
f 3782/3782/3782 3783/3783/3783 3784/3784/3784 
f 3783/3783/3783 3782/3782/3782 3785/3785/3785 
f 3786/3786/3786 3787/3787/3787 3788/3788/3788 
f 3786/3786/3786 3788/3788/3788 3789/3789/3789 
f 3790/3790/3790 3791/3791/3791 3792/3792/3792 
f 3791/3791/3791 3790/3790/3790 3793/3793/3793 
f 3794/3794/3794 3795/3795/3795 3796/3796/3796 
f 3795/3795/3795 3794/3794/3794 3797/3797/3797 
f 3798/3798/3798 3799/3799/3799 3800/3800/3800 
f 3798/3798/3798 3800/3800/3800 3801/3801/3801 
f 3802/3802/3802 3803/3803/3803 3804/3804/3804 
f 3803/3803/3803 3802/3802/3802 3805/3805/3805 
f 3809/3809/3809 3810/3810/3810 3811/3811/3811 
f 3810/3810/3810 3809/3809/3809 3812/3812/3812 
f 3809/3809/3809 3813/3813/3813 3812/3812/3812 
f 3815/3815/3815 3813/3813/3813 3809/3809/3809 
f 3822/3822/3822 3823/3823/3823 3824/3824/3824 
f 3823/3823/3823 3825/3825/3825 3826/3826/3826 
f 3825/3825/3825 3823/3823/3823 3827/3827/3827 
f 3827/3827/3827 3828/3828/3828 3825/3825/3825 
f 3829/3829/3829 3830/3830/3830 3828/3828/3828 
f 3831/3831/3831 3828/3828/3828 3830/3830/3830 
f 3831/3831/3831 3832/3832/3832 3833/3833/3833 
f 3834/3834/3834 3835/3835/3835 3836/3836/3836 
f 3837/3837/3837 3838/3838/3838 3835/3835/3835 
f 3839/3839/3839 3838/3838/3838 3837/3837/3837 
f 3840/3840/3840 3841/3841/3841 3842/3842/3842 
f 3843/3843/3843 3840/3840/3840 3844/3844/3844 
f 3841/3841/3841 3840/3840/3840 3845/3845/3845 
f 3845/3845/3845 3846/3846/3846 3841/3841/3841 
f 3846/3846/3846 3845/3845/3845 3847/3847/3847 
f 3848/3848/3848 3849/3849/3849 3850/3850/3850 
f 3852/3852/3852 3853/3853/3853 3854/3854/3854 
f 3853/3853/3853 3852/3852/3852 3855/3855/3855 
f 3856/3856/3856 3857/3857/3857 3858/3858/3858 
f 3857/3857/3857 3856/3856/3856 3859/3859/3859 
f 3860/3860/3860 3861/3861/3861 3862/3862/3862 
f 3862/3862/3862 3861/3861/3861 3863/3863/3863 
f 3864/3864/3864 3865/3865/3865 3866/3866/3866 
f 3867/3867/3867 3866/3866/3866 3865/3865/3865 
f 3868/3868/3868 3869/3869/3869 3870/3870/3870 
f 3870/3870/3870 3869/3869/3869 3871/3871/3871 
f 3872/3872/3872 3873/3873/3873 3874/3874/3874 
f 3875/3875/3875 3874/3874/3874 3873/3873/3873 
f 3876/3876/3876 3877/3877/3877 3878/3878/3878 
f 3877/3877/3877 3876/3876/3876 3879/3879/3879 
f 3880/3880/3880 3881/3881/3881 3882/3882/3882 
f 3881/3881/3881 3880/3880/3880 3883/3883/3883 
f 3887/3887/3887 3888/3888/3888 3889/3889/3889 
f 3890/3890/3890 3887/3887/3887 3889/3889/3889 
f 3887/3887/3887 3891/3891/3891 3888/3888/3888 
f 3891/3891/3891 3892/3892/3892 3888/3888/3888 
f 3891/3891/3891 3893/3893/3893 3892/3892/3892 
f 3887/3887/3887 3890/3890/3890 3894/3894/3894 
f 3895/3895/3895 3894/3894/3894 3890/3890/3890 
f 3894/3894/3894 3895/3895/3895 3896/3896/3896 
f 3897/3897/3897 3898/3898/3898 3899/3899/3899 
f 3900/3900/3900 3901/3901/3901 3902/3902/3902 
f 3903/3903/3903 3901/3901/3901 3904/3904/3904 
f 3903/3903/3903 3904/3904/3904 3905/3905/3905 
f 3906/3906/3906 3907/3907/3907 3908/3908/3908 
f 3907/3907/3907 3906/3906/3906 3909/3909/3909 
f 3910/3910/3910 3911/3911/3911 3912/3912/3912 
f 3911/3911/3911 3910/3910/3910 3913/3913/3913 
f 3914/3914/3914 3915/3915/3915 3916/3916/3916 
f 3914/3914/3914 3917/3917/3917 3915/3915/3915 
f 3918/3918/3918 3919/3919/3919 3920/3920/3920 
f 3919/3919/3919 3918/3918/3918 3921/3921/3921 
f 3922/3922/3922 3923/3923/3923 3924/3924/3924 
f 3923/3923/3923 3922/3922/3922 3925/3925/3925 
f 3926/3926/3926 3927/3927/3927 3928/3928/3928 
f 3926/3926/3926 3928/3928/3928 3929/3929/3929 
f 3930/3930/3930 3931/3931/3931 3932/3932/3932 
f 3931/3931/3931 3930/3930/3930 3933/3933/3933 
f 3934/3934/3934 3935/3935/3935 3936/3936/3936 
f 3935/3935/3935 3934/3934/3934 3937/3937/3937 
f 3938/3938/3938 3939/3939/3939 3940/3940/3940 
f 3938/3938/3938 3940/3940/3940 3941/3941/3941 
f 3942/3942/3942 3943/3943/3943 3944/3944/3944 
f 3943/3943/3943 3942/3942/3942 3945/3945/3945 
f 3947/3947/3947 3949/3949/3949 3948/3948/3948 
f 3949/3949/3949 3947/3947/3947 3950/3950/3950 
f 3951/3951/3951 3949/3949/3949 3950/3950/3950 
f 3949/3949/3949 3951/3951/3951 3952/3952/3952 
f 3955/3955/3955 3956/3956/3956 3957/3957/3957 
f 3957/3957/3957 3958/3958/3958 3955/3955/3955 
f 3957/3957/3957 3959/3959/3959 3958/3958/3958 
f 3959/3959/3959 3957/3957/3957 3960/3960/3960 
f 3990/3990/3990 3989/3989/3989 3988/3988/3988 
f 3989/3989/3989 3990/3990/3990 3991/3991/3991 
f 3990/3990/3990 3992/3992/3992 3991/3991/3991 
f 3992/3992/3992 3990/3990/3990 3993/3993/3993 
f 3997/3997/3997 3998/3998/3998 3996/3996/3996 
f 3998/3998/3998 3997/3997/3997 3999/3999/3999 
f 4000/4000/4000 3998/3998/3998 3999/3999/3999 
f 3998/3998/3998 4000/4000/4000 4001/4001/4001 
f 4003/4003/4003 4004/4004/4004 4005/4005/4005 
f 4005/4005/4005 4004/4004/4004 4006/4006/4006 
f 4007/4007/4007 4005/4005/4005 4006/4006/4006 
f 4005/4005/4005 4007/4007/4007 4008/4008/4008 
f 4011/4011/4011 4010/4010/4010 4009/4009/4009 
f 4010/4010/4010 4011/4011/4011 4012/4012/4012 
f 4011/4011/4011 4013/4013/4013 4012/4012/4012 
f 4013/4013/4013 4011/4011/4011 4014/4014/4014 
f 4015/4015/4015 4016/4016/4016 4017/4017/4017 
f 4016/4016/4016 4015/4015/4015 4018/4018/4018 
f 4023/4023/4023 4024/4024/4024 4022/4022/4022 
f 4024/4024/4024 4023/4023/4023 4025/4025/4025 
f 4036/4036/4036 4037/4037/4037 4038/4038/4038 
f 4037/4037/4037 4036/4036/4036 4039/4039/4039 
f 4043/4043/4043 4042/4042/4042 4041/4041/4041 
f 4042/4042/4042 4043/4043/4043 4044/4044/4044 
f 4046/4046/4046 4045/4045/4045 4047/4047/4047 
f 4046/4046/4046 4047/4047/4047 4048/4048/4048 
f 4051/4051/4051 4050/4050/4050 4049/4049/4049 
f 4051/4051/4051 4052/4052/4052 4050/4050/4050 
f 4055/4055/4055 4056/4056/4056 4054/4054/4054 
f 4057/4057/4057 4056/4056/4056 4055/4055/4055 
f 4058/4058/4058 4059/4059/4059 4060/4060/4060 
f 4060/4060/4060 4059/4059/4059 4061/4061/4061 
f 4071/4071/4071 4073/4073/4073 4072/4072/4072 
f 4073/4073/4073 4071/4071/4071 4074/4074/4074 
f 4076/4076/4076 4075/4075/4075 4077/4077/4077 
f 4077/4077/4077 4078/4078/4078 4076/4076/4076 
f 4081/4081/4081 4079/4079/4079 4080/4080/4080 
f 4079/4079/4079 4081/4081/4081 4082/4082/4082 
f 4083/4083/4083 4084/4084/4084 4085/4085/4085 
f 4085/4085/4085 4084/4084/4084 4086/4086/4086 
f 4088/4088/4088 4089/4089/4089 4087/4087/4087 
f 4089/4089/4089 4088/4088/4088 4090/4090/4090 
f 4090/4090/4090 4091/4091/4091 4089/4089/4089 
f 4091/4091/4091 4090/4090/4090 4092/4092/4092 
f 4095/4095/4095 4094/4094/4094 4093/4093/4093 
f 4094/4094/4094 4095/4095/4095 4096/4096/4096 
f 4097/4097/4097 4096/4096/4096 4095/4095/4095 
f 4096/4096/4096 4097/4097/4097 4098/4098/4098 
f 4102/4102/4102 4101/4101/4101 4100/4100/4100 
f 4101/4101/4101 4102/4102/4102 4103/4103/4103 
f 4102/4102/4102 4104/4104/4104 4103/4103/4103 
f 4104/4104/4104 4102/4102/4102 4105/4105/4105 
f 4110/4110/4110 4111/4111/4111 4109/4109/4109 
f 4111/4111/4111 4110/4110/4110 4112/4112/4112 
f 4111/4111/4111 4112/4112/4112 4113/4113/4113 
f 4113/4113/4113 4114/4114/4114 4111/4111/4111 
f 4136/4136/4136 4137/4137/4137 4135/4135/4135 
f 4137/4137/4137 4136/4136/4136 4138/4138/4138 
f 4139/4139/4139 4137/4137/4137 4138/4138/4138 
f 4137/4137/4137 4139/4139/4139 4140/4140/4140 
f 4142/4142/4142 4141/4141/4141 4143/4143/4143 
f 4143/4143/4143 4144/4144/4144 4142/4142/4142 
f 4143/4143/4143 4145/4145/4145 4144/4144/4144 
f 4145/4145/4145 4143/4143/4143 4146/4146/4146 
f 4149/4149/4149 4148/4148/4148 4147/4147/4147 
f 4148/4148/4148 4149/4149/4149 4150/4150/4150 
f 4149/4149/4149 4151/4151/4151 4150/4150/4150 
f 4151/4151/4151 4149/4149/4149 4152/4152/4152 
f 4154/4154/4154 4155/4155/4155 4153/4153/4153 
f 4155/4155/4155 4154/4154/4154 4156/4156/4156 
f 4155/4155/4155 4156/4156/4156 4157/4157/4157 
f 4157/4157/4157 4158/4158/4158 4155/4155/4155 
f 4160/4160/4160 4159/4159/4159 4161/4161/4161 
f 4160/4160/4160 4161/4161/4161 4162/4162/4162 
f 4161/4161/4161 4163/4163/4163 4162/4162/4162 
f 4163/4163/4163 4161/4161/4161 4164/4164/4164 
f 4171/4171/4171 4172/4172/4172 4173/4173/4173 
f 4174/4174/4174 4173/4173/4173 4172/4172/4172 
f 4175/4175/4175 4173/4173/4173 4174/4174/4174 
f 4173/4173/4173 4175/4175/4175 4176/4176/4176 
f 4177/4177/4177 4178/4178/4178 4179/4179/4179 
f 4179/4179/4179 4180/4180/4180 4177/4177/4177 
f 4179/4179/4179 4178/4178/4178 4181/4181/4181 
f 4180/4180/4180 4179/4179/4179 4182/4182/4182 
f 4183/4183/4183 4184/4184/4184 4185/4185/4185 
f 4186/4186/4186 4184/4184/4184 4183/4183/4183 
f 4184/4184/4184 4187/4187/4187 4185/4185/4185 
f 4184/4184/4184 4186/4186/4186 4188/4188/4188 
f 4200/4200/4200 4201/4201/4201 4202/4202/4202 
f 4201/4201/4201 4200/4200/4200 4203/4203/4203 
f 4201/4201/4201 4203/4203/4203 4204/4204/4204 
f 4201/4201/4201 4204/4204/4204 4205/4205/4205 
f 4206/4206/4206 4207/4207/4207 4208/4208/4208 
f 4207/4207/4207 4206/4206/4206 4209/4209/4209 
f 4209/4209/4209 4206/4206/4206 4210/4210/4210 
f 4211/4211/4211 4210/4210/4210 4206/4206/4206 
f 4213/4213/4213 4214/4214/4214 4212/4212/4212 
f 4214/4214/4214 4213/4213/4213 4215/4215/4215 
f 4214/4214/4214 4215/4215/4215 4216/4216/4216 
f 4216/4216/4216 4217/4217/4217 4214/4214/4214 
f 4220/4220/4220 4219/4219/4219 4218/4218/4218 
f 4219/4219/4219 4220/4220/4220 4221/4221/4221 
f 4220/4220/4220 4222/4222/4222 4221/4221/4221 
f 4222/4222/4222 4220/4220/4220 4223/4223/4223 
f 4235/4235/4235 4236/4236/4236 4237/4237/4237 
f 4236/4236/4236 4235/4235/4235 4238/4238/4238 
f 4239/4239/4239 4240/4240/4240 4241/4241/4241 
f 4240/4240/4240 4239/4239/4239 4242/4242/4242 
f 4243/4243/4243 4244/4244/4244 4245/4245/4245 
f 4243/4243/4243 4245/4245/4245 4246/4246/4246 
f 4247/4247/4247 4248/4248/4248 4249/4249/4249 
f 4248/4248/4248 4247/4247/4247 4250/4250/4250 
f 4251/4251/4251 4252/4252/4252 4253/4253/4253 
f 4251/4251/4251 4253/4253/4253 4254/4254/4254 
f 4255/4255/4255 4256/4256/4256 4257/4257/4257 
f 4255/4255/4255 4258/4258/4258 4256/4256/4256 
f 4259/4259/4259 4260/4260/4260 4261/4261/4261 
f 4260/4260/4260 4259/4259/4259 4262/4262/4262 
f 4263/4263/4263 4264/4264/4264 4265/4265/4265 
f 4264/4264/4264 4263/4263/4263 4266/4266/4266 
f 4270/4270/4270 4271/4271/4271 4272/4272/4272 
f 4270/4270/4270 4273/4273/4273 4271/4271/4271 
f 4273/4273/4273 4274/4274/4274 4271/4271/4271 
f 4275/4275/4275 4276/4276/4276 4277/4277/4277 
f 4277/4277/4277 4278/4278/4278 4279/4279/4279 
f 4276/4276/4276 4275/4275/4275 4280/4280/4280 
f 4275/4275/4275 4281/4281/4281 4280/4280/4280 
f 4275/4275/4275 4282/4282/4282 4281/4281/4281 
f 4282/4282/4282 4283/4283/4283 4281/4281/4281 
f 4284/4284/4284 4283/4283/4283 4285/4285/4285 
f 4283/4283/4283 4284/4284/4284 4286/4286/4286 
f 4287/4287/4287 4286/4286/4286 4284/4284/4284 
f 4286/4286/4286 4287/4287/4287 4288/4288/4288 
f 4289/4289/4289 4290/4290/4290 4291/4291/4291 
f 4292/4292/4292 4293/4293/4293 4294/4294/4294 
f 4295/4295/4295 4296/4296/4296 4297/4297/4297 
f 4306/4306/4306 4307/4307/4307 4308/4308/4308 
f 4309/4309/4309 4308/4308/4308 4307/4307/4307 
f 4310/4310/4310 4311/4311/4311 4312/4312/4312 
f 4311/4311/4311 4310/4310/4310 4313/4313/4313 
f 4314/4314/4314 4315/4315/4315 4316/4316/4316 
f 4315/4315/4315 4314/4314/4314 4317/4317/4317 
f 4318/4318/4318 4319/4319/4319 4320/4320/4320 
f 4320/4320/4320 4319/4319/4319 4321/4321/4321 
f 4322/4322/4322 4323/4323/4323 4324/4324/4324 
f 4323/4323/4323 4322/4322/4322 4325/4325/4325 
f 4326/4326/4326 4327/4327/4327 4328/4328/4328 
f 4327/4327/4327 4326/4326/4326 4329/4329/4329 
f 4330/4330/4330 4331/4331/4331 4332/4332/4332 
f 4332/4332/4332 4331/4331/4331 4333/4333/4333 
f 4334/4334/4334 4335/4335/4335 4336/4336/4336 
f 4337/4337/4337 4336/4336/4336 4335/4335/4335 
f 4339/4339/4339 4340/4340/4340 4341/4341/4341 
f 4339/4339/4339 4341/4341/4341 4342/4342/4342 
f 4340/4340/4340 4339/4339/4339 4343/4343/4343 
f 4339/4339/4339 4342/4342/4342 4344/4344/4344 
f 4345/4345/4345 4346/4346/4346 4347/4347/4347 
f 4348/4348/4348 4345/4345/4345 4347/4347/4347 
f 4349/4349/4349 4350/4350/4350 4348/4348/4348 
f 4350/4350/4350 4349/4349/4349 4351/4351/4351 
f 4349/4349/4349 4352/4352/4352 4351/4351/4351 
f 4353/4353/4353 4352/4352/4352 4354/4354/4354 
f 4353/4353/4353 4354/4354/4354 4355/4355/4355 
f 4356/4356/4356 4353/4353/4353 4355/4355/4355 
f 4353/4353/4353 4356/4356/4356 4357/4357/4357 
f 4357/4357/4357 4358/4358/4358 4359/4359/4359 
f 4360/4360/4360 4361/4361/4361 4362/4362/4362 
f 4361/4361/4361 4363/4363/4363 4362/4362/4362 
f 4360/4360/4360 4364/4364/4364 4365/4365/4365 
f 4366/4366/4366 4367/4367/4367 4368/4368/4368 
f 4369/4369/4369 4370/4370/4370 4371/4371/4371 
f 4372/4372/4372 4373/4373/4373 4374/4374/4374 
f 4375/4375/4375 4376/4376/4376 4377/4377/4377 
f 4376/4376/4376 4375/4375/4375 4378/4378/4378 
f 4379/4379/4379 4380/4380/4380 4381/4381/4381 
f 4380/4380/4380 4379/4379/4379 4382/4382/4382 
f 4383/4383/4383 4384/4384/4384 4385/4385/4385 
f 4383/4383/4383 4385/4385/4385 4386/4386/4386 
f 4387/4387/4387 4388/4388/4388 4389/4389/4389 
f 4388/4388/4388 4387/4387/4387 4390/4390/4390 
f 4391/4391/4391 4392/4392/4392 4393/4393/4393 
f 4391/4391/4391 4393/4393/4393 4394/4394/4394 
f 4395/4395/4395 4396/4396/4396 4397/4397/4397 
f 4395/4395/4395 4398/4398/4398 4396/4396/4396 
f 4399/4399/4399 4400/4400/4400 4401/4401/4401 
f 4400/4400/4400 4399/4399/4399 4402/4402/4402 
f 4403/4403/4403 4404/4404/4404 4405/4405/4405 
f 4404/4404/4404 4403/4403/4403 4406/4406/4406 
f 4409/4409/4409 4410/4410/4410 4411/4411/4411 
f 4412/4412/4412 4410/4410/4410 4413/4413/4413 
f 4410/4410/4410 4412/4412/4412 4414/4414/4414 
f 4415/4415/4415 4416/4416/4416 4417/4417/4417 
f 4418/4418/4418 4419/4419/4419 4416/4416/4416 
f 4420/4420/4420 4419/4419/4419 4418/4418/4418 
f 4418/4418/4418 4421/4421/4421 4420/4420/4420 
f 4421/4421/4421 4418/4418/4418 4422/4422/4422 
f 4422/4422/4422 4423/4423/4423 4421/4421/4421 
f 4424/4424/4424 4423/4423/4423 4425/4425/4425 
f 4426/4426/4426 4423/4423/4423 4424/4424/4424 
f 4427/4427/4427 4426/4426/4426 4428/4428/4428 
f 4429/4429/4429 4430/4430/4430 4431/4431/4431 
f 4432/4432/4432 4433/4433/4433 4434/4434/4434 
f 4435/4435/4435 4436/4436/4436 4437/4437/4437 
f 4436/4436/4436 4435/4435/4435 4438/4438/4438 
f 4442/4442/4442 4443/4443/4443 4444/4444/4444 
f 4445/4445/4445 4444/4444/4444 4443/4443/4443 
f 4446/4446/4446 4447/4447/4447 4448/4448/4448 
f 4447/4447/4447 4446/4446/4446 4449/4449/4449 
f 4450/4450/4450 4451/4451/4451 4452/4452/4452 
f 4451/4451/4451 4450/4450/4450 4453/4453/4453 
f 4454/4454/4454 4455/4455/4455 4456/4456/4456 
f 4456/4456/4456 4455/4455/4455 4457/4457/4457 
f 4458/4458/4458 4459/4459/4459 4460/4460/4460 
f 4459/4459/4459 4458/4458/4458 4461/4461/4461 
f 4462/4462/4462 4463/4463/4463 4464/4464/4464 
f 4463/4463/4463 4462/4462/4462 4465/4465/4465 
f 4466/4466/4466 4467/4467/4467 4468/4468/4468 
f 4468/4468/4468 4467/4467/4467 4469/4469/4469 
f 4470/4470/4470 4471/4471/4471 4472/4472/4472 
f 4473/4473/4473 4472/4472/4472 4471/4471/4471 
f 4477/4477/4477 4474/4474/4474 4476/4476/4476 
f 4474/4474/4474 4477/4477/4477 4478/4478/4478 
f 4479/4479/4479 4480/4480/4480 4481/4481/4481 
f 4481/4481/4481 4480/4480/4480 4482/4482/4482 
f 4483/4483/4483 4486/4486/4486 4484/4484/4484 
f 4486/4486/4486 4483/4483/4483 4487/4487/4487 
f 4490/4490/4490 4489/4489/4489 4488/4488/4488 
f 4490/4490/4490 4491/4491/4491 4489/4489/4489 
f 4522/4522/4522 4523/4523/4523 4524/4524/4524 
f 4523/4523/4523 4525/4525/4525 4524/4524/4524 
f 4529/4529/4529 4528/4528/4528 4527/4527/4527 
f 4528/4528/4528 4529/4529/4529 4530/4530/4530 
f 4534/4534/4534 4533/4533/4533 4532/4532/4532 
f 4533/4533/4533 4534/4534/4534 4535/4535/4535 
f 4538/4538/4538 4539/4539/4539 4537/4537/4537 
f 4539/4539/4539 4538/4538/4538 4540/4540/4540 
f 4541/4541/4541 4542/4542/4542 4543/4543/4543 
f 4542/4542/4542 4541/4541/4541 4544/4544/4544 
f 4546/4546/4546 4545/4545/4545 4547/4547/4547 
f 4548/4548/4548 4547/4547/4547 4545/4545/4545 
f 4549/4549/4549 4550/4550/4550 4551/4551/4551 
f 4550/4550/4550 4549/4549/4549 4552/4552/4552 
f 4555/4555/4555 4553/4553/4553 4554/4554/4554 
f 4553/4553/4553 4555/4555/4555 4556/4556/4556 
f 4561/4561/4561 4560/4560/4560 4559/4559/4559 
f 4560/4560/4560 4561/4561/4561 4562/4562/4562 
f 4563/4563/4563 4562/4562/4562 4561/4561/4561 
f 4562/4562/4562 4563/4563/4563 4564/4564/4564 
f 4577/4577/4577 4578/4578/4578 4579/4579/4579 
f 4579/4579/4579 4578/4578/4578 4580/4580/4580 
f 4579/4579/4579 4580/4580/4580 4581/4581/4581 
f 4581/4581/4581 4580/4580/4580 4582/4582/4582 
f 4584/4584/4584 4585/4585/4585 4583/4583/4583 
f 4585/4585/4585 4584/4584/4584 4586/4586/4586 
f 4586/4586/4586 4587/4587/4587 4585/4585/4585 
f 4587/4587/4587 4586/4586/4586 4588/4588/4588 
f 4591/4591/4591 4590/4590/4590 4589/4589/4589 
f 4590/4590/4590 4591/4591/4591 4592/4592/4592 
f 4593/4593/4593 4592/4592/4592 4591/4591/4591 
f 4592/4592/4592 4593/4593/4593 4594/4594/4594 
f 4603/4603/4603 4604/4604/4604 4605/4605/4605 
f 4605/4605/4605 4606/4606/4606 4603/4603/4603 
f 4605/4605/4605 4607/4607/4607 4606/4606/4606 
f 4607/4607/4607 4605/4605/4605 4608/4608/4608 
f 4609/4609/4609 4611/4611/4611 4610/4610/4610 
f 4611/4611/4611 4609/4609/4609 4612/4612/4612 
f 4613/4613/4613 4611/4611/4611 4612/4612/4612 
f 4611/4611/4611 4613/4613/4613 4614/4614/4614 
f 4616/4616/4616 4615/4615/4615 4617/4617/4617 
f 4617/4617/4617 4618/4618/4618 4616/4616/4616 
f 4620/4620/4620 4619/4619/4619 4621/4621/4621 
f 4621/4621/4621 4622/4622/4622 4620/4620/4620 
f 4624/4624/4624 4625/4625/4625 4623/4623/4623 
f 4626/4626/4626 4625/4625/4625 4624/4624/4624 
f 4627/4627/4627 4628/4628/4628 4629/4629/4629 
f 4629/4629/4629 4628/4628/4628 4630/4630/4630 
f 4631/4631/4631 4632/4632/4632 4633/4633/4633 
f 4632/4632/4632 4631/4631/4631 4635/4635/4635 
f 4636/4636/4636 4632/4632/4632 4635/4635/4635 
f 4632/4632/4632 4636/4636/4636 4637/4637/4637 
f 4641/4641/4641 4642/4642/4642 4643/4643/4643 
f 4643/4643/4643 4645/4645/4645 4641/4641/4641 
f 4643/4643/4643 4646/4646/4646 4645/4645/4645 
f 4646/4646/4646 4643/4643/4643 4647/4647/4647 
f 4678/4678/4678 4680/4680/4680 4679/4679/4679 
f 4680/4680/4680 4678/4678/4678 4681/4681/4681 
f 4682/4682/4682 4680/4680/4680 4681/4681/4681 
f 4680/4680/4680 4682/4682/4682 4683/4683/4683 
f 4684/4684/4684 4685/4685/4685 4686/4686/4686 
f 4686/4686/4686 4687/4687/4687 4684/4684/4684 
f 4686/4686/4686 4688/4688/4688 4687/4687/4687 
f 4688/4688/4688 4686/4686/4686 4689/4689/4689 
f 4691/4691/4691 4692/4692/4692 4690/4690/4690 
f 4692/4692/4692 4691/4691/4691 4693/4693/4693 
f 4692/4692/4692 4693/4693/4693 4694/4694/4694 
f 4692/4692/4692 4694/4694/4694 4695/4695/4695 
f 4706/4706/4706 4705/4705/4705 4704/4704/4704 
f 4705/4705/4705 4706/4706/4706 4707/4707/4707 
f 4707/4707/4707 4706/4706/4706 4708/4708/4708 
f 4709/4709/4709 4708/4708/4708 4706/4706/4706 
f 4712/4712/4712 4713/4713/4713 4711/4711/4711 
f 4713/4713/4713 4712/4712/4712 4714/4714/4714 
f 4715/4715/4715 4713/4713/4713 4714/4714/4714 
f 4716/4716/4716 4713/4713/4713 4715/4715/4715 
f 4719/4719/4719 4718/4718/4718 4717/4717/4717 
f 4718/4718/4718 4719/4719/4719 4720/4720/4720 
f 4721/4721/4721 4720/4720/4720 4719/4719/4719 
f 4722/4722/4722 4721/4721/4721 4719/4719/4719 
f 4730/4730/4730 4731/4731/4731 4729/4729/4729 
f 4731/4731/4731 4730/4730/4730 4732/4732/4732 
f 4733/4733/4733 4731/4731/4731 4732/4732/4732 
f 4733/4733/4733 4734/4734/4734 4731/4731/4731 
f 4737/4737/4737 4736/4736/4736 4735/4735/4735 
f 4736/4736/4736 4737/4737/4737 4738/4738/4738 
f 4738/4738/4738 4737/4737/4737 4739/4739/4739 
f 4740/4740/4740 4739/4739/4739 4737/4737/4737 
f 4741/4741/4741 4742/4742/4742 4743/4743/4743 
f 4741/4741/4741 4743/4743/4743 4744/4744/4744 
f 4742/4742/4742 4741/4741/4741 4745/4745/4745 
f 4744/4744/4744 4746/4746/4746 4741/4741/4741 
f 4747/4747/4747 4748/4748/4748 4749/4749/4749 
f 4748/4748/4748 4750/4750/4750 4749/4749/4749 
f 4748/4748/4748 4747/4747/4747 4751/4751/4751 
f 4750/4750/4750 4748/4748/4748 4752/4752/4752 

g Cube0161

v 2.14605 1.11493 19.1546 1 1 1 1 
v 2.14605 0.895916 15.2057 1 1 1 1 
v 2.14605 1.45005 15.2057 1 1 1 1 
v 2.14605 0.895915 19.1546 1 1 1 1 
v 2.14605 1.74898 19.1546 1 1 1 1 
v 2.14605 2.18408 15.2057 1 1 1 1 
v 2.14605 2.73821 15.2057 1 1 1 1 
v 2.14605 1.52996 19.1546 1 1 1 1 
v 2.05015 1.84784 19.1546 1 1 1 1 
v 2.14605 2.73821 15.2057 1 1 1 1 
v 2.05015 2.83707 15.2057 1 1 1 1 
v 2.14605 1.74898 19.1546 1 1 1 1 
v -3.01389 2.73821 15.2057 1 1 1 1 
v -3.01389 2.18408 15.2057 1 1 1 1 
v -3.01389 1.74898 19.1546 1 1 1 1 
v -3.01389 1.45005 15.2057 1 1 1 1 
v -3.01389 0.895916 15.2057 1 1 1 1 
v -3.01389 0.895915 19.1546 1 1 1 1 
v -3.01389 1.74898 19.1546 1 1 1 1 
v -3.01389 2.73821 15.2057 1 1 1 1 
v -3.1098 1.84784 19.1546 1 1 1 1 
v -3.1098 2.83707 15.2057 1 1 1 1 
v -3.01389 1.11493 19.1546 1 1 1 1 
v -3.01389 0.895916 15.2057 1 1 1 1 
v -3.01389 1.45005 15.2057 1 1 1 1 
v -3.01389 0.895915 19.1546 1 1 1 1 
v -3.01389 1.74898 19.1546 1 1 1 1 
v -3.01389 2.18408 15.2057 1 1 1 1 
v -3.01389 2.73821 15.2057 1 1 1 1 
v -3.01389 1.52996 19.1546 1 1 1 1 
v 2.14605 1.74898 19.1546 1 1 1 1 
v -3.65198 1.74898 19.1546 1 1 1 1 
v 2.05015 2.83707 15.2057 1 1 1 1 
v -3.55608 2.83707 15.2057 1 1 1 1 
v 1.50797 2.73821 15.2057 1 1 1 1 
v 1.50797 1.74898 19.1546 1 1 1 1 
v -3.01389 2.73821 15.2057 1 1 1 1 
v -3.01389 1.74898 19.1546 1 1 1 1 
v 2.05015 1.84784 19.1546 1 1 1 1 
v 2.05015 2.83707 15.2057 1 1 1 1 
v 1.60387 1.84784 19.1546 1 1 1 1 
v 1.60387 2.83707 15.2057 1 1 1 1 
v -3.55608 2.83707 15.2057 1 1 1 1 
v -3.55608 1.84784 19.1546 1 1 1 1 
v -3.1098 1.84784 19.1546 1 1 1 1 
v -3.1098 2.83707 15.2057 1 1 1 1 
v 2.14605 1.74898 19.1546 1 1 1 1 
v 1.60387 1.84784 19.1546 1 1 1 1 
v 1.50797 1.74898 19.1546 1 1 1 1 
v 2.05015 1.84784 19.1546 1 1 1 1 
v 1.50797 1.74898 19.1546 1 1 1 1 
v 2.14605 1.52996 19.1546 1 1 1 1 
v 2.14605 1.74898 19.1546 1 1 1 1 
v 1.50797 1.52996 19.1546 1 1 1 1 
v 1.50797 1.11493 19.1546 1 1 1 1 
v 2.14605 0.895915 19.1546 1 1 1 1 
v 2.14605 1.11493 19.1546 1 1 1 1 
v 1.50797 0.895915 19.1546 1 1 1 1 
v -3.65198 1.74898 19.1546 1 1 1 1 
v -3.01389 1.74898 19.1546 1 1 1 1 
v -3.1098 1.84784 19.1546 1 1 1 1 
v -3.55608 1.84784 19.1546 1 1 1 1 
v -3.01389 1.74898 19.1546 1 1 1 1 
v -3.65198 1.74898 19.1546 1 1 1 1 
v -3.65198 1.52996 19.1546 1 1 1 1 
v -3.01389 1.52996 19.1546 1 1 1 1 
v -3.01389 1.11493 19.1546 1 1 1 1 
v -3.65198 1.11493 19.1546 1 1 1 1 
v -3.65198 0.895915 19.1546 1 1 1 1 
v -3.01389 0.895915 19.1546 1 1 1 1 
v -3.65198 1.11493 19.1546 1 1 1 1 
v -3.65198 1.45005 15.2057 1 1 1 1 
v -3.65198 0.895916 15.2057 1 1 1 1 
v -3.65198 0.895915 19.1546 1 1 1 1 
v -3.65198 1.74898 19.1546 1 1 1 1 
v -3.65198 2.73821 15.2057 1 1 1 1 
v -3.65198 2.18408 15.2057 1 1 1 1 
v -3.65198 1.52996 19.1546 1 1 1 1 
v -3.65198 2.73821 15.2057 1 1 1 1 
v -3.55608 1.84784 19.1546 1 1 1 1 
v -3.55608 2.83707 15.2057 1 1 1 1 
v -3.65198 1.74898 19.1546 1 1 1 1 
v 1.50797 2.73821 15.2057 1 1 1 1 
v 1.50797 1.74898 19.1546 1 1 1 1 
v 1.50797 2.18408 15.2057 1 1 1 1 
v 1.50797 0.895916 15.2057 1 1 1 1 
v 1.50797 1.45005 15.2057 1 1 1 1 
v 1.50797 0.895915 19.1546 1 1 1 1 
v 1.50797 2.73821 15.2057 1 1 1 1 
v 1.50797 1.74898 19.1546 1 1 1 1 
v 1.60387 1.84784 19.1546 1 1 1 1 
v 1.60387 2.83707 15.2057 1 1 1 1 
v 1.50797 1.11493 19.1546 1 1 1 1 
v 1.50797 0.895916 15.2057 1 1 1 1 
v 1.50797 0.895915 19.1546 1 1 1 1 
v 1.50797 1.45005 15.2057 1 1 1 1 
v 1.50797 1.74898 19.1546 1 1 1 1 
v 1.50797 2.18408 15.2057 1 1 1 1 
v 1.50797 1.52996 19.1546 1 1 1 1 
v 1.50797 2.73821 15.2057 1 1 1 1 
v 2.14605 0.895916 15.2057 1 1 1 1 
v 2.14605 0.895915 19.1546 1 1 1 1 
v -3.65198 0.895916 15.2057 1 1 1 1 
v -3.65198 0.895915 19.1546 1 1 1 1 
v 1.50797 0.895916 15.2057 1 1 1 1 
v 1.50797 0.895915 19.1546 1 1 1 1 
v -3.01389 0.895916 15.2057 1 1 1 1 
v -3.01389 0.895915 19.1546 1 1 1 1 
v 2.14605 0.895916 15.2057 1 1 1 1 
v 2.14605 0.895915 19.1546 1 1 1 1 
v 1.50797 0.895916 15.2057 1 1 1 1 
v 1.50797 0.895915 19.1546 1 1 1 1 
v -3.01389 0.895916 15.2057 1 1 1 1 
v -3.65198 0.895915 19.1546 1 1 1 1 
v -3.65198 0.895916 15.2057 1 1 1 1 
v -3.01389 0.895915 19.1546 1 1 1 1 
v 2.14605 0.895916 15.2057 1 1 1 1 
v 2.14605 1.45005 15.2057 1 1 1 1 
v 2.14605 2.18408 15.2057 1 1 1 1 
v -3.65198 1.45005 15.2057 1 1 1 1 
v -3.65198 0.895916 15.2057 1 1 1 1 
v -3.65198 2.18408 15.2057 1 1 1 1 
v 2.05015 2.83707 15.2057 1 1 1 1 
v -3.55608 2.83707 15.2057 1 1 1 1 
v 1.50797 2.73821 15.2057 1 1 1 1 
v 2.05015 2.83707 15.2057 1 1 1 1 
v 2.14605 2.73821 15.2057 1 1 1 1 
v 2.05015 2.83707 15.2057 1 1 1 1 
v 1.50797 2.73821 15.2057 1 1 1 1 
v 1.60387 2.83707 15.2057 1 1 1 1 
v 2.14605 2.73821 15.2057 1 1 1 1 
v 1.50797 2.18408 15.2057 1 1 1 1 
v 1.50797 2.73821 15.2057 1 1 1 1 
v 2.14605 2.18408 15.2057 1 1 1 1 
v 2.14605 1.45005 15.2057 1 1 1 1 
v 1.50797 0.895916 15.2057 1 1 1 1 
v 1.50797 1.45005 15.2057 1 1 1 1 
v 2.14605 0.895916 15.2057 1 1 1 1 
v -3.01389 2.73821 15.2057 1 1 1 1 
v -3.65198 2.73821 15.2057 1 1 1 1 
v -3.55608 2.83707 15.2057 1 1 1 1 
v -3.1098 2.83707 15.2057 1 1 1 1 
v -3.01389 2.18408 15.2057 1 1 1 1 
v -3.65198 2.18408 15.2057 1 1 1 1 
v -3.65198 1.45005 15.2057 1 1 1 1 
v -3.01389 1.45005 15.2057 1 1 1 1 
v -3.01389 0.895916 15.2057 1 1 1 1 
v -3.65198 0.895916 15.2057 1 1 1 1 

vn 1 0 0 
vn 1 0 0 
vn 1 0 0 
vn 1 0 0 
vn 1 0 0 
vn 1 0 0 
vn 1 0 0 
vn 1 0 0 
vn 0.708661 0.685039 0.173228 
vn 0.708661 0.685039 0.173228 
vn 0.708661 0.685039 0.173228 
vn 0.708661 0.685039 0.173228 
vn 0 0 -1 
vn 0 0 -1 
vn 0 0 1 
vn 0 0 -1 
vn 0 0 -1 
vn 0 0 1 
vn 0.708661 0.685039 0.173228 
vn 0.708661 0.685039 0.173228 
vn 0.708661 0.685039 0.173228 
vn 0.708661 0.685039 0.173228 
vn 1 0 0 
vn 1 0 0 
vn 1 0 0 
vn 1 0 0 
vn 1 0 0 
vn 1 0 0 
vn 1 0 0 
vn 1 0 0 
vn 1 0 0 
vn -1 0 0 
vn 0.708661 0.685039 0.173228 
vn -0.708661 0.685039 0.173228 
vn 0 0 -1 
vn 0 0 1 
vn 0 0 -1 
vn 0 0 1 
vn 0 0.968504 0.244094 
vn 0 0.968504 0.244094 
vn 0 0.968504 0.244094 
vn 0 0.968504 0.244094 
vn 0 0.968504 0.244094 
vn 0 0.968504 0.244094 
vn 0 0.968504 0.244094 
vn 0 0.968504 0.244094 
vn 0 0 1 
vn 0 0 1 
vn 0 0 1 
vn 0 0 1 
vn 0 0 1 
vn 0 0 1 
vn 0 0 1 
vn 0 0 1 
vn 0 0 1 
vn 0 0 1 
vn 0 0 1 
vn 0 0 1 
vn 0 0 1 
vn 0 0 1 
vn 0 0 1 
vn 0 0 1 
vn 0 0 1 
vn 0 0 1 
vn 0 0 1 
vn 0 0 1 
vn 0 0 1 
vn 0 0 1 
vn 0 0 1 
vn 0 0 1 
vn -1 0 0 
vn -1 0 0 
vn -1 0 0 
vn -1 0 0 
vn -1 0 0 
vn -1 0 0 
vn -1 0 0 
vn -1 0 0 
vn -0.708661 0.685039 0.173228 
vn -0.708661 0.685039 0.173228 
vn -0.708661 0.685039 0.173228 
vn -0.708661 0.685039 0.173228 
vn 0 0 -1 
vn 0 0 1 
vn 0 0 -1 
vn 0 0 -1 
vn 0 0 -1 
vn 0 0 1 
vn -0.708661 0.685039 0.173228 
vn -0.708661 0.685039 0.173228 
vn -0.708661 0.685039 0.173228 
vn -0.708661 0.685039 0.173228 
vn -1 0 0 
vn -1 0 0 
vn -1 0 0 
vn -1 0 0 
vn -1 0 0 
vn -1 0 0 
vn -1 0 0 
vn -1 0 0 
vn 1 0 0 
vn 1 0 0 
vn -1 0 0 
vn -1 0 0 
vn 0 0 -1 
vn 0 0 1 
vn 0 0 -1 
vn 0 0 1 
vn 0 -1 0 
vn 0 -1 0 
vn 0 -1 0 
vn 0 -1 0 
vn 0 -1 0 
vn 0 -1 0 
vn 0 -1 0 
vn 0 -1 0 
vn 1 0 0 
vn 1 0 0 
vn 1 0 0 
vn -1 0 0 
vn -1 0 0 
vn -1 0 0 
vn 0.708661 0.685039 0.173228 
vn -0.708661 0.685039 0.173228 
vn 0 0 -1 
vn 0 0 -1 
vn 0 0 -1 
vn 0 0 -1 
vn 0 0 -1 
vn 0 0 -1 
vn 0 0 -1 
vn 0 0 -1 
vn 0 0 -1 
vn 0 0 -1 
vn 0 0 -1 
vn 0 0 -1 
vn 0 0 -1 
vn 0 0 -1 
vn 0 0 -1 
vn 0 0 -1 
vn 0 0 -1 
vn 0 0 -1 
vn 0 0 -1 
vn 0 0 -1 
vn 0 0 -1 
vn 0 0 -1 
vn 0 0 -1 
vn 0 0 -1 

vt 53.7532 -3.09395 
vt 54.2468 -3.12132 
vt 54.2468 -3.05206 
vt 53.7532 -3.12132 
vt 53.7532 -3.01469 
vt 54.2468 -2.9603 
vt 54.2468 -2.89104 
vt 53.7532 -3.04207 
vt 53.7532 -3.00233 
vt 54.2468 -2.89104 
vt 54.2468 -2.87868 
vt 53.7532 -3.01469 
vt 54.2468 -2.89104 
vt 54.2468 -2.9603 
vt 53.7532 -3.01469 
vt 54.2468 -3.05206 
vt 54.2468 -3.12132 
vt 53.7532 -3.12132 
vt 53.7532 -3.01469 
vt 54.2468 -2.89104 
vt 53.7532 -3.00233 
vt 54.2468 -2.87868 
vt 53.7532 -3.09395 
vt 54.2468 -3.12132 
vt 54.2468 -3.05206 
vt 53.7532 -3.12132 
vt 53.7532 -3.01469 
vt 54.2468 -2.9603 
vt 54.2468 -2.89104 
vt 53.7532 -3.04207 
vt 53.6376 -2.75319 
vt 54.3624 -2.75319 
vt 53.6496 -3.24681 
vt 54.3504 -3.24681 
vt 53.7174 -3.24681 
vt 53.7174 -2.75319 
vt 54.2826 -3.24681 
vt 54.2826 -2.75319 
vt 53.6496 -2.75319 
vt 53.6496 -3.24681 
vt 53.7054 -2.75319 
vt 53.7054 -3.24681 
vt 54.3504 -3.24681 
vt 54.3504 -2.75319 
vt 54.2946 -2.75319 
vt 54.2946 -3.24681 
vt 54.3624 -3.01469 
vt 54.2946 -3.00233 
vt 54.2826 -3.01469 
vt 54.3504 -3.00233 
vt 54.2826 -3.01469 
vt 54.3624 -3.04207 
vt 54.3624 -3.01469 
vt 54.2826 -3.04207 
vt 54.2826 -3.09395 
vt 54.3624 -3.12132 
vt 54.3624 -3.09395 
vt 54.2826 -3.12132 
vt 53.6376 -3.01469 
vt 53.7174 -3.01469 
vt 53.7054 -3.00233 
vt 53.6496 -3.00233 
vt 53.7174 -3.01469 
vt 53.6376 -3.01469 
vt 53.6376 -3.04207 
vt 53.7174 -3.04207 
vt 53.7174 -3.09395 
vt 53.6376 -3.09395 
vt 53.6376 -3.12132 
vt 53.7174 -3.12132 
vt 54.2468 -3.09395 
vt 53.7532 -3.05206 
vt 53.7532 -3.12132 
vt 54.2468 -3.12132 
vt 54.2468 -3.01469 
vt 53.7532 -2.89104 
vt 53.7532 -2.9603 
vt 54.2468 -3.04207 
vt 53.7532 -2.89104 
vt 54.2468 -3.00233 
vt 53.7532 -2.87868 
vt 54.2468 -3.01469 
vt 53.7532 -2.89104 
vt 54.2468 -3.01469 
vt 53.7532 -2.9603 
vt 53.7532 -3.12132 
vt 53.7532 -3.05206 
vt 54.2468 -3.12132 
vt 53.7532 -2.89104 
vt 54.2468 -3.01469 
vt 54.2468 -3.00233 
vt 53.7532 -2.87868 
vt 54.2468 -3.09395 
vt 53.7532 -3.12132 
vt 54.2468 -3.12132 
vt 53.7532 -3.05206 
vt 54.2468 -3.01469 
vt 53.7532 -2.9603 
vt 54.2468 -3.04207 
vt 53.7532 -2.89104 
vt 54.3624 -3.24681 
vt 54.3624 -2.75319 
vt 53.6376 -3.24681 
vt 53.6376 -2.75319 
vt 54.2826 -3.24681 
vt 54.2826 -2.75319 
vt 53.7174 -3.24681 
vt 53.7174 -2.75319 
vt 54.3624 -3.24681 
vt 54.3624 -2.75319 
vt 54.2826 -3.24681 
vt 54.2826 -2.75319 
vt 53.7174 -3.24681 
vt 53.6376 -2.75319 
vt 53.6376 -3.24681 
vt 53.7174 -2.75319 
vt 53.6376 -3.12132 
vt 53.6376 -3.05206 
vt 53.6376 -2.9603 
vt 54.3624 -3.05206 
vt 54.3624 -3.12132 
vt 54.3624 -2.9603 
vt 53.6496 -2.87868 
vt 54.3504 -2.87868 
vt 53.7174 -2.89104 
vt 53.6496 -2.87868 
vt 53.6376 -2.89104 
vt 53.6496 -2.87868 
vt 53.7174 -2.89104 
vt 53.7054 -2.87868 
vt 53.6376 -2.89104 
vt 53.7174 -2.9603 
vt 53.7174 -2.89104 
vt 53.6376 -2.9603 
vt 53.6376 -3.05206 
vt 53.7174 -3.12132 
vt 53.7174 -3.05206 
vt 53.6376 -3.12132 
vt 54.2826 -2.89104 
vt 54.3624 -2.89104 
vt 54.3504 -2.87868 
vt 54.2946 -2.87868 
vt 54.2826 -2.9603 
vt 54.3624 -2.9603 
vt 54.3624 -3.05206 
vt 54.2826 -3.05206 
vt 54.2826 -3.12132 
vt 54.3624 -3.12132 

usemtl Cube0231Mtl

f 4753/4753/4753 4754/4754/4754 4755/4755/4755 
f 4754/4754/4754 4753/4753/4753 4756/4756/4756 
f 4757/4757/4757 4758/4758/4758 4759/4759/4759 
f 4760/4760/4760 4758/4758/4758 4757/4757/4757 
f 4761/4761/4761 4762/4762/4762 4763/4763/4763 
f 4762/4762/4762 4761/4761/4761 4764/4764/4764 
f 4771/4771/4771 4772/4772/4772 4773/4773/4773 
f 4774/4774/4774 4773/4773/4773 4772/4772/4772 
f 4775/4775/4775 4776/4776/4776 4777/4777/4777 
f 4776/4776/4776 4775/4775/4775 4778/4778/4778 
f 4779/4779/4779 4780/4780/4780 4781/4781/4781 
f 4780/4780/4780 4779/4779/4779 4782/4782/4782 
f 4791/4791/4791 4792/4792/4792 4793/4793/4793 
f 4793/4793/4793 4792/4792/4792 4794/4794/4794 
f 4795/4795/4795 4796/4796/4796 4797/4797/4797 
f 4797/4797/4797 4798/4798/4798 4795/4795/4795 
f 4799/4799/4799 4800/4800/4800 4801/4801/4801 
f 4800/4800/4800 4799/4799/4799 4802/4802/4802 
f 4803/4803/4803 4804/4804/4804 4805/4805/4805 
f 4804/4804/4804 4803/4803/4803 4806/4806/4806 
f 4807/4807/4807 4808/4808/4808 4809/4809/4809 
f 4808/4808/4808 4807/4807/4807 4810/4810/4810 
f 4811/4811/4811 4812/4812/4812 4813/4813/4813 
f 4811/4811/4811 4813/4813/4813 4814/4814/4814 
f 4815/4815/4815 4816/4816/4816 4817/4817/4817 
f 4815/4815/4815 4817/4817/4817 4818/4818/4818 
f 4819/4819/4819 4820/4820/4820 4821/4821/4821 
f 4819/4819/4819 4821/4821/4821 4822/4822/4822 
f 4823/4823/4823 4824/4824/4824 4825/4825/4825 
f 4823/4823/4823 4825/4825/4825 4826/4826/4826 
f 4827/4827/4827 4828/4828/4828 4829/4829/4829 
f 4827/4827/4827 4829/4829/4829 4830/4830/4830 
f 4831/4831/4831 4832/4832/4832 4833/4833/4833 
f 4832/4832/4832 4831/4831/4831 4834/4834/4834 
f 4841/4841/4841 4842/4842/4842 4843/4843/4843 
f 4843/4843/4843 4844/4844/4844 4841/4841/4841 
f 4845/4845/4845 4846/4846/4846 4847/4847/4847 
f 4846/4846/4846 4845/4845/4845 4848/4848/4848 
f 4849/4849/4849 4850/4850/4850 4851/4851/4851 
f 4850/4850/4850 4849/4849/4849 4852/4852/4852 
f 4861/4861/4861 4862/4862/4862 4863/4863/4863 
f 4863/4863/4863 4862/4862/4862 4864/4864/4864 
f 4865/4865/4865 4866/4866/4866 4867/4867/4867 
f 4866/4866/4866 4865/4865/4865 4868/4868/4868 
f 4877/4877/4877 4878/4878/4878 4879/4879/4879 
f 4880/4880/4880 4881/4881/4881 4882/4882/4882 
f 4883/4883/4883 4884/4884/4884 4885/4885/4885 
f 4884/4884/4884 4883/4883/4883 4886/4886/4886 
f 4887/4887/4887 4888/4888/4888 4889/4889/4889 
f 4888/4888/4888 4887/4887/4887 4890/4890/4890 
f 4891/4891/4891 4892/4892/4892 4893/4893/4893 
f 4891/4891/4891 4893/4893/4893 4894/4894/4894 
f 4892/4892/4892 4891/4891/4891 4895/4895/4895 
f 4892/4892/4892 4895/4895/4895 4896/4896/4896 
f 4897/4897/4897 4898/4898/4898 4899/4899/4899 
f 4897/4897/4897 4899/4899/4899 4900/4900/4900 

g Cube0251

v -0.229358 2.03032 16.7103 1 1 1 1 
v -1.27657 1.17522 16.6446 1 1 1 1 
v -0.229358 1.17522 16.6446 1 1 1 1 
v 0.903549 2.17683 14.9506 1 1 1 1 
v 0.903549 2.11133 15.8207 1 1 1 1 
v 0.903549 1.84437 15.7938 1 1 1 1 
v 0.903549 1.90988 14.9236 1 1 1 1 
v 0.713945 2.33396 14.97 1 1 1 1 
v 0.713945 2.26845 15.8401 1 1 1 1 
v -0.229358 2.09583 15.8401 1 1 1 1 
v -0.229358 1.44523 15.7744 1 1 1 1 
v 0.398973 1.48261 13.7307 1 1 1 1 
v 0.398973 1.07233 13.7307 1 1 1 1 
v 0.398973 1.37972 13.6278 1 1 1 1 
v 0.398973 1.17522 13.6278 1 1 1 1 
v 0.398973 1.48261 13.9472 1 1 1 1 
v 0.398973 1.07233 13.9472 1 1 1 1 
v 0.398973 1.17522 14.0501 1 1 1 1 
v 0.398973 1.37972 14.0501 1 1 1 1 
v 0.713945 1.61785 15.7744 1 1 1 1 
v 0.903549 1.90988 14.9236 1 1 1 1 
v 0.903549 1.84437 15.7938 1 1 1 1 
v 0.713945 1.68336 14.9042 1 1 1 1 
v -1.27657 2.16133 14.97 1 1 1 1 
v -0.229358 2.16133 14.97 1 1 1 1 
v -1.27657 1.30623 15.3473 1 1 1 1 
v -0.229358 1.44523 15.7744 1 1 1 1 
v -0.229358 1.37972 16.6446 1 1 1 1 
v -0.229358 1.24072 15.9959 1 1 1 1 
v -0.229358 1.17522 16.6446 1 1 1 1 
v -0.229358 1.51073 14.9042 1 1 1 1 
v -0.229358 1.17522 14.0501 1 1 1 1 
v -0.229358 1.37972 14.0501 1 1 1 1 
v -0.229358 1.30623 15.3473 1 1 1 1 
v -0.229358 2.09583 15.8401 1 1 1 1 
v -0.229358 2.03032 16.7103 1 1 1 1 
v -0.229358 1.37972 16.6446 1 1 1 1 
v -0.229358 1.44523 15.7744 1 1 1 1 
v -0.229358 1.51073 14.9042 1 1 1 1 
v -0.229358 1.44523 15.7744 1 1 1 1 
v -0.229358 1.30623 15.3473 1 1 1 1 
v -0.229358 1.24072 15.9959 1 1 1 1 
v -0.229358 2.03032 16.7103 1 1 1 1 
v -1.27657 2.03032 16.7103 1 1 1 1 
v -1.27657 1.17522 16.6446 1 1 1 1 
v -2.25289 2.36866 14.97 1 1 1 1 
v -2.25289 1.65255 15.7744 1 1 1 1 
v -2.25289 2.30315 15.8401 1 1 1 1 
v 0.903549 2.17683 14.9506 1 1 1 1 
v 0.903549 2.11133 15.8207 1 1 1 1 
v 0.713945 2.33396 14.97 1 1 1 1 
v 0.713945 2.26845 15.8401 1 1 1 1 
v 0.903549 2.17683 14.9506 1 1 1 1 
v -1.9049 1.37972 14.0501 1 1 1 1 
v -1.9049 1.48261 13.7307 1 1 1 1 
v -1.9049 1.17522 13.6278 1 1 1 1 
v -1.27657 1.17522 13.6278 1 1 1 1 
v -1.27657 2.09583 15.8401 1 1 1 1 
v 0.713945 1.61785 15.7744 1 1 1 1 
v -0.229358 2.09583 15.8401 1 1 1 1 
v 0.398973 1.48261 13.7307 1 1 1 1 
v -0.229358 1.37972 13.6278 1 1 1 1 
v -1.27657 1.37972 13.6278 1 1 1 1 
v -0.229358 1.48261 13.7307 1 1 1 1 
v -1.27657 1.48261 13.7307 1 1 1 1 
v -1.27657 1.48261 13.7307 1 1 1 1 
v -1.9049 1.37972 13.6278 1 1 1 1 
v -1.9049 1.48261 13.7307 1 1 1 1 
v -1.27657 1.37972 13.6278 1 1 1 1 
v -0.229358 1.48261 13.7307 1 1 1 1 
v 0.398973 1.48261 13.7307 1 1 1 1 
v 0.398973 1.37972 13.6278 1 1 1 1 
v -0.229358 1.37972 13.6278 1 1 1 1 
v -0.229358 2.03032 16.7103 1 1 1 1 
v -1.27657 2.09583 15.8401 1 1 1 1 
v -1.27657 2.03032 16.7103 1 1 1 1 
v -0.229358 2.09583 15.8401 1 1 1 1 
v -0.229358 2.09583 15.8401 1 1 1 1 
v -1.27657 2.16133 14.97 1 1 1 1 
v -1.27657 2.09583 15.8401 1 1 1 1 
v -0.229358 2.16133 14.97 1 1 1 1 
v -1.27657 1.37972 14.0501 1 1 1 1 
v 0.713945 2.26845 15.8401 1 1 1 1 
v -0.229358 2.16133 14.97 1 1 1 1 
v -0.229358 2.09583 15.8401 1 1 1 1 
v 0.713945 2.33396 14.97 1 1 1 1 
v -2.25289 2.30315 15.8401 1 1 1 1 
v -1.27657 2.09583 15.8401 1 1 1 1 
v -2.25289 2.36866 14.97 1 1 1 1 
v -1.27657 2.16133 14.97 1 1 1 1 
v -0.229358 1.17522 14.0501 1 1 1 1 
v -0.229358 1.48261 13.7307 1 1 1 1 
v -1.27657 1.48261 13.7307 1 1 1 1 
v -0.229358 1.48261 13.9472 1 1 1 1 
v 0.398973 1.48261 13.7307 1 1 1 1 
v 0.398973 1.48261 13.9472 1 1 1 1 
v -1.27657 1.48261 13.9472 1 1 1 1 
v -1.9049 1.48261 13.9472 1 1 1 1 
v -1.9049 1.48261 13.7307 1 1 1 1 
v -0.229358 1.51073 14.9042 1 1 1 1 
v -1.27657 1.37972 14.0501 1 1 1 1 
v -1.27657 1.51073 14.9042 1 1 1 1 
v -0.229358 1.37972 14.0501 1 1 1 1 
v -1.27657 1.37972 14.0501 1 1 1 1 
v -0.229358 1.37972 14.0501 1 1 1 1 
v -1.27657 1.48261 13.9472 1 1 1 1 
v -0.229358 1.48261 13.9472 1 1 1 1 
v -0.229358 1.48261 13.9472 1 1 1 1 
v 0.398973 1.37972 14.0501 1 1 1 1 
v 0.398973 1.48261 13.9472 1 1 1 1 
v -0.229358 1.37972 14.0501 1 1 1 1 
v -1.27657 1.48261 13.9472 1 1 1 1 
v -1.9049 1.48261 13.9472 1 1 1 1 
v -1.9049 1.37972 14.0501 1 1 1 1 
v -1.27657 1.37972 14.0501 1 1 1 1 
v -0.229358 2.03032 16.7103 1 1 1 1 
v -1.27657 2.03032 16.7103 1 1 1 1 
v -1.27657 1.37972 16.6446 1 1 1 1 
v -0.229358 1.37972 16.6446 1 1 1 1 
v -1.27657 1.17522 16.6446 1 1 1 1 
v -0.229358 1.17522 16.6446 1 1 1 1 
v -1.27657 1.37972 16.6446 1 1 1 1 
v -0.229358 1.37972 16.6446 1 1 1 1 
v -2.25289 1.65255 15.7744 1 1 1 1 
v -2.25289 2.30315 15.8401 1 1 1 1 
v 0.903549 1.84437 15.7938 1 1 1 1 
v 0.713945 2.26845 15.8401 1 1 1 1 
v -1.27657 2.09583 15.8401 1 1 1 1 
v -2.25289 1.65255 15.7744 1 1 1 1 
v -1.27657 1.44523 15.7744 1 1 1 1 
v -2.25289 2.30315 15.8401 1 1 1 1 
v 0.713945 1.61785 15.7744 1 1 1 1 
v -0.229358 2.09583 15.8401 1 1 1 1 
v -0.229358 1.44523 15.7744 1 1 1 1 
v 0.713945 2.26845 15.8401 1 1 1 1 
v 0.903549 1.84437 15.7938 1 1 1 1 
v 0.903549 2.11133 15.8207 1 1 1 1 
v 0.398973 1.48261 13.7307 1 1 1 1 
v 0.398973 1.07233 13.7307 1 1 1 1 
v -1.27657 2.16133 14.97 1 1 1 1 
v -1.27657 1.24072 15.9959 1 1 1 1 
v -1.27657 1.30623 15.3473 1 1 1 1 
v -0.229358 1.17522 14.0501 1 1 1 1 
v -1.27657 1.48261 13.9472 1 1 1 1 
v -0.229358 1.37972 14.0501 1 1 1 1 
v 0.398973 1.17522 14.0501 1 1 1 1 
v 0.398973 1.37972 14.0501 1 1 1 1 
v -0.229358 1.17522 14.0501 1 1 1 1 
v -1.9049 1.37972 14.0501 1 1 1 1 
v -1.27657 1.17522 14.0501 1 1 1 1 
v -1.27657 1.37972 14.0501 1 1 1 1 
v -1.9049 1.17522 14.0501 1 1 1 1 
v -1.27657 2.03032 16.7103 1 1 1 1 
v -1.27657 1.17522 16.6446 1 1 1 1 
v -2.25289 2.36866 14.97 1 1 1 1 
v -2.25289 1.65255 15.7744 1 1 1 1 
v -2.25289 2.30315 15.8401 1 1 1 1 
v -2.25289 1.71806 14.9042 1 1 1 1 
v -1.9049 1.48261 13.9472 1 1 1 1 
v -1.9049 1.07233 13.9472 1 1 1 1 
v -1.9049 1.37972 14.0501 1 1 1 1 
v -1.9049 1.17522 14.0501 1 1 1 1 
v -1.9049 1.48261 13.7307 1 1 1 1 
v -1.9049 1.07233 13.7307 1 1 1 1 
v -1.9049 1.17522 13.6278 1 1 1 1 
v -1.9049 1.37972 13.6278 1 1 1 1 
v -1.27657 2.09583 15.8401 1 1 1 1 
v -1.27657 2.16133 14.97 1 1 1 1 
v -1.27657 1.24072 15.9959 1 1 1 1 
v -1.27657 1.37972 16.6446 1 1 1 1 
v -1.27657 1.44523 15.7744 1 1 1 1 
v -1.27657 1.17522 16.6446 1 1 1 1 
v -1.27657 1.17522 14.0501 1 1 1 1 
v -1.27657 1.51073 14.9042 1 1 1 1 
v -1.27657 1.37972 14.0501 1 1 1 1 
v -1.27657 1.30623 15.3473 1 1 1 1 
v -1.27657 1.44523 15.7744 1 1 1 1 
v -1.27657 1.24072 15.9959 1 1 1 1 
v -1.27657 2.09583 15.8401 1 1 1 1 
v -1.27657 1.37972 16.6446 1 1 1 1 
v -1.27657 2.03032 16.7103 1 1 1 1 
v -1.27657 1.44523 15.7744 1 1 1 1 
v -0.229358 2.03032 16.7103 1 1 1 1 
v -1.27657 1.17522 16.6446 1 1 1 1 
v -0.229358 1.17522 16.6446 1 1 1 1 
v -2.25289 2.36866 14.97 1 1 1 1 
v -2.25289 1.65255 15.7744 1 1 1 1 
v -2.25289 1.71806 14.9042 1 1 1 1 
v 0.903549 2.17683 14.9506 1 1 1 1 
v 0.903549 1.84437 15.7938 1 1 1 1 
v 0.903549 1.90988 14.9236 1 1 1 1 
v -1.9049 1.37972 14.0501 1 1 1 1 
v -1.9049 1.17522 13.6278 1 1 1 1 
v -1.27657 1.17522 13.6278 1 1 1 1 
v 0.713945 1.61785 15.7744 1 1 1 1 
v -0.229358 1.44523 15.7744 1 1 1 1 
v 0.398973 1.07233 13.7307 1 1 1 1 
v -0.229358 1.17522 13.6278 1 1 1 1 
v -1.27657 1.07233 13.7307 1 1 1 1 
v -1.27657 1.17522 13.6278 1 1 1 1 
v -0.229358 1.07233 13.7307 1 1 1 1 
v 0.398973 1.17522 13.6278 1 1 1 1 
v -0.229358 1.07233 13.7307 1 1 1 1 
v -0.229358 1.17522 13.6278 1 1 1 1 
v 0.398973 1.07233 13.7307 1 1 1 1 
v -1.9049 1.17522 13.6278 1 1 1 1 
v -1.27657 1.17522 13.6278 1 1 1 1 
v -1.27657 1.07233 13.7307 1 1 1 1 
v -1.9049 1.07233 13.7307 1 1 1 1 
v -1.27657 2.16133 14.97 1 1 1 1 
v -0.229358 2.16133 14.97 1 1 1 1 
v -1.27657 1.24072 15.9959 1 1 1 1 
v -1.27657 1.37972 14.0501 1 1 1 1 
v -1.27657 1.30623 15.3473 1 1 1 1 
v -0.229358 1.07233 13.7307 1 1 1 1 
v -1.27657 1.07233 13.9472 1 1 1 1 
v -1.27657 1.07233 13.7307 1 1 1 1 
v -1.9049 1.07233 13.7307 1 1 1 1 
v -1.9049 1.07233 13.9472 1 1 1 1 
v -0.229358 1.07233 13.9472 1 1 1 1 
v 0.398973 1.07233 13.9472 1 1 1 1 
v 0.398973 1.07233 13.7307 1 1 1 1 
v -0.229358 1.17522 14.0501 1 1 1 1 
v -0.229358 1.30623 15.3473 1 1 1 1 
v -0.229358 1.17522 14.0501 1 1 1 1 
v -1.27657 1.30623 15.3473 1 1 1 1 
v -1.27657 1.17522 14.0501 1 1 1 1 
v -0.229358 1.30623 15.3473 1 1 1 1 
v -0.229358 1.24072 15.9959 1 1 1 1 
v -0.229358 1.17522 16.6446 1 1 1 1 
v -1.27657 1.24072 15.9959 1 1 1 1 
v -1.27657 1.17522 16.6446 1 1 1 1 
v -0.229358 1.30623 15.3473 1 1 1 1 
v -1.27657 1.24072 15.9959 1 1 1 1 
v -1.27657 1.30623 15.3473 1 1 1 1 
v -0.229358 1.24072 15.9959 1 1 1 1 
v -2.25289 1.71806 14.9042 1 1 1 1 
v -1.27657 1.51073 14.9042 1 1 1 1 
v -2.25289 1.65255 15.7744 1 1 1 1 
v -1.27657 1.44523 15.7744 1 1 1 1 
v 0.713945 1.68336 14.9042 1 1 1 1 
v -0.229358 1.44523 15.7744 1 1 1 1 
v -0.229358 1.51073 14.9042 1 1 1 1 
v 0.713945 1.61785 15.7744 1 1 1 1 
v -1.27657 1.17522 14.0501 1 1 1 1 
v -0.229358 1.07233 13.9472 1 1 1 1 
v -0.229358 1.17522 14.0501 1 1 1 1 
v -1.27657 1.07233 13.9472 1 1 1 1 
v -1.9049 1.17522 14.0501 1 1 1 1 
v -1.27657 1.07233 13.9472 1 1 1 1 
v -1.27657 1.17522 14.0501 1 1 1 1 
v -1.9049 1.07233 13.9472 1 1 1 1 
v 0.398973 1.17522 14.0501 1 1 1 1 
v -0.229358 1.17522 14.0501 1 1 1 1 
v -0.229358 1.07233 13.9472 1 1 1 1 
v 0.398973 1.07233 13.9472 1 1 1 1 
v -2.25289 2.36866 14.97 1 1 1 1 
v -2.25289 1.65255 15.7744 1 1 1 1 
v -2.25289 1.71806 14.9042 1 1 1 1 
v 0.903549 1.90988 14.9236 1 1 1 1 
v 0.713945 2.33396 14.97 1 1 1 1 
v -1.9049 1.48261 13.7307 1 1 1 1 
v -1.9049 1.17522 13.6278 1 1 1 1 
v -0.229358 1.17522 13.6278 1 1 1 1 
v -1.27657 1.17522 13.6278 1 1 1 1 
v -0.229358 1.37972 13.6278 1 1 1 1 
v 0.398973 1.37972 13.6278 1 1 1 1 
v 0.398973 1.17522 13.6278 1 1 1 1 
v -1.27657 1.37972 13.6278 1 1 1 1 
v -1.9049 1.17522 13.6278 1 1 1 1 
v -1.9049 1.37972 13.6278 1 1 1 1 
v 0.713945 1.61785 15.7744 1 1 1 1 
v 0.398973 1.48261 13.7307 1 1 1 1 
v 0.398973 1.07233 13.7307 1 1 1 1 
v -1.27657 2.16133 14.97 1 1 1 1 
v -0.229358 2.16133 14.97 1 1 1 1 
v -1.27657 1.37972 14.0501 1 1 1 1 
v -1.27657 1.30623 15.3473 1 1 1 1 
v -0.229358 1.17522 14.0501 1 1 1 1 
v -1.27657 1.48261 13.9472 1 1 1 1 
v -1.27657 2.16133 14.97 1 1 1 1 
v -0.229358 2.16133 14.97 1 1 1 1 
v -0.229358 1.51073 14.9042 1 1 1 1 
v -1.27657 1.51073 14.9042 1 1 1 1 
v -0.229358 2.16133 14.97 1 1 1 1 
v 0.713945 2.33396 14.97 1 1 1 1 
v 0.713945 1.68336 14.9042 1 1 1 1 
v -0.229358 1.51073 14.9042 1 1 1 1 
v 0.903549 1.90988 14.9236 1 1 1 1 
v 0.903549 2.17683 14.9506 1 1 1 1 
v -1.27657 1.51073 14.9042 1 1 1 1 
v -2.25289 1.71806 14.9042 1 1 1 1 
v -1.27657 2.16133 14.97 1 1 1 1 
v -2.25289 2.36866 14.97 1 1 1 1 

vn 0 -0.102362 0.992126 
vn 0 0 1 
vn 0 0 1 
vn 1 0 0 
vn 1 0 0 
vn 1 0 0 
vn 1 0 0 
vn 0.637795 0.76378 0.0551181 
vn 0.637795 0.76378 0.0551181 
vn 0.015748 -0.102362 0.992126 
vn 0.015748 -0.102362 0.992126 
vn 1 0 0 
vn 1 0 0 
vn 1 0 0 
vn 1 0 0 
vn 1 0 0 
vn 1 0 0 
vn 1 0 0 
vn 1 0 0 
vn 0.771654 -0.637795 -0.0472441 
vn 0.771654 -0.637795 -0.0472441 
vn 0.771654 -0.637795 -0.0472441 
vn 0.771654 -0.637795 -0.0472441 
vn 0 1 0.0708661 
vn 0 1 0.0708661 
vn -1 0 0 
vn 1 0 0 
vn 1 0 0 
vn 1 0 0 
vn 1 0 0 
vn 1 0 0 
vn 1 0 0 
vn 1 0 0 
vn 1 0 0 
vn 1 0 0 
vn 1 0 0 
vn 1 0 0 
vn 1 0 0 
vn 1 0 0 
vn 1 0 0 
vn 1 0 0 
vn 1 0 0 
vn 0 -0.102362 0.992126 
vn 0 -0.102362 0.992126 
vn 0 0 1 
vn -1 0 0 
vn -1 0 0 
vn -1 0 0 
vn 1 0 0 
vn 0.637795 0.76378 0.0551181 
vn 0.637795 0.76378 0.0551181 
vn 0.637795 0.76378 0.0551181 
vn 0.637795 0.76378 0.0551181 
vn -1 0 0 
vn -1 0 0 
vn -1 0 0 
vn 0 0 -1 
vn -0.023622 -0.102362 0.992126 
vn 0.015748 -0.102362 0.992126 
vn 0.015748 -0.102362 0.992126 
vn 1 0 0 
vn 0 0.708661 -0.708661 
vn 0 0.708661 -0.708661 
vn 0 0.708661 -0.708661 
vn 0 0.708661 -0.708661 
vn 0 0.708661 -0.708661 
vn 0 0.708661 -0.708661 
vn 0 0.708661 -0.708661 
vn 0 0.708661 -0.708661 
vn 0 0.708661 -0.708661 
vn 0 0.708661 -0.708661 
vn 0 0.708661 -0.708661 
vn 0 0.708661 -0.708661 
vn 0 1 0.0708661 
vn 0 1 0.0708661 
vn 0 1 0.0708661 
vn 0 1 0.0708661 
vn 0 1 0.0708661 
vn 0 1 0.0708661 
vn 0 1 0.0708661 
vn 0 1 0.0708661 
vn -1 0 0 
vn -0.181102 0.984252 0.0708661 
vn -0.181102 0.984252 0.0708661 
vn -0.181102 0.984252 0.0708661 
vn -0.181102 0.984252 0.0708661 
vn 0.204724 0.976378 0.0708661 
vn 0.204724 0.976378 0.0708661 
vn 0.204724 0.976378 0.0708661 
vn 0.204724 0.976378 0.0708661 
vn 1 0 0 
vn 0 1 0 
vn 0 1 0 
vn 0 1 0 
vn 0 1 0 
vn 0 1 0 
vn 0 1 0 
vn 0 1 0 
vn 0 1 0 
vn 0 0.992126 -0.149606 
vn 0 0.992126 -0.149606 
vn 0 0.992126 -0.149606 
vn 0 0.992126 -0.149606 
vn 0 0.708661 0.708661 
vn 0 0.708661 0.708661 
vn 0 0.708661 0.708661 
vn 0 0.708661 0.708661 
vn 0 0.708661 0.708661 
vn 0 0.708661 0.708661 
vn 0 0.708661 0.708661 
vn 0 0.708661 0.708661 
vn 0 0.708661 0.708661 
vn 0 0.708661 0.708661 
vn 0 0.708661 0.708661 
vn 0 0.708661 0.708661 
vn 0 -0.102362 0.992126 
vn 0 -0.102362 0.992126 
vn 0 -0.102362 0.992126 
vn 0 -0.102362 0.992126 
vn 0 0 1 
vn 0 0 1 
vn 0 0 1 
vn 0 0 1 
vn -1 0 0 
vn -1 0 0 
vn 1 0 0 
vn 0.637795 0.76378 0.0551181 
vn -0.023622 -0.102362 0.992126 
vn -0.023622 -0.102362 0.992126 
vn -0.023622 -0.102362 0.992126 
vn -0.023622 -0.102362 0.992126 
vn 0.015748 -0.102362 0.992126 
vn 0.015748 -0.102362 0.992126 
vn 0.015748 -0.102362 0.992126 
vn 0.015748 -0.102362 0.992126 
vn 0.015748 -0.102362 0.992126 
vn 0.015748 -0.102362 0.992126 
vn 1 0 0 
vn 1 0 0 
vn 0 1 0.0708661 
vn -1 0 0 
vn -1 0 0 
vn 1 0 0 
vn 0 1 0 
vn 0 0 1 
vn 0 0 1 
vn 0 0 1 
vn 0 0 1 
vn 0 0 1 
vn 0 0 1 
vn 0 0 1 
vn 0 0 1 
vn 0 -0.102362 0.992126 
vn 0 0 1 
vn -1 0 0 
vn -1 0 0 
vn -1 0 0 
vn -1 0 0 
vn -1 0 0 
vn -1 0 0 
vn -1 0 0 
vn -1 0 0 
vn -1 0 0 
vn -1 0 0 
vn -1 0 0 
vn -1 0 0 
vn -0.023622 -0.102362 0.992126 
vn 0 1 0.0708661 
vn -1 0 0 
vn -1 0 0 
vn -1 0 0 
vn -1 0 0 
vn -1 0 0 
vn -1 0 0 
vn -1 0 0 
vn -1 0 0 
vn -1 0 0 
vn -1 0 0 
vn -1 0 0 
vn -1 0 0 
vn -1 0 0 
vn -1 0 0 
vn 0 -0.102362 0.992126 
vn 0 0 1 
vn 0 0 1 
vn -1 0 0 
vn -1 0 0 
vn -1 0 0 
vn 1 0 0 
vn 1 0 0 
vn 1 0 0 
vn -1 0 0 
vn -1 0 0 
vn 0 0 -1 
vn 0.015748 -0.102362 0.992126 
vn 0.015748 -0.102362 0.992126 
vn 1 0 0 
vn 0 -0.708661 -0.708661 
vn 0 -0.708661 -0.708661 
vn 0 -0.708661 -0.708661 
vn 0 -0.708661 -0.708661 
vn 0 -0.708661 -0.708661 
vn 0 -0.708661 -0.708661 
vn 0 -0.708661 -0.708661 
vn 0 -0.708661 -0.708661 
vn 0 -0.708661 -0.708661 
vn 0 -0.708661 -0.708661 
vn 0 -0.708661 -0.708661 
vn 0 -0.708661 -0.708661 
vn 0 1 0.0708661 
vn 0 1 0.0708661 
vn -1 0 0 
vn -1 0 0 
vn -1 0 0 
vn 0 -1 0 
vn 0 -1 0 
vn 0 -1 0 
vn 0 -1 0 
vn 0 -1 0 
vn 0 -1 0 
vn 0 -1 0 
vn 0 -1 0 
vn 1 0 0 
vn 1 0 0 
vn 0 -0.992126 0.102362 
vn 0 -0.992126 0.102362 
vn 0 -0.992126 0.102362 
vn 0 -0.992126 0.102362 
vn 0 -0.992126 -0.102362 
vn 0 -0.992126 -0.102362 
vn 0 -0.992126 -0.102362 
vn 0 -0.992126 -0.102362 
vn 0 -0.992126 -0.102362 
vn 0 -0.992126 -0.102362 
vn 0 -0.992126 -0.102362 
vn 0 -0.992126 -0.102362 
vn -0.204724 -0.976378 -0.0708661 
vn -0.204724 -0.976378 -0.0708661 
vn -0.204724 -0.976378 -0.0708661 
vn -0.204724 -0.976378 -0.0708661 
vn 0.181102 -0.984252 -0.0708661 
vn 0.181102 -0.984252 -0.0708661 
vn 0.181102 -0.984252 -0.0708661 
vn 0.181102 -0.984252 -0.0708661 
vn 0 -0.708661 0.708661 
vn 0 -0.708661 0.708661 
vn 0 -0.708661 0.708661 
vn 0 -0.708661 0.708661 
vn 0 -0.708661 0.708661 
vn 0 -0.708661 0.708661 
vn 0 -0.708661 0.708661 
vn 0 -0.708661 0.708661 
vn 0 -0.708661 0.708661 
vn 0 -0.708661 0.708661 
vn 0 -0.708661 0.708661 
vn 0 -0.708661 0.708661 
vn -1 0 0 
vn -1 0 0 
vn -1 0 0 
vn 1 0 0 
vn 0.637795 0.76378 0.0551181 
vn -1 0 0 
vn -1 0 0 
vn 0 0 -1 
vn 0 0 -1 
vn 0 0 -1 
vn 0 0 -1 
vn 0 0 -1 
vn 0 0 -1 
vn 0 0 -1 
vn 0 0 -1 
vn 0.015748 -0.102362 0.992126 
vn 1 0 0 
vn 1 0 0 
vn 0 1 0.0708661 
vn 0 1 0.0708661 
vn -1 0 0 
vn -1 0 0 
vn 1 0 0 
vn 0 1 0 
vn 0 0.102362 -0.992126 
vn 0 0.102362 -0.992126 
vn 0 0.102362 -0.992126 
vn 0 0.102362 -0.992126 
vn -0.015748 0.102362 -0.992126 
vn -0.015748 0.102362 -0.992126 
vn -0.015748 0.102362 -0.992126 
vn -0.015748 0.102362 -0.992126 
vn -0.015748 0.102362 -0.992126 
vn -0.015748 0.102362 -0.992126 
vn 0.023622 0.102362 -0.992126 
vn 0.023622 0.102362 -0.992126 
vn 0.023622 0.102362 -0.992126 
vn 0.023622 0.102362 -0.992126 

vt 31.8073 -4.96127 
vt 31.8156 -5.06816 
vt 31.8156 -5.06816 
vt 32.0273 -4.94296 
vt 31.9185 -4.95115 
vt 31.9219 -4.98452 
vt 32.0307 -4.97633 
vt 32.0249 -4.92332 
vt 31.9161 -4.93151 
vt 31.9161 -4.95308 
vt 31.9243 -5.03441 
vt 32.1798 -5.02974 
vt 32.1798 -5.08102 
vt 32.1927 -5.0426 
vt 32.1927 -5.06816 
vt 32.1527 -5.02974 
vt 32.1527 -5.08102 
vt 32.1399 -5.06816 
vt 32.1399 -5.0426 
vt 31.9243 -5.01283 
vt 32.0307 -4.97633 
vt 31.9219 -4.98452 
vt 32.0331 -5.00464 
vt 32.0249 -4.9449 
vt 32.0249 -4.9449 
vt 31.9777 -5.05178 
vt 31.9243 -5.03441 
vt 31.8156 -5.0426 
vt 31.8966 -5.05997 
vt 31.8156 -5.06816 
vt 32.0331 -5.02622 
vt 32.1399 -5.06816 
vt 32.1399 -5.0426 
vt 31.9777 -5.05178 
vt 31.9161 -4.95308 
vt 31.8073 -4.96127 
vt 31.8156 -5.0426 
vt 31.9243 -5.03441 
vt 32.0331 -5.02622 
vt 31.9243 -5.03441 
vt 31.9777 -5.05178 
vt 31.8966 -5.05997 
vt 31.9443 -4.80735 
vt 32.0752 -4.80735 
vt 32.0752 -4.81556 
vt 32.1973 -5.02489 
vt 32.1973 -4.92433 
vt 32.1973 -4.91612 
vt 31.8027 -5.02731 
vt 31.8027 -4.91854 
vt 31.8264 -5.02489 
vt 31.8264 -4.91612 
vt 31.8027 -5.02731 
vt 32.1538 -5.13986 
vt 32.1538 -5.17979 
vt 32.1538 -5.19265 
vt 32.0752 -5.19265 
vt 32.0752 -4.91612 
vt 31.8264 -4.92433 
vt 31.9443 -4.91612 
vt 31.8658 -5.17979 
vt 31.9443 -5.19265 
vt 32.0752 -5.19265 
vt 31.9443 -5.17979 
vt 32.0752 -5.17979 
vt 32.0752 -5.17979 
vt 32.1538 -5.19265 
vt 32.1538 -5.17979 
vt 32.0752 -5.19265 
vt 31.9443 -5.17979 
vt 31.8658 -5.17979 
vt 31.8658 -5.19265 
vt 31.9443 -5.19265 
vt 31.9443 -4.80735 
vt 32.0752 -4.91612 
vt 32.0752 -4.80735 
vt 31.9443 -4.91612 
vt 31.9443 -4.91612 
vt 32.0752 -5.02489 
vt 32.0752 -4.91612 
vt 31.9443 -5.02489 
vt 32.0752 -5.13986 
vt 31.8264 -4.91612 
vt 31.9443 -5.02489 
vt 31.9443 -4.91612 
vt 31.8264 -5.02489 
vt 32.1973 -4.91612 
vt 32.0752 -4.91612 
vt 32.1973 -5.02489 
vt 32.0752 -5.02489 
vt 31.9443 -5.13986 
vt 31.9443 -5.17979 
vt 32.0752 -5.17979 
vt 31.9443 -5.15272 
vt 31.8658 -5.17979 
vt 31.8658 -5.15272 
vt 32.0752 -5.15272 
vt 32.1538 -5.15272 
vt 32.1538 -5.17979 
vt 31.9443 -5.0331 
vt 32.0752 -5.13986 
vt 32.0752 -5.0331 
vt 31.9443 -5.13986 
vt 32.0752 -5.13986 
vt 31.9443 -5.13986 
vt 32.0752 -5.15272 
vt 31.9443 -5.15272 
vt 31.9443 -5.15272 
vt 31.8658 -5.13986 
vt 31.8658 -5.15272 
vt 31.9443 -5.13986 
vt 32.0752 -5.15272 
vt 32.1538 -5.15272 
vt 32.1538 -5.13986 
vt 32.0752 -5.13986 
vt 32.0557 -4.96127 
vt 31.9248 -4.96127 
vt 31.9248 -5.0426 
vt 32.0557 -5.0426 
vt 31.9248 -5.06816 
vt 32.0557 -5.06816 
vt 31.9248 -5.0426 
vt 32.0557 -5.0426 
vt 31.8027 -5.00849 
vt 31.8027 -4.92717 
vt 32.1973 -4.98452 
vt 32.1736 -4.93151 
vt 31.9248 -4.95308 
vt 31.8027 -5.00849 
vt 31.9248 -5.03441 
vt 31.8027 -4.92717 
vt 32.1736 -5.01283 
vt 32.0557 -4.95308 
vt 32.0557 -5.03441 
vt 32.1736 -4.93151 
vt 32.1973 -4.98452 
vt 32.1973 -4.95115 
vt 32.1342 -5.02974 
vt 32.1342 -5.08102 
vt 31.9248 -4.9449 
vt 31.9248 -5.05997 
vt 31.9248 -5.05178 
vt 32.0557 -5.06816 
vt 31.9248 -5.02974 
vt 32.0557 -5.0426 
vt 32.1342 -5.06816 
vt 32.1342 -5.0426 
vt 32.0557 -5.06816 
vt 31.8462 -5.0426 
vt 31.9248 -5.06816 
vt 31.9248 -5.0426 
vt 31.8462 -5.06816 
vt 32.1927 -4.96127 
vt 32.1844 -5.06816 
vt 31.9751 -4.91898 
vt 32.0757 -5.00849 
vt 32.0839 -4.92717 
vt 31.9669 -5.0003 
vt 31.8473 -5.02974 
vt 31.8473 -5.08102 
vt 31.8601 -5.0426 
vt 31.8601 -5.06816 
vt 31.8202 -5.02974 
vt 31.8202 -5.08102 
vt 31.8073 -5.06816 
vt 31.8073 -5.0426 
vt 32.0839 -4.95308 
vt 31.9751 -4.9449 
vt 32.1034 -5.05997 
vt 32.1844 -5.0426 
vt 32.0757 -5.03441 
vt 32.1844 -5.06816 
vt 31.8601 -5.06816 
vt 31.9669 -5.02622 
vt 31.8601 -5.0426 
vt 32.0223 -5.05178 
vt 32.0757 -5.03441 
vt 32.1034 -5.05997 
vt 32.0839 -4.95308 
vt 32.1844 -5.0426 
vt 32.1927 -4.96127 
vt 32.0757 -5.03441 
vt 32.0557 -4.80735 
vt 31.9248 -4.81556 
vt 32.0557 -4.81556 
vt 31.8027 -5.02489 
vt 31.8027 -4.92433 
vt 31.8027 -5.0331 
vt 32.1973 -5.02731 
vt 32.1973 -4.92191 
vt 32.1973 -5.03068 
vt 31.8462 -5.13986 
vt 31.8462 -5.19265 
vt 31.9248 -5.19265 
vt 32.1736 -4.92433 
vt 32.0557 -4.92433 
vt 32.1342 -5.17979 
vt 32.0557 -5.19265 
vt 31.9248 -5.17979 
vt 31.9248 -5.19265 
vt 32.0557 -5.17979 
vt 32.1342 -5.19265 
vt 32.0557 -5.17979 
vt 32.0557 -5.19265 
vt 32.1342 -5.17979 
vt 31.8462 -5.19265 
vt 31.9248 -5.19265 
vt 31.9248 -5.17979 
vt 31.8462 -5.17979 
vt 31.9248 -5.02489 
vt 32.0557 -5.02489 
vt 31.9248 -4.89664 
vt 31.9248 -5.13986 
vt 31.9248 -4.97771 
vt 32.0557 -5.17979 
vt 31.9248 -5.15272 
vt 31.9248 -5.17979 
vt 31.8462 -5.17979 
vt 31.8462 -5.15272 
vt 32.0557 -5.15272 
vt 32.1342 -5.15272 
vt 32.1342 -5.17979 
vt 32.0557 -5.13986 
vt 32.0557 -4.97771 
vt 32.0557 -5.13986 
vt 31.9248 -4.97771 
vt 31.9248 -5.13986 
vt 32.0557 -4.97771 
vt 32.0557 -4.89664 
vt 32.0557 -4.81556 
vt 31.9248 -4.89664 
vt 31.9248 -4.81556 
vt 32.0557 -4.97771 
vt 31.9248 -4.89664 
vt 31.9248 -4.97771 
vt 32.0557 -4.89664 
vt 31.8027 -5.0331 
vt 31.9248 -5.0331 
vt 31.8027 -4.92433 
vt 31.9248 -4.92433 
vt 32.1736 -5.0331 
vt 32.0557 -4.92433 
vt 32.0557 -5.0331 
vt 32.1736 -4.92433 
vt 31.9248 -5.13986 
vt 32.0557 -5.15272 
vt 32.0557 -5.13986 
vt 31.9248 -5.15272 
vt 31.8462 -5.13986 
vt 31.9248 -5.15272 
vt 31.9248 -5.13986 
vt 31.8462 -5.15272 
vt 32.1342 -5.13986 
vt 32.0557 -5.13986 
vt 32.0557 -5.15272 
vt 32.1342 -5.15272 
vt 32.1973 -4.91898 
vt 32.1973 -5.00849 
vt 32.1973 -5.0003 
vt 31.8027 -4.97633 
vt 31.8264 -4.92332 
vt 32.1538 -5.02974 
vt 32.1538 -5.06816 
vt 31.9443 -5.06816 
vt 32.0752 -5.06816 
vt 31.9443 -5.0426 
vt 31.8658 -5.0426 
vt 31.8658 -5.06816 
vt 32.0752 -5.0426 
vt 32.1538 -5.06816 
vt 32.1538 -5.0426 
vt 31.8264 -5.01283 
vt 31.8658 -5.02974 
vt 31.8658 -5.08102 
vt 32.0752 -4.9449 
vt 31.9443 -4.9449 
vt 32.0752 -5.0426 
vt 32.0752 -5.05178 
vt 31.9443 -5.06816 
vt 32.0752 -5.02974 
vt 32.0752 -4.9449 
vt 31.9443 -4.9449 
vt 31.9443 -5.02622 
vt 32.0752 -5.02622 
vt 31.9443 -4.9449 
vt 31.8264 -4.92332 
vt 31.8264 -5.00464 
vt 31.9443 -5.02622 
vt 31.8027 -4.97633 
vt 31.8027 -4.94296 
vt 32.0752 -5.02622 
vt 32.1973 -5.0003 
vt 32.0752 -4.9449 
vt 32.1973 -4.91898 

usemtl Cube0231Mtl

f 4904/4904/4904 4905/4905/4905 4906/4906/4906 
f 4904/4904/4904 4906/4906/4906 4907/4907/4907 
f 4912/4912/4912 4913/4913/4913 4914/4914/4914 
f 4914/4914/4914 4913/4913/4913 4915/4915/4915 
f 4916/4916/4916 4913/4913/4913 4912/4912/4912 
f 4916/4916/4916 4917/4917/4917 4913/4913/4913 
f 4917/4917/4917 4916/4916/4916 4918/4918/4918 
f 4918/4918/4918 4916/4916/4916 4919/4919/4919 
f 4920/4920/4920 4921/4921/4921 4922/4922/4922 
f 4921/4921/4921 4920/4920/4920 4923/4923/4923 
f 4927/4927/4927 4928/4928/4928 4929/4929/4929 
f 4929/4929/4929 4928/4928/4928 4930/4930/4930 
f 4931/4931/4931 4932/4932/4932 4933/4933/4933 
f 4934/4934/4934 4932/4932/4932 4931/4931/4931 
f 4935/4935/4935 4936/4936/4936 4937/4937/4937 
f 4935/4935/4935 4937/4937/4937 4938/4938/4938 
f 4939/4939/4939 4940/4940/4940 4941/4941/4941 
f 4941/4941/4941 4940/4940/4940 4942/4942/4942 
f 4950/4950/4950 4951/4951/4951 4952/4952/4952 
f 4951/4951/4951 4950/4950/4950 4953/4953/4953 
f 4962/4962/4962 4963/4963/4963 4964/4964/4964 
f 4965/4965/4965 4964/4964/4964 4963/4963/4963 
f 4966/4966/4966 4967/4967/4967 4968/4968/4968 
f 4967/4967/4967 4966/4966/4966 4969/4969/4969 
f 4970/4970/4970 4971/4971/4971 4972/4972/4972 
f 4970/4970/4970 4972/4972/4972 4973/4973/4973 
f 4974/4974/4974 4975/4975/4975 4976/4976/4976 
f 4975/4975/4975 4974/4974/4974 4977/4977/4977 
f 4978/4978/4978 4979/4979/4979 4980/4980/4980 
f 4979/4979/4979 4978/4978/4978 4981/4981/4981 
f 4983/4983/4983 4984/4984/4984 4985/4985/4985 
f 4984/4984/4984 4983/4983/4983 4986/4986/4986 
f 4987/4987/4987 4988/4988/4988 4989/4989/4989 
f 4988/4988/4988 4990/4990/4990 4989/4989/4989 
f 4992/4992/4992 4993/4993/4993 4994/4994/4994 
f 4994/4994/4994 4995/4995/4995 4992/4992/4992 
f 4994/4994/4994 4996/4996/4996 4995/4995/4995 
f 4997/4997/4997 4994/4994/4994 4993/4993/4993 
f 4998/4998/4998 4997/4997/4997 4993/4993/4993 
f 4998/4998/4998 4993/4993/4993 4999/4999/4999 
f 5000/5000/5000 5001/5001/5001 5002/5002/5002 
f 5001/5001/5001 5000/5000/5000 5003/5003/5003 
f 5004/5004/5004 5005/5005/5005 5006/5006/5006 
f 5007/5007/5007 5006/5006/5006 5005/5005/5005 
f 5008/5008/5008 5009/5009/5009 5010/5010/5010 
f 5009/5009/5009 5008/5008/5008 5011/5011/5011 
f 5012/5012/5012 5013/5013/5013 5014/5014/5014 
f 5012/5012/5012 5014/5014/5014 5015/5015/5015 
f 5016/5016/5016 5017/5017/5017 5018/5018/5018 
f 5016/5016/5016 5018/5018/5018 5019/5019/5019 
f 5020/5020/5020 5021/5021/5021 5022/5022/5022 
f 5023/5023/5023 5022/5022/5022 5021/5021/5021 
f 5028/5028/5028 5029/5029/5029 5030/5030/5030 
f 5029/5029/5029 5028/5028/5028 5031/5031/5031 
f 5032/5032/5032 5033/5033/5033 5034/5034/5034 
f 5033/5033/5033 5032/5032/5032 5035/5035/5035 
f 5035/5035/5035 5032/5032/5032 5036/5036/5036 
f 5036/5036/5036 5037/5037/5037 5035/5035/5035 
f 5045/5045/5045 5046/5046/5046 5047/5047/5047 
f 5046/5046/5046 5045/5045/5045 5048/5048/5048 
f 5049/5049/5049 5050/5050/5050 5051/5051/5051 
f 5050/5050/5050 5049/5049/5049 5052/5052/5052 
f 5055/5055/5055 5056/5056/5056 5057/5057/5057 
f 5056/5056/5056 5055/5055/5055 5058/5058/5058 
f 5059/5059/5059 5060/5060/5060 5061/5061/5061 
f 5061/5061/5061 5060/5060/5060 5062/5062/5062 
f 5063/5063/5063 5060/5060/5060 5059/5059/5059 
f 5063/5063/5063 5064/5064/5064 5060/5060/5060 
f 5064/5064/5064 5063/5063/5063 5065/5065/5065 
f 5065/5065/5065 5063/5063/5063 5066/5066/5066 
f 5069/5069/5069 5070/5070/5070 5071/5071/5071 
f 5070/5070/5070 5069/5069/5069 5072/5072/5072 
f 5073/5073/5073 5074/5074/5074 5075/5075/5075 
f 5074/5074/5074 5073/5073/5073 5076/5076/5076 
f 5077/5077/5077 5074/5074/5074 5076/5076/5076 
f 5076/5076/5076 5078/5078/5078 5077/5077/5077 
f 5079/5079/5079 5080/5080/5080 5081/5081/5081 
f 5080/5080/5080 5079/5079/5079 5082/5082/5082 
f 5098/5098/5098 5099/5099/5099 5100/5100/5100 
f 5099/5099/5099 5098/5098/5098 5101/5101/5101 
f 5102/5102/5102 5103/5103/5103 5104/5104/5104 
f 5103/5103/5103 5102/5102/5102 5105/5105/5105 
f 5106/5106/5106 5107/5107/5107 5108/5108/5108 
f 5106/5106/5106 5108/5108/5108 5109/5109/5109 
f 5115/5115/5115 5116/5116/5116 5117/5117/5117 
f 5118/5118/5118 5117/5117/5117 5116/5116/5116 
f 5118/5118/5118 5116/5116/5116 5119/5119/5119 
f 5116/5116/5116 5115/5115/5115 5120/5120/5120 
f 5115/5115/5115 5121/5121/5121 5120/5120/5120 
f 5115/5115/5115 5122/5122/5122 5121/5121/5121 
f 5125/5125/5125 5126/5126/5126 5127/5127/5127 
f 5126/5126/5126 5125/5125/5125 5128/5128/5128 
f 5129/5129/5129 5130/5130/5130 5131/5131/5131 
f 5131/5131/5131 5130/5130/5130 5132/5132/5132 
f 5133/5133/5133 5134/5134/5134 5135/5135/5135 
f 5134/5134/5134 5133/5133/5133 5136/5136/5136 
f 5137/5137/5137 5138/5138/5138 5139/5139/5139 
f 5138/5138/5138 5140/5140/5140 5139/5139/5139 
f 5141/5141/5141 5142/5142/5142 5143/5143/5143 
f 5142/5142/5142 5141/5141/5141 5144/5144/5144 
f 5145/5145/5145 5146/5146/5146 5147/5147/5147 
f 5146/5146/5146 5145/5145/5145 5148/5148/5148 
f 5149/5149/5149 5150/5150/5150 5151/5151/5151 
f 5150/5150/5150 5149/5149/5149 5152/5152/5152 
f 5153/5153/5153 5154/5154/5154 5155/5155/5155 
f 5153/5153/5153 5155/5155/5155 5156/5156/5156 
f 5164/5164/5164 5165/5165/5165 5166/5166/5166 
f 5167/5167/5167 5164/5164/5164 5166/5166/5166 
f 5164/5164/5164 5167/5167/5167 5168/5168/5168 
f 5169/5169/5169 5166/5166/5166 5165/5165/5165 
f 5170/5170/5170 5169/5169/5169 5165/5165/5165 
f 5169/5169/5169 5170/5170/5170 5171/5171/5171 
f 5181/5181/5181 5182/5182/5182 5183/5183/5183 
f 5181/5181/5181 5183/5183/5183 5184/5184/5184 
f 5185/5185/5185 5186/5186/5186 5187/5187/5187 
f 5185/5185/5185 5187/5187/5187 5188/5188/5188 
f 5186/5186/5186 5189/5189/5189 5187/5187/5187 
f 5189/5189/5189 5186/5186/5186 5190/5190/5190 
f 5191/5191/5191 5192/5192/5192 5193/5193/5193 
f 5194/5194/5194 5193/5193/5193 5192/5192/5192 

g Cylinder0121

v 0.884483 3.34242 16.0701 1 1 1 1 
v 0.784427 2.27482 17.1377 1 1 1 1 
v 0.884483 3.03107 15.9412 1 1 1 1 
v 0.784427 2.05466 16.9176 1 1 1 1 
v 0.884483 3.03107 15.9412 1 1 1 1 
v 0.784427 1.83451 16.6974 1 1 1 1 
v 0.884483 2.90211 15.6298 1 1 1 1 
v 0.784427 2.05466 16.9176 1 1 1 1 
v 0.884483 3.65376 15.3185 1 1 1 1 
v -2.39041 3.65376 15.3185 1 1 1 1 
v 0.884483 3.78273 15.6298 1 1 1 1 
v -2.39041 3.78272 15.6298 1 1 1 1 
v 0.884483 3.65376 15.9412 1 1 1 1 
v -2.39041 3.65376 15.9412 1 1 1 1 
v 0.884483 3.34242 16.0701 1 1 1 1 
v -2.29036 2.27482 17.1377 1 1 1 1 
v 0.784427 2.27482 17.1377 1 1 1 1 
v 0.784427 2.27482 17.1377 1 1 1 1 
v -2.29036 2.27482 17.1377 1 1 1 1 
v 0.784427 2.05466 16.9176 1 1 1 1 
v -2.29036 2.05466 16.9176 1 1 1 1 
v 0.784427 1.83451 16.6974 1 1 1 1 
v -2.29036 1.83451 16.6974 1 1 1 1 
v 0.884483 3.65376 15.9412 1 1 1 1 
v -2.39041 3.65376 15.9412 1 1 1 1 
v 0.884483 3.34242 16.0701 1 1 1 1 
v -2.39041 3.34242 16.0701 1 1 1 1 
v -2.29036 2.27482 17.1377 1 1 1 1 
v -2.39041 2.90211 15.6298 1 1 1 1 
v -2.29036 1.83451 16.6974 1 1 1 1 
v -2.39041 3.03107 15.9412 1 1 1 1 
v -2.29036 2.05466 16.9176 1 1 1 1 
v -2.39041 3.03107 15.9412 1 1 1 1 
v -2.29036 2.27482 17.1377 1 1 1 1 
v -2.39041 3.34242 16.0701 1 1 1 1 
v -2.29036 2.05466 16.9176 1 1 1 1 
v 0.884483 2.90211 15.6298 1 1 1 1 
v -2.39041 2.90211 15.6298 1 1 1 1 
v 0.884483 3.03107 15.3185 1 1 1 1 
v 0.784427 1.83451 16.6974 1 1 1 1 
v -2.39041 3.03107 15.3185 1 1 1 1 
v -2.39041 2.90211 15.6298 1 1 1 1 
v 0.884483 3.03107 15.3185 1 1 1 1 
v 0.784427 1.83451 16.6974 1 1 1 1 
v -2.29036 1.83451 16.6974 1 1 1 1 
v -2.39041 3.03107 15.3185 1 1 1 1 
v 0.884483 3.34242 15.1895 1 1 1 1 
v -2.39041 3.34242 15.1895 1 1 1 1 
v 0.884483 3.65376 15.3185 1 1 1 1 
v -2.39041 3.65376 15.3185 1 1 1 1 

vn 1 -0.0393701 0.0629921 
vn 1 -0.0393701 0.0629921 
vn 1 -0.0393701 0.0629921 
vn 1 -0.0393701 0.0629921 
vn 1 -0.0629921 0.0393701 
vn 1 -0.0629921 0.0393701 
vn 1 -0.0629921 0.0393701 
vn 1 -0.0629921 0.0393701 
vn 0 0.708661 -0.708661 
vn 0 0.708661 -0.708661 
vn 0 1 0 
vn 0 1 0 
vn 0 0.708661 0.708661 
vn 0 0.708661 0.708661 
vn 0 0.551181 0.834646 
vn 0 0.708661 0.708661 
vn 0 0.708661 0.708661 
vn 0 -0.708661 0.708661 
vn 0 -0.708661 0.708661 
vn 0 -0.708661 0.708661 
vn 0 -0.708661 0.708661 
vn 0 -0.708661 0.708661 
vn 0 -0.708661 0.708661 
vn 0 0.708661 0.708661 
vn 0 0.708661 0.708661 
vn 0 0.551181 0.834646 
vn 0 0.551181 0.834646 
vn 0 0.708661 0.708661 
vn -1 -0.0629921 0.0393701 
vn -1 -0.0629921 0.0393701 
vn -1 -0.0629921 0.0393701 
vn -1 -0.0629921 0.0393701 
vn -1 -0.0393701 0.0629921 
vn -1 -0.0393701 0.0629921 
vn -1 -0.0393701 0.0629921 
vn -1 -0.0393701 0.0629921 
vn 0 -0.834646 -0.551181 
vn 0 -0.834646 -0.551181 
vn 0 -0.708661 -0.708661 
vn 0 -0.708661 -0.708661 
vn 0 -0.708661 -0.708661 
vn 0 -0.834646 -0.551181 
vn 0 -0.708661 -0.708661 
vn 0 -0.708661 -0.708661 
vn 0 -0.708661 -0.708661 
vn 0 -0.708661 -0.708661 
vn 0 0 -1 
vn 0 0 -1 
vn 0 0.708661 -0.708661 
vn 0 0.708661 -0.708661 

vt 56.0117 -12.9333 
vt 55.8782 -13.0667 
vt 56.0278 -12.9722 
vt 55.9058 -13.0942 
vt 56.0278 -12.9722 
vt 55.9333 -13.1218 
vt 56.0667 -12.9883 
vt 55.9058 -13.0942 
vt 55.7953 -13.1056 
vt 56.2047 -13.1056 
vt 55.7953 -13.0667 
vt 56.2047 -13.0667 
vt 55.7953 -13.0278 
vt 56.2047 -13.0278 
vt 55.7953 -13.0117 
vt 56.1922 -12.8782 
vt 55.8078 -12.8782 
vt 56.1922 -13.0667 
vt 55.8078 -13.0667 
vt 56.1922 -13.0942 
vt 55.8078 -13.0942 
vt 56.1922 -13.1218 
vt 55.8078 -13.1218 
vt 56.2047 -12.8944 
vt 55.7953 -12.8944 
vt 56.2047 -12.9333 
vt 55.7953 -12.9333 
vt 55.8078 -13.0667 
vt 55.9333 -12.9883 
vt 56.0667 -13.1218 
vt 55.9722 -12.9722 
vt 56.0942 -13.0942 
vt 55.9722 -12.9722 
vt 56.1218 -13.0667 
vt 55.9883 -12.9333 
vt 56.0942 -13.0942 
vt 56.2047 -13.0667 
vt 55.7953 -13.0667 
vt 56.2047 -13.1056 
vt 56.1922 -12.9333 
vt 55.7953 -13.1056 
vt 56.2047 -12.9883 
vt 55.7953 -12.9722 
vt 55.8078 -13.1218 
vt 56.1922 -13.1218 
vt 56.2047 -12.9722 
vt 55.7953 -12.9333 
vt 56.2047 -12.9333 
vt 55.7953 -12.8944 
vt 56.2047 -12.8944 

usemtl Cube0231Mtl

f 5195/5195/5195 5196/5196/5196 5197/5197/5197 
f 5197/5197/5197 5196/5196/5196 5198/5198/5198 
f 5199/5199/5199 5200/5200/5200 5201/5201/5201 
f 5200/5200/5200 5199/5199/5199 5202/5202/5202 
f 5203/5203/5203 5204/5204/5204 5205/5205/5205 
f 5205/5205/5205 5204/5204/5204 5206/5206/5206 
f 5205/5205/5205 5206/5206/5206 5207/5207/5207 
f 5207/5207/5207 5206/5206/5206 5208/5208/5208 
f 5211/5211/5211 5209/5209/5209 5210/5210/5210 
f 5212/5212/5212 5213/5213/5213 5214/5214/5214 
f 5214/5214/5214 5213/5213/5213 5215/5215/5215 
f 5214/5214/5214 5215/5215/5215 5216/5216/5216 
f 5216/5216/5216 5215/5215/5215 5217/5217/5217 
f 5218/5218/5218 5219/5219/5219 5220/5220/5220 
f 5220/5220/5220 5219/5219/5219 5221/5221/5221 
f 5220/5220/5220 5221/5221/5221 5222/5222/5222 
f 5223/5223/5223 5224/5224/5224 5225/5225/5225 
f 5226/5226/5226 5225/5225/5225 5224/5224/5224 
f 5227/5227/5227 5228/5228/5228 5229/5229/5229 
f 5228/5228/5228 5227/5227/5227 5230/5230/5230 
f 5231/5231/5231 5232/5232/5232 5233/5233/5233 
f 5234/5234/5234 5232/5232/5232 5231/5231/5231 
f 5233/5233/5233 5232/5232/5232 5235/5235/5235 
f 5236/5236/5236 5238/5238/5238 5239/5239/5239 
f 5237/5237/5237 5240/5240/5240 5241/5241/5241 
f 5241/5241/5241 5240/5240/5240 5242/5242/5242 
f 5241/5241/5241 5242/5242/5242 5243/5243/5243 
f 5243/5243/5243 5242/5242/5242 5244/5244/5244 

g Cylinder0131

v 1.26151 3.65376 15.9412 1 1 1 1 
v 1.26151 3.34242 16.0701 1 1 1 1 
v 1.26151 3.34242 15.6298 1 1 1 1 
v 1.26151 3.03107 15.9412 1 1 1 1 
v 1.26151 3.78273 15.6298 1 1 1 1 
v 1.26151 2.90211 15.6298 1 1 1 1 
v 1.26151 3.65376 15.3185 1 1 1 1 
v 1.26151 3.03107 15.3185 1 1 1 1 
v 1.26151 3.34242 15.1895 1 1 1 1 
v -2.39041 3.65376 15.9412 1 1 1 1 
v -2.76743 3.65376 15.9412 1 1 1 1 
v -2.39041 3.78273 15.6298 1 1 1 1 
v -2.76743 3.78273 15.6298 1 1 1 1 
v -2.39041 3.65376 15.3185 1 1 1 1 
v -2.76743 3.65376 15.3185 1 1 1 1 
v 0.884483 3.65376 15.3185 1 1 1 1 
v 1.26151 3.65376 15.3185 1 1 1 1 
v 0.884483 3.78273 15.6298 1 1 1 1 
v 1.26151 3.78273 15.6298 1 1 1 1 
v 0.884483 3.65376 15.9412 1 1 1 1 
v 1.26151 3.65376 15.9412 1 1 1 1 
v -2.39041 3.65376 15.9412 1 1 1 1 
v -2.76743 3.34242 16.0701 1 1 1 1 
v -2.39041 3.34242 16.0701 1 1 1 1 
v -2.76743 3.65376 15.9412 1 1 1 1 
v -2.39041 3.03107 15.9412 1 1 1 1 
v -2.76743 3.03107 15.9412 1 1 1 1 
v -2.39041 3.34242 16.0701 1 1 1 1 
v -2.76743 3.34242 16.0701 1 1 1 1 
v 1.26151 3.34242 16.0701 1 1 1 1 
v 0.884483 3.03107 15.9412 1 1 1 1 
v 1.26151 3.03107 15.9412 1 1 1 1 
v 0.884483 3.34242 16.0701 1 1 1 1 
v 0.884483 3.65376 15.9412 1 1 1 1 
v 1.26151 3.65376 15.9412 1 1 1 1 
v 0.884483 3.34242 16.0701 1 1 1 1 
v 1.26151 3.34242 16.0701 1 1 1 1 
v -2.76743 3.34242 16.0701 1 1 1 1 
v -2.76743 3.65376 15.9412 1 1 1 1 
v -2.76743 3.34242 15.6298 1 1 1 1 
v -2.76743 3.78273 15.6298 1 1 1 1 
v -2.76743 3.03107 15.9412 1 1 1 1 
v -2.76743 3.65376 15.3185 1 1 1 1 
v -2.76743 2.90211 15.6298 1 1 1 1 
v -2.76743 3.34242 15.1895 1 1 1 1 
v -2.76743 3.03107 15.3185 1 1 1 1 
v -2.39041 3.03107 15.3185 1 1 1 1 
v -2.76743 3.03107 15.3185 1 1 1 1 
v -2.39041 2.90211 15.6298 1 1 1 1 
v -2.76743 2.90211 15.6298 1 1 1 1 
v -2.39041 3.03107 15.9412 1 1 1 1 
v -2.76743 3.03107 15.9412 1 1 1 1 
v 0.884483 3.03107 15.9412 1 1 1 1 
v 1.26151 3.03107 15.9412 1 1 1 1 
v 0.884483 2.90211 15.6298 1 1 1 1 
v 1.26151 2.90211 15.6298 1 1 1 1 
v 0.884483 3.03107 15.3185 1 1 1 1 
v 1.26151 3.03107 15.3185 1 1 1 1 
v -2.39041 3.65376 15.3185 1 1 1 1 
v -2.76743 3.65376 15.3185 1 1 1 1 
v -2.39041 3.34242 15.1895 1 1 1 1 
v -2.76743 3.34242 15.1895 1 1 1 1 
v -2.39041 3.03107 15.3185 1 1 1 1 
v -2.76743 3.03107 15.3185 1 1 1 1 
v 0.884483 3.03107 15.3185 1 1 1 1 
v 1.26151 3.03107 15.3185 1 1 1 1 
v 0.884483 3.34242 15.1895 1 1 1 1 
v 1.26151 3.34242 15.1895 1 1 1 1 
v 0.884483 3.65376 15.3185 1 1 1 1 
v 1.26151 3.65376 15.3185 1 1 1 1 

vn 1 0 0 
vn 1 0 0 
vn 1 0 0 
vn 1 0 0 
vn 1 0 0 
vn 1 0 0 
vn 1 0 0 
vn 1 0 0 
vn 1 0 0 
vn 0 0.708661 0.708661 
vn 0 0.708661 0.708661 
vn 0 1 0 
vn 0 1 0 
vn 0 0.708661 -0.708661 
vn 0 0.708661 -0.708661 
vn 0 0.708661 -0.708661 
vn 0 0.708661 -0.708661 
vn 0 1 0 
vn 0 1 0 
vn 0 0.708661 0.708661 
vn 0 0.708661 0.708661 
vn 0 0.708661 0.708661 
vn 0 0 1 
vn 0 0 1 
vn 0 0.708661 0.708661 
vn 0 -0.708661 0.708661 
vn 0 -0.708661 0.708661 
vn 0 0 1 
vn 0 0 1 
vn 0 0 1 
vn 0 -0.708661 0.708661 
vn 0 -0.708661 0.708661 
vn 0 0 1 
vn 0 0.708661 0.708661 
vn 0 0.708661 0.708661 
vn 0 0 1 
vn 0 0 1 
vn -1 0 0 
vn -1 0 0 
vn -1 0 0 
vn -1 0 0 
vn -1 0 0 
vn -1 0 0 
vn -1 0 0 
vn -1 0 0 
vn -1 0 0 
vn 0 -0.708661 -0.708661 
vn 0 -0.708661 -0.708661 
vn 0 -1 0 
vn 0 -1 0 
vn 0 -0.708661 0.708661 
vn 0 -0.708661 0.708661 
vn 0 -0.708661 0.708661 
vn 0 -0.708661 0.708661 
vn 0 -1 0 
vn 0 -1 0 
vn 0 -0.708661 -0.708661 
vn 0 -0.708661 -0.708661 
vn 0 0.708661 -0.708661 
vn 0 0.708661 -0.708661 
vn 0 0 -1 
vn 0 0 -1 
vn 0 -0.708661 -0.708661 
vn 0 -0.708661 -0.708661 
vn 0 -0.708661 -0.708661 
vn 0 -0.708661 -0.708661 
vn 0 0 -1 
vn 0 0 -1 
vn 0 0.708661 -0.708661 
vn 0 0.708661 -0.708661 

vt 43.9611 -6.96108 
vt 43.945 -7 
vt 44 -7 
vt 43.9611 -7.03892 
vt 44 -6.94496 
vt 44 -7.05504 
vt 44.0389 -6.96108 
vt 44.0389 -7.03892 
vt 44.055 -7 
vt 44.2047 -6.96108 
vt 44.2518 -6.96108 
vt 44.2047 -7 
vt 44.2518 -7 
vt 44.2047 -7.03892 
vt 44.2518 -7.03892 
vt 43.7953 -7.03892 
vt 43.7482 -7.03892 
vt 43.7953 -7 
vt 43.7482 -7 
vt 43.7953 -6.96108 
vt 43.7482 -6.96108 
vt 43.7953 -6.96108 
vt 43.7482 -7 
vt 43.7953 -7 
vt 43.7482 -6.96108 
vt 43.7953 -7.03892 
vt 43.7482 -7.03892 
vt 43.7953 -7 
vt 43.7482 -7 
vt 44.2518 -7 
vt 44.2047 -7.03892 
vt 44.2518 -7.03892 
vt 44.2047 -7 
vt 44.2047 -6.96108 
vt 44.2518 -6.96108 
vt 44.2047 -7 
vt 44.2518 -7 
vt 44.055 -7 
vt 44.0389 -6.96108 
vt 44 -7 
vt 44 -6.94496 
vt 44.0389 -7.03892 
vt 43.9611 -6.96108 
vt 44 -7.05504 
vt 43.945 -7 
vt 43.9611 -7.03892 
vt 43.7953 -7.03892 
vt 43.7482 -7.03892 
vt 43.7953 -7 
vt 43.7482 -7 
vt 43.7953 -6.96108 
vt 43.7482 -6.96108 
vt 44.2047 -6.96108 
vt 44.2518 -6.96108 
vt 44.2047 -7 
vt 44.2518 -7 
vt 44.2047 -7.03892 
vt 44.2518 -7.03892 
vt 44.2047 -6.96108 
vt 44.2518 -6.96108 
vt 44.2047 -7 
vt 44.2518 -7 
vt 44.2047 -7.03892 
vt 44.2518 -7.03892 
vt 43.7953 -7.03892 
vt 43.7482 -7.03892 
vt 43.7953 -7 
vt 43.7482 -7 
vt 43.7953 -6.96108 
vt 43.7482 -6.96108 

usemtl Cube0231Mtl

f 5245/5245/5245 5246/5246/5246 5247/5247/5247 
f 5246/5246/5246 5248/5248/5248 5247/5247/5247 
f 5249/5249/5249 5245/5245/5245 5247/5247/5247 
f 5248/5248/5248 5250/5250/5250 5247/5247/5247 
f 5251/5251/5251 5249/5249/5249 5247/5247/5247 
f 5250/5250/5250 5252/5252/5252 5247/5247/5247 
f 5253/5253/5253 5251/5251/5251 5247/5247/5247 
f 5252/5252/5252 5253/5253/5253 5247/5247/5247 
f 5256/5256/5256 5255/5255/5255 5254/5254/5254 
f 5255/5255/5255 5256/5256/5256 5257/5257/5257 
f 5258/5258/5258 5257/5257/5257 5256/5256/5256 
f 5257/5257/5257 5258/5258/5258 5259/5259/5259 
f 5262/5262/5262 5261/5261/5261 5260/5260/5260 
f 5261/5261/5261 5262/5262/5262 5263/5263/5263 
f 5264/5264/5264 5263/5263/5263 5262/5262/5262 
f 5263/5263/5263 5264/5264/5264 5265/5265/5265 
f 5266/5266/5266 5267/5267/5267 5268/5268/5268 
f 5267/5267/5267 5266/5266/5266 5269/5269/5269 
f 5272/5272/5272 5271/5271/5271 5270/5270/5270 
f 5271/5271/5271 5272/5272/5272 5273/5273/5273 
f 5274/5274/5274 5275/5275/5275 5276/5276/5276 
f 5275/5275/5275 5274/5274/5274 5277/5277/5277 
f 5280/5280/5280 5279/5279/5279 5278/5278/5278 
f 5279/5279/5279 5280/5280/5280 5281/5281/5281 
f 5282/5282/5282 5283/5283/5283 5284/5284/5284 
f 5283/5283/5283 5285/5285/5285 5284/5284/5284 
f 5286/5286/5286 5282/5282/5282 5284/5284/5284 
f 5285/5285/5285 5287/5287/5287 5284/5284/5284 
f 5288/5288/5288 5286/5286/5286 5284/5284/5284 
f 5287/5287/5287 5289/5289/5289 5284/5284/5284 
f 5290/5290/5290 5288/5288/5288 5284/5284/5284 
f 5289/5289/5289 5290/5290/5290 5284/5284/5284 
f 5293/5293/5293 5292/5292/5292 5291/5291/5291 
f 5292/5292/5292 5293/5293/5293 5294/5294/5294 
f 5295/5295/5295 5294/5294/5294 5293/5293/5293 
f 5294/5294/5294 5295/5295/5295 5296/5296/5296 
f 5299/5299/5299 5298/5298/5298 5297/5297/5297 
f 5298/5298/5298 5299/5299/5299 5300/5300/5300 
f 5301/5301/5301 5300/5300/5300 5299/5299/5299 
f 5300/5300/5300 5301/5301/5301 5302/5302/5302 
f 5305/5305/5305 5304/5304/5304 5303/5303/5303 
f 5304/5304/5304 5305/5305/5305 5306/5306/5306 
f 5307/5307/5307 5306/5306/5306 5305/5305/5305 
f 5306/5306/5306 5307/5307/5307 5308/5308/5308 
f 5311/5311/5311 5310/5310/5310 5309/5309/5309 
f 5310/5310/5310 5311/5311/5311 5312/5312/5312 
f 5313/5313/5313 5312/5312/5312 5311/5311/5311 
f 5312/5312/5312 5313/5313/5313 5314/5314/5314 

g Cylinder0221

v 0.601268 1.63211 15.1747 1 1 1 1 
v 1.05334 2.16817 14.2065 1 1 1 1 
v 1.15825 2.3769 14.3499 1 1 1 1 
v 0.662026 1.753 15.2578 1 1 1 1 
v 0.601268 1.87389 15.3409 1 1 1 1 
v 1.05334 2.58562 14.4933 1 1 1 1 
v 0.800081 2.67208 14.5527 1 1 1 1 
v -2.30601 2.08171 14.147 1 1 1 1 
v -2.30601 2.67208 14.5527 1 1 1 1 
v -1.81383 1.87389 15.3409 1 1 1 1 
v -1.75307 1.753 15.2578 1 1 1 1 
v -1.81383 1.63211 15.1747 1 1 1 1 
v 0.373544 3.05363 13.3651 1 1 1 1 
v 0.498473 3.30221 13.5359 1 1 1 1 
v 0.800081 2.59952 14.0259 1 1 1 1 
v 0.800081 3.40517 13.6067 1 1 1 1 
v 0.498473 2.80506 13.1943 1 1 1 1 
v 1.10169 3.30221 13.5359 1 1 1 1 
v 0.800081 2.7021 13.1235 1 1 1 1 
v 1.22662 3.05363 13.3651 1 1 1 1 
v 1.10169 2.80506 13.1943 1 1 1 1 
v -1.87947 3.05363 13.3651 1 1 1 1 
v -2.30601 2.59952 14.0259 1 1 1 1 
v -2.0044 3.30221 13.5359 1 1 1 1 
v -2.30601 3.40517 13.6067 1 1 1 1 
v -2.60762 3.30221 13.5359 1 1 1 1 
v -2.30601 2.7021 13.1235 1 1 1 1 
v -2.73255 3.05363 13.3651 1 1 1 1 
v -2.60762 2.80506 13.1943 1 1 1 1 
v 0.800081 2.60467 14.5064 1 1 1 1 
v 0.995504 2.53796 14.4606 1 1 1 1 
v 1.07645 2.3769 14.3499 1 1 1 1 
v 0.995504 2.21584 14.2392 1 1 1 1 
v -2.30601 2.60467 14.5064 1 1 1 1 
v -1.94784 2.3769 14.3499 1 1 1 1 
v -2.58238 2.3769 14.3499 1 1 1 1 
v -2.30601 2.14913 14.1934 1 1 1 1 
v 1.10169 2.80506 13.1943 1 1 1 1 
v 0.995504 2.21584 14.2392 1 1 1 1 
v 1.22662 3.05363 13.3651 1 1 1 1 
v 1.07645 2.3769 14.3499 1 1 1 1 
v 0.995504 2.53796 14.4606 1 1 1 1 
v 1.10169 3.30221 13.5359 1 1 1 1 
v -2.11059 2.21584 14.2392 1 1 1 1 
v -2.0044 2.80506 13.1943 1 1 1 1 
v -1.87947 3.05363 13.3651 1 1 1 1 
v -2.02964 2.3769 14.3499 1 1 1 1 
v -2.11059 2.53796 14.4606 1 1 1 1 
v -2.0044 3.30221 13.5359 1 1 1 1 
v -1.81383 1.87389 15.3409 1 1 1 1 
v -2.05275 2.58562 14.4933 1 1 1 1 
v -1.94784 2.3769 14.3499 1 1 1 1 
v -1.75307 1.753 15.2578 1 1 1 1 
v -1.81383 1.63211 15.1747 1 1 1 1 
v -2.05275 2.16817 14.2065 1 1 1 1 
v 0.800081 2.67208 14.5527 1 1 1 1 
v -2.30601 2.67208 14.5527 1 1 1 1 
v 0.454584 1.753 15.2578 1 1 1 1 
v -1.96051 1.753 15.2578 1 1 1 1 
v 0.373544 3.05363 13.3651 1 1 1 1 
v 0.800081 2.59952 14.0259 1 1 1 1 
v 0.800081 3.40517 13.6067 1 1 1 1 
v 0.498473 2.80506 13.1943 1 1 1 1 
v 1.10169 3.30221 13.5359 1 1 1 1 
v 0.800081 2.7021 13.1235 1 1 1 1 
v 1.10169 2.80506 13.1943 1 1 1 1 
v -1.87947 3.05363 13.3651 1 1 1 1 
v -2.30601 2.59952 14.0259 1 1 1 1 
v -2.30601 3.40517 13.6067 1 1 1 1 
v -2.0044 2.80506 13.1943 1 1 1 1 
v -2.60762 3.30221 13.5359 1 1 1 1 
v -2.30601 2.7021 13.1235 1 1 1 1 
v -2.73255 3.05363 13.3651 1 1 1 1 
v -2.60762 2.80506 13.1943 1 1 1 1 
v 0.995504 2.53796 14.4606 1 1 1 1 
v 0.441917 2.3769 14.3499 1 1 1 1 
v 1.07645 2.3769 14.3499 1 1 1 1 
v -2.30601 2.60467 14.5064 1 1 1 1 
v -2.50143 2.53796 14.4606 1 1 1 1 
v -1.94784 2.3769 14.3499 1 1 1 1 
v -2.58238 2.3769 14.3499 1 1 1 1 
v 0.995504 2.53796 14.4606 1 1 1 1 
v 1.10169 3.30221 13.5359 1 1 1 1 
v 0.800081 3.40517 13.6067 1 1 1 1 
v 0.800081 2.60467 14.5064 1 1 1 1 
v 0.604658 2.53796 14.4606 1 1 1 1 
v 0.498473 3.30221 13.5359 1 1 1 1 
v -2.50143 2.53796 14.4606 1 1 1 1 
v -2.60762 3.30221 13.5359 1 1 1 1 
v -2.30601 3.40517 13.6067 1 1 1 1 
v -2.30601 2.60467 14.5064 1 1 1 1 
v -2.11059 2.53796 14.4606 1 1 1 1 
v -2.0044 3.30221 13.5359 1 1 1 1 
v 0.454584 1.92396 15.3753 1 1 1 1 
v 0.800081 2.67208 14.5527 1 1 1 1 
v 0.546821 2.58562 14.4933 1 1 1 1 
v 0.307901 1.87389 15.3409 1 1 1 1 
v -1.81383 1.87389 15.3409 1 1 1 1 
v -2.05275 2.58562 14.4933 1 1 1 1 
v -1.96051 1.92396 15.3753 1 1 1 1 
v -2.30601 2.67208 14.5527 1 1 1 1 
v 0.601268 1.63211 15.1747 1 1 1 1 
v 0.601268 1.87389 15.3409 1 1 1 1 
v 1.05334 2.58562 14.4933 1 1 1 1 
v 0.800081 2.67208 14.5527 1 1 1 1 
v 0.454584 1.92396 15.3753 1 1 1 1 
v -2.1072 1.63211 15.1747 1 1 1 1 
v -2.1072 1.87389 15.3409 1 1 1 1 
v -2.55927 2.58562 14.4933 1 1 1 1 
v -2.30601 2.67208 14.5527 1 1 1 1 
v -1.96051 1.92396 15.3753 1 1 1 1 
v 0.601268 1.87389 15.3409 1 1 1 1 
v 0.454584 1.92396 15.3753 1 1 1 1 
v 0.454584 1.753 15.2578 1 1 1 1 
v 0.307901 1.87389 15.3409 1 1 1 1 
v 0.662026 1.753 15.2578 1 1 1 1 
v 0.247143 1.753 15.2578 1 1 1 1 
v 0.601268 1.63211 15.1747 1 1 1 1 
v 0.307901 1.63211 15.1747 1 1 1 1 
v 0.454584 1.58203 15.1403 1 1 1 1 
v -2.1072 1.87389 15.3409 1 1 1 1 
v -1.96051 1.753 15.2578 1 1 1 1 
v -1.96051 1.92396 15.3753 1 1 1 1 
v -1.81383 1.87389 15.3409 1 1 1 1 
v -2.16795 1.753 15.2578 1 1 1 1 
v -1.75307 1.753 15.2578 1 1 1 1 
v -2.1072 1.63211 15.1747 1 1 1 1 
v -1.81383 1.63211 15.1747 1 1 1 1 
v -1.96051 1.58203 15.1403 1 1 1 1 
v 0.601268 1.63211 15.1747 1 1 1 1 
v 0.800081 2.08171 14.147 1 1 1 1 
v 0.800081 2.67208 14.5527 1 1 1 1 
v -2.1072 1.63211 15.1747 1 1 1 1 
v -2.55927 2.16817 14.2065 1 1 1 1 
v -2.66417 2.3769 14.3499 1 1 1 1 
v -2.16795 1.753 15.2578 1 1 1 1 
v -2.1072 1.87389 15.3409 1 1 1 1 
v -2.55927 2.58562 14.4933 1 1 1 1 
v -2.30601 2.67208 14.5527 1 1 1 1 
v 0.307901 1.87389 15.3409 1 1 1 1 
v 0.307901 1.63211 15.1747 1 1 1 1 
v -1.75307 1.753 15.2578 1 1 1 1 
v 0.373544 3.05363 13.3651 1 1 1 1 
v 0.498473 3.30221 13.5359 1 1 1 1 
v 0.800081 2.59952 14.0259 1 1 1 1 
v 0.800081 3.40517 13.6067 1 1 1 1 
v 1.10169 3.30221 13.5359 1 1 1 1 
v 0.800081 2.7021 13.1235 1 1 1 1 
v 1.22662 3.05363 13.3651 1 1 1 1 
v 1.10169 2.80506 13.1943 1 1 1 1 
v -1.87947 3.05363 13.3651 1 1 1 1 
v -2.30601 2.59952 14.0259 1 1 1 1 
v -2.0044 3.30221 13.5359 1 1 1 1 
v -2.30601 3.40517 13.6067 1 1 1 1 
v -2.0044 2.80506 13.1943 1 1 1 1 
v -2.60762 3.30221 13.5359 1 1 1 1 
v -2.73255 3.05363 13.3651 1 1 1 1 
v -2.60762 2.80506 13.1943 1 1 1 1 
v 0.800081 2.60467 14.5064 1 1 1 1 
v 0.441917 2.3769 14.3499 1 1 1 1 
v 1.07645 2.3769 14.3499 1 1 1 1 
v -2.30601 2.60467 14.5064 1 1 1 1 
v -2.50143 2.53796 14.4606 1 1 1 1 
v -2.58238 2.3769 14.3499 1 1 1 1 
v -2.50143 2.21584 14.2392 1 1 1 1 
v -2.30601 2.14913 14.1934 1 1 1 1 
v 0.604658 2.21584 14.2392 1 1 1 1 
v 0.498473 2.80506 13.1943 1 1 1 1 
v 0.373544 3.05363 13.3651 1 1 1 1 
v 0.523712 2.3769 14.3499 1 1 1 1 
v 0.604658 2.53796 14.4606 1 1 1 1 
v 0.498473 3.30221 13.5359 1 1 1 1 
v -2.50143 2.21584 14.2392 1 1 1 1 
v -2.60762 2.80506 13.1943 1 1 1 1 
v -2.73255 3.05363 13.3651 1 1 1 1 
v -2.58238 2.3769 14.3499 1 1 1 1 
v -2.50143 2.53796 14.4606 1 1 1 1 
v -2.60762 3.30221 13.5359 1 1 1 1 
v 0.546821 2.58562 14.4933 1 1 1 1 
v 0.307901 1.87389 15.3409 1 1 1 1 
v 0.441917 2.3769 14.3499 1 1 1 1 
v 0.247143 1.753 15.2578 1 1 1 1 
v 0.307901 1.63211 15.1747 1 1 1 1 
v 0.546821 2.16817 14.2065 1 1 1 1 
v 0.601268 1.63211 15.1747 1 1 1 1 
v 0.800081 2.08171 14.147 1 1 1 1 
v 1.05334 2.16817 14.2065 1 1 1 1 
v 0.454584 1.58203 15.1403 1 1 1 1 
v -2.30601 2.08171 14.147 1 1 1 1 
v -2.1072 1.63211 15.1747 1 1 1 1 
v -2.55927 2.16817 14.2065 1 1 1 1 
v -1.96051 1.58203 15.1403 1 1 1 1 
v 0.454584 1.753 15.2578 1 1 1 1 
v 0.307901 1.63211 15.1747 1 1 1 1 
v -1.96051 1.753 15.2578 1 1 1 1 
v -1.81383 1.63211 15.1747 1 1 1 1 
v 0.373544 3.05363 13.3651 1 1 1 1 
v 0.800081 2.7021 13.1235 1 1 1 1 
v 1.10169 2.80506 13.1943 1 1 1 1 
v -1.87947 3.05363 13.3651 1 1 1 1 
v -2.30601 2.7021 13.1235 1 1 1 1 
v -2.73255 3.05363 13.3651 1 1 1 1 
v -2.60762 2.80506 13.1943 1 1 1 1 
v 0.441917 2.3769 14.3499 1 1 1 1 
v 1.07645 2.3769 14.3499 1 1 1 1 
v 0.995504 2.21584 14.2392 1 1 1 1 
v -2.30601 2.60467 14.5064 1 1 1 1 
v -1.94784 2.3769 14.3499 1 1 1 1 
v -2.58238 2.3769 14.3499 1 1 1 1 
v -2.50143 2.21584 14.2392 1 1 1 1 
v 1.10169 2.80506 13.1943 1 1 1 1 
v 0.995504 2.21584 14.2392 1 1 1 1 
v 0.800081 2.7021 13.1235 1 1 1 1 
v 0.800081 2.14913 14.1934 1 1 1 1 
v 0.604658 2.21584 14.2392 1 1 1 1 
v 0.498473 2.80506 13.1943 1 1 1 1 
v -2.30601 2.7021 13.1235 1 1 1 1 
v -2.50143 2.21584 14.2392 1 1 1 1 
v -2.60762 2.80506 13.1943 1 1 1 1 
v -2.30601 2.14913 14.1934 1 1 1 1 
v -2.11059 2.21584 14.2392 1 1 1 1 
v -2.0044 2.80506 13.1943 1 1 1 1 
v 0.307901 1.63211 15.1747 1 1 1 1 
v 0.546821 2.16817 14.2065 1 1 1 1 
v 0.454584 1.58203 15.1403 1 1 1 1 
v 0.800081 2.08171 14.147 1 1 1 1 
v -1.81383 1.63211 15.1747 1 1 1 1 
v -2.05275 2.16817 14.2065 1 1 1 1 
v -1.96051 1.58203 15.1403 1 1 1 1 
v -2.30601 2.08171 14.147 1 1 1 1 
v 0.800081 2.08171 14.147 1 1 1 1 
v -2.30601 2.08171 14.147 1 1 1 1 
v 0.373544 3.05363 13.3651 1 1 1 1 
v 0.498473 3.30221 13.5359 1 1 1 1 
v 0.800081 2.59952 14.0259 1 1 1 1 
v 0.800081 3.40517 13.6067 1 1 1 1 
v 1.10169 3.30221 13.5359 1 1 1 1 
v -1.87947 3.05363 13.3651 1 1 1 1 
v -2.30601 2.59952 14.0259 1 1 1 1 
v -2.0044 3.30221 13.5359 1 1 1 1 
v -2.30601 3.40517 13.6067 1 1 1 1 
v -2.60762 3.30221 13.5359 1 1 1 1 
v -2.73255 3.05363 13.3651 1 1 1 1 
v 0.546821 2.58562 14.4933 1 1 1 1 
v 0.800081 2.67208 14.5527 1 1 1 1 
v 0.800081 2.60467 14.5064 1 1 1 1 
v 1.05334 2.58562 14.4933 1 1 1 1 
v 0.604658 2.53796 14.4606 1 1 1 1 
v 0.995504 2.53796 14.4606 1 1 1 1 
v 0.441917 2.3769 14.3499 1 1 1 1 
v 1.07645 2.3769 14.3499 1 1 1 1 
v 0.523712 2.3769 14.3499 1 1 1 1 
v 1.15825 2.3769 14.3499 1 1 1 1 
v 0.604658 2.21584 14.2392 1 1 1 1 
v 1.05334 2.16817 14.2065 1 1 1 1 
v 0.546821 2.16817 14.2065 1 1 1 1 
v 0.995504 2.21584 14.2392 1 1 1 1 
v 0.800081 2.14913 14.1934 1 1 1 1 
v 0.800081 2.08171 14.147 1 1 1 1 
v -2.05275 2.58562 14.4933 1 1 1 1 
v -2.30601 2.60467 14.5064 1 1 1 1 
v -2.30601 2.67208 14.5527 1 1 1 1 
v -2.55927 2.58562 14.4933 1 1 1 1 
v -2.11059 2.53796 14.4606 1 1 1 1 
v -2.50143 2.53796 14.4606 1 1 1 1 
v -1.94784 2.3769 14.3499 1 1 1 1 
v -2.58238 2.3769 14.3499 1 1 1 1 
v -2.02964 2.3769 14.3499 1 1 1 1 
v -2.66417 2.3769 14.3499 1 1 1 1 
v -2.11059 2.21584 14.2392 1 1 1 1 
v -2.55927 2.16817 14.2065 1 1 1 1 
v -2.05275 2.16817 14.2065 1 1 1 1 
v -2.50143 2.21584 14.2392 1 1 1 1 
v -2.30601 2.14913 14.1934 1 1 1 1 
v -2.30601 2.08171 14.147 1 1 1 1 

vn 0.503937 -0.850394 0.133858 
vn 0.708661 -0.700787 -0.0629921 
vn 0.913386 -0.23622 0.338583 
vn 0.748031 -0.377953 0.551181 
vn 0.503937 0.181102 0.84252 
vn 0.708661 0.307087 0.637795 
vn 0.370079 0.606299 0.708661 
vn -0.370079 -0.874016 -0.314961 
vn -0.370079 0.606299 0.708661 
vn 0 -0.566929 0.826772 
vn 0 -0.566929 0.826772 
vn 0 -0.566929 0.826772 
vn 0.88189 0.267717 -0.385827 
vn 0.622047 -0.251969 -0.740157 
vn 0 0.566929 -0.826772 
vn 0 -0.464567 -0.889764 
vn 0.622047 0.779528 -0.0314961 
vn -0.622047 -0.251969 -0.740157 
vn 0 0.992126 0.110236 
vn -0.88189 0.267717 -0.385827 
vn -0.622047 0.779528 -0.0314961 
vn -0.88189 0.267717 -0.385827 
vn 0 0.566929 -0.826772 
vn -0.622047 -0.251969 -0.740157 
vn 0 -0.464567 -0.889764 
vn 0.622047 -0.251969 -0.740157 
vn 0 0.992126 0.110236 
vn 0.88189 0.267717 -0.385827 
vn 0.622047 0.779528 -0.0314961 
vn 0 0.566929 -0.826772 
vn 0 0.566929 -0.826772 
vn 0 0.566929 -0.826772 
vn 0 0.566929 -0.826772 
vn 0 0.566929 -0.826772 
vn 0 0.566929 -0.826772 
vn 0 0.566929 -0.826772 
vn 0 0.566929 -0.826772 
vn 0.700787 -0.645669 -0.291339 
vn 0.700787 -0.645669 -0.291339 
vn 0.992126 -0.0708661 0.102362 
vn 0.992126 -0.0708661 0.102362 
vn 0.700787 0.503937 0.503937 
vn 0.700787 0.503937 0.503937 
vn 0.700787 -0.645669 -0.291339 
vn 0.700787 -0.645669 -0.291339 
vn 0.992126 -0.0708661 0.102362 
vn 0.992126 -0.0708661 0.102362 
vn 0.700787 0.503937 0.503937 
vn 0.700787 0.503937 0.503937 
vn 0.76378 0.582677 0.267717 
vn 0.622047 0.677165 0.393701 
vn 0.984252 0.102362 -0.141732 
vn 0.984252 0.102362 -0.141732 
vn 0.76378 -0.464567 -0.448819 
vn 0.622047 -0.606299 -0.488189 
vn 0.370079 0.606299 0.708661 
vn -0.370079 0.606299 0.708661 
vn 0 -0.566929 0.826772 
vn 0 -0.566929 0.826772 
vn 0.88189 0.267717 -0.385827 
vn 0 0.566929 -0.826772 
vn 0 -0.464567 -0.889764 
vn 0.622047 0.779528 -0.0314961 
vn -0.622047 -0.251969 -0.740157 
vn 0 0.992126 0.110236 
vn -0.622047 0.779528 -0.0314961 
vn -0.88189 0.267717 -0.385827 
vn 0 0.566929 -0.826772 
vn 0 -0.464567 -0.889764 
vn -0.622047 0.779528 -0.0314961 
vn 0.622047 -0.251969 -0.740157 
vn 0 0.992126 0.110236 
vn 0.88189 0.267717 -0.385827 
vn 0.622047 0.779528 -0.0314961 
vn 0 0.566929 -0.826772 
vn 0 0.566929 -0.826772 
vn 0 0.566929 -0.826772 
vn 0 0.566929 -0.826772 
vn 0 0.566929 -0.826772 
vn 0 0.566929 -0.826772 
vn 0 0.566929 -0.826772 
vn 0.700787 0.503937 0.503937 
vn 0.700787 0.503937 0.503937 
vn 0 0.748031 0.661417 
vn 0 0.748031 0.661417 
vn -0.700787 0.503937 0.503937 
vn -0.700787 0.503937 0.503937 
vn -0.700787 0.503937 0.503937 
vn -0.700787 0.503937 0.503937 
vn 0 0.748031 0.661417 
vn 0 0.748031 0.661417 
vn 0.700787 0.503937 0.503937 
vn 0.700787 0.503937 0.503937 
vn -0.385827 0.755906 0.527559 
vn -0.385827 0.755906 0.527559 
vn -0.622047 0.677165 0.393701 
vn -0.76378 0.582677 0.267717 
vn 0.76378 0.582677 0.267717 
vn 0.622047 0.677165 0.393701 
vn 0.385827 0.755906 0.527559 
vn 0.385827 0.755906 0.527559 
vn 0.503937 -0.850394 0.133858 
vn 0.503937 0.181102 0.84252 
vn 0.708661 0.307087 0.637795 
vn 0.370079 0.606299 0.708661 
vn 0.370079 0.606299 0.708661 
vn -0.503937 -0.850394 0.133858 
vn -0.503937 0.181102 0.84252 
vn -0.708661 0.307087 0.637795 
vn -0.370079 0.606299 0.708661 
vn -0.370079 0.606299 0.708661 
vn 0.503937 0.181102 0.84252 
vn 0 -0.566929 0.826772 
vn 0 -0.566929 0.826772 
vn 0 -0.566929 0.826772 
vn 0.748031 -0.377953 0.551181 
vn 0 -0.566929 0.826772 
vn 0.503937 -0.850394 0.133858 
vn 0 -0.566929 0.826772 
vn 0 -0.566929 0.826772 
vn -0.503937 0.181102 0.84252 
vn 0 -0.566929 0.826772 
vn 0 -0.566929 0.826772 
vn 0 -0.566929 0.826772 
vn -0.748031 -0.377953 0.551181 
vn 0 -0.566929 0.826772 
vn -0.503937 -0.850394 0.133858 
vn 0 -0.566929 0.826772 
vn 0 -0.566929 0.826772 
vn 0.503937 -0.850394 0.133858 
vn 0.370079 -0.874016 -0.314961 
vn 0.370079 0.606299 0.708661 
vn -0.503937 -0.850394 0.133858 
vn -0.708661 -0.700787 -0.0629921 
vn -0.913386 -0.23622 0.338583 
vn -0.748031 -0.377953 0.551181 
vn -0.503937 0.181102 0.84252 
vn -0.708661 0.307087 0.637795 
vn -0.370079 0.606299 0.708661 
vn 0 -0.566929 0.826772 
vn 0 -0.566929 0.826772 
vn 0 -0.566929 0.826772 
vn 0.88189 0.267717 -0.385827 
vn 0.622047 -0.251969 -0.740157 
vn 0 0.566929 -0.826772 
vn 0 -0.464567 -0.889764 
vn -0.622047 -0.251969 -0.740157 
vn 0 0.992126 0.110236 
vn -0.88189 0.267717 -0.385827 
vn -0.622047 0.779528 -0.0314961 
vn -0.88189 0.267717 -0.385827 
vn 0 0.566929 -0.826772 
vn -0.622047 -0.251969 -0.740157 
vn 0 -0.464567 -0.889764 
vn -0.622047 0.779528 -0.0314961 
vn 0.622047 -0.251969 -0.740157 
vn 0.88189 0.267717 -0.385827 
vn 0.622047 0.779528 -0.0314961 
vn 0 0.566929 -0.826772 
vn 0 0.566929 -0.826772 
vn 0 0.566929 -0.826772 
vn 0 0.566929 -0.826772 
vn 0 0.566929 -0.826772 
vn 0 0.566929 -0.826772 
vn 0 0.566929 -0.826772 
vn 0 0.566929 -0.826772 
vn -0.700787 -0.645669 -0.291339 
vn -0.700787 -0.645669 -0.291339 
vn -0.992126 -0.0708661 0.102362 
vn -0.992126 -0.0708661 0.102362 
vn -0.700787 0.503937 0.503937 
vn -0.700787 0.503937 0.503937 
vn -0.700787 -0.645669 -0.291339 
vn -0.700787 -0.645669 -0.291339 
vn -0.992126 -0.0708661 0.102362 
vn -0.992126 -0.0708661 0.102362 
vn -0.700787 0.503937 0.503937 
vn -0.700787 0.503937 0.503937 
vn -0.622047 0.677165 0.393701 
vn -0.76378 0.582677 0.267717 
vn -0.984252 0.102362 -0.141732 
vn -0.984252 0.102362 -0.141732 
vn -0.76378 -0.464567 -0.448819 
vn -0.622047 -0.606299 -0.488189 
vn 0.503937 -0.850394 0.133858 
vn 0.370079 -0.874016 -0.314961 
vn 0.708661 -0.700787 -0.0629921 
vn 0.370079 -0.874016 -0.314961 
vn -0.370079 -0.874016 -0.314961 
vn -0.503937 -0.850394 0.133858 
vn -0.708661 -0.700787 -0.0629921 
vn -0.370079 -0.874016 -0.314961 
vn 0 -0.566929 0.826772 
vn 0 -0.566929 0.826772 
vn 0 -0.566929 0.826772 
vn 0 -0.566929 0.826772 
vn 0.88189 0.267717 -0.385827 
vn 0 0.992126 0.110236 
vn -0.622047 0.779528 -0.0314961 
vn -0.88189 0.267717 -0.385827 
vn 0 0.992126 0.110236 
vn 0.88189 0.267717 -0.385827 
vn 0.622047 0.779528 -0.0314961 
vn 0 0.566929 -0.826772 
vn 0 0.566929 -0.826772 
vn 0 0.566929 -0.826772 
vn 0 0.566929 -0.826772 
vn 0 0.566929 -0.826772 
vn 0 0.566929 -0.826772 
vn 0 0.566929 -0.826772 
vn 0.700787 -0.645669 -0.291339 
vn 0.700787 -0.645669 -0.291339 
vn 0 -0.889764 -0.456693 
vn 0 -0.889764 -0.456693 
vn -0.700787 -0.645669 -0.291339 
vn -0.700787 -0.645669 -0.291339 
vn 0 -0.889764 -0.456693 
vn -0.700787 -0.645669 -0.291339 
vn -0.700787 -0.645669 -0.291339 
vn 0 -0.889764 -0.456693 
vn 0.700787 -0.645669 -0.291339 
vn 0.700787 -0.645669 -0.291339 
vn -0.76378 -0.464567 -0.448819 
vn -0.622047 -0.606299 -0.488189 
vn -0.385827 -0.76378 -0.519685 
vn -0.385827 -0.76378 -0.519685 
vn 0.76378 -0.464567 -0.448819 
vn 0.622047 -0.606299 -0.488189 
vn 0.385827 -0.76378 -0.519685 
vn 0.385827 -0.76378 -0.519685 
vn 0.370079 -0.874016 -0.314961 
vn -0.370079 -0.874016 -0.314961 
vn 0.88189 0.267717 -0.385827 
vn 0.622047 -0.251969 -0.740157 
vn 0 0.566929 -0.826772 
vn 0 -0.464567 -0.889764 
vn -0.622047 -0.251969 -0.740157 
vn -0.88189 0.267717 -0.385827 
vn 0 0.566929 -0.826772 
vn -0.622047 -0.251969 -0.740157 
vn 0 -0.464567 -0.889764 
vn 0.622047 -0.251969 -0.740157 
vn 0.88189 0.267717 -0.385827 
vn 0 0.566929 -0.826772 
vn 0 0.566929 -0.826772 
vn 0 0.566929 -0.826772 
vn 0 0.566929 -0.826772 
vn 0 0.566929 -0.826772 
vn 0 0.566929 -0.826772 
vn 0 0.566929 -0.826772 
vn 0 0.566929 -0.826772 
vn 0 0.566929 -0.826772 
vn 0 0.566929 -0.826772 
vn 0 0.566929 -0.826772 
vn 0 0.566929 -0.826772 
vn 0 0.566929 -0.826772 
vn 0 0.566929 -0.826772 
vn 0 0.566929 -0.826772 
vn 0 0.566929 -0.826772 
vn 0 0.566929 -0.826772 
vn 0 0.566929 -0.826772 
vn 0 0.566929 -0.826772 
vn 0 0.566929 -0.826772 
vn 0 0.566929 -0.826772 
vn 0 0.566929 -0.826772 
vn 0 0.566929 -0.826772 
vn 0 0.566929 -0.826772 
vn 0 0.566929 -0.826772 
vn 0 0.566929 -0.826772 
vn 0 0.566929 -0.826772 
vn 0 0.566929 -0.826772 
vn 0 0.566929 -0.826772 
vn 0 0.566929 -0.826772 
vn 0 0.566929 -0.826772 
vn 0 0.566929 -0.826772 

vt 33.8843 -39.1077 
vt 34.0054 -39.0407 
vt 33.9874 -39.0146 
vt 33.874 -39.0926 
vt 33.8636 -39.0775 
vt 33.9695 -38.9885 
vt 33.9621 -38.9777 
vt 34.0128 -39.0515 
vt 33.9621 -38.9777 
vt 33.8636 -39.0775 
vt 33.874 -39.0926 
vt 33.8843 -39.1077 
vt 34.1105 -38.93 
vt 34.0892 -38.8989 
vt 34.0279 -38.9868 
vt 34.0803 -38.8861 
vt 34.1319 -38.9611 
vt 34.0892 -38.8989 
vt 34.1407 -38.9739 
vt 34.1105 -38.93 
vt 34.1319 -38.9611 
vt 34.1105 -38.93 
vt 34.0279 -38.9868 
vt 34.0892 -38.8989 
vt 34.0803 -38.8861 
vt 34.0892 -38.8989 
vt 34.1407 -38.9739 
vt 34.1105 -38.93 
vt 34.1319 -38.9611 
vt 33.9679 -38.9861 
vt 33.9736 -38.9945 
vt 33.9874 -39.0146 
vt 34.0013 -39.0347 
vt 33.9679 -38.9861 
vt 33.9874 -39.0146 
vt 33.9874 -39.0146 
vt 34.007 -39.0431 
vt 34.1319 -38.9611 
vt 34.0013 -39.0347 
vt 34.1105 -38.93 
vt 33.9874 -39.0146 
vt 33.9736 -38.9945 
vt 34.0892 -38.8989 
vt 34.0013 -39.0347 
vt 34.1319 -38.9611 
vt 34.1105 -38.93 
vt 33.9874 -39.0146 
vt 33.9736 -38.9945 
vt 34.0892 -38.8989 
vt 33.8636 -39.0775 
vt 33.9695 -38.9885 
vt 33.9874 -39.0146 
vt 33.874 -39.0926 
vt 33.8843 -39.1077 
vt 34.0054 -39.0407 
vt 33.8059 -38.9621 
vt 34.1941 -38.9621 
vt 33.8491 -38.874 
vt 34.1509 -38.874 
vt 33.8592 -39.1105 
vt 33.8059 -39.0279 
vt 33.8059 -39.0803 
vt 33.8436 -39.1319 
vt 33.7682 -39.0892 
vt 33.8059 -39.1407 
vt 33.7682 -39.1319 
vt 34.1408 -39.1105 
vt 34.1941 -39.0279 
vt 34.1941 -39.0803 
vt 34.1564 -39.1319 
vt 34.2318 -39.0892 
vt 34.1941 -39.1407 
vt 34.2474 -39.1105 
vt 34.2318 -39.1319 
vt 33.7814 -38.9736 
vt 33.8506 -38.9874 
vt 33.7713 -38.9874 
vt 34.1941 -38.9679 
vt 34.2186 -38.9736 
vt 34.1494 -38.9874 
vt 34.2287 -38.9874 
vt 33.7814 -38.9736 
vt 33.7682 -39.0892 
vt 33.8059 -39.0803 
vt 33.8059 -38.9679 
vt 33.8303 -38.9736 
vt 33.8436 -39.0892 
vt 34.2186 -38.9736 
vt 34.2318 -39.0892 
vt 34.1941 -39.0803 
vt 34.1941 -38.9679 
vt 34.1697 -38.9736 
vt 34.1564 -39.0892 
vt 33.8491 -38.8593 
vt 33.8059 -38.9621 
vt 33.8375 -38.9695 
vt 33.8674 -38.8636 
vt 34.1326 -38.8636 
vt 34.1625 -38.9695 
vt 34.1509 -38.8593 
vt 34.1941 -38.9621 
vt 34.1693 -39.1077 
vt 34.1693 -39.0775 
vt 34.2258 -38.9885 
vt 34.1941 -38.9777 
vt 34.1509 -39.0712 
vt 33.8307 -39.1077 
vt 33.8307 -39.0775 
vt 33.7742 -38.9885 
vt 33.8059 -38.9777 
vt 33.8491 -39.0712 
vt 34.1693 -39.0775 
vt 34.1509 -39.0712 
vt 34.1509 -39.0926 
vt 34.1326 -39.0775 
vt 34.1769 -39.0926 
vt 34.125 -39.0926 
vt 34.1693 -39.1077 
vt 34.1326 -39.1077 
vt 34.1509 -39.1139 
vt 33.8307 -39.0775 
vt 33.8491 -39.0926 
vt 33.8491 -39.0712 
vt 33.8674 -39.0775 
vt 33.8231 -39.0926 
vt 33.875 -39.0926 
vt 33.8307 -39.1077 
vt 33.8674 -39.1077 
vt 33.8491 -39.1139 
vt 34.1157 -39.1077 
vt 33.9872 -39.0515 
vt 34.0379 -38.9777 
vt 34.1157 -39.1077 
vt 33.9946 -39.0407 
vt 34.0126 -39.0146 
vt 34.126 -39.0926 
vt 34.1364 -39.0775 
vt 34.0305 -38.9885 
vt 34.0379 -38.9777 
vt 34.1364 -39.0775 
vt 34.1157 -39.1077 
vt 34.126 -39.0926 
vt 33.8895 -38.93 
vt 33.9108 -38.8989 
vt 33.9721 -38.9868 
vt 33.9197 -38.8861 
vt 33.9108 -38.8989 
vt 33.8593 -38.9739 
vt 33.8895 -38.93 
vt 33.8681 -38.9611 
vt 33.8895 -38.93 
vt 33.9721 -38.9868 
vt 33.9108 -38.8989 
vt 33.9197 -38.8861 
vt 33.8681 -38.9611 
vt 33.9108 -38.8989 
vt 33.8895 -38.93 
vt 33.8681 -38.9611 
vt 34.0321 -38.9861 
vt 34.0126 -39.0146 
vt 34.0126 -39.0146 
vt 34.0321 -38.9861 
vt 34.0264 -38.9945 
vt 34.0126 -39.0146 
vt 33.9987 -39.0347 
vt 33.993 -39.0431 
vt 33.9987 -39.0347 
vt 33.8681 -38.9611 
vt 33.8895 -38.93 
vt 34.0126 -39.0146 
vt 34.0264 -38.9945 
vt 33.9108 -38.8989 
vt 33.9987 -39.0347 
vt 33.8681 -38.9611 
vt 33.8895 -38.93 
vt 34.0126 -39.0146 
vt 34.0264 -38.9945 
vt 33.9108 -38.8989 
vt 34.0305 -38.9885 
vt 34.1364 -39.0775 
vt 34.0126 -39.0146 
vt 34.126 -39.0926 
vt 34.1157 -39.1077 
vt 33.9946 -39.0407 
vt 34.1693 -38.8843 
vt 34.1941 -39.0128 
vt 34.2258 -39.0054 
vt 34.1509 -38.8886 
vt 33.8059 -39.0128 
vt 33.8307 -38.8843 
vt 33.7742 -39.0054 
vt 33.8491 -38.8886 
vt 34.1509 -38.874 
vt 34.1326 -38.8843 
vt 33.8491 -38.874 
vt 33.8674 -38.8843 
vt 34.1408 -39.1105 
vt 34.1941 -39.1407 
vt 34.2318 -39.1319 
vt 33.8592 -39.1105 
vt 33.8059 -39.1407 
vt 33.7526 -39.1105 
vt 33.7682 -39.1319 
vt 34.1494 -38.9874 
vt 34.2287 -38.9874 
vt 34.2186 -39.0013 
vt 33.8059 -38.9679 
vt 33.8506 -38.9874 
vt 33.7713 -38.9874 
vt 33.7814 -39.0013 
vt 34.2318 -39.1319 
vt 34.2186 -39.0013 
vt 34.1941 -39.1407 
vt 34.1941 -39.007 
vt 34.1697 -39.0013 
vt 34.1564 -39.1319 
vt 33.8059 -39.1407 
vt 33.7814 -39.0013 
vt 33.7682 -39.1319 
vt 33.8059 -39.007 
vt 33.8303 -39.0013 
vt 33.8436 -39.1319 
vt 34.1326 -38.8843 
vt 34.1625 -39.0054 
vt 34.1509 -38.8886 
vt 34.1941 -39.0128 
vt 33.8674 -38.8843 
vt 33.8375 -39.0054 
vt 33.8491 -38.8886 
vt 33.8059 -39.0128 
vt 33.8059 -39.0515 
vt 34.1941 -39.0515 
vt 33.8592 -38.93 
vt 33.8436 -38.8989 
vt 33.8059 -38.9868 
vt 33.8059 -38.8861 
vt 33.7682 -38.8989 
vt 34.1408 -38.93 
vt 34.1941 -38.9868 
vt 34.1564 -38.8989 
vt 34.1941 -38.8861 
vt 34.2318 -38.8989 
vt 34.2474 -38.93 
vt 33.8375 -38.9885 
vt 33.8059 -38.9777 
vt 33.8059 -38.9861 
vt 33.7742 -38.9885 
vt 33.8303 -38.9945 
vt 33.7814 -38.9945 
vt 33.8506 -39.0146 
vt 33.7713 -39.0146 
vt 33.8404 -39.0146 
vt 33.7611 -39.0146 
vt 33.8303 -39.0347 
vt 33.7742 -39.0407 
vt 33.8375 -39.0407 
vt 33.7814 -39.0347 
vt 33.8059 -39.0431 
vt 33.8059 -39.0515 
vt 34.1625 -38.9885 
vt 34.1941 -38.9861 
vt 34.1941 -38.9777 
vt 34.2258 -38.9885 
vt 34.1697 -38.9945 
vt 34.2186 -38.9945 
vt 34.1494 -39.0146 
vt 34.2287 -39.0146 
vt 34.1596 -39.0146 
vt 34.2389 -39.0146 
vt 34.1697 -39.0347 
vt 34.2258 -39.0407 
vt 34.1625 -39.0407 
vt 34.2186 -39.0347 
vt 34.1941 -39.0431 
vt 34.1941 -39.0515 

usemtl Cube0231Mtl

f 5317/5317/5317 5315/5315/5315 5316/5316/5316 
f 5315/5315/5315 5317/5317/5317 5318/5318/5318 
f 5317/5317/5317 5319/5319/5319 5318/5318/5318 
f 5319/5319/5319 5317/5317/5317 5320/5320/5320 
f 5327/5327/5327 5328/5328/5328 5329/5329/5329 
f 5331/5331/5331 5327/5327/5327 5329/5329/5329 
f 5340/5340/5340 5337/5337/5337 5342/5342/5342 
f 5342/5342/5342 5337/5337/5337 5343/5343/5343 
f 5354/5354/5354 5353/5353/5353 5352/5352/5352 
f 5353/5353/5353 5354/5354/5354 5355/5355/5355 
f 5354/5354/5354 5356/5356/5356 5355/5355/5355 
f 5357/5357/5357 5356/5356/5356 5354/5354/5354 
f 5360/5360/5360 5358/5358/5358 5359/5359/5359 
f 5358/5358/5358 5360/5360/5360 5361/5361/5361 
f 5360/5360/5360 5362/5362/5362 5361/5361/5361 
f 5362/5362/5362 5360/5360/5360 5363/5363/5363 
f 5365/5365/5365 5364/5364/5364 5366/5366/5366 
f 5366/5366/5366 5364/5364/5364 5367/5367/5367 
f 5368/5368/5368 5366/5366/5366 5367/5367/5367 
f 5366/5366/5366 5368/5368/5368 5369/5369/5369 
f 5379/5379/5379 5377/5377/5377 5375/5375/5375 
f 5380/5380/5380 5379/5379/5379 5375/5375/5375 
f 5386/5386/5386 5382/5382/5382 5384/5384/5384 
f 5388/5388/5388 5382/5382/5382 5386/5386/5386 
f 5398/5398/5398 5396/5396/5396 5397/5397/5397 
f 5396/5396/5396 5398/5398/5398 5399/5399/5399 
f 5398/5398/5398 5400/5400/5400 5399/5399/5399 
f 5401/5401/5401 5400/5400/5400 5398/5398/5398 
f 5402/5402/5402 5404/5404/5404 5403/5403/5403 
f 5404/5404/5404 5402/5402/5402 5405/5405/5405 
f 5406/5406/5406 5404/5404/5404 5405/5405/5405 
f 5404/5404/5404 5406/5406/5406 5407/5407/5407 
f 5408/5408/5408 5409/5409/5409 5410/5410/5410 
f 5408/5408/5408 5410/5410/5410 5411/5411/5411 
f 5412/5412/5412 5413/5413/5413 5414/5414/5414 
f 5415/5415/5415 5414/5414/5414 5413/5413/5413 
f 5417/5417/5417 5418/5418/5418 5419/5419/5419 
f 5417/5417/5417 5419/5419/5419 5420/5420/5420 
f 5423/5423/5423 5422/5422/5422 5424/5424/5424 
f 5425/5425/5425 5424/5424/5424 5422/5422/5422 
f 5426/5426/5426 5427/5427/5427 5428/5428/5428 
f 5427/5427/5427 5429/5429/5429 5428/5428/5428 
f 5430/5430/5430 5426/5426/5426 5428/5428/5428 
f 5429/5429/5429 5431/5431/5431 5428/5428/5428 
f 5432/5432/5432 5430/5430/5430 5428/5428/5428 
f 5431/5431/5431 5433/5433/5433 5428/5428/5428 
f 5434/5434/5434 5432/5432/5432 5428/5428/5428 
f 5433/5433/5433 5434/5434/5434 5428/5428/5428 
f 5435/5435/5435 5436/5436/5436 5437/5437/5437 
f 5437/5437/5437 5436/5436/5436 5438/5438/5438 
f 5439/5439/5439 5436/5436/5436 5435/5435/5435 
f 5438/5438/5438 5436/5436/5436 5440/5440/5440 
f 5441/5441/5441 5436/5436/5436 5439/5439/5439 
f 5440/5440/5440 5436/5436/5436 5442/5442/5442 
f 5443/5443/5443 5436/5436/5436 5441/5441/5441 
f 5442/5442/5442 5436/5436/5436 5443/5443/5443 
f 5448/5448/5448 5447/5447/5447 5449/5449/5449 
f 5449/5449/5449 5447/5447/5447 5450/5450/5450 
f 5451/5451/5451 5449/5449/5449 5450/5450/5450 
f 5449/5449/5449 5451/5451/5451 5452/5452/5452 
f 5461/5461/5461 5463/5463/5463 5459/5459/5459 
f 5463/5463/5463 5464/5464/5464 5459/5459/5459 
f 5465/5465/5465 5466/5466/5466 5467/5467/5467 
f 5469/5469/5469 5466/5466/5466 5465/5465/5465 
f 5482/5482/5482 5481/5481/5481 5483/5483/5483 
f 5483/5483/5483 5481/5481/5481 5484/5484/5484 
f 5485/5485/5485 5483/5483/5483 5484/5484/5484 
f 5483/5483/5483 5485/5485/5485 5486/5486/5486 
f 5487/5487/5487 5489/5489/5489 5488/5488/5488 
f 5489/5489/5489 5487/5487/5487 5490/5490/5490 
f 5491/5491/5491 5489/5489/5489 5490/5490/5490 
f 5489/5489/5489 5491/5491/5491 5492/5492/5492 
f 5495/5495/5495 5494/5494/5494 5493/5493/5493 
f 5494/5494/5494 5495/5495/5495 5496/5496/5496 
f 5495/5495/5495 5497/5497/5497 5496/5496/5496 
f 5497/5497/5497 5495/5495/5495 5498/5498/5498 
f 5499/5499/5499 5500/5500/5500 5501/5501/5501 
f 5500/5500/5500 5499/5499/5499 5502/5502/5502 
f 5503/5503/5503 5504/5504/5504 5505/5505/5505 
f 5504/5504/5504 5503/5503/5503 5506/5506/5506 
f 5525/5525/5525 5526/5526/5526 5527/5527/5527 
f 5527/5527/5527 5526/5526/5526 5528/5528/5528 
f 5529/5529/5529 5527/5527/5527 5528/5528/5528 
f 5527/5527/5527 5529/5529/5529 5530/5530/5530 
f 5531/5531/5531 5532/5532/5532 5533/5533/5533 
f 5532/5532/5532 5531/5531/5531 5534/5534/5534 
f 5531/5531/5531 5535/5535/5535 5534/5534/5534 
f 5535/5535/5535 5531/5531/5531 5536/5536/5536 
f 5538/5538/5538 5539/5539/5539 5537/5537/5537 
f 5539/5539/5539 5538/5538/5538 5540/5540/5540 
f 5543/5543/5543 5542/5542/5542 5541/5541/5541 
f 5542/5542/5542 5543/5543/5543 5544/5544/5544 
f 5548/5548/5548 5550/5550/5550 5549/5549/5549 
f 5550/5550/5550 5551/5551/5551 5549/5549/5549 
f 5554/5554/5554 5553/5553/5553 5555/5555/5555 
f 5555/5555/5555 5553/5553/5553 5556/5556/5556 
f 5558/5558/5558 5559/5559/5559 5560/5560/5560 
f 5561/5561/5561 5560/5560/5560 5559/5559/5559 
f 5558/5558/5558 5560/5560/5560 5562/5562/5562 
f 5560/5560/5560 5561/5561/5561 5563/5563/5563 
f 5562/5562/5562 5564/5564/5564 5558/5558/5558 
f 5561/5561/5561 5565/5565/5565 5563/5563/5563 
f 5562/5562/5562 5566/5566/5566 5564/5564/5564 
f 5565/5565/5565 5561/5561/5561 5567/5567/5567 
f 5568/5568/5568 5564/5564/5564 5566/5566/5566 
f 5569/5569/5569 5565/5565/5565 5567/5567/5567 
f 5564/5564/5564 5568/5568/5568 5570/5570/5570 
f 5565/5565/5565 5569/5569/5569 5571/5571/5571 
f 5572/5572/5572 5570/5570/5570 5568/5568/5568 
f 5572/5572/5572 5571/5571/5571 5569/5569/5569 
f 5570/5570/5570 5572/5572/5572 5573/5573/5573 
f 5569/5569/5569 5573/5573/5573 5572/5572/5572 
f 5574/5574/5574 5575/5575/5575 5576/5576/5576 
f 5575/5575/5575 5577/5577/5577 5576/5576/5576 
f 5578/5578/5578 5575/5575/5575 5574/5574/5574 
f 5577/5577/5577 5575/5575/5575 5579/5579/5579 
f 5574/5574/5574 5580/5580/5580 5578/5578/5578 
f 5581/5581/5581 5577/5577/5577 5579/5579/5579 
f 5578/5578/5578 5580/5580/5580 5582/5582/5582 
f 5583/5583/5583 5577/5577/5577 5581/5581/5581 
f 5580/5580/5580 5584/5584/5584 5582/5582/5582 
f 5581/5581/5581 5585/5585/5585 5583/5583/5583 
f 5584/5584/5584 5580/5580/5580 5586/5586/5586 
f 5585/5585/5585 5581/5581/5581 5587/5587/5587 
f 5586/5586/5586 5588/5588/5588 5584/5584/5584 
f 5588/5588/5588 5585/5585/5585 5587/5587/5587 
f 5588/5588/5588 5586/5586/5586 5589/5589/5589 
f 5589/5589/5589 5585/5585/5585 5588/5588/5588 

g Cylinder0141

v 2.43062 1.28672 15.0379 1 1 1 1 
v 2.46939 1.06448 14.3806 1 1 1 1 
v 2.46939 1.28672 14.4248 1 1 1 1 
v 2.46939 1.50895 14.3806 1 1 1 1 
v 2.43062 0.829846 14.947 1 1 1 1 
v 2.43062 1.74359 14.947 1 1 1 1 
v 2.43062 0.44253 14.6882 1 1 1 1 
v 2.43062 2.1309 14.6882 1 1 1 1 
v 2.46939 0.876082 14.2547 1 1 1 1 
v 2.46939 1.69735 14.2547 1 1 1 1 
v 2.46939 0.750196 14.0663 1 1 1 1 
v 2.43062 2.3897 14.3009 1 1 1 1 
v 2.43062 0.183734 14.3009 1 1 1 1 
v 2.46939 1.82323 14.0663 1 1 1 1 
v 2.43062 0.0928568 13.844 1 1 1 1 
v 2.46939 1.86744 13.844 1 1 1 1 
v 2.46939 0.705992 13.844 1 1 1 1 
v 2.43062 2.48057 13.844 1 1 1 1 
v 2.46939 0.750196 13.6218 1 1 1 1 
v 2.43062 2.3897 13.3872 1 1 1 1 
v 2.43062 0.183734 13.3872 1 1 1 1 
v 2.46939 1.82323 13.6218 1 1 1 1 
v 2.43062 0.44253 12.9999 1 1 1 1 
v 2.46939 1.69735 13.4334 1 1 1 1 
v 2.46939 0.876082 13.4334 1 1 1 1 
v 2.43062 2.1309 12.9999 1 1 1 1 
v 2.46939 1.06448 13.3075 1 1 1 1 
v 2.46939 1.50895 13.3075 1 1 1 1 
v 2.43062 0.829845 12.7411 1 1 1 1 
v 2.43062 1.74359 12.7411 1 1 1 1 
v 2.43062 1.28672 12.6502 1 1 1 1 
v 2.46939 1.28672 13.2633 1 1 1 1 
v -2.80933 2.1476 14.7049 1 1 1 1 
v -2.80933 2.41151 13.3781 1 1 1 1 
v -2.80933 2.1476 12.9832 1 1 1 1 
v -2.80933 1.75262 12.7192 1 1 1 1 
v -2.80933 1.28672 12.6266 1 1 1 1 
v -2.80933 0.425835 12.9832 1 1 1 1 
v -2.80933 0.161921 13.3781 1 1 1 1 
v -2.80933 0.161921 14.3099 1 1 1 1 
v -2.80933 0.425835 14.7049 1 1 1 1 
v -2.80933 0.820811 14.9688 1 1 1 1 
v -2.65928 2.32846 13.844 1 1 1 1 
v -2.85148 1.28672 13.844 1 1 1 1 
v -2.65928 2.24916 13.4454 1 1 1 1 
v -2.65928 2.02334 13.1074 1 1 1 1 
v -2.65928 2.24916 14.2427 1 1 1 1 
v -2.65929 1.68537 12.8816 1 1 1 1 
v -2.65928 2.02334 14.5807 1 1 1 1 
v -2.65929 1.28672 12.8023 1 1 1 1 
v -2.65928 1.68537 14.8065 1 1 1 1 
v -2.65929 0.888057 12.8816 1 1 1 1 
v -2.65928 1.28672 14.8858 1 1 1 1 
v -2.65929 0.550091 13.1074 1 1 1 1 
v -2.65928 0.888058 14.8065 1 1 1 1 
v -2.65929 0.324269 13.4454 1 1 1 1 
v -2.65928 0.550091 14.5807 1 1 1 1 
v -2.65928 0.244971 13.844 1 1 1 1 
v -2.65929 0.324269 14.2427 1 1 1 1 
v -2.80933 1.28672 15.0615 1 1 1 1 
v -2.65928 0.888058 14.8065 1 1 1 1 
v -2.65928 1.28672 14.8858 1 1 1 1 
v -2.65928 1.68537 14.8065 1 1 1 1 
v -2.80933 0.820811 14.9688 1 1 1 1 
v -2.80933 1.75262 14.9688 1 1 1 1 
v -2.65928 0.550091 14.5807 1 1 1 1 
v -2.65928 2.02334 14.5807 1 1 1 1 
v -2.80933 0.425835 14.7049 1 1 1 1 
v -2.80933 2.1476 14.7049 1 1 1 1 
v -2.65929 0.324269 14.2427 1 1 1 1 
v -2.80933 2.41151 14.3099 1 1 1 1 
v -2.80933 0.161921 14.3099 1 1 1 1 
v -2.65928 2.24916 14.2427 1 1 1 1 
v -2.65928 0.244971 13.844 1 1 1 1 
v -2.80933 2.50419 13.844 1 1 1 1 
v -2.80933 0.0692469 13.844 1 1 1 1 
v -2.65928 2.32846 13.844 1 1 1 1 
v -2.65929 0.324269 13.4454 1 1 1 1 
v -2.65928 2.24916 13.4454 1 1 1 1 
v -2.80933 0.161921 13.3781 1 1 1 1 
v -2.80933 2.41151 13.3781 1 1 1 1 
v -2.80933 0.425835 12.9832 1 1 1 1 
v -2.65928 2.02334 13.1074 1 1 1 1 
v -2.65929 0.550091 13.1074 1 1 1 1 
v -2.80933 2.1476 12.9832 1 1 1 1 
v -2.65929 0.888057 12.8816 1 1 1 1 
v -2.65929 1.68537 12.8816 1 1 1 1 
v -2.80933 0.820811 12.7192 1 1 1 1 
v -2.80933 1.75262 12.7192 1 1 1 1 
v -2.65929 1.28672 12.8023 1 1 1 1 
v -2.80933 1.28672 12.6266 1 1 1 1 
v 2.43062 2.1309 14.6882 1 1 1 1 
v 2.43062 2.48057 13.844 1 1 1 1 
v 2.43062 2.3897 13.3872 1 1 1 1 
v 2.43062 1.74359 12.7411 1 1 1 1 
v -3.93655 2.1309 14.6882 1 1 1 1 
v -3.93655 2.48057 13.844 1 1 1 1 
v -3.93655 2.3897 13.3872 1 1 1 1 
v -3.93655 2.1309 12.9999 1 1 1 1 
v -3.93655 1.74359 12.7411 1 1 1 1 
v 2.43062 2.1309 14.6882 1 1 1 1 
v 1.3034 2.1476 14.7049 1 1 1 1 
v 1.79199 2.19656 14.7539 1 1 1 1 
v 1.79199 2.47549 14.3364 1 1 1 1 
v 2.43062 2.3897 14.3009 1 1 1 1 
v 1.3034 2.41151 14.3099 1 1 1 1 
v 1.79199 2.57343 13.844 1 1 1 1 
v 2.43062 2.48057 13.844 1 1 1 1 
v 1.3034 2.50419 13.844 1 1 1 1 
v 2.43062 2.3897 13.3872 1 1 1 1 
v 1.3034 2.41151 13.3781 1 1 1 1 
v 1.79199 2.47549 13.3516 1 1 1 1 
v 2.43062 2.1309 12.9999 1 1 1 1 
v 1.3034 2.1476 12.9832 1 1 1 1 
v 1.79199 2.19656 12.9342 1 1 1 1 
v -3.93655 2.1309 14.6882 1 1 1 1 
v -2.80933 2.1476 14.7049 1 1 1 1 
v -3.29792 2.19656 14.7539 1 1 1 1 
v -3.29792 2.47549 14.3364 1 1 1 1 
v -3.93655 2.3897 14.3009 1 1 1 1 
v -2.80933 2.41151 14.3099 1 1 1 1 
v -3.29792 2.57343 13.844 1 1 1 1 
v -3.93655 2.48057 13.844 1 1 1 1 
v -2.80933 2.50419 13.844 1 1 1 1 
v -3.93655 2.3897 13.3872 1 1 1 1 
v -2.80933 2.41151 13.3781 1 1 1 1 
v -3.29792 2.47549 13.3516 1 1 1 1 
v -3.93655 2.1309 12.9999 1 1 1 1 
v -2.80933 2.1476 12.9832 1 1 1 1 
v -3.29792 2.19656 12.9342 1 1 1 1 
v 2.43062 1.28672 15.0379 1 1 1 1 
v 2.43062 0.44253 14.6882 1 1 1 1 
v 2.43062 2.1309 14.6882 1 1 1 1 
v -3.93655 1.28672 15.0379 1 1 1 1 
v -3.93655 0.44253 14.6882 1 1 1 1 
v -3.93655 0.183734 14.3009 1 1 1 1 
v -3.93655 2.1309 14.6882 1 1 1 1 
v 1.79199 1.28672 15.1308 1 1 1 1 
v 2.43062 1.74359 14.947 1 1 1 1 
v 1.79199 1.77912 15.0328 1 1 1 1 
v 2.43062 1.28672 15.0379 1 1 1 1 
v 2.43062 2.1309 14.6882 1 1 1 1 
v 1.3034 1.75262 14.9688 1 1 1 1 
v 1.3034 1.28672 15.0615 1 1 1 1 
v 1.3034 2.1476 14.7049 1 1 1 1 
v 1.79199 2.19656 14.7539 1 1 1 1 
v 2.43062 0.44253 14.6882 1 1 1 1 
v 1.3034 0.425835 14.7049 1 1 1 1 
v 1.79199 0.376871 14.7539 1 1 1 1 
v 1.79199 0.794311 15.0328 1 1 1 1 
v 2.43062 0.829846 14.947 1 1 1 1 
v 1.3034 0.820811 14.9688 1 1 1 1 
v 1.79199 1.28672 15.1308 1 1 1 1 
v 2.43062 1.28672 15.0379 1 1 1 1 
v 1.3034 1.28672 15.0615 1 1 1 1 
v -3.93655 1.28672 15.0379 1 1 1 1 
v -3.29792 1.28672 15.1308 1 1 1 1 
v -3.93655 1.74359 14.947 1 1 1 1 
v -3.29792 1.77912 15.0328 1 1 1 1 
v -3.93655 2.1309 14.6882 1 1 1 1 
v -2.80933 1.75262 14.9688 1 1 1 1 
v -2.80933 1.28672 15.0615 1 1 1 1 
v -2.80933 2.1476 14.7049 1 1 1 1 
v -3.29792 2.19656 14.7539 1 1 1 1 
v -2.80933 0.161921 14.3099 1 1 1 1 
v -3.93655 0.44253 14.6882 1 1 1 1 
v -2.80933 0.425835 14.7049 1 1 1 1 
v -3.29792 0.376871 14.7539 1 1 1 1 
v -3.29792 0.794311 15.0328 1 1 1 1 
v -3.93655 0.829846 14.947 1 1 1 1 
v -2.80933 0.820811 14.9688 1 1 1 1 
v -3.29792 1.28672 15.1308 1 1 1 1 
v -3.93655 1.28672 15.0379 1 1 1 1 
v -2.80933 1.28672 15.0615 1 1 1 1 
v -3.93655 1.28672 15.0379 1 1 1 1 
v -3.97532 1.06448 14.3806 1 1 1 1 
v -3.93655 0.829846 14.947 1 1 1 1 
v -3.93655 0.44253 14.6882 1 1 1 1 
v -3.97532 1.28672 14.4248 1 1 1 1 
v -3.97532 0.876082 14.2547 1 1 1 1 
v -3.97532 1.50895 14.3806 1 1 1 1 
v -3.97532 0.750197 14.0663 1 1 1 1 
v -3.93655 1.74359 14.947 1 1 1 1 
v -3.93655 0.183734 14.3009 1 1 1 1 
v -3.93655 2.1309 14.6882 1 1 1 1 
v -3.93655 0.0928572 13.844 1 1 1 1 
v -3.97532 1.69735 14.2547 1 1 1 1 
v -3.97532 0.705992 13.844 1 1 1 1 
v -3.93655 2.3897 14.3009 1 1 1 1 
v -3.97532 0.750197 13.6218 1 1 1 1 
v -3.97532 1.82323 14.0663 1 1 1 1 
v -3.93655 0.183734 13.3872 1 1 1 1 
v -3.97532 1.86744 13.844 1 1 1 1 
v -3.93655 0.44253 12.9999 1 1 1 1 
v -3.93655 2.48057 13.844 1 1 1 1 
v -3.97532 0.876082 13.4334 1 1 1 1 
v -3.93655 2.3897 13.3872 1 1 1 1 
v -3.97532 1.06448 13.3075 1 1 1 1 
v -3.97532 1.82323 13.6218 1 1 1 1 
v -3.93655 0.829846 12.7411 1 1 1 1 
v -3.97532 1.69735 13.4334 1 1 1 1 
v -3.93655 1.28672 12.6502 1 1 1 1 
v -3.93655 2.1309 12.9999 1 1 1 1 
v -3.97532 1.28672 13.2633 1 1 1 1 
v -3.97532 1.50895 13.3075 1 1 1 1 
v -3.93655 1.74359 12.7411 1 1 1 1 
v 1.3034 2.1476 14.7049 1 1 1 1 
v 1.79199 2.19656 14.7539 1 1 1 1 
v 1.3034 2.41151 13.3781 1 1 1 1 
v 1.79199 1.77912 12.6553 1 1 1 1 
v 1.3034 1.75262 12.7192 1 1 1 1 
v 1.3034 0.82081 12.7192 1 1 1 1 
v 1.3034 0.425835 12.9832 1 1 1 1 
v 1.79199 0.37687 12.9342 1 1 1 1 
v 1.3034 0.161921 13.3781 1 1 1 1 
v 1.3034 0.161921 14.3099 1 1 1 1 
v 1.79199 0.0979457 14.3364 1 1 1 1 
v 1.3034 0.820811 14.9688 1 1 1 1 
v 1.15336 2.32846 13.844 1 1 1 1 
v 1.15336 2.24916 13.4454 1 1 1 1 
v 1.34555 1.28672 13.844 1 1 1 1 
v 1.15336 2.02334 13.1074 1 1 1 1 
v 1.15336 2.24916 14.2427 1 1 1 1 
v 1.15336 1.68537 12.8816 1 1 1 1 
v 1.15336 2.02334 14.5807 1 1 1 1 
v 1.15336 1.28672 12.8023 1 1 1 1 
v 1.15336 1.68537 14.8065 1 1 1 1 
v 1.15336 0.888057 12.8816 1 1 1 1 
v 1.15336 1.28672 14.8858 1 1 1 1 
v 1.15336 0.550091 13.1074 1 1 1 1 
v 1.15336 0.888057 14.8065 1 1 1 1 
v 1.15336 0.324269 13.4454 1 1 1 1 
v 1.15336 0.550091 14.5807 1 1 1 1 
v 1.15336 0.244971 13.844 1 1 1 1 
v 1.15336 0.324269 14.2427 1 1 1 1 
v 1.3034 1.28672 15.0615 1 1 1 1 
v 1.15336 0.888057 14.8065 1 1 1 1 
v 1.3034 0.820811 14.9688 1 1 1 1 
v 1.15336 0.550091 14.5807 1 1 1 1 
v 1.15336 1.28672 14.8858 1 1 1 1 
v 1.3034 0.425835 14.7049 1 1 1 1 
v 1.15336 1.68537 14.8065 1 1 1 1 
v 1.15336 0.324269 14.2427 1 1 1 1 
v 1.3034 1.75262 14.9688 1 1 1 1 
v 1.3034 0.161921 14.3099 1 1 1 1 
v 1.15336 2.02334 14.5807 1 1 1 1 
v 1.15336 0.244971 13.844 1 1 1 1 
v 1.3034 2.1476 14.7049 1 1 1 1 
v 1.3034 0.0692465 13.844 1 1 1 1 
v 1.3034 2.41151 14.3099 1 1 1 1 
v 1.15336 0.324269 13.4454 1 1 1 1 
v 1.15336 2.24916 14.2427 1 1 1 1 
v 1.3034 0.161921 13.3781 1 1 1 1 
v 1.3034 2.50419 13.844 1 1 1 1 
v 1.3034 0.425835 12.9832 1 1 1 1 
v 1.15336 2.32846 13.844 1 1 1 1 
v 1.15336 0.550091 13.1074 1 1 1 1 
v 1.15336 2.24916 13.4454 1 1 1 1 
v 1.15336 0.888057 12.8816 1 1 1 1 
v 1.3034 2.41151 13.3781 1 1 1 1 
v 1.3034 0.82081 12.7192 1 1 1 1 
v 1.15336 2.02334 13.1074 1 1 1 1 
v 1.15336 1.28672 12.8023 1 1 1 1 
v 1.3034 2.1476 12.9832 1 1 1 1 
v 1.3034 1.28672 12.6266 1 1 1 1 
v 1.15336 1.68537 12.8816 1 1 1 1 
v 1.3034 1.75262 12.7192 1 1 1 1 
v 2.43062 0.44253 14.6882 1 1 1 1 
v 2.43062 0.0928568 13.844 1 1 1 1 
v 2.43062 0.183734 13.3872 1 1 1 1 
v 2.43062 0.44253 12.9999 1 1 1 1 
v -3.93655 0.44253 14.6882 1 1 1 1 
v -3.93655 0.183734 14.3009 1 1 1 1 
v -3.93655 0.0928572 13.844 1 1 1 1 
v -3.93655 0.183734 13.3872 1 1 1 1 
v -3.93655 0.44253 12.9999 1 1 1 1 
v 2.43062 0.44253 12.9999 1 1 1 1 
v 1.3034 0.425835 12.9832 1 1 1 1 
v 1.79199 0.37687 12.9342 1 1 1 1 
v 1.79199 0.0979457 13.3516 1 1 1 1 
v 2.43062 0.183734 13.3872 1 1 1 1 
v 1.3034 0.161921 13.3781 1 1 1 1 
v 1.79199 3.57628e-07 13.844 1 1 1 1 
v 2.43062 0.0928568 13.844 1 1 1 1 
v 1.3034 0.0692465 13.844 1 1 1 1 
v 2.43062 0.183734 14.3009 1 1 1 1 
v 1.3034 0.161921 14.3099 1 1 1 1 
v 1.79199 0.0979457 14.3364 1 1 1 1 
v 2.43062 0.44253 14.6882 1 1 1 1 
v 1.3034 0.425835 14.7049 1 1 1 1 
v 1.79199 0.376871 14.7539 1 1 1 1 
v 1.3034 0.820811 14.9688 1 1 1 1 
v -3.93655 0.44253 12.9999 1 1 1 1 
v -2.80933 0.425835 12.9832 1 1 1 1 
v -3.29792 0.376871 12.9342 1 1 1 1 
v -3.29792 0.0979459 13.3516 1 1 1 1 
v -3.93655 0.183734 13.3872 1 1 1 1 
v -2.80933 0.161921 13.3781 1 1 1 1 
v -3.29792 7.15256e-07 13.844 1 1 1 1 
v -3.93655 0.0928572 13.844 1 1 1 1 
v -2.80933 0.0692469 13.844 1 1 1 1 
v -3.93655 0.183734 14.3009 1 1 1 1 
v -2.80933 0.161921 14.3099 1 1 1 1 
v -3.29792 0.0979462 14.3364 1 1 1 1 
v -3.93655 0.44253 14.6882 1 1 1 1 
v -2.80933 0.425835 14.7049 1 1 1 1 
v -3.29792 0.376871 14.7539 1 1 1 1 
v 2.43062 2.3897 13.3872 1 1 1 1 
v 2.43062 0.44253 12.9999 1 1 1 1 
v 2.43062 0.829845 12.7411 1 1 1 1 
v 2.43062 1.74359 12.7411 1 1 1 1 
v 2.43062 1.28672 12.6502 1 1 1 1 
v -3.93655 0.44253 12.9999 1 1 1 1 
v -3.93655 0.829846 12.7411 1 1 1 1 
v -3.93655 1.28672 12.6502 1 1 1 1 
v -3.93655 2.1309 12.9999 1 1 1 1 
v -3.93655 1.74359 12.7411 1 1 1 1 
v 1.3034 2.41151 13.3781 1 1 1 1 
v 1.79199 2.47549 13.3516 1 1 1 1 
v 2.43062 2.1309 12.9999 1 1 1 1 
v 1.3034 2.1476 12.9832 1 1 1 1 
v 1.79199 2.19656 12.9342 1 1 1 1 
v 1.79199 1.77912 12.6553 1 1 1 1 
v 2.43062 1.74359 12.7411 1 1 1 1 
v 1.3034 1.75262 12.7192 1 1 1 1 
v 1.79199 1.28672 12.5573 1 1 1 1 
v 2.43062 1.28672 12.6502 1 1 1 1 
v 1.3034 1.28672 12.6266 1 1 1 1 
v 2.43062 0.829845 12.7411 1 1 1 1 
v 1.3034 0.82081 12.7192 1 1 1 1 
v 1.79199 0.794311 12.6553 1 1 1 1 
v 2.43062 0.44253 12.9999 1 1 1 1 
v 1.3034 0.425835 12.9832 1 1 1 1 
v 1.79199 0.37687 12.9342 1 1 1 1 
v -2.80933 2.41151 13.3781 1 1 1 1 
v -3.93655 2.1309 12.9999 1 1 1 1 
v -2.80933 2.1476 12.9832 1 1 1 1 
v -3.29792 2.19656 12.9342 1 1 1 1 
v -3.29792 1.77912 12.6553 1 1 1 1 
v -3.93655 1.74359 12.7411 1 1 1 1 
v -2.80933 1.75262 12.7192 1 1 1 1 
v -3.29792 1.28672 12.5573 1 1 1 1 
v -3.93655 1.28672 12.6502 1 1 1 1 
v -2.80933 1.28672 12.6266 1 1 1 1 
v -3.93655 0.829846 12.7411 1 1 1 1 
v -2.80933 0.820811 12.7192 1 1 1 1 
v -3.29792 0.794311 12.6553 1 1 1 1 
v -3.93655 0.44253 12.9999 1 1 1 1 
v -2.80933 0.425835 12.9832 1 1 1 1 
v -3.29792 0.376871 12.9342 1 1 1 1 

vn 1 0 0.0629921 
vn 1 -0.023622 0.0551181 
vn 1 0 0.0629921 
vn 1 0.023622 0.0551181 
vn 1 -0.023622 0.0551181 
vn 1 0.023622 0.0551181 
vn 1 -0.0472441 0.0472441 
vn 1 0.0472441 0.0472441 
vn 1 -0.0472441 0.0472441 
vn 1 0.0472441 0.0472441 
vn 1 -0.0551181 0.023622 
vn 1 0.0551181 0.023622 
vn 1 -0.0551181 0.023622 
vn 1 0.0551181 0.023622 
vn 1 -0.0629921 0 
vn 1 0.0629921 0 
vn 1 -0.0629921 0 
vn 1 0.0629921 0 
vn 1 -0.0551181 -0.023622 
vn 1 0.0551181 -0.023622 
vn 1 -0.0551181 -0.023622 
vn 1 0.0551181 -0.023622 
vn 1 -0.0472441 -0.0472441 
vn 1 0.0472441 -0.0472441 
vn 1 -0.0472441 -0.0472441 
vn 1 0.0472441 -0.0472441 
vn 1 -0.023622 -0.0551181 
vn 1 0.023622 -0.0551181 
vn 1 -0.023622 -0.0551181 
vn 1 0.023622 -0.0551181 
vn 1 0 -0.0629921 
vn 1 0 -0.0629921 
vn 0.464567 0.629921 0.629921 
vn 0.464567 0.818898 -0.338583 
vn 0.464567 0.629921 -0.629921 
vn 0.464567 0.338583 -0.818898 
vn 0.464567 0 -0.889764 
vn 0.464567 -0.629921 -0.629921 
vn 0.464567 -0.818898 -0.338583 
vn 0.464567 -0.818898 0.338583 
vn 0.464567 -0.629921 0.629921 
vn 0.464567 -0.338583 0.818898 
vn 0.984252 -0.181102 0 
vn 1 0 0 
vn 0.984252 -0.165354 0.0708661 
vn 0.984252 -0.125984 0.125984 
vn 0.984252 -0.165354 -0.0708661 
vn 0.984252 -0.0708661 0.165354 
vn 0.984252 -0.125984 -0.125984 
vn 0.984252 0 0.181102 
vn 0.984252 -0.0708661 -0.165354 
vn 0.984252 0.0708661 0.165354 
vn 0.984252 0 -0.181102 
vn 0.984252 0.125984 0.125984 
vn 0.984252 0.0708661 -0.165354 
vn 0.984252 0.165354 0.0708661 
vn 0.984252 0.125984 -0.125984 
vn 0.984252 0.181102 0 
vn 0.984252 0.165354 -0.0708661 
vn 0.464567 0 0.889764 
vn 0.76378 -0.251969 0.598425 
vn 0.76378 0 0.645669 
vn 0.76378 0.251969 0.598425 
vn 0.464567 -0.338583 0.818898 
vn 0.464567 0.338583 0.818898 
vn 0.76378 -0.456693 0.456693 
vn 0.76378 0.456693 0.456693 
vn 0.464567 -0.629921 0.629921 
vn 0.464567 0.629921 0.629921 
vn 0.76378 -0.598425 0.251969 
vn 0.464567 0.818898 0.338583 
vn 0.464567 -0.818898 0.338583 
vn 0.76378 0.598425 0.251969 
vn 0.76378 -0.645669 0 
vn 0.464567 0.889764 0 
vn 0.464567 -0.889764 0 
vn 0.76378 0.645669 0 
vn 0.76378 -0.598425 -0.251969 
vn 0.76378 0.598425 -0.251969 
vn 0.464567 -0.818898 -0.338583 
vn 0.464567 0.818898 -0.338583 
vn 0.464567 -0.629921 -0.629921 
vn 0.76378 0.456693 -0.456693 
vn 0.76378 -0.456693 -0.456693 
vn 0.464567 0.629921 -0.629921 
vn 0.76378 -0.251969 -0.598425 
vn 0.76378 0.251969 -0.598425 
vn 0.464567 -0.338583 -0.818898 
vn 0.464567 0.338583 -0.818898 
vn 0.76378 0 -0.645669 
vn 0.464567 0 -0.889764 
vn 1 0.0472441 0.0472441 
vn 1 0.0629921 0 
vn 1 0.0551181 -0.023622 
vn 1 0.023622 -0.0551181 
vn -1 0.0472441 0.0472441 
vn -1 0.0629921 0 
vn -1 0.0551181 -0.023622 
vn -1 0.0472441 -0.0472441 
vn -1 0.023622 -0.0551181 
vn 0.141732 0.700787 0.700787 
vn -0.464567 0.629921 0.629921 
vn 0 0.708661 0.708661 
vn 0 0.92126 0.385827 
vn 0.141732 0.913386 0.377953 
vn -0.464567 0.818898 0.338583 
vn 0 1 0 
vn 0.141732 0.992126 0 
vn -0.464567 0.889764 0 
vn 0.141732 0.913386 -0.377953 
vn -0.464567 0.818898 -0.338583 
vn 0 0.92126 -0.385827 
vn 0.141732 0.700787 -0.700787 
vn -0.464567 0.629921 -0.629921 
vn 0 0.708661 -0.708661 
vn -0.141732 0.700787 0.700787 
vn 0.464567 0.629921 0.629921 
vn 0 0.708661 0.708661 
vn 0 0.92126 0.385827 
vn -0.141732 0.913386 0.377953 
vn 0.464567 0.818898 0.338583 
vn 0 1 0 
vn -0.141732 0.992126 0 
vn 0.464567 0.889764 0 
vn -0.141732 0.913386 -0.377953 
vn 0.464567 0.818898 -0.338583 
vn 0 0.92126 -0.385827 
vn -0.141732 0.700787 -0.700787 
vn 0.464567 0.629921 -0.629921 
vn 0 0.708661 -0.708661 
vn 1 0 0.0629921 
vn 1 -0.0472441 0.0472441 
vn 1 0.0472441 0.0472441 
vn -1 0 0.0629921 
vn -1 -0.0472441 0.0472441 
vn -1 -0.0551181 0.023622 
vn -1 0.0472441 0.0472441 
vn 0 0 1 
vn 0.141732 0.377953 0.913386 
vn 0 0.385827 0.92126 
vn 0.141732 0 0.992126 
vn 0.141732 0.700787 0.700787 
vn -0.464567 0.338583 0.818898 
vn -0.464567 0 0.889764 
vn -0.464567 0.629921 0.629921 
vn 0 0.708661 0.708661 
vn 0.141732 -0.700787 0.700787 
vn -0.464567 -0.629921 0.629921 
vn 0 -0.708661 0.708661 
vn 0 -0.385827 0.92126 
vn 0.141732 -0.377953 0.913386 
vn -0.464567 -0.338583 0.818898 
vn 0 0 1 
vn 0.141732 0 0.992126 
vn -0.464567 0 0.889764 
vn -0.141732 0 0.992126 
vn 0 0 1 
vn -0.141732 0.377953 0.913386 
vn 0 0.385827 0.92126 
vn -0.141732 0.700787 0.700787 
vn 0.464567 0.338583 0.818898 
vn 0.464567 0 0.889764 
vn 0.464567 0.629921 0.629921 
vn 0 0.708661 0.708661 
vn 0.464567 -0.818898 0.338583 
vn -0.141732 -0.700787 0.700787 
vn 0.464567 -0.629921 0.629921 
vn 0 -0.708661 0.708661 
vn 0 -0.385827 0.92126 
vn -0.141732 -0.377953 0.913386 
vn 0.464567 -0.338583 0.818898 
vn 0 0 1 
vn -0.141732 0 0.992126 
vn 0.464567 0 0.889764 
vn -1 0 0.0629921 
vn -1 -0.023622 0.0551181 
vn -1 -0.023622 0.0551181 
vn -1 -0.0472441 0.0472441 
vn -1 0 0.0629921 
vn -1 -0.0472441 0.0472441 
vn -1 0.023622 0.0551181 
vn -1 -0.0551181 0.023622 
vn -1 0.023622 0.0551181 
vn -1 -0.0551181 0.023622 
vn -1 0.0472441 0.0472441 
vn -1 -0.0629921 0 
vn -1 0.0472441 0.0472441 
vn -1 -0.0629921 0 
vn -1 0.0551181 0.023622 
vn -1 -0.0551181 -0.023622 
vn -1 0.0551181 0.023622 
vn -1 -0.0551181 -0.023622 
vn -1 0.0629921 0 
vn -1 -0.0472441 -0.0472441 
vn -1 0.0629921 0 
vn -1 -0.0472441 -0.0472441 
vn -1 0.0551181 -0.023622 
vn -1 -0.023622 -0.0551181 
vn -1 0.0551181 -0.023622 
vn -1 -0.023622 -0.0551181 
vn -1 0.0472441 -0.0472441 
vn -1 0 -0.0629921 
vn -1 0.0472441 -0.0472441 
vn -1 0 -0.0629921 
vn -1 0.023622 -0.0551181 
vn -1 0.023622 -0.0551181 
vn -0.464567 0.629921 0.629921 
vn 0 0.708661 0.708661 
vn -0.464567 0.818898 -0.338583 
vn 0 0.385827 -0.92126 
vn -0.464567 0.338583 -0.818898 
vn -0.464567 -0.338583 -0.818898 
vn -0.464567 -0.629921 -0.629921 
vn 0 -0.708661 -0.708661 
vn -0.464567 -0.818898 -0.338583 
vn -0.464567 -0.818898 0.338583 
vn 0 -0.92126 0.385827 
vn -0.464567 -0.338583 0.818898 
vn -0.984252 -0.181102 0 
vn -0.984252 -0.165354 0.0708661 
vn -1 0 0 
vn -0.984252 -0.125984 0.125984 
vn -0.984252 -0.165354 -0.0708661 
vn -0.984252 -0.0708661 0.165354 
vn -0.984252 -0.125984 -0.125984 
vn -0.984252 0 0.181102 
vn -0.984252 -0.0708661 -0.165354 
vn -0.984252 0.0708661 0.165354 
vn -0.984252 0 -0.181102 
vn -0.984252 0.125984 0.125984 
vn -0.984252 0.0708661 -0.165354 
vn -0.984252 0.165354 0.0708661 
vn -0.984252 0.125984 -0.125984 
vn -0.984252 0.181102 0 
vn -0.984252 0.165354 -0.0708661 
vn -0.464567 0 0.889764 
vn -0.76378 -0.251969 0.598425 
vn -0.464567 -0.338583 0.818898 
vn -0.76378 -0.456693 0.456693 
vn -0.76378 0 0.645669 
vn -0.464567 -0.629921 0.629921 
vn -0.76378 0.251969 0.598425 
vn -0.76378 -0.598425 0.251969 
vn -0.464567 0.338583 0.818898 
vn -0.464567 -0.818898 0.338583 
vn -0.76378 0.456693 0.456693 
vn -0.76378 -0.645669 0 
vn -0.464567 0.629921 0.629921 
vn -0.464567 -0.889764 0 
vn -0.464567 0.818898 0.338583 
vn -0.76378 -0.598425 -0.251969 
vn -0.76378 0.598425 0.251969 
vn -0.464567 -0.818898 -0.338583 
vn -0.464567 0.889764 0 
vn -0.464567 -0.629921 -0.629921 
vn -0.76378 0.645669 0 
vn -0.76378 -0.456693 -0.456693 
vn -0.76378 0.598425 -0.251969 
vn -0.76378 -0.251969 -0.598425 
vn -0.464567 0.818898 -0.338583 
vn -0.464567 -0.338583 -0.818898 
vn -0.76378 0.456693 -0.456693 
vn -0.76378 0 -0.645669 
vn -0.464567 0.629921 -0.629921 
vn -0.464567 0 -0.889764 
vn -0.76378 0.251969 -0.598425 
vn -0.464567 0.338583 -0.818898 
vn 1 -0.0472441 0.0472441 
vn 1 -0.0629921 0 
vn 1 -0.0551181 -0.023622 
vn 1 -0.0472441 -0.0472441 
vn -1 -0.0472441 0.0472441 
vn -1 -0.0551181 0.023622 
vn -1 -0.0629921 0 
vn -1 -0.0551181 -0.023622 
vn -1 -0.0472441 -0.0472441 
vn 0.141732 -0.700787 -0.700787 
vn -0.464567 -0.629921 -0.629921 
vn 0 -0.708661 -0.708661 
vn 0 -0.92126 -0.385827 
vn 0.141732 -0.913386 -0.377953 
vn -0.464567 -0.818898 -0.338583 
vn 0 -1 0 
vn 0.141732 -0.992126 0 
vn -0.464567 -0.889764 0 
vn 0.141732 -0.913386 0.377953 
vn -0.464567 -0.818898 0.338583 
vn 0 -0.92126 0.385827 
vn 0.141732 -0.700787 0.700787 
vn -0.464567 -0.629921 0.629921 
vn 0 -0.708661 0.708661 
vn -0.464567 -0.338583 0.818898 
vn -0.141732 -0.700787 -0.700787 
vn 0.464567 -0.629921 -0.629921 
vn 0 -0.708661 -0.708661 
vn 0 -0.92126 -0.385827 
vn -0.141732 -0.913386 -0.377953 
vn 0.464567 -0.818898 -0.338583 
vn 0 -1 0 
vn -0.141732 -0.992126 0 
vn 0.464567 -0.889764 0 
vn -0.141732 -0.913386 0.377953 
vn 0.464567 -0.818898 0.338583 
vn 0 -0.92126 0.385827 
vn -0.141732 -0.700787 0.700787 
vn 0.464567 -0.629921 0.629921 
vn 0 -0.708661 0.708661 
vn 1 0.0551181 -0.023622 
vn 1 -0.0472441 -0.0472441 
vn 1 -0.023622 -0.0551181 
vn 1 0.023622 -0.0551181 
vn 1 0 -0.0629921 
vn -1 -0.0472441 -0.0472441 
vn -1 -0.023622 -0.0551181 
vn -1 0 -0.0629921 
vn -1 0.0472441 -0.0472441 
vn -1 0.023622 -0.0551181 
vn -0.464567 0.818898 -0.338583 
vn 0 0.92126 -0.385827 
vn 0.141732 0.700787 -0.700787 
vn -0.464567 0.629921 -0.629921 
vn 0 0.708661 -0.708661 
vn 0 0.385827 -0.92126 
vn 0.141732 0.377953 -0.913386 
vn -0.464567 0.338583 -0.818898 
vn 0 0 -1 
vn 0.141732 0 -0.992126 
vn -0.464567 0 -0.889764 
vn 0.141732 -0.377953 -0.913386 
vn -0.464567 -0.338583 -0.818898 
vn 0 -0.385827 -0.92126 
vn 0.141732 -0.700787 -0.700787 
vn -0.464567 -0.629921 -0.629921 
vn 0 -0.708661 -0.708661 
vn 0.464567 0.818898 -0.338583 
vn -0.141732 0.700787 -0.700787 
vn 0.464567 0.629921 -0.629921 
vn 0 0.708661 -0.708661 
vn 0 0.385827 -0.92126 
vn -0.141732 0.377953 -0.913386 
vn 0.464567 0.338583 -0.818898 
vn 0 0 -1 
vn -0.141732 0 -0.992126 
vn 0.464567 0 -0.889764 
vn -0.141732 -0.377953 -0.913386 
vn 0.464567 -0.338583 -0.818898 
vn 0 -0.385827 -0.92126 
vn -0.141732 -0.700787 -0.700787 
vn 0.464567 -0.629921 -0.629921 
vn 0 -0.708661 -0.708661 

vt 13.8508 -25 
vt 13.9329 -25.0278 
vt 13.9274 -25 
vt 13.9329 -24.9722 
vt 13.8621 -25.0571 
vt 13.8621 -24.9429 
vt 13.8945 -25.1055 
vt 13.8945 -24.8945 
vt 13.9487 -25.0513 
vt 13.9487 -24.9487 
vt 13.9722 -25.0671 
vt 13.9429 -24.8621 
vt 13.9429 -25.1379 
vt 13.9722 -24.9329 
vt 14 -25.1492 
vt 14 -24.9274 
vt 14 -25.0726 
vt 14 -24.8508 
vt 14.0278 -25.0671 
vt 14.0571 -24.8621 
vt 14.0571 -25.1379 
vt 14.0278 -24.9329 
vt 14.1055 -25.1055 
vt 14.0513 -24.9487 
vt 14.0513 -25.0513 
vt 14.1055 -24.8945 
vt 14.0671 -25.0278 
vt 14.0671 -24.9722 
vt 14.1379 -25.0571 
vt 14.1379 -24.9429 
vt 14.1492 -25 
vt 14.0726 -25 
vt 13.8924 -24.8924 
vt 14.0582 -24.8594 
vt 14.1076 -24.8924 
vt 14.1406 -24.9418 
vt 14.1522 -25 
vt 14.1076 -25.1076 
vt 14.0582 -25.1406 
vt 13.9418 -25.1406 
vt 13.8924 -25.1076 
vt 13.8594 -25.0582 
vt 14 -24.8698 
vt 14 -25 
vt 14.0498 -24.8797 
vt 14.0921 -24.9079 
vt 13.9502 -24.8797 
vt 14.1203 -24.9502 
vt 13.9079 -24.9079 
vt 14.1302 -25 
vt 13.8797 -24.9502 
vt 14.1203 -25.0498 
vt 13.8698 -25 
vt 14.0921 -25.0921 
vt 13.8797 -25.0498 
vt 14.0498 -25.1203 
vt 13.9079 -25.0921 
vt 14 -25.1302 
vt 13.9502 -25.1203 
vt 13.8478 -25 
vt 13.8797 -25.0498 
vt 13.8698 -25 
vt 13.8797 -24.9502 
vt 13.8594 -25.0582 
vt 13.8594 -24.9418 
vt 13.9079 -25.0921 
vt 13.9079 -24.9079 
vt 13.8924 -25.1076 
vt 13.8924 -24.8924 
vt 13.9502 -25.1203 
vt 13.9418 -24.8594 
vt 13.9418 -25.1406 
vt 13.9502 -24.8797 
vt 14 -25.1302 
vt 14 -24.8478 
vt 14 -25.1522 
vt 14 -24.8698 
vt 14.0498 -25.1203 
vt 14.0498 -24.8797 
vt 14.0582 -25.1406 
vt 14.0582 -24.8594 
vt 14.1076 -25.1076 
vt 14.0921 -24.9079 
vt 14.0921 -25.0921 
vt 14.1076 -24.8924 
vt 14.1203 -25.0498 
vt 14.1203 -24.9502 
vt 14.1406 -25.0582 
vt 14.1406 -24.9418 
vt 14.1302 -25 
vt 14.1522 -25 
vt 13.6021 -24.8945 
vt 13.6021 -25 
vt 13.6021 -25.0571 
vt 13.6021 -25.1379 
vt 14.3979 -24.8945 
vt 14.3979 -25 
vt 14.3979 -25.0571 
vt 14.3979 -25.1055 
vt 14.3979 -25.1379 
vt 13.6021 -24.8945 
vt 13.743 -24.8924 
vt 13.6819 -24.8863 
vt 13.6819 -24.9384 
vt 13.6021 -24.9429 
vt 13.743 -24.9418 
vt 13.6819 -25 
vt 13.6021 -25 
vt 13.743 -25 
vt 13.6021 -25.0571 
vt 13.743 -25.0582 
vt 13.6819 -25.0616 
vt 13.6021 -25.1055 
vt 13.743 -25.1076 
vt 13.6819 -25.1137 
vt 14.3979 -24.8945 
vt 14.257 -24.8924 
vt 14.3181 -24.8863 
vt 14.3181 -24.9384 
vt 14.3979 -24.9429 
vt 14.257 -24.9418 
vt 14.3181 -25 
vt 14.3979 -25 
vt 14.257 -25 
vt 14.3979 -25.0571 
vt 14.257 -25.0582 
vt 14.3181 -25.0616 
vt 14.3979 -25.1055 
vt 14.257 -25.1076 
vt 14.3181 -25.1137 
vt 14.3979 -25 
vt 14.3979 -25.1055 
vt 14.3979 -24.8945 
vt 13.6021 -25 
vt 13.6021 -25.1055 
vt 13.6021 -25.1379 
vt 13.6021 -24.8945 
vt 14.3181 -25 
vt 14.3979 -24.9429 
vt 14.3181 -24.9384 
vt 14.3979 -25 
vt 14.3979 -24.8945 
vt 14.257 -24.9418 
vt 14.257 -25 
vt 14.257 -24.8924 
vt 14.3181 -24.8863 
vt 14.3979 -25.1055 
vt 14.257 -25.1076 
vt 14.3181 -25.1137 
vt 14.3181 -25.0616 
vt 14.3979 -25.0571 
vt 14.257 -25.0582 
vt 14.3181 -25 
vt 14.3979 -25 
vt 14.257 -25 
vt 13.6021 -25 
vt 13.6819 -25 
vt 13.6021 -24.9429 
vt 13.6819 -24.9384 
vt 13.6021 -24.8945 
vt 13.743 -24.9418 
vt 13.743 -25 
vt 13.743 -24.8924 
vt 13.6819 -24.8863 
vt 13.743 -25.1406 
vt 13.6021 -25.1055 
vt 13.743 -25.1076 
vt 13.6819 -25.1137 
vt 13.6819 -25.0616 
vt 13.6021 -25.0571 
vt 13.743 -25.0582 
vt 13.6819 -25 
vt 13.6021 -25 
vt 13.743 -25 
vt 14.1492 -25 
vt 14.0671 -25.0278 
vt 14.1379 -25.0571 
vt 14.1055 -25.1055 
vt 14.0726 -25 
vt 14.0513 -25.0513 
vt 14.0671 -24.9722 
vt 14.0278 -25.0671 
vt 14.1379 -24.9429 
vt 14.0571 -25.1379 
vt 14.1055 -24.8945 
vt 14 -25.1492 
vt 14.0513 -24.9487 
vt 14 -25.0726 
vt 14.0571 -24.8621 
vt 13.9722 -25.0671 
vt 14.0278 -24.9329 
vt 13.9429 -25.1379 
vt 14 -24.9274 
vt 13.8945 -25.1055 
vt 14 -24.8508 
vt 13.9487 -25.0513 
vt 13.9429 -24.8621 
vt 13.9329 -25.0278 
vt 13.9722 -24.9329 
vt 13.8621 -25.0571 
vt 13.9487 -24.9487 
vt 13.8508 -25 
vt 13.8945 -24.8945 
vt 13.9274 -25 
vt 13.9329 -24.9722 
vt 13.8621 -24.9429 
vt 14.1076 -24.8924 
vt 14.1137 -24.8863 
vt 13.9418 -24.8594 
vt 13.8514 -24.9384 
vt 13.8594 -24.9418 
vt 13.8594 -25.0582 
vt 13.8924 -25.1076 
vt 13.8863 -25.1137 
vt 13.9418 -25.1406 
vt 14.0582 -25.1406 
vt 14.0616 -25.1486 
vt 14.1406 -25.0582 
vt 14 -24.8698 
vt 13.9502 -24.8797 
vt 14 -25 
vt 13.9079 -24.9079 
vt 14.0498 -24.8797 
vt 13.8797 -24.9502 
vt 14.0921 -24.9079 
vt 13.8698 -25 
vt 14.1203 -24.9502 
vt 13.8797 -25.0498 
vt 14.1302 -25 
vt 13.9079 -25.0921 
vt 14.1203 -25.0498 
vt 13.9502 -25.1203 
vt 14.0921 -25.0921 
vt 14 -25.1302 
vt 14.0498 -25.1203 
vt 14.1522 -25 
vt 14.1203 -25.0498 
vt 14.1406 -25.0582 
vt 14.0921 -25.0921 
vt 14.1302 -25 
vt 14.1076 -25.1076 
vt 14.1203 -24.9502 
vt 14.0498 -25.1203 
vt 14.1406 -24.9418 
vt 14.0582 -25.1406 
vt 14.0921 -24.9079 
vt 14 -25.1302 
vt 14.1076 -24.8924 
vt 14 -25.1522 
vt 14.0582 -24.8594 
vt 13.9502 -25.1203 
vt 14.0498 -24.8797 
vt 13.9418 -25.1406 
vt 14 -24.8478 
vt 13.8924 -25.1076 
vt 14 -24.8698 
vt 13.9079 -25.0921 
vt 13.9502 -24.8797 
vt 13.8797 -25.0498 
vt 13.9418 -24.8594 
vt 13.8594 -25.0582 
vt 13.9079 -24.9079 
vt 13.8698 -25 
vt 13.8924 -24.8924 
vt 13.8478 -25 
vt 13.8797 -24.9502 
vt 13.8594 -24.9418 
vt 14.3979 -24.8945 
vt 14.3979 -25 
vt 14.3979 -25.0571 
vt 14.3979 -25.1055 
vt 13.6021 -24.8945 
vt 13.6021 -24.9429 
vt 13.6021 -25 
vt 13.6021 -25.0571 
vt 13.6021 -25.1055 
vt 14.3979 -25.1055 
vt 14.257 -25.1076 
vt 14.3181 -25.1137 
vt 14.3181 -25.0616 
vt 14.3979 -25.0571 
vt 14.257 -25.0582 
vt 14.3181 -25 
vt 14.3979 -25 
vt 14.257 -25 
vt 14.3979 -24.9429 
vt 14.257 -24.9418 
vt 14.3181 -24.9384 
vt 14.3979 -24.8945 
vt 14.257 -24.8924 
vt 14.3181 -24.8863 
vt 14.257 -24.8594 
vt 13.6021 -25.1055 
vt 13.743 -25.1076 
vt 13.6819 -25.1137 
vt 13.6819 -25.0616 
vt 13.6021 -25.0571 
vt 13.743 -25.0582 
vt 13.6819 -25 
vt 13.6021 -25 
vt 13.743 -25 
vt 13.6021 -24.9429 
vt 13.743 -24.9418 
vt 13.6819 -24.9384 
vt 13.6021 -24.8945 
vt 13.743 -24.8924 
vt 13.6819 -24.8863 
vt 13.6021 -24.8621 
vt 13.6021 -25.1055 
vt 13.6021 -25.0571 
vt 13.6021 -24.9429 
vt 13.6021 -25 
vt 14.3979 -25.1055 
vt 14.3979 -25.0571 
vt 14.3979 -25 
vt 14.3979 -24.8945 
vt 14.3979 -24.9429 
vt 13.743 -24.8594 
vt 13.6819 -24.8514 
vt 13.6021 -24.8945 
vt 13.743 -24.8924 
vt 13.6819 -24.8863 
vt 13.6819 -24.9384 
vt 13.6021 -24.9429 
vt 13.743 -24.9418 
vt 13.6819 -25 
vt 13.6021 -25 
vt 13.743 -25 
vt 13.6021 -25.0571 
vt 13.743 -25.0582 
vt 13.6819 -25.0616 
vt 13.6021 -25.1055 
vt 13.743 -25.1076 
vt 13.6819 -25.1137 
vt 14.257 -24.8594 
vt 14.3979 -24.8945 
vt 14.257 -24.8924 
vt 14.3181 -24.8863 
vt 14.3181 -24.9384 
vt 14.3979 -24.9429 
vt 14.257 -24.9418 
vt 14.3181 -25 
vt 14.3979 -25 
vt 14.257 -25 
vt 14.3979 -25.0571 
vt 14.257 -25.0582 
vt 14.3181 -25.0616 
vt 14.3979 -25.1055 
vt 14.257 -25.1076 
vt 14.3181 -25.1137 

usemtl Cube0231Mtl

f 5590/5590/5590 5591/5591/5591 5592/5592/5592 
f 5593/5593/5593 5590/5590/5590 5592/5592/5592 
f 5591/5591/5591 5590/5590/5590 5594/5594/5594 
f 5590/5590/5590 5593/5593/5593 5595/5595/5595 
f 5596/5596/5596 5591/5591/5591 5594/5594/5594 
f 5595/5595/5595 5593/5593/5593 5597/5597/5597 
f 5591/5591/5591 5596/5596/5596 5598/5598/5598 
f 5593/5593/5593 5599/5599/5599 5597/5597/5597 
f 5596/5596/5596 5600/5600/5600 5598/5598/5598 
f 5597/5597/5597 5599/5599/5599 5601/5601/5601 
f 5596/5596/5596 5602/5602/5602 5600/5600/5600 
f 5601/5601/5601 5599/5599/5599 5603/5603/5603 
f 5604/5604/5604 5600/5600/5600 5602/5602/5602 
f 5605/5605/5605 5601/5601/5601 5603/5603/5603 
f 5600/5600/5600 5604/5604/5604 5606/5606/5606 
f 5601/5601/5601 5605/5605/5605 5607/5607/5607 
f 5606/5606/5606 5604/5604/5604 5608/5608/5608 
f 5605/5605/5605 5609/5609/5609 5607/5607/5607 
f 5608/5608/5608 5604/5604/5604 5610/5610/5610 
f 5609/5609/5609 5605/5605/5605 5611/5611/5611 
f 5612/5612/5612 5608/5608/5608 5610/5610/5610 
f 5613/5613/5613 5609/5609/5609 5611/5611/5611 
f 5608/5608/5608 5612/5612/5612 5614/5614/5614 
f 5609/5609/5609 5613/5613/5613 5615/5615/5615 
f 5612/5612/5612 5616/5616/5616 5614/5614/5614 
f 5617/5617/5617 5615/5615/5615 5613/5613/5613 
f 5616/5616/5616 5612/5612/5612 5618/5618/5618 
f 5615/5615/5615 5617/5617/5617 5619/5619/5619 
f 5620/5620/5620 5616/5616/5616 5618/5618/5618 
f 5619/5619/5619 5617/5617/5617 5620/5620/5620 
f 5616/5616/5616 5620/5620/5620 5621/5621/5621 
f 5620/5620/5620 5617/5617/5617 5621/5621/5621 
f 5632/5632/5632 5633/5633/5633 5634/5634/5634 
f 5634/5634/5634 5633/5633/5633 5635/5635/5635 
f 5636/5636/5636 5633/5633/5633 5632/5632/5632 
f 5635/5635/5635 5633/5633/5633 5637/5637/5637 
f 5638/5638/5638 5633/5633/5633 5636/5636/5636 
f 5637/5637/5637 5633/5633/5633 5639/5639/5639 
f 5640/5640/5640 5633/5633/5633 5638/5638/5638 
f 5639/5639/5639 5633/5633/5633 5641/5641/5641 
f 5642/5642/5642 5633/5633/5633 5640/5640/5640 
f 5641/5641/5641 5633/5633/5633 5643/5643/5643 
f 5644/5644/5644 5633/5633/5633 5642/5642/5642 
f 5643/5643/5643 5633/5633/5633 5645/5645/5645 
f 5646/5646/5646 5633/5633/5633 5644/5644/5644 
f 5645/5645/5645 5633/5633/5633 5647/5647/5647 
f 5648/5648/5648 5633/5633/5633 5646/5646/5646 
f 5647/5647/5647 5633/5633/5633 5648/5648/5648 
f 5649/5649/5649 5650/5650/5650 5651/5651/5651 
f 5652/5652/5652 5649/5649/5649 5651/5651/5651 
f 5650/5650/5650 5649/5649/5649 5653/5653/5653 
f 5649/5649/5649 5652/5652/5652 5654/5654/5654 
f 5653/5653/5653 5655/5655/5655 5650/5650/5650 
f 5656/5656/5656 5654/5654/5654 5652/5652/5652 
f 5655/5655/5655 5653/5653/5653 5657/5657/5657 
f 5654/5654/5654 5656/5656/5656 5658/5658/5658 
f 5657/5657/5657 5659/5659/5659 5655/5655/5655 
f 5656/5656/5656 5660/5660/5660 5658/5658/5658 
f 5659/5659/5659 5657/5657/5657 5661/5661/5661 
f 5660/5660/5660 5656/5656/5656 5662/5662/5662 
f 5661/5661/5661 5663/5663/5663 5659/5659/5659 
f 5662/5662/5662 5664/5664/5664 5660/5660/5660 
f 5663/5663/5663 5661/5661/5661 5665/5665/5665 
f 5664/5664/5664 5662/5662/5662 5666/5666/5666 
f 5665/5665/5665 5667/5667/5667 5663/5663/5663 
f 5668/5668/5668 5664/5664/5664 5666/5666/5666 
f 5667/5667/5667 5665/5665/5665 5669/5669/5669 
f 5664/5664/5664 5668/5668/5668 5670/5670/5670 
f 5671/5671/5671 5667/5667/5667 5669/5669/5669 
f 5672/5672/5672 5670/5670/5670 5668/5668/5668 
f 5667/5667/5667 5671/5671/5671 5673/5673/5673 
f 5670/5670/5670 5672/5672/5672 5674/5674/5674 
f 5671/5671/5671 5675/5675/5675 5673/5673/5673 
f 5676/5676/5676 5674/5674/5674 5672/5672/5672 
f 5675/5675/5675 5671/5671/5671 5677/5677/5677 
f 5674/5674/5674 5676/5676/5676 5678/5678/5678 
f 5677/5677/5677 5679/5679/5679 5675/5675/5675 
f 5676/5676/5676 5679/5679/5679 5678/5678/5678 
f 5679/5679/5679 5677/5677/5677 5680/5680/5680 
f 5680/5680/5680 5678/5678/5678 5679/5679/5679 
f 5690/5690/5690 5693/5693/5693 5692/5692/5692 
f 5693/5693/5693 5691/5691/5691 5692/5692/5692 
f 5693/5693/5693 5690/5690/5690 5694/5694/5694 
f 5691/5691/5691 5693/5693/5693 5695/5695/5695 
f 5694/5694/5694 5696/5696/5696 5693/5693/5693 
f 5696/5696/5696 5695/5695/5695 5693/5693/5693 
f 5696/5696/5696 5694/5694/5694 5697/5697/5697 
f 5695/5695/5695 5696/5696/5696 5698/5698/5698 
f 5699/5699/5699 5696/5696/5696 5697/5697/5697 
f 5696/5696/5696 5700/5700/5700 5698/5698/5698 
f 5696/5696/5696 5699/5699/5699 5701/5701/5701 
f 5700/5700/5700 5696/5696/5696 5701/5701/5701 
f 5702/5702/5702 5701/5701/5701 5699/5699/5699 
f 5701/5701/5701 5703/5703/5703 5700/5700/5700 
f 5701/5701/5701 5702/5702/5702 5704/5704/5704 
f 5703/5703/5703 5701/5701/5701 5704/5704/5704 
f 5708/5708/5708 5705/5705/5705 5707/5707/5707 
f 5707/5707/5707 5706/5706/5706 5708/5708/5708 
f 5705/5705/5705 5708/5708/5708 5709/5709/5709 
f 5708/5708/5708 5706/5706/5706 5710/5710/5710 
f 5711/5711/5711 5709/5709/5709 5708/5708/5708 
f 5710/5710/5710 5711/5711/5711 5708/5708/5708 
f 5709/5709/5709 5711/5711/5711 5712/5712/5712 
f 5711/5711/5711 5710/5710/5710 5713/5713/5713 
f 5712/5712/5712 5711/5711/5711 5714/5714/5714 
f 5715/5715/5715 5711/5711/5711 5713/5713/5713 
f 5714/5714/5714 5711/5711/5711 5716/5716/5716 
f 5711/5711/5711 5715/5715/5715 5716/5716/5716 
f 5714/5714/5714 5716/5716/5716 5717/5717/5717 
f 5718/5718/5718 5716/5716/5716 5715/5715/5715 
f 5717/5717/5717 5716/5716/5716 5719/5719/5719 
f 5716/5716/5716 5718/5718/5718 5719/5719/5719 
f 5727/5727/5727 5728/5728/5728 5729/5729/5729 
f 5728/5728/5728 5727/5727/5727 5730/5730/5730 
f 5731/5731/5731 5729/5729/5729 5728/5728/5728 
f 5732/5732/5732 5727/5727/5727 5729/5729/5729 
f 5727/5727/5727 5732/5732/5732 5733/5733/5733 
f 5729/5729/5729 5734/5734/5734 5732/5732/5732 
f 5729/5729/5729 5731/5731/5731 5735/5735/5735 
f 5734/5734/5734 5729/5729/5729 5735/5735/5735 
f 5736/5736/5736 5739/5739/5739 5738/5738/5738 
f 5739/5739/5739 5737/5737/5737 5738/5738/5738 
f 5739/5739/5739 5736/5736/5736 5740/5740/5740 
f 5737/5737/5737 5739/5739/5739 5741/5741/5741 
f 5740/5740/5740 5742/5742/5742 5739/5739/5739 
f 5742/5742/5742 5741/5741/5741 5739/5739/5739 
f 5742/5742/5742 5740/5740/5740 5743/5743/5743 
f 5741/5741/5741 5742/5742/5742 5744/5744/5744 
f 5745/5745/5745 5746/5746/5746 5747/5747/5747 
f 5747/5747/5747 5746/5746/5746 5748/5748/5748 
f 5747/5747/5747 5748/5748/5748 5749/5749/5749 
f 5746/5746/5746 5750/5750/5750 5748/5748/5748 
f 5750/5750/5750 5746/5746/5746 5751/5751/5751 
f 5752/5752/5752 5748/5748/5748 5750/5750/5750 
f 5749/5749/5749 5748/5748/5748 5753/5753/5753 
f 5748/5748/5748 5752/5752/5752 5753/5753/5753 
f 5758/5758/5758 5755/5755/5755 5757/5757/5757 
f 5757/5757/5757 5756/5756/5756 5758/5758/5758 
f 5755/5755/5755 5758/5758/5758 5759/5759/5759 
f 5758/5758/5758 5756/5756/5756 5760/5760/5760 
f 5761/5761/5761 5759/5759/5759 5758/5758/5758 
f 5758/5758/5758 5760/5760/5760 5761/5761/5761 
f 5759/5759/5759 5761/5761/5761 5762/5762/5762 
f 5761/5761/5761 5760/5760/5760 5763/5763/5763 
f 5764/5764/5764 5765/5765/5765 5766/5766/5766 
f 5765/5765/5765 5767/5767/5767 5766/5766/5766 
f 5765/5765/5765 5764/5764/5764 5768/5768/5768 
f 5767/5767/5767 5765/5765/5765 5769/5769/5769 
f 5764/5764/5764 5770/5770/5770 5768/5768/5768 
f 5771/5771/5771 5767/5767/5767 5769/5769/5769 
f 5770/5770/5770 5764/5764/5764 5772/5772/5772 
f 5771/5771/5771 5773/5773/5773 5767/5767/5767 
f 5774/5774/5774 5770/5770/5770 5772/5772/5772 
f 5771/5771/5771 5775/5775/5775 5773/5773/5773 
f 5774/5774/5774 5776/5776/5776 5770/5770/5770 
f 5775/5775/5775 5771/5771/5771 5777/5777/5777 
f 5776/5776/5776 5774/5774/5774 5778/5778/5778 
f 5775/5775/5775 5777/5777/5777 5779/5779/5779 
f 5778/5778/5778 5780/5780/5780 5776/5776/5776 
f 5775/5775/5775 5779/5779/5779 5781/5781/5781 
f 5778/5778/5778 5782/5782/5782 5780/5780/5780 
f 5779/5779/5779 5783/5783/5783 5781/5781/5781 
f 5782/5782/5782 5778/5778/5778 5784/5784/5784 
f 5783/5783/5783 5779/5779/5779 5785/5785/5785 
f 5784/5784/5784 5786/5786/5786 5782/5782/5782 
f 5787/5787/5787 5783/5783/5783 5785/5785/5785 
f 5782/5782/5782 5786/5786/5786 5788/5788/5788 
f 5789/5789/5789 5783/5783/5783 5787/5787/5787 
f 5786/5786/5786 5790/5790/5790 5788/5788/5788 
f 5787/5787/5787 5791/5791/5791 5789/5789/5789 
f 5790/5790/5790 5786/5786/5786 5792/5792/5792 
f 5791/5791/5791 5787/5787/5787 5793/5793/5793 
f 5792/5792/5792 5794/5794/5794 5790/5790/5790 
f 5791/5791/5791 5793/5793/5793 5794/5794/5794 
f 5794/5794/5794 5792/5792/5792 5795/5795/5795 
f 5794/5794/5794 5795/5795/5795 5791/5791/5791 
f 5808/5808/5808 5809/5809/5809 5810/5810/5810 
f 5809/5809/5809 5811/5811/5811 5810/5810/5810 
f 5812/5812/5812 5808/5808/5808 5810/5810/5810 
f 5811/5811/5811 5813/5813/5813 5810/5810/5810 
f 5814/5814/5814 5812/5812/5812 5810/5810/5810 
f 5813/5813/5813 5815/5815/5815 5810/5810/5810 
f 5816/5816/5816 5814/5814/5814 5810/5810/5810 
f 5815/5815/5815 5817/5817/5817 5810/5810/5810 
f 5818/5818/5818 5816/5816/5816 5810/5810/5810 
f 5817/5817/5817 5819/5819/5819 5810/5810/5810 
f 5820/5820/5820 5818/5818/5818 5810/5810/5810 
f 5819/5819/5819 5821/5821/5821 5810/5810/5810 
f 5822/5822/5822 5820/5820/5820 5810/5810/5810 
f 5821/5821/5821 5823/5823/5823 5810/5810/5810 
f 5824/5824/5824 5822/5822/5822 5810/5810/5810 
f 5823/5823/5823 5824/5824/5824 5810/5810/5810 
f 5825/5825/5825 5826/5826/5826 5827/5827/5827 
f 5828/5828/5828 5827/5827/5827 5826/5826/5826 
f 5826/5826/5826 5825/5825/5825 5829/5829/5829 
f 5827/5827/5827 5828/5828/5828 5830/5830/5830 
f 5825/5825/5825 5831/5831/5831 5829/5829/5829 
f 5832/5832/5832 5830/5830/5830 5828/5828/5828 
f 5831/5831/5831 5825/5825/5825 5833/5833/5833 
f 5830/5830/5830 5832/5832/5832 5834/5834/5834 
f 5833/5833/5833 5835/5835/5835 5831/5831/5831 
f 5836/5836/5836 5834/5834/5834 5832/5832/5832 
f 5835/5835/5835 5833/5833/5833 5837/5837/5837 
f 5834/5834/5834 5836/5836/5836 5838/5838/5838 
f 5839/5839/5839 5835/5835/5835 5837/5837/5837 
f 5840/5840/5840 5838/5838/5838 5836/5836/5836 
f 5835/5835/5835 5839/5839/5839 5841/5841/5841 
f 5838/5838/5838 5840/5840/5840 5842/5842/5842 
f 5843/5843/5843 5841/5841/5841 5839/5839/5839 
f 5844/5844/5844 5842/5842/5842 5840/5840/5840 
f 5841/5841/5841 5843/5843/5843 5845/5845/5845 
f 5844/5844/5844 5840/5840/5840 5846/5846/5846 
f 5843/5843/5843 5847/5847/5847 5845/5845/5845 
f 5848/5848/5848 5844/5844/5844 5846/5846/5846 
f 5843/5843/5843 5849/5849/5849 5847/5847/5847 
f 5844/5844/5844 5848/5848/5848 5850/5850/5850 
f 5849/5849/5849 5851/5851/5851 5847/5847/5847 
f 5852/5852/5852 5850/5850/5850 5848/5848/5848 
f 5851/5851/5851 5849/5849/5849 5853/5853/5853 
f 5850/5850/5850 5852/5852/5852 5854/5854/5854 
f 5853/5853/5853 5855/5855/5855 5851/5851/5851 
f 5852/5852/5852 5856/5856/5856 5854/5854/5854 
f 5855/5855/5855 5853/5853/5853 5856/5856/5856 
f 5856/5856/5856 5852/5852/5852 5855/5855/5855 
f 5866/5866/5866 5869/5869/5869 5868/5868/5868 
f 5869/5869/5869 5867/5867/5867 5868/5868/5868 
f 5869/5869/5869 5866/5866/5866 5870/5870/5870 
f 5867/5867/5867 5869/5869/5869 5871/5871/5871 
f 5870/5870/5870 5872/5872/5872 5869/5869/5869 
f 5872/5872/5872 5871/5871/5871 5869/5869/5869 
f 5872/5872/5872 5870/5870/5870 5873/5873/5873 
f 5871/5871/5871 5872/5872/5872 5874/5874/5874 
f 5875/5875/5875 5872/5872/5872 5873/5873/5873 
f 5872/5872/5872 5876/5876/5876 5874/5874/5874 
f 5872/5872/5872 5875/5875/5875 5877/5877/5877 
f 5876/5876/5876 5872/5872/5872 5877/5877/5877 
f 5878/5878/5878 5877/5877/5877 5875/5875/5875 
f 5877/5877/5877 5879/5879/5879 5876/5876/5876 
f 5877/5877/5877 5878/5878/5878 5880/5880/5880 
f 5879/5879/5879 5877/5877/5877 5880/5880/5880 
f 5885/5885/5885 5882/5882/5882 5884/5884/5884 
f 5884/5884/5884 5883/5883/5883 5885/5885/5885 
f 5882/5882/5882 5885/5885/5885 5886/5886/5886 
f 5885/5885/5885 5883/5883/5883 5887/5887/5887 
f 5888/5888/5888 5886/5886/5886 5885/5885/5885 
f 5885/5885/5885 5887/5887/5887 5888/5888/5888 
f 5886/5886/5886 5888/5888/5888 5889/5889/5889 
f 5888/5888/5888 5887/5887/5887 5890/5890/5890 
f 5889/5889/5889 5888/5888/5888 5891/5891/5891 
f 5892/5892/5892 5888/5888/5888 5890/5890/5890 
f 5891/5891/5891 5888/5888/5888 5893/5893/5893 
f 5888/5888/5888 5892/5892/5892 5893/5893/5893 
f 5891/5891/5891 5893/5893/5893 5894/5894/5894 
f 5895/5895/5895 5893/5893/5893 5892/5892/5892 
f 5894/5894/5894 5893/5893/5893 5896/5896/5896 
f 5893/5893/5893 5895/5895/5895 5896/5896/5896 
f 5909/5909/5909 5912/5912/5912 5911/5911/5911 
f 5912/5912/5912 5910/5910/5910 5911/5911/5911 
f 5912/5912/5912 5909/5909/5909 5913/5913/5913 
f 5910/5910/5910 5912/5912/5912 5914/5914/5914 
f 5913/5913/5913 5915/5915/5915 5912/5912/5912 
f 5915/5915/5915 5914/5914/5914 5912/5912/5912 
f 5915/5915/5915 5913/5913/5913 5916/5916/5916 
f 5914/5914/5914 5915/5915/5915 5917/5917/5917 
f 5918/5918/5918 5915/5915/5915 5916/5916/5916 
f 5915/5915/5915 5919/5919/5919 5917/5917/5917 
f 5915/5915/5915 5918/5918/5918 5920/5920/5920 
f 5919/5919/5919 5915/5915/5915 5920/5920/5920 
f 5921/5921/5921 5920/5920/5920 5918/5918/5918 
f 5920/5920/5920 5922/5922/5922 5919/5919/5919 
f 5920/5920/5920 5921/5921/5921 5923/5923/5923 
f 5922/5922/5922 5920/5920/5920 5923/5923/5923 
f 5928/5928/5928 5925/5925/5925 5927/5927/5927 
f 5927/5927/5927 5926/5926/5926 5928/5928/5928 
f 5925/5925/5925 5928/5928/5928 5929/5929/5929 
f 5928/5928/5928 5926/5926/5926 5930/5930/5930 
f 5931/5931/5931 5929/5929/5929 5928/5928/5928 
f 5928/5928/5928 5930/5930/5930 5931/5931/5931 
f 5929/5929/5929 5931/5931/5931 5932/5932/5932 
f 5931/5931/5931 5930/5930/5930 5933/5933/5933 
f 5932/5932/5932 5931/5931/5931 5934/5934/5934 
f 5935/5935/5935 5931/5931/5931 5933/5933/5933 
f 5934/5934/5934 5931/5931/5931 5936/5936/5936 
f 5931/5931/5931 5935/5935/5935 5936/5936/5936 
f 5934/5934/5934 5936/5936/5936 5937/5937/5937 
f 5938/5938/5938 5936/5936/5936 5935/5935/5935 
f 5937/5937/5937 5936/5936/5936 5939/5939/5939 
f 5936/5936/5936 5938/5938/5938 5939/5939/5939 

g Cylinder0151

v 2.46939 1.28672 14.4248 1 1 1 1 
v 2.46939 1.08168 14.339 1 1 1 1 
v 2.46939 1.28672 14.3798 1 1 1 1 
v 2.46939 1.49175 14.339 1 1 1 1 
v 2.46939 1.06448 14.3806 1 1 1 1 
v 2.46939 1.50895 14.3806 1 1 1 1 
v 2.46939 0.876082 14.2547 1 1 1 1 
v 2.46939 1.69735 14.2547 1 1 1 1 
v 2.46939 0.907855 14.2229 1 1 1 1 
v 2.46939 1.66558 14.2229 1 1 1 1 
v 2.46939 0.79171 14.0491 1 1 1 1 
v 2.46939 1.78172 14.0491 1 1 1 1 
v 2.46939 0.750196 14.0663 1 1 1 1 
v 2.46939 1.82323 14.0663 1 1 1 1 
v 2.46939 0.705992 13.844 1 1 1 1 
v 2.46939 1.8225 13.844 1 1 1 1 
v 2.46939 0.750926 13.844 1 1 1 1 
v 2.46939 1.86744 13.844 1 1 1 1 
v 2.46939 0.79171 13.639 1 1 1 1 
v 2.46939 1.82323 13.6218 1 1 1 1 
v 2.46939 0.750196 13.6218 1 1 1 1 
v 2.46939 1.78172 13.639 1 1 1 1 
v 2.46939 0.876082 13.4334 1 1 1 1 
v 2.46939 1.69735 13.4334 1 1 1 1 
v 2.46939 0.907855 13.4652 1 1 1 1 
v 2.46939 1.66558 13.4652 1 1 1 1 
v 2.46939 1.08168 13.349 1 1 1 1 
v 2.46939 1.50895 13.3075 1 1 1 1 
v 2.46939 1.06448 13.3075 1 1 1 1 
v 2.46939 1.49175 13.349 1 1 1 1 
v 2.46939 1.28672 13.2633 1 1 1 1 
v 2.46939 1.28672 13.3083 1 1 1 1 
v -3.97532 1.78172 14.0491 1 1 1 1 
v 2.38641 1.28672 13.9344 1 1 1 1 
v 2.38641 1.22284 13.9079 1 1 1 1 
v 2.38641 1.28672 13.844 1 1 1 1 
v 2.38641 1.19638 13.844 1 1 1 1 
v 2.38641 1.37705 13.844 1 1 1 1 
v 2.38641 1.35059 13.9079 1 1 1 1 
v 2.38641 1.28672 13.9344 1 1 1 1 
v 2.38641 1.28672 13.7537 1 1 1 1 
v 2.38641 1.35059 13.7802 1 1 1 1 
v 2.38641 1.37705 13.844 1 1 1 1 
v 2.38641 1.19638 13.844 1 1 1 1 
v 2.38641 1.22284 13.7802 1 1 1 1 
v 2.38641 1.28672 13.7537 1 1 1 1 
v 2.21778 1.28672 14.272 1 1 1 1 
v 2.21778 1.12295 14.2394 1 1 1 1 
v 2.21778 1.45048 14.2394 1 1 1 1 
v 2.21778 0.984114 14.1466 1 1 1 1 
v 2.21778 1.58932 14.1466 1 1 1 1 
v 2.21778 0.891347 14.0078 1 1 1 1 
v 2.21778 1.68208 14.0078 1 1 1 1 
v 2.21778 0.858772 13.844 1 1 1 1 
v 2.21778 1.71466 13.844 1 1 1 1 
v 2.21778 0.891347 13.6803 1 1 1 1 
v 2.21778 1.68208 13.6803 1 1 1 1 
v 2.21778 0.984114 13.5414 1 1 1 1 
v 2.21778 1.58932 13.5414 1 1 1 1 
v 2.21778 1.12295 13.4487 1 1 1 1 
v 2.21778 1.45048 13.4487 1 1 1 1 
v 2.21778 1.28672 13.4161 1 1 1 1 
v -3.72371 1.58932 14.1466 1 1 1 1 
v 2.28855 1.28672 13.9953 1 1 1 1 
v 2.21778 1.28672 14.272 1 1 1 1 
v 2.21778 1.12295 14.2394 1 1 1 1 
v 2.28855 1.28672 13.9953 1 1 1 1 
v 2.21778 1.45048 14.2394 1 1 1 1 
v 2.28855 1.39368 13.951 1 1 1 1 
v 2.21778 1.58932 14.1466 1 1 1 1 
v 2.21778 1.68208 14.0078 1 1 1 1 
v 2.28855 1.43799 13.844 1 1 1 1 
v 2.28855 1.43799 13.844 1 1 1 1 
v 2.21778 1.71466 13.844 1 1 1 1 
v 2.28855 1.43799 13.844 1 1 1 1 
v 2.21778 1.68208 13.6803 1 1 1 1 
v 2.28855 1.39368 13.7371 1 1 1 1 
v 2.21778 1.58932 13.5414 1 1 1 1 
v 2.21778 1.45048 13.4487 1 1 1 1 
v 2.28855 1.28672 13.6928 1 1 1 1 
v 2.28855 1.28672 13.6928 1 1 1 1 
v 2.21778 1.28672 13.4161 1 1 1 1 
v 2.28855 1.28672 13.6928 1 1 1 1 
v 2.21778 1.12295 13.4487 1 1 1 1 
v 2.28855 1.17975 13.7371 1 1 1 1 
v 2.21778 0.984114 13.5414 1 1 1 1 
v 2.21778 0.891347 13.6803 1 1 1 1 
v 2.28855 1.13545 13.844 1 1 1 1 
v 2.28855 1.13545 13.844 1 1 1 1 
v 2.21778 0.858772 13.844 1 1 1 1 
v 2.28855 1.13545 13.844 1 1 1 1 
v 2.21778 0.891347 14.0078 1 1 1 1 
v 2.28855 1.17975 13.951 1 1 1 1 
v 2.21778 0.984114 14.1466 1 1 1 1 
v 2.28855 1.28672 13.9953 1 1 1 1 
v -3.79448 1.39368 13.7371 1 1 1 1 
v 2.34915 1.14777 13.844 1 1 1 1 
v 2.38641 1.22284 13.9079 1 1 1 1 
v 2.34915 1.18847 13.9423 1 1 1 1 
v 2.38641 1.19638 13.844 1 1 1 1 
v 2.38641 1.28672 13.9344 1 1 1 1 
v 2.34915 1.28672 13.983 1 1 1 1 
v 2.34915 1.28672 13.7051 1 1 1 1 
v 2.38641 1.22284 13.7802 1 1 1 1 
v 2.34915 1.18847 13.7458 1 1 1 1 
v 2.38641 1.28672 13.7537 1 1 1 1 
v 2.38641 1.19638 13.844 1 1 1 1 
v 2.34915 1.14777 13.844 1 1 1 1 
v 2.34915 1.38496 13.7458 1 1 1 1 
v 2.34915 1.42566 13.844 1 1 1 1 
v 2.38641 1.37705 13.844 1 1 1 1 
v 2.38641 1.35059 13.7802 1 1 1 1 
v 2.38641 1.28672 13.7537 1 1 1 1 
v 2.34915 1.28672 13.7051 1 1 1 1 
v 2.34915 1.38496 13.9423 1 1 1 1 
v 2.38641 1.28672 13.9344 1 1 1 1 
v 2.38641 1.35059 13.9079 1 1 1 1 
v 2.34915 1.28672 13.983 1 1 1 1 
v 2.34915 1.42566 13.844 1 1 1 1 
v 2.38641 1.37705 13.844 1 1 1 1 
v 2.46939 0.907855 14.2229 1 1 1 1 
v 2.46939 0.79171 14.0491 1 1 1 1 
v 2.46939 0.705992 13.844 1 1 1 1 
v 2.46939 0.750926 13.844 1 1 1 1 
v 2.46939 1.86744 13.844 1 1 1 1 
v 2.46939 0.79171 13.639 1 1 1 1 
v 2.46939 0.907855 13.4652 1 1 1 1 
v 2.46939 1.08168 13.349 1 1 1 1 
v -3.97532 1.28672 14.3798 1 1 1 1 
v -3.97532 0.907855 14.2229 1 1 1 1 
v -3.97532 0.791711 14.0491 1 1 1 1 
v -3.97532 0.750926 13.844 1 1 1 1 
v -3.97532 0.791711 13.639 1 1 1 1 
v -3.97532 0.907855 13.4652 1 1 1 1 
v -3.89234 1.35059 13.9079 1 1 1 1 
v -3.89234 1.35059 13.7802 1 1 1 1 
v 2.21778 1.12295 14.2394 1 1 1 1 
v 2.21778 0.984114 14.1466 1 1 1 1 
v 2.21778 1.58932 14.1466 1 1 1 1 
v 2.46939 0.907855 14.2229 1 1 1 1 
v 2.46939 0.79171 14.0491 1 1 1 1 
v 2.21778 0.891347 14.0078 1 1 1 1 
v 2.46939 0.750926 13.844 1 1 1 1 
v 2.21778 0.858772 13.844 1 1 1 1 
v 2.21778 1.71466 13.844 1 1 1 1 
v 2.21778 0.891347 13.6803 1 1 1 1 
v 2.46939 0.79171 13.639 1 1 1 1 
v 2.21778 0.984114 13.5414 1 1 1 1 
v 2.46939 0.907855 13.4652 1 1 1 1 
v 2.21778 1.12295 13.4487 1 1 1 1 
v -3.72371 1.12295 14.2394 1 1 1 1 
v -3.72371 0.984114 14.1466 1 1 1 1 
v -3.97532 0.907855 14.2229 1 1 1 1 
v -3.97532 0.791711 14.0491 1 1 1 1 
v -3.72371 0.891347 14.0078 1 1 1 1 
v -3.97532 0.750926 13.844 1 1 1 1 
v -3.72371 0.858772 13.844 1 1 1 1 
v -3.72371 0.891347 13.6803 1 1 1 1 
v -3.97532 0.791711 13.639 1 1 1 1 
v -3.72371 0.984114 13.5414 1 1 1 1 
v -3.97532 0.907855 13.4652 1 1 1 1 
v 2.28855 1.17975 13.7371 1 1 1 1 
v -3.79448 1.39368 13.951 1 1 1 1 
v -3.79448 1.39368 13.7371 1 1 1 1 
v -3.79448 1.17975 13.951 1 1 1 1 
v -3.85508 1.38496 13.7458 1 1 1 1 
v -3.79448 1.39368 13.7371 1 1 1 1 
v -3.79448 1.43799 13.844 1 1 1 1 
v 2.34915 1.38496 13.9423 1 1 1 1 
v 2.28855 1.39368 13.951 1 1 1 1 
v 2.28855 1.43799 13.844 1 1 1 1 
v 2.34915 1.42566 13.844 1 1 1 1 
v -3.85508 1.38496 13.9423 1 1 1 1 
v -3.79448 1.43799 13.844 1 1 1 1 
v -3.79448 1.39368 13.951 1 1 1 1 
v -3.85508 1.42566 13.844 1 1 1 1 
v -3.85508 1.38496 13.7458 1 1 1 1 
v -3.79448 1.43799 13.844 1 1 1 1 
v -3.85508 1.42566 13.844 1 1 1 1 
v 2.28855 1.43799 13.844 1 1 1 1 
v 2.34915 1.38496 13.7458 1 1 1 1 
v 2.28855 1.39368 13.7371 1 1 1 1 
v 2.34915 1.42566 13.844 1 1 1 1 
v 2.46939 1.28672 14.4248 1 1 1 1 
v 2.46939 0.750926 13.844 1 1 1 1 
v 2.46939 1.86744 13.844 1 1 1 1 
v 2.46939 0.907855 13.4652 1 1 1 1 
v 2.46939 1.66558 13.4652 1 1 1 1 
v 2.46939 1.08168 13.349 1 1 1 1 
v 2.46939 1.49175 13.349 1 1 1 1 
v 2.46939 1.28672 13.2633 1 1 1 1 
v 2.46939 1.28672 13.3083 1 1 1 1 
v -3.97532 1.78172 14.0491 1 1 1 1 
v -3.97532 1.82251 13.844 1 1 1 1 
v -3.97532 0.907855 13.4652 1 1 1 1 
v -3.97532 1.08168 13.349 1 1 1 1 
v -3.97532 1.66558 13.4652 1 1 1 1 
v -3.97532 1.28672 13.3083 1 1 1 1 
v -3.97532 1.49175 13.349 1 1 1 1 
v -3.89234 1.22284 13.9079 1 1 1 1 
v -3.89234 1.35059 13.9079 1 1 1 1 
v 2.21778 1.28672 14.272 1 1 1 1 
v 2.21778 1.58932 14.1466 1 1 1 1 
v 2.21778 0.891347 13.6803 1 1 1 1 
v 2.21778 1.68208 13.6803 1 1 1 1 
v 2.21778 0.984114 13.5414 1 1 1 1 
v 2.21778 1.58932 13.5414 1 1 1 1 
v 2.46939 0.907855 13.4652 1 1 1 1 
v 2.46939 1.66558 13.4652 1 1 1 1 
v 2.46939 1.08168 13.349 1 1 1 1 
v 2.46939 1.49175 13.349 1 1 1 1 
v 2.21778 1.12295 13.4487 1 1 1 1 
v 2.21778 1.45048 13.4487 1 1 1 1 
v 2.46939 1.28672 13.3083 1 1 1 1 
v 2.21778 1.28672 13.4161 1 1 1 1 
v -3.72371 1.58932 14.1466 1 1 1 1 
v -3.72371 0.984114 13.5414 1 1 1 1 
v -3.72371 1.68208 13.6803 1 1 1 1 
v -3.97532 0.907855 13.4652 1 1 1 1 
v -3.97532 1.08168 13.349 1 1 1 1 
v -3.72371 1.58932 13.5414 1 1 1 1 
v -3.72371 1.12295 13.4487 1 1 1 1 
v -3.97532 1.66558 13.4652 1 1 1 1 
v -3.97532 1.28672 13.3083 1 1 1 1 
v -3.97532 1.49175 13.349 1 1 1 1 
v -3.72371 1.28672 13.4161 1 1 1 1 
v -3.72371 1.45048 13.4487 1 1 1 1 
v 2.28855 1.17975 13.7371 1 1 1 1 
v -3.79448 1.39368 13.951 1 1 1 1 
v -3.79448 1.39368 13.7371 1 1 1 1 
v -3.79448 1.17975 13.951 1 1 1 1 
v -3.79448 1.28672 13.9953 1 1 1 1 
v -3.85508 1.18847 13.9423 1 1 1 1 
v -3.79448 1.17975 13.951 1 1 1 1 
v 2.28855 1.28672 13.9953 1 1 1 1 
v 2.34915 1.38496 13.9423 1 1 1 1 
v 2.28855 1.39368 13.951 1 1 1 1 
v 2.34915 1.28672 13.983 1 1 1 1 
v 2.34915 1.18847 13.9423 1 1 1 1 
v 2.28855 1.28672 13.9953 1 1 1 1 
v 2.28855 1.17975 13.951 1 1 1 1 
v -3.79448 1.28672 13.9953 1 1 1 1 
v -3.85508 1.38496 13.9423 1 1 1 1 
v -3.85508 1.28672 13.983 1 1 1 1 
v -3.85508 1.18847 13.9423 1 1 1 1 
v -3.79448 1.28672 13.9953 1 1 1 1 
v -3.85508 1.28672 13.983 1 1 1 1 
v 2.28855 1.28672 13.9953 1 1 1 1 
v 2.34915 1.18847 13.9423 1 1 1 1 
v 2.34915 1.28672 13.983 1 1 1 1 
v -3.85508 1.38496 13.9423 1 1 1 1 
v -3.79448 1.28672 13.9953 1 1 1 1 
v -3.79448 1.39368 13.951 1 1 1 1 
v 2.46939 1.28672 14.4248 1 1 1 1 
v 2.46939 1.08168 14.339 1 1 1 1 
v 2.46939 1.28672 14.3798 1 1 1 1 
v 2.46939 0.79171 14.0491 1 1 1 1 
v 2.46939 1.8225 13.844 1 1 1 1 
v 2.46939 1.86744 13.844 1 1 1 1 
v 2.46939 1.78172 13.639 1 1 1 1 
v 2.46939 1.66558 13.4652 1 1 1 1 
v -3.97532 1.28672 14.4248 1 1 1 1 
v -3.97532 1.08168 14.339 1 1 1 1 
v -3.97532 1.06448 14.3806 1 1 1 1 
v -3.97532 0.876082 14.2547 1 1 1 1 
v -3.97532 1.28672 14.3798 1 1 1 1 
v -3.97532 0.907855 14.2229 1 1 1 1 
v -3.97532 1.49175 14.339 1 1 1 1 
v -3.97532 0.791711 14.0491 1 1 1 1 
v -3.97532 1.50895 14.3806 1 1 1 1 
v -3.97532 0.750197 14.0663 1 1 1 1 
v -3.97532 1.69735 14.2547 1 1 1 1 
v -3.97532 0.705992 13.844 1 1 1 1 
v -3.97532 1.66558 14.2229 1 1 1 1 
v -3.97532 0.750926 13.844 1 1 1 1 
v -3.97532 1.78172 14.0491 1 1 1 1 
v -3.97532 0.791711 13.639 1 1 1 1 
v -3.97532 1.82323 14.0663 1 1 1 1 
v -3.97532 0.750197 13.6218 1 1 1 1 
v -3.97532 1.82251 13.844 1 1 1 1 
v -3.97532 0.876082 13.4334 1 1 1 1 
v -3.97532 1.86744 13.844 1 1 1 1 
v -3.97532 0.907855 13.4652 1 1 1 1 
v -3.97532 1.82323 13.6218 1 1 1 1 
v -3.97532 1.08168 13.349 1 1 1 1 
v -3.97532 1.78172 13.639 1 1 1 1 
v -3.97532 1.06448 13.3075 1 1 1 1 
v -3.97532 1.69735 13.4334 1 1 1 1 
v -3.97532 1.28672 13.2633 1 1 1 1 
v -3.97532 1.66558 13.4652 1 1 1 1 
v -3.97532 1.28672 13.3083 1 1 1 1 
v -3.97532 1.50895 13.3075 1 1 1 1 
v -3.97532 1.49175 13.349 1 1 1 1 
v 2.38641 1.35059 13.9079 1 1 1 1 
v -3.89234 1.28672 13.9344 1 1 1 1 
v -3.89234 1.28672 13.844 1 1 1 1 
v -3.89234 1.22284 13.9079 1 1 1 1 
v -3.89234 1.19639 13.844 1 1 1 1 
v -3.89234 1.37705 13.844 1 1 1 1 
v -3.89234 1.35059 13.9079 1 1 1 1 
v -3.89234 1.28672 13.9344 1 1 1 1 
v -3.89234 1.28672 13.7537 1 1 1 1 
v -3.89234 1.35059 13.7802 1 1 1 1 
v -3.89234 1.37705 13.844 1 1 1 1 
v -3.89234 1.19639 13.844 1 1 1 1 
v -3.89234 1.22284 13.7802 1 1 1 1 
v -3.89234 1.28672 13.7537 1 1 1 1 
v 2.21778 1.58932 14.1466 1 1 1 1 
v -3.72371 1.12295 14.2394 1 1 1 1 
v -3.72371 1.28672 14.272 1 1 1 1 
v -3.72371 0.984114 14.1466 1 1 1 1 
v -3.72371 1.45048 14.2394 1 1 1 1 
v -3.72371 1.58932 14.1466 1 1 1 1 
v -3.72371 0.891347 14.0078 1 1 1 1 
v -3.72371 0.858772 13.844 1 1 1 1 
v -3.72371 1.68208 14.0078 1 1 1 1 
v -3.72371 0.891347 13.6803 1 1 1 1 
v -3.72371 1.71466 13.844 1 1 1 1 
v -3.72371 0.984114 13.5414 1 1 1 1 
v -3.72371 1.68208 13.6803 1 1 1 1 
v -3.72371 1.58932 13.5414 1 1 1 1 
v -3.72371 1.12295 13.4487 1 1 1 1 
v -3.72371 1.28672 13.4161 1 1 1 1 
v -3.72371 1.45048 13.4487 1 1 1 1 
v -3.79448 1.28672 13.9953 1 1 1 1 
v -3.72371 1.12295 14.2394 1 1 1 1 
v -3.72371 1.28672 14.272 1 1 1 1 
v -3.79448 1.28672 13.9953 1 1 1 1 
v -3.72371 1.45048 14.2394 1 1 1 1 
v -3.79448 1.39368 13.951 1 1 1 1 
v -3.72371 1.58932 14.1466 1 1 1 1 
v -3.72371 1.68208 14.0078 1 1 1 1 
v -3.79448 1.43799 13.844 1 1 1 1 
v -3.79448 1.43799 13.844 1 1 1 1 
v -3.72371 1.71466 13.844 1 1 1 1 
v -3.79448 1.43799 13.844 1 1 1 1 
v -3.72371 1.68208 13.6803 1 1 1 1 
v -3.79448 1.39368 13.7371 1 1 1 1 
v -3.72371 1.58932 13.5414 1 1 1 1 
v -3.72371 1.45048 13.4487 1 1 1 1 
v -3.79448 1.28672 13.6928 1 1 1 1 
v -3.79448 1.28672 13.6928 1 1 1 1 
v -3.72371 1.28672 13.4161 1 1 1 1 
v -3.79448 1.28672 13.6928 1 1 1 1 
v -3.72371 1.12295 13.4487 1 1 1 1 
v -3.79448 1.17975 13.7371 1 1 1 1 
v -3.72371 0.984114 13.5414 1 1 1 1 
v -3.72371 0.891347 13.6803 1 1 1 1 
v -3.79448 1.13545 13.844 1 1 1 1 
v -3.79448 1.13545 13.844 1 1 1 1 
v -3.72371 0.858772 13.844 1 1 1 1 
v -3.79448 1.13545 13.844 1 1 1 1 
v -3.72371 0.891347 14.0078 1 1 1 1 
v -3.79448 1.17975 13.951 1 1 1 1 
v -3.72371 0.984114 14.1466 1 1 1 1 
v -3.79448 1.28672 13.9953 1 1 1 1 
v -3.85508 1.14777 13.844 1 1 1 1 
v -3.89234 1.22284 13.9079 1 1 1 1 
v -3.89234 1.19639 13.844 1 1 1 1 
v -3.85508 1.18847 13.9423 1 1 1 1 
v -3.89234 1.28672 13.9344 1 1 1 1 
v -3.85508 1.28672 13.983 1 1 1 1 
v -3.85508 1.28672 13.7051 1 1 1 1 
v -3.89234 1.22284 13.7802 1 1 1 1 
v -3.89234 1.28672 13.7537 1 1 1 1 
v -3.85508 1.18847 13.7458 1 1 1 1 
v -3.89234 1.19639 13.844 1 1 1 1 
v -3.85508 1.14777 13.844 1 1 1 1 
v -3.85508 1.42566 13.844 1 1 1 1 
v -3.85508 1.38496 13.7458 1 1 1 1 
v -3.89234 1.37705 13.844 1 1 1 1 
v -3.89234 1.35059 13.7802 1 1 1 1 
v -3.89234 1.28672 13.7537 1 1 1 1 
v -3.85508 1.28672 13.7051 1 1 1 1 
v -3.89234 1.28672 13.9344 1 1 1 1 
v -3.85508 1.38496 13.9423 1 1 1 1 
v -3.89234 1.35059 13.9079 1 1 1 1 
v -3.85508 1.28672 13.983 1 1 1 1 
v -3.85508 1.42566 13.844 1 1 1 1 
v -3.89234 1.37705 13.844 1 1 1 1 
v 2.46939 1.66558 14.2229 1 1 1 1 
v 2.46939 1.78172 14.0491 1 1 1 1 
v 2.46939 1.8225 13.844 1 1 1 1 
v 2.46939 1.86744 13.844 1 1 1 1 
v 2.46939 1.78172 13.639 1 1 1 1 
v 2.46939 1.66558 13.4652 1 1 1 1 
v 2.46939 1.49175 13.349 1 1 1 1 
v -3.97532 0.907855 14.2229 1 1 1 1 
v -3.97532 1.66558 14.2229 1 1 1 1 
v -3.97532 1.78172 14.0491 1 1 1 1 
v -3.97532 1.82251 13.844 1 1 1 1 
v -3.97532 1.78172 13.639 1 1 1 1 
v -3.97532 1.66558 13.4652 1 1 1 1 
v -3.97532 1.49175 13.349 1 1 1 1 
v -3.89234 1.22284 13.9079 1 1 1 1 
v -3.89234 1.22284 13.7802 1 1 1 1 
v 2.21778 1.58932 14.1466 1 1 1 1 
v 2.46939 1.66558 14.2229 1 1 1 1 
v 2.46939 1.78172 14.0491 1 1 1 1 
v 2.21778 1.68208 14.0078 1 1 1 1 
v 2.46939 1.8225 13.844 1 1 1 1 
v 2.21778 1.71466 13.844 1 1 1 1 
v 2.21778 1.68208 13.6803 1 1 1 1 
v 2.46939 1.78172 13.639 1 1 1 1 
v 2.21778 1.58932 13.5414 1 1 1 1 
v 2.46939 1.66558 13.4652 1 1 1 1 
v 2.21778 1.45048 13.4487 1 1 1 1 
v -3.72371 1.12295 14.2394 1 1 1 1 
v -3.72371 1.58932 14.1466 1 1 1 1 
v -3.97532 1.66558 14.2229 1 1 1 1 
v -3.97532 1.78172 14.0491 1 1 1 1 
v -3.72371 1.68208 14.0078 1 1 1 1 
v -3.97532 1.82251 13.844 1 1 1 1 
v -3.72371 1.71466 13.844 1 1 1 1 
v -3.72371 1.68208 13.6803 1 1 1 1 
v -3.97532 1.78172 13.639 1 1 1 1 
v -3.72371 1.58932 13.5414 1 1 1 1 
v -3.97532 1.66558 13.4652 1 1 1 1 
v -3.72371 1.45048 13.4487 1 1 1 1 
v 2.28855 1.13545 13.844 1 1 1 1 
v -3.79448 1.17975 13.7371 1 1 1 1 
v -3.79448 1.13545 13.844 1 1 1 1 
v -3.79448 1.17975 13.951 1 1 1 1 
v 2.34915 1.18847 13.9423 1 1 1 1 
v 2.34915 1.18847 13.7458 1 1 1 1 
v -3.85508 1.18847 13.9423 1 1 1 1 
v -3.79448 1.17975 13.951 1 1 1 1 
v -3.79448 1.13545 13.844 1 1 1 1 
v 2.34915 1.18847 13.9423 1 1 1 1 
v 2.28855 1.17975 13.951 1 1 1 1 
v 2.28855 1.13545 13.844 1 1 1 1 
v 2.34915 1.14777 13.844 1 1 1 1 
v 2.28855 1.13545 13.844 1 1 1 1 
v 2.34915 1.18847 13.7458 1 1 1 1 
v 2.34915 1.14777 13.844 1 1 1 1 
v -3.85508 1.18847 13.9423 1 1 1 1 
v -3.79448 1.13545 13.844 1 1 1 1 
v -3.85508 1.14777 13.844 1 1 1 1 
v 2.34915 1.18847 13.7458 1 1 1 1 
v 2.28855 1.13545 13.844 1 1 1 1 
v 2.28855 1.17975 13.7371 1 1 1 1 
v -3.85508 1.18847 13.7458 1 1 1 1 
v -3.79448 1.13545 13.844 1 1 1 1 
v -3.85508 1.14777 13.844 1 1 1 1 
v -3.79448 1.17975 13.7371 1 1 1 1 
v 2.46939 1.28672 14.4248 1 1 1 1 
v 2.46939 1.08168 14.339 1 1 1 1 
v 2.46939 1.28672 14.3798 1 1 1 1 
v 2.46939 1.49175 14.339 1 1 1 1 
v 2.46939 0.907855 14.2229 1 1 1 1 
v 2.46939 1.66558 14.2229 1 1 1 1 
v 2.46939 0.79171 14.0491 1 1 1 1 
v 2.46939 0.705992 13.844 1 1 1 1 
v -3.97532 1.08168 14.339 1 1 1 1 
v -3.97532 1.28672 14.3798 1 1 1 1 
v -3.97532 0.907855 14.2229 1 1 1 1 
v -3.97532 1.49175 14.339 1 1 1 1 
v -3.97532 1.66558 14.2229 1 1 1 1 
v -3.97532 1.78172 14.0491 1 1 1 1 
v -3.97532 1.66558 13.4652 1 1 1 1 
v -3.89234 1.35059 13.7802 1 1 1 1 
v -3.89234 1.22284 13.7802 1 1 1 1 
v 2.21778 1.28672 14.272 1 1 1 1 
v 2.46939 1.28672 14.3798 1 1 1 1 
v 2.21778 1.12295 14.2394 1 1 1 1 
v 2.21778 1.45048 14.2394 1 1 1 1 
v 2.46939 1.08168 14.339 1 1 1 1 
v 2.46939 1.49175 14.339 1 1 1 1 
v 2.21778 0.984114 14.1466 1 1 1 1 
v 2.21778 1.58932 14.1466 1 1 1 1 
v 2.46939 0.907855 14.2229 1 1 1 1 
v 2.46939 1.66558 14.2229 1 1 1 1 
v 2.21778 0.891347 14.0078 1 1 1 1 
v -3.97532 1.28672 14.3798 1 1 1 1 
v -3.72371 1.12295 14.2394 1 1 1 1 
v -3.97532 1.08168 14.339 1 1 1 1 
v -3.72371 1.28672 14.272 1 1 1 1 
v -3.72371 0.984114 14.1466 1 1 1 1 
v -3.72371 1.45048 14.2394 1 1 1 1 
v -3.97532 0.907855 14.2229 1 1 1 1 
v -3.97532 1.49175 14.339 1 1 1 1 
v -3.72371 1.58932 14.1466 1 1 1 1 
v -3.97532 1.66558 14.2229 1 1 1 1 
v -3.72371 1.68208 13.6803 1 1 1 1 
v 2.28855 1.28672 13.6928 1 1 1 1 
v -3.79448 1.39368 13.7371 1 1 1 1 
v -3.79448 1.28672 13.6928 1 1 1 1 
v -3.79448 1.17975 13.7371 1 1 1 1 
v 2.34915 1.18847 13.7458 1 1 1 1 
v 2.34915 1.38496 13.7458 1 1 1 1 
v -3.79448 1.28672 13.6928 1 1 1 1 
v -3.85508 1.38496 13.7458 1 1 1 1 
v -3.79448 1.39368 13.7371 1 1 1 1 
v 2.34915 1.18847 13.7458 1 1 1 1 
v 2.28855 1.28672 13.6928 1 1 1 1 
v 2.34915 1.28672 13.7051 1 1 1 1 
v 2.28855 1.17975 13.7371 1 1 1 1 
v -3.85508 1.38496 13.7458 1 1 1 1 
v -3.79448 1.28672 13.6928 1 1 1 1 
v -3.85508 1.28672 13.7051 1 1 1 1 
v 2.28855 1.39368 13.7371 1 1 1 1 
v 2.34915 1.38496 13.7458 1 1 1 1 
v 2.28855 1.28672 13.6928 1 1 1 1 
v 2.34915 1.28672 13.7051 1 1 1 1 
v -3.85508 1.18847 13.7458 1 1 1 1 
v -3.79448 1.28672 13.6928 1 1 1 1 
v -3.79448 1.17975 13.7371 1 1 1 1 
v -3.85508 1.28672 13.7051 1 1 1 1 

vn 1 0 0 
vn 1 0 0 
vn 1 0 0 
vn 1 0 0 
vn 1 0 0 
vn 1 0 0 
vn 1 0 0 
vn 1 0 0 
vn 1 0 0 
vn 1 0 0 
vn 1 0 0 
vn 1 0 0 
vn 1 0 0 
vn 1 0 0 
vn 1 0 0 
vn 1 0 0 
vn 1 0 0 
vn 1 0 0 
vn 1 0 0 
vn 1 0 0 
vn 1 0 0 
vn 1 0 0 
vn 1 0 0 
vn 1 0 0 
vn 1 0 0 
vn 1 0 0 
vn 1 0 0 
vn 1 0 0 
vn 1 0 0 
vn 1 0 0 
vn 1 0 0 
vn 1 0 0 
vn -1 0 0 
vn 1 0 0 
vn 1 0 0 
vn 1 0 0 
vn 1 0 0 
vn 1 0 0 
vn 1 0 0 
vn 1 0 0 
vn 1 0 0 
vn 1 0 0 
vn 1 0 0 
vn 1 0 0 
vn 1 0 0 
vn 1 0 0 
vn 0.393701 0 -0.92126 
vn 0.393701 0.354331 -0.850394 
vn 0.393701 -0.354331 -0.850394 
vn 0.393701 0.653543 -0.653543 
vn 0.393701 -0.653543 -0.653543 
vn 0.393701 0.850394 -0.354331 
vn 0.393701 -0.850394 -0.354331 
vn 0.393701 0.92126 0 
vn 0.393701 -0.92126 0 
vn 0.393701 0.850394 0.354331 
vn 0.393701 -0.850394 0.354331 
vn 0.393701 0.653543 0.653543 
vn 0.393701 -0.653543 0.653543 
vn 0.393701 0.354331 0.850394 
vn 0.393701 -0.354331 0.850394 
vn 0.393701 0 0.92126 
vn -0.393701 -0.653543 -0.653543 
vn 0.976378 0 0.228346 
vn 0.968504 0 0.251969 
vn 0.968504 -0.0866142 0.228346 
vn 0.976378 0 0.228346 
vn 0.968504 0.0866142 0.228346 
vn 0.968504 0.165354 0.165354 
vn 0.968504 0.165354 0.165354 
vn 0.968504 0.228346 0.0866142 
vn 0.976378 0.228346 0 
vn 0.976378 0.228346 0 
vn 0.968504 0.251969 0 
vn 0.976378 0.228346 0 
vn 0.968504 0.228346 -0.0866142 
vn 0.968504 0.165354 -0.165354 
vn 0.968504 0.165354 -0.165354 
vn 0.968504 0.0866142 -0.228346 
vn 0.976378 0 -0.228346 
vn 0.976378 0 -0.228346 
vn 0.968504 0 -0.251969 
vn 0.976378 0 -0.228346 
vn 0.968504 -0.0866142 -0.228346 
vn 0.968504 -0.165354 -0.165354 
vn 0.968504 -0.165354 -0.165354 
vn 0.968504 -0.228346 -0.0866142 
vn 0.976378 -0.228346 0 
vn 0.976378 -0.228346 0 
vn 0.968504 -0.251969 0 
vn 0.976378 -0.228346 0 
vn 0.968504 -0.228346 0.0866142 
vn 0.968504 -0.165354 0.165354 
vn 0.968504 -0.165354 0.165354 
vn 0.976378 0 0.228346 
vn -0.968504 0.165354 -0.165354 
vn 0.795276 -0.606299 0 
vn 0.795276 -0.433071 0.433071 
vn 0.795276 -0.433071 0.433071 
vn 0.795276 -0.606299 0 
vn 0.795276 0 0.606299 
vn 0.795276 0 0.606299 
vn 0.795276 0 -0.606299 
vn 0.795276 -0.433071 -0.433071 
vn 0.795276 -0.433071 -0.433071 
vn 0.795276 0 -0.606299 
vn 0.795276 -0.606299 0 
vn 0.795276 -0.606299 0 
vn 0.795276 0.433071 -0.433071 
vn 0.795276 0.606299 0 
vn 0.795276 0.606299 0 
vn 0.795276 0.433071 -0.433071 
vn 0.795276 0 -0.606299 
vn 0.795276 0 -0.606299 
vn 0.795276 0.433071 0.433071 
vn 0.795276 0 0.606299 
vn 0.795276 0.433071 0.433071 
vn 0.795276 0 0.606299 
vn 0.795276 0.606299 0 
vn 0.795276 0.606299 0 
vn 1 0 0 
vn 1 0 0 
vn 1 0 0 
vn 1 0 0 
vn 1 0 0 
vn 1 0 0 
vn 1 0 0 
vn 1 0 0 
vn -1 0 0 
vn -1 0 0 
vn -1 0 0 
vn -1 0 0 
vn -1 0 0 
vn -1 0 0 
vn -1 0 0 
vn -1 0 0 
vn 0.393701 0.354331 -0.850394 
vn 0.393701 0.653543 -0.653543 
vn 0.393701 -0.653543 -0.653543 
vn 0.393701 0.653543 -0.653543 
vn 0.393701 0.850394 -0.354331 
vn 0.393701 0.850394 -0.354331 
vn 0.393701 0.92126 0 
vn 0.393701 0.92126 0 
vn 0.393701 -0.92126 0 
vn 0.393701 0.850394 0.354331 
vn 0.393701 0.850394 0.354331 
vn 0.393701 0.653543 0.653543 
vn 0.393701 0.653543 0.653543 
vn 0.393701 0.354331 0.850394 
vn -0.393701 0.354331 -0.850394 
vn -0.393701 0.653543 -0.653543 
vn -0.393701 0.653543 -0.653543 
vn -0.393701 0.850394 -0.354331 
vn -0.393701 0.850394 -0.354331 
vn -0.393701 0.92126 0 
vn -0.393701 0.92126 0 
vn -0.393701 0.850394 0.354331 
vn -0.393701 0.850394 0.354331 
vn -0.393701 0.653543 0.653543 
vn -0.393701 0.653543 0.653543 
vn 0.968504 -0.165354 -0.165354 
vn -0.968504 0.165354 0.165354 
vn -0.968504 0.165354 -0.165354 
vn -0.968504 -0.165354 0.165354 
vn -0.19685 0.692913 -0.692913 
vn -0.19685 0.692913 -0.692913 
vn -0.19685 0.976378 0 
vn 0.19685 0.692913 0.692913 
vn 0.19685 0.692913 0.692913 
vn 0.19685 0.976378 0 
vn 0.19685 0.976378 0 
vn -0.19685 0.692913 0.692913 
vn -0.19685 0.976378 0 
vn -0.19685 0.692913 0.692913 
vn -0.19685 0.976378 0 
vn -0.19685 0.692913 -0.692913 
vn -0.19685 0.976378 0 
vn -0.19685 0.976378 0 
vn 0.19685 0.976378 0 
vn 0.19685 0.692913 -0.692913 
vn 0.19685 0.692913 -0.692913 
vn 0.19685 0.976378 0 
vn 1 0 0 
vn 1 0 0 
vn 1 0 0 
vn 1 0 0 
vn 1 0 0 
vn 1 0 0 
vn 1 0 0 
vn 1 0 0 
vn 1 0 0 
vn -1 0 0 
vn -1 0 0 
vn -1 0 0 
vn -1 0 0 
vn -1 0 0 
vn -1 0 0 
vn -1 0 0 
vn -1 0 0 
vn -1 0 0 
vn 0.393701 0 -0.92126 
vn 0.393701 -0.653543 -0.653543 
vn 0.393701 0.850394 0.354331 
vn 0.393701 -0.850394 0.354331 
vn 0.393701 0.653543 0.653543 
vn 0.393701 -0.653543 0.653543 
vn 0.393701 0.653543 0.653543 
vn 0.393701 -0.653543 0.653543 
vn 0.393701 0.354331 0.850394 
vn 0.393701 -0.354331 0.850394 
vn 0.393701 0.354331 0.850394 
vn 0.393701 -0.354331 0.850394 
vn 0.393701 0 0.92126 
vn 0.393701 0 0.92126 
vn -0.393701 -0.653543 -0.653543 
vn -0.393701 0.653543 0.653543 
vn -0.393701 -0.850394 0.354331 
vn -0.393701 0.653543 0.653543 
vn -0.393701 0.354331 0.850394 
vn -0.393701 -0.653543 0.653543 
vn -0.393701 0.354331 0.850394 
vn -0.393701 -0.653543 0.653543 
vn -0.393701 0 0.92126 
vn -0.393701 -0.354331 0.850394 
vn -0.393701 0 0.92126 
vn -0.393701 -0.354331 0.850394 
vn 0.968504 -0.165354 -0.165354 
vn -0.968504 0.165354 0.165354 
vn -0.968504 0.165354 -0.165354 
vn -0.968504 -0.165354 0.165354 
vn -0.19685 0 0.976378 
vn -0.19685 -0.692913 0.692913 
vn -0.19685 -0.692913 0.692913 
vn 0.19685 0 0.976378 
vn 0.19685 0.692913 0.692913 
vn 0.19685 0.692913 0.692913 
vn 0.19685 0 0.976378 
vn 0.19685 -0.692913 0.692913 
vn 0.19685 0 0.976378 
vn 0.19685 -0.692913 0.692913 
vn -0.19685 0 0.976378 
vn -0.19685 0.692913 0.692913 
vn -0.19685 0 0.976378 
vn -0.19685 -0.692913 0.692913 
vn -0.19685 0 0.976378 
vn -0.19685 0 0.976378 
vn 0.19685 0 0.976378 
vn 0.19685 -0.692913 0.692913 
vn 0.19685 0 0.976378 
vn -0.19685 0.692913 0.692913 
vn -0.19685 0 0.976378 
vn -0.19685 0.692913 0.692913 
vn 1 0 0 
vn 1 0 0 
vn 1 0 0 
vn 1 0 0 
vn 1 0 0 
vn 1 0 0 
vn 1 0 0 
vn 1 0 0 
vn -1 0 0 
vn -1 0 0 
vn -1 0 0 
vn -1 0 0 
vn -1 0 0 
vn -1 0 0 
vn -1 0 0 
vn -1 0 0 
vn -1 0 0 
vn -1 0 0 
vn -1 0 0 
vn -1 0 0 
vn -1 0 0 
vn -1 0 0 
vn -1 0 0 
vn -1 0 0 
vn -1 0 0 
vn -1 0 0 
vn -1 0 0 
vn -1 0 0 
vn -1 0 0 
vn -1 0 0 
vn -1 0 0 
vn -1 0 0 
vn -1 0 0 
vn -1 0 0 
vn -1 0 0 
vn -1 0 0 
vn -1 0 0 
vn -1 0 0 
vn -1 0 0 
vn -1 0 0 
vn 1 0 0 
vn -1 0 0 
vn -1 0 0 
vn -1 0 0 
vn -1 0 0 
vn -1 0 0 
vn -1 0 0 
vn -1 0 0 
vn -1 0 0 
vn -1 0 0 
vn -1 0 0 
vn -1 0 0 
vn -1 0 0 
vn -1 0 0 
vn 0.393701 -0.653543 -0.653543 
vn -0.393701 0.354331 -0.850394 
vn -0.393701 0 -0.92126 
vn -0.393701 0.653543 -0.653543 
vn -0.393701 -0.354331 -0.850394 
vn -0.393701 -0.653543 -0.653543 
vn -0.393701 0.850394 -0.354331 
vn -0.393701 0.92126 0 
vn -0.393701 -0.850394 -0.354331 
vn -0.393701 0.850394 0.354331 
vn -0.393701 -0.92126 0 
vn -0.393701 0.653543 0.653543 
vn -0.393701 -0.850394 0.354331 
vn -0.393701 -0.653543 0.653543 
vn -0.393701 0.354331 0.850394 
vn -0.393701 0 0.92126 
vn -0.393701 -0.354331 0.850394 
vn -0.976378 0 0.228346 
vn -0.968504 -0.0866142 0.228346 
vn -0.968504 0 0.251969 
vn -0.976378 0 0.228346 
vn -0.968504 0.0866142 0.228346 
vn -0.968504 0.165354 0.165354 
vn -0.968504 0.165354 0.165354 
vn -0.968504 0.228346 0.0866142 
vn -0.976378 0.228346 0 
vn -0.976378 0.228346 0 
vn -0.968504 0.251969 0 
vn -0.976378 0.228346 0 
vn -0.968504 0.228346 -0.0866142 
vn -0.968504 0.165354 -0.165354 
vn -0.968504 0.165354 -0.165354 
vn -0.968504 0.0866142 -0.228346 
vn -0.976378 0 -0.228346 
vn -0.976378 0 -0.228346 
vn -0.968504 0 -0.251969 
vn -0.976378 0 -0.228346 
vn -0.968504 -0.0866142 -0.228346 
vn -0.968504 -0.165354 -0.165354 
vn -0.968504 -0.165354 -0.165354 
vn -0.968504 -0.228346 -0.0866142 
vn -0.976378 -0.228346 0 
vn -0.976378 -0.228346 0 
vn -0.968504 -0.251969 0 
vn -0.976378 -0.228346 0 
vn -0.968504 -0.228346 0.0866142 
vn -0.968504 -0.165354 0.165354 
vn -0.968504 -0.165354 0.165354 
vn -0.976378 0 0.228346 
vn -0.795276 -0.606299 0 
vn -0.795276 -0.433071 0.433071 
vn -0.795276 -0.606299 0 
vn -0.795276 -0.433071 0.433071 
vn -0.795276 0 0.606299 
vn -0.795276 0 0.606299 
vn -0.795276 0 -0.606299 
vn -0.795276 -0.433071 -0.433071 
vn -0.795276 0 -0.606299 
vn -0.795276 -0.433071 -0.433071 
vn -0.795276 -0.606299 0 
vn -0.795276 -0.606299 0 
vn -0.795276 0.606299 0 
vn -0.795276 0.433071 -0.433071 
vn -0.795276 0.606299 0 
vn -0.795276 0.433071 -0.433071 
vn -0.795276 0 -0.606299 
vn -0.795276 0 -0.606299 
vn -0.795276 0 0.606299 
vn -0.795276 0.433071 0.433071 
vn -0.795276 0.433071 0.433071 
vn -0.795276 0 0.606299 
vn -0.795276 0.606299 0 
vn -0.795276 0.606299 0 
vn 1 0 0 
vn 1 0 0 
vn 1 0 0 
vn 1 0 0 
vn 1 0 0 
vn 1 0 0 
vn 1 0 0 
vn -1 0 0 
vn -1 0 0 
vn -1 0 0 
vn -1 0 0 
vn -1 0 0 
vn -1 0 0 
vn -1 0 0 
vn -1 0 0 
vn -1 0 0 
vn 0.393701 -0.653543 -0.653543 
vn 0.393701 -0.653543 -0.653543 
vn 0.393701 -0.850394 -0.354331 
vn 0.393701 -0.850394 -0.354331 
vn 0.393701 -0.92126 0 
vn 0.393701 -0.92126 0 
vn 0.393701 -0.850394 0.354331 
vn 0.393701 -0.850394 0.354331 
vn 0.393701 -0.653543 0.653543 
vn 0.393701 -0.653543 0.653543 
vn 0.393701 -0.354331 0.850394 
vn -0.393701 0.354331 -0.850394 
vn -0.393701 -0.653543 -0.653543 
vn -0.393701 -0.653543 -0.653543 
vn -0.393701 -0.850394 -0.354331 
vn -0.393701 -0.850394 -0.354331 
vn -0.393701 -0.92126 0 
vn -0.393701 -0.92126 0 
vn -0.393701 -0.850394 0.354331 
vn -0.393701 -0.850394 0.354331 
vn -0.393701 -0.653543 0.653543 
vn -0.393701 -0.653543 0.653543 
vn -0.393701 -0.354331 0.850394 
vn 0.976378 -0.228346 0 
vn -0.968504 -0.165354 -0.165354 
vn -0.976378 -0.228346 0 
vn -0.968504 -0.165354 0.165354 
vn 0.795276 -0.433071 0.433071 
vn 0.795276 -0.433071 -0.433071 
vn -0.19685 -0.692913 0.692913 
vn -0.19685 -0.692913 0.692913 
vn -0.19685 -0.976378 0 
vn 0.19685 -0.692913 0.692913 
vn 0.19685 -0.692913 0.692913 
vn 0.19685 -0.976378 0 
vn 0.19685 -0.976378 0 
vn 0.19685 -0.976378 0 
vn 0.19685 -0.692913 -0.692913 
vn 0.19685 -0.976378 0 
vn -0.19685 -0.692913 0.692913 
vn -0.19685 -0.976378 0 
vn -0.19685 -0.976378 0 
vn 0.19685 -0.692913 -0.692913 
vn 0.19685 -0.976378 0 
vn 0.19685 -0.692913 -0.692913 
vn -0.19685 -0.692913 -0.692913 
vn -0.19685 -0.976378 0 
vn -0.19685 -0.976378 0 
vn -0.19685 -0.692913 -0.692913 
vn 1 0 0 
vn 1 0 0 
vn 1 0 0 
vn 1 0 0 
vn 1 0 0 
vn 1 0 0 
vn 1 0 0 
vn 1 0 0 
vn -1 0 0 
vn -1 0 0 
vn -1 0 0 
vn -1 0 0 
vn -1 0 0 
vn -1 0 0 
vn -1 0 0 
vn -1 0 0 
vn -1 0 0 
vn 0.393701 0 -0.92126 
vn 0.393701 0 -0.92126 
vn 0.393701 0.354331 -0.850394 
vn 0.393701 -0.354331 -0.850394 
vn 0.393701 0.354331 -0.850394 
vn 0.393701 -0.354331 -0.850394 
vn 0.393701 0.653543 -0.653543 
vn 0.393701 -0.653543 -0.653543 
vn 0.393701 0.653543 -0.653543 
vn 0.393701 -0.653543 -0.653543 
vn 0.393701 0.850394 -0.354331 
vn -0.393701 0 -0.92126 
vn -0.393701 0.354331 -0.850394 
vn -0.393701 0.354331 -0.850394 
vn -0.393701 0 -0.92126 
vn -0.393701 0.653543 -0.653543 
vn -0.393701 -0.354331 -0.850394 
vn -0.393701 0.653543 -0.653543 
vn -0.393701 -0.354331 -0.850394 
vn -0.393701 -0.653543 -0.653543 
vn -0.393701 -0.653543 -0.653543 
vn -0.393701 -0.850394 0.354331 
vn 0.976378 0 -0.228346 
vn -0.968504 0.165354 -0.165354 
vn -0.976378 0 -0.228346 
vn -0.968504 -0.165354 -0.165354 
vn 0.795276 -0.433071 -0.433071 
vn 0.795276 0.433071 -0.433071 
vn -0.19685 0 -0.976378 
vn -0.19685 0.692913 -0.692913 
vn -0.19685 0.692913 -0.692913 
vn 0.19685 -0.692913 -0.692913 
vn 0.19685 0 -0.976378 
vn 0.19685 0 -0.976378 
vn 0.19685 -0.692913 -0.692913 
vn -0.19685 0.692913 -0.692913 
vn -0.19685 0 -0.976378 
vn -0.19685 0 -0.976378 
vn 0.19685 0.692913 -0.692913 
vn 0.19685 0.692913 -0.692913 
vn 0.19685 0 -0.976378 
vn 0.19685 0 -0.976378 
vn -0.19685 -0.692913 -0.692913 
vn -0.19685 0 -0.976378 
vn -0.19685 -0.692913 -0.692913 
vn -0.19685 0 -0.976378 

vt 57.9274 -5 
vt 57.9381 -5.02563 
vt 57.933 -5 
vt 57.9381 -4.97437 
vt 57.9329 -5.02778 
vt 57.9329 -4.97222 
vt 57.9487 -5.05133 
vt 57.9487 -4.94867 
vt 57.9526 -5.04736 
vt 57.9526 -4.95264 
vt 57.9744 -5.06188 
vt 57.9744 -4.93812 
vt 57.9722 -5.06706 
vt 57.9722 -4.93294 
vt 58 -5.07259 
vt 58 -4.93303 
vt 58 -5.06697 
vt 58 -4.92741 
vt 58.0256 -5.06188 
vt 58.0278 -4.93294 
vt 58.0278 -5.06706 
vt 58.0256 -4.93812 
vt 58.0513 -5.05133 
vt 58.0513 -4.94867 
vt 58.0474 -5.04736 
vt 58.0474 -4.95264 
vt 58.0619 -5.02563 
vt 58.0671 -4.97222 
vt 58.0671 -5.02778 
vt 58.0619 -4.97437 
vt 58.0726 -5 
vt 58.067 -5 
vt 57.9744 -4.93812 
vt 57.9887 -5 
vt 57.992 -5.00798 
vt 58 -5 
vt 58 -5.01129 
vt 58 -4.98871 
vt 57.992 -4.99202 
vt 57.9887 -5 
vt 58.0113 -5 
vt 58.008 -4.99202 
vt 58 -4.98871 
vt 58 -5.01129 
vt 58.008 -5.00798 
vt 58.0113 -5 
vt 57.9465 -5 
vt 57.9506 -5.02047 
vt 57.9506 -4.97953 
vt 57.9622 -5.03783 
vt 57.9622 -4.96217 
vt 57.9795 -5.04942 
vt 57.9795 -4.95058 
vt 58 -5.05349 
vt 58 -4.94651 
vt 58.0205 -5.04942 
vt 58.0205 -4.95058 
vt 58.0378 -5.03783 
vt 58.0378 -4.96217 
vt 58.0494 -5.02047 
vt 58.0494 -4.97953 
vt 58.0535 -5 
vt 57.9622 -4.96217 
vt 57.9811 -5 
vt 57.9465 -5 
vt 57.9506 -5.02047 
vt 57.9811 -5 
vt 57.9506 -4.97953 
vt 57.9866 -4.98663 
vt 57.9622 -4.96217 
vt 57.9795 -4.95058 
vt 58 -4.98109 
vt 58 -4.98109 
vt 58 -4.94651 
vt 58 -4.98109 
vt 58.0205 -4.95058 
vt 58.0134 -4.98663 
vt 58.0378 -4.96217 
vt 58.0494 -4.97953 
vt 58.0189 -5 
vt 58.0189 -5 
vt 58.0535 -5 
vt 58.0189 -5 
vt 58.0494 -5.02047 
vt 58.0134 -5.01337 
vt 58.0378 -5.03783 
vt 58.0205 -5.04942 
vt 58 -5.01891 
vt 58 -5.01891 
vt 58 -5.05349 
vt 58 -5.01891 
vt 57.9795 -5.04942 
vt 57.9866 -5.01337 
vt 57.9622 -5.03783 
vt 57.9811 -5 
vt 58.0134 -4.98663 
vt 58 -5.01737 
vt 57.992 -5.00798 
vt 57.9877 -5.01228 
vt 58 -5.01129 
vt 57.9887 -5 
vt 57.9826 -5 
vt 58.0174 -5 
vt 58.008 -5.00798 
vt 58.0123 -5.01228 
vt 58.0113 -5 
vt 58 -5.01129 
vt 58 -5.01737 
vt 58.0123 -4.98772 
vt 58 -4.98263 
vt 58 -4.98871 
vt 58.008 -4.99202 
vt 58.0113 -5 
vt 58.0174 -5 
vt 57.9877 -4.98772 
vt 57.9887 -5 
vt 57.992 -4.99202 
vt 57.9826 -5 
vt 58 -4.98263 
vt 58 -4.98871 
vt 57.5972 -4.95264 
vt 57.5972 -4.97437 
vt 57.5972 -5 
vt 57.5972 -5 
vt 57.5972 -5 
vt 57.5972 -5.02563 
vt 57.5972 -5.04736 
vt 57.5972 -5.06188 
vt 58.4028 -4.93303 
vt 58.4028 -4.95264 
vt 58.4028 -4.97437 
vt 58.4028 -5 
vt 58.4028 -5.02563 
vt 58.4028 -5.04736 
vt 58.3924 -4.99202 
vt 58.3924 -5.00798 
vt 57.6287 -4.95058 
vt 57.6287 -4.96217 
vt 57.6287 -4.96217 
vt 57.5972 -4.95264 
vt 57.5972 -4.97437 
vt 57.6287 -4.97953 
vt 57.5972 -5 
vt 57.6287 -5 
vt 57.6287 -5 
vt 57.6287 -5.02047 
vt 57.5972 -5.02563 
vt 57.6287 -5.03783 
vt 57.5972 -5.04736 
vt 57.6287 -5.04942 
vt 58.3713 -4.95058 
vt 58.3713 -4.96217 
vt 58.4028 -4.95264 
vt 58.4028 -4.97437 
vt 58.3713 -4.97953 
vt 58.4028 -5 
vt 58.3713 -5 
vt 58.3713 -5.02047 
vt 58.4028 -5.02563 
vt 58.3713 -5.03783 
vt 58.4028 -5.04736 
vt 57.6198 -5.01337 
vt 58.3802 -4.98663 
vt 58.3802 -5.01337 
vt 58.3802 -4.98663 
vt 58.3878 -5.01228 
vt 58.3802 -5.01337 
vt 58.3802 -5 
vt 57.6122 -4.98772 
vt 57.6198 -4.98663 
vt 57.6198 -5 
vt 57.6122 -5 
vt 58.3878 -4.98772 
vt 58.3802 -5 
vt 58.3802 -4.98663 
vt 58.3878 -5 
vt 58.3878 -5.01228 
vt 58.3802 -5 
vt 58.3878 -5 
vt 57.6198 -5 
vt 57.6122 -5.01228 
vt 57.6198 -5.01337 
vt 57.6122 -5 
vt 58.4028 -5 
vt 58.4028 -5.06697 
vt 58.4028 -4.92741 
vt 58.4028 -5.04736 
vt 58.4028 -4.95264 
vt 58.4028 -5.02563 
vt 58.4028 -4.97437 
vt 58.4028 -5 
vt 58.4028 -5 
vt 57.5972 -4.93812 
vt 57.5972 -4.93303 
vt 57.5972 -5.04736 
vt 57.5972 -5.02563 
vt 57.5972 -4.95264 
vt 57.5972 -5 
vt 57.5972 -4.97437 
vt 57.6076 -5.00798 
vt 57.6076 -4.99202 
vt 58.3713 -5 
vt 58.3713 -4.96217 
vt 58.3713 -5.04942 
vt 58.3713 -4.95058 
vt 58.3713 -5.03783 
vt 58.3713 -4.96217 
vt 58.4028 -5.04736 
vt 58.4028 -4.95264 
vt 58.4028 -5.02563 
vt 58.4028 -4.97437 
vt 58.3713 -5.02047 
vt 58.3713 -4.97953 
vt 58.4028 -5 
vt 58.3713 -5 
vt 57.6287 -4.96217 
vt 57.6287 -5.03783 
vt 57.6287 -4.95058 
vt 57.5972 -5.04736 
vt 57.5972 -5.02563 
vt 57.6287 -4.96217 
vt 57.6287 -5.02047 
vt 57.5972 -4.95264 
vt 57.5972 -5 
vt 57.5972 -4.97437 
vt 57.6287 -5 
vt 57.6287 -4.97953 
vt 58.3802 -5.01337 
vt 57.6198 -4.98663 
vt 57.6198 -4.98663 
vt 57.6198 -5.01337 
vt 57.6198 -5 
vt 57.6122 -5.01228 
vt 57.6198 -5.01337 
vt 58.3802 -5 
vt 58.3878 -4.98772 
vt 58.3802 -4.98663 
vt 58.3878 -5 
vt 58.3878 -5.01228 
vt 58.3802 -5 
vt 58.3802 -5.01337 
vt 57.6198 -5 
vt 57.6122 -4.98772 
vt 57.6122 -5 
vt 57.6122 -5.01228 
vt 57.6198 -5 
vt 57.6122 -5 
vt 58.3802 -5 
vt 58.3878 -5.01228 
vt 58.3878 -5 
vt 57.6122 -4.98772 
vt 57.6198 -5 
vt 57.6198 -4.98663 
vt 58.0726 -5 
vt 58.0619 -5.02563 
vt 58.067 -5 
vt 58.0256 -5.06188 
vt 58 -4.93303 
vt 58 -4.92741 
vt 57.9744 -4.93812 
vt 57.9526 -4.95264 
vt 58.0726 -5 
vt 58.0619 -5.02563 
vt 58.0671 -5.02778 
vt 58.0513 -5.05133 
vt 58.067 -5 
vt 58.0474 -5.04736 
vt 58.0619 -4.97437 
vt 58.0256 -5.06188 
vt 58.0671 -4.97222 
vt 58.0278 -5.06706 
vt 58.0513 -4.94867 
vt 58 -5.07259 
vt 58.0474 -4.95264 
vt 58 -5.06697 
vt 58.0256 -4.93812 
vt 57.9744 -5.06188 
vt 58.0278 -4.93294 
vt 57.9722 -5.06706 
vt 58 -4.93303 
vt 57.9487 -5.05133 
vt 58 -4.92741 
vt 57.9526 -5.04736 
vt 57.9722 -4.93294 
vt 57.9381 -5.02563 
vt 57.9744 -4.93812 
vt 57.9329 -5.02778 
vt 57.9487 -4.94867 
vt 57.9274 -5 
vt 57.9526 -4.95264 
vt 57.933 -5 
vt 57.9329 -4.97222 
vt 57.9381 -4.97437 
vt 58.008 -4.99202 
vt 58.0113 -5 
vt 58 -5 
vt 58.008 -5.00798 
vt 58 -5.01129 
vt 58 -4.98871 
vt 58.008 -4.99202 
vt 58.0113 -5 
vt 57.9887 -5 
vt 57.992 -4.99202 
vt 58 -4.98871 
vt 58 -5.01129 
vt 57.992 -5.00798 
vt 57.9887 -5 
vt 58.0378 -4.96217 
vt 58.0494 -5.02047 
vt 58.0535 -5 
vt 58.0378 -5.03783 
vt 58.0494 -4.97953 
vt 58.0378 -4.96217 
vt 58.0205 -5.04942 
vt 58 -5.05349 
vt 58.0205 -4.95058 
vt 57.9795 -5.04942 
vt 58 -4.94651 
vt 57.9622 -5.03783 
vt 57.9795 -4.95058 
vt 57.9622 -4.96217 
vt 57.9506 -5.02047 
vt 57.9465 -5 
vt 57.9506 -4.97953 
vt 58.0189 -5 
vt 58.0494 -5.02047 
vt 58.0535 -5 
vt 58.0189 -5 
vt 58.0494 -4.97953 
vt 58.0134 -4.98663 
vt 58.0378 -4.96217 
vt 58.0205 -4.95058 
vt 58 -4.98109 
vt 58 -4.98109 
vt 58 -4.94651 
vt 58 -4.98109 
vt 57.9795 -4.95058 
vt 57.9866 -4.98663 
vt 57.9622 -4.96217 
vt 57.9506 -4.97953 
vt 57.9811 -5 
vt 57.9811 -5 
vt 57.9465 -5 
vt 57.9811 -5 
vt 57.9506 -5.02047 
vt 57.9866 -5.01337 
vt 57.9622 -5.03783 
vt 57.9795 -5.04942 
vt 58 -5.01891 
vt 58 -5.01891 
vt 58 -5.05349 
vt 58 -5.01891 
vt 58.0205 -5.04942 
vt 58.0134 -5.01337 
vt 58.0378 -5.03783 
vt 58.0189 -5 
vt 58 -5.01737 
vt 58.008 -5.00798 
vt 58 -5.01129 
vt 58.0123 -5.01228 
vt 58.0113 -5 
vt 58.0174 -5 
vt 57.9826 -5 
vt 57.992 -5.00798 
vt 57.9887 -5 
vt 57.9877 -5.01228 
vt 58 -5.01129 
vt 58 -5.01737 
vt 58 -4.98263 
vt 57.9877 -4.98772 
vt 58 -4.98871 
vt 57.992 -4.99202 
vt 57.9887 -5 
vt 57.9826 -5 
vt 58.0113 -5 
vt 58.0123 -4.98772 
vt 58.008 -4.99202 
vt 58.0174 -5 
vt 58 -4.98263 
vt 58 -4.98871 
vt 58.4028 -4.95264 
vt 58.4028 -4.97437 
vt 58.4028 -5 
vt 58.4028 -5 
vt 58.4028 -5.02563 
vt 58.4028 -5.04736 
vt 58.4028 -5.06188 
vt 57.5972 -4.95264 
vt 57.5972 -4.95264 
vt 57.5972 -4.97437 
vt 57.5972 -5 
vt 57.5972 -5.02563 
vt 57.5972 -5.04736 
vt 57.5972 -5.06188 
vt 57.6076 -4.99202 
vt 57.6076 -5.00798 
vt 58.3713 -4.96217 
vt 58.4028 -4.95264 
vt 58.4028 -4.97437 
vt 58.3713 -4.97953 
vt 58.4028 -5 
vt 58.3713 -5 
vt 58.3713 -5.02047 
vt 58.4028 -5.02563 
vt 58.3713 -5.03783 
vt 58.4028 -5.04736 
vt 58.3713 -5.04942 
vt 57.6287 -4.95058 
vt 57.6287 -4.96217 
vt 57.5972 -4.95264 
vt 57.5972 -4.97437 
vt 57.6287 -4.97953 
vt 57.5972 -5 
vt 57.6287 -5 
vt 57.6287 -5.02047 
vt 57.5972 -5.02563 
vt 57.6287 -5.03783 
vt 57.5972 -5.04736 
vt 57.6287 -5.04942 
vt 58.3802 -5 
vt 57.6198 -5.01337 
vt 57.6198 -5 
vt 57.6198 -4.98663 
vt 58.3878 -4.98772 
vt 58.3878 -5.01228 
vt 57.6122 -4.98772 
vt 57.6198 -4.98663 
vt 57.6198 -5 
vt 58.3878 -4.98772 
vt 58.3802 -4.98663 
vt 58.3802 -5 
vt 58.3878 -5 
vt 58.3802 -5 
vt 58.3878 -5.01228 
vt 58.3878 -5 
vt 57.6122 -4.98772 
vt 57.6198 -5 
vt 57.6122 -5 
vt 58.3878 -5.01228 
vt 58.3802 -5 
vt 58.3802 -5.01337 
vt 57.6122 -5.01228 
vt 57.6198 -5 
vt 57.6122 -5 
vt 57.6198 -5.01337 
vt 57.5972 -5 
vt 57.5972 -5.02563 
vt 57.5972 -5 
vt 57.5972 -4.97437 
vt 57.5972 -5.04736 
vt 57.5972 -4.95264 
vt 57.5972 -5.06188 
vt 57.5972 -5.07259 
vt 58.4028 -5.02563 
vt 58.4028 -5 
vt 58.4028 -5.04736 
vt 58.4028 -4.97437 
vt 58.4028 -4.95264 
vt 58.4028 -4.93812 
vt 58.4028 -4.95264 
vt 58.3924 -4.99202 
vt 58.3924 -5.00798 
vt 57.6287 -5 
vt 57.5972 -5 
vt 57.6287 -5.02047 
vt 57.6287 -4.97953 
vt 57.5972 -5.02563 
vt 57.5972 -4.97437 
vt 57.6287 -5.03783 
vt 57.6287 -4.96217 
vt 57.5972 -5.04736 
vt 57.5972 -4.95264 
vt 57.6287 -5.04942 
vt 58.4028 -5 
vt 58.3713 -5.02047 
vt 58.4028 -5.02563 
vt 58.3713 -5 
vt 58.3713 -5.03783 
vt 58.3713 -4.97953 
vt 58.4028 -5.04736 
vt 58.4028 -4.97437 
vt 58.3713 -4.96217 
vt 58.4028 -4.95264 
vt 58.3713 -4.95058 
vt 57.6198 -5 
vt 58.3802 -4.98663 
vt 58.3802 -5 
vt 58.3802 -5.01337 
vt 57.6122 -5.01228 
vt 57.6122 -4.98772 
vt 58.3802 -5 
vt 58.3878 -4.98772 
vt 58.3802 -4.98663 
vt 57.6122 -5.01228 
vt 57.6198 -5 
vt 57.6122 -5 
vt 57.6198 -5.01337 
vt 58.3878 -4.98772 
vt 58.3802 -5 
vt 58.3878 -5 
vt 57.6198 -4.98663 
vt 57.6122 -4.98772 
vt 57.6198 -5 
vt 57.6122 -5 
vt 58.3878 -5.01228 
vt 58.3802 -5 
vt 58.3802 -5.01337 
vt 58.3878 -5 

usemtl Cube0231Mtl

f 5940/5940/5940 5941/5941/5941 5942/5942/5942 
f 5943/5943/5943 5940/5940/5940 5942/5942/5942 
f 5941/5941/5941 5940/5940/5940 5944/5944/5944 
f 5940/5940/5940 5943/5943/5943 5945/5945/5945 
f 5946/5946/5946 5941/5941/5941 5944/5944/5944 
f 5947/5947/5947 5945/5945/5945 5943/5943/5943 
f 5941/5941/5941 5946/5946/5946 5948/5948/5948 
f 5943/5943/5943 5949/5949/5949 5947/5947/5947 
f 5946/5946/5946 5950/5950/5950 5948/5948/5948 
f 5951/5951/5951 5947/5947/5947 5949/5949/5949 
f 5946/5946/5946 5952/5952/5952 5950/5950/5950 
f 5947/5947/5947 5951/5951/5951 5953/5953/5953 
f 5954/5954/5954 5950/5950/5950 5952/5952/5952 
f 5955/5955/5955 5953/5953/5953 5951/5951/5951 
f 5950/5950/5950 5954/5954/5954 5956/5956/5956 
f 5953/5953/5953 5955/5955/5955 5957/5957/5957 
f 5958/5958/5958 5956/5956/5956 5954/5954/5954 
f 5955/5955/5955 5959/5959/5959 5957/5957/5957 
f 5954/5954/5954 5960/5960/5960 5958/5958/5958 
f 5959/5959/5959 5955/5955/5955 5961/5961/5961 
f 5962/5962/5962 5958/5958/5958 5960/5960/5960 
f 5961/5961/5961 5963/5963/5963 5959/5959/5959 
f 5958/5958/5958 5962/5962/5962 5964/5964/5964 
f 5961/5961/5961 5965/5965/5965 5963/5963/5963 
f 5962/5962/5962 5966/5966/5966 5964/5964/5964 
f 5967/5967/5967 5963/5963/5963 5965/5965/5965 
f 5966/5966/5966 5962/5962/5962 5968/5968/5968 
f 5965/5965/5965 5969/5969/5969 5967/5967/5967 
f 5970/5970/5970 5966/5966/5966 5968/5968/5968 
f 5970/5970/5970 5967/5967/5967 5969/5969/5969 
f 5966/5966/5966 5970/5970/5970 5971/5971/5971 
f 5970/5970/5970 5969/5969/5969 5971/5971/5971 
f 5973/5973/5973 5974/5974/5974 5975/5975/5975 
f 5974/5974/5974 5976/5976/5976 5975/5975/5975 
f 5977/5977/5977 5978/5978/5978 5975/5975/5975 
f 5978/5978/5978 5979/5979/5979 5975/5975/5975 
f 5980/5980/5980 5981/5981/5981 5975/5975/5975 
f 5981/5981/5981 5982/5982/5982 5975/5975/5975 
f 5983/5983/5983 5984/5984/5984 5975/5975/5975 
f 5984/5984/5984 5985/5985/5985 5975/5975/5975 
f 6003/6003/6003 6004/6004/6004 6005/6005/6005 
f 6006/6006/6006 6007/6007/6007 6004/6004/6004 
f 6008/6008/6008 6007/6007/6007 6006/6006/6006 
f 6007/6007/6007 6008/6008/6008 6009/6009/6009 
f 6009/6009/6009 6008/6008/6008 6010/6010/6010 
f 6010/6010/6010 6008/6008/6008 6011/6011/6011 
f 6012/6012/6012 6013/6013/6013 6010/6010/6010 
f 6014/6014/6014 6015/6015/6015 6013/6013/6013 
f 6016/6016/6016 6015/6015/6015 6014/6014/6014 
f 6015/6015/6015 6016/6016/6016 6017/6017/6017 
f 6017/6017/6017 6016/6016/6016 6018/6018/6018 
f 6019/6019/6019 6018/6018/6018 6016/6016/6016 
f 6020/6020/6020 6021/6021/6021 6018/6018/6018 
f 6022/6022/6022 6023/6023/6023 6021/6021/6021 
f 6024/6024/6024 6023/6023/6023 6022/6022/6022 
f 6023/6023/6023 6024/6024/6024 6025/6025/6025 
f 6024/6024/6024 6026/6026/6026 6025/6025/6025 
f 6027/6027/6027 6026/6026/6026 6024/6024/6024 
f 6028/6028/6028 6029/6029/6029 6026/6026/6026 
f 6030/6030/6030 6031/6031/6031 6029/6029/6029 
f 6032/6032/6032 6031/6031/6031 6030/6030/6030 
f 6031/6031/6031 6032/6032/6032 6033/6033/6033 
f 6032/6032/6032 6005/6005/6005 6033/6033/6033 
f 6005/6005/6005 6032/6032/6032 6034/6034/6034 
f 6036/6036/6036 6037/6037/6037 6038/6038/6038 
f 6037/6037/6037 6036/6036/6036 6039/6039/6039 
f 6040/6040/6040 6038/6038/6038 6037/6037/6037 
f 6038/6038/6038 6040/6040/6040 6041/6041/6041 
f 6042/6042/6042 6043/6043/6043 6044/6044/6044 
f 6043/6043/6043 6042/6042/6042 6045/6045/6045 
f 6046/6046/6046 6044/6044/6044 6043/6043/6043 
f 6044/6044/6044 6046/6046/6046 6047/6047/6047 
f 6048/6048/6048 6049/6049/6049 6050/6050/6050 
f 6048/6048/6048 6050/6050/6050 6051/6051/6051 
f 6052/6052/6052 6048/6048/6048 6051/6051/6051 
f 6048/6048/6048 6052/6052/6052 6053/6053/6053 
f 6054/6054/6054 6055/6055/6055 6056/6056/6056 
f 6055/6055/6055 6054/6054/6054 6057/6057/6057 
f 6058/6058/6058 6054/6054/6054 6056/6056/6056 
f 6058/6058/6058 6056/6056/6056 6059/6059/6059 
f 6080/6080/6080 6077/6077/6077 6079/6079/6079 
f 6077/6077/6077 6080/6080/6080 6081/6081/6081 
f 6082/6082/6082 6081/6081/6081 6080/6080/6080 
f 6081/6081/6081 6082/6082/6082 6083/6083/6083 
f 6083/6083/6083 6082/6082/6082 6085/6085/6085 
f 6085/6085/6085 6082/6082/6082 6086/6086/6086 
f 6085/6085/6085 6086/6086/6086 6087/6087/6087 
f 6087/6087/6087 6086/6086/6086 6088/6088/6088 
f 6091/6091/6091 6093/6093/6093 6092/6092/6092 
f 6093/6093/6093 6091/6091/6091 6094/6094/6094 
f 6094/6094/6094 6095/6095/6095 6093/6093/6093 
f 6095/6095/6095 6094/6094/6094 6096/6096/6096 
f 6097/6097/6097 6095/6095/6095 6096/6096/6096 
f 6095/6095/6095 6097/6097/6097 6098/6098/6098 
f 6099/6099/6099 6098/6098/6098 6097/6097/6097 
f 6098/6098/6098 6099/6099/6099 6100/6100/6100 
f 6105/6105/6105 6107/6107/6107 6106/6106/6106 
f 6109/6109/6109 6108/6108/6108 6110/6110/6110 
f 6110/6110/6110 6108/6108/6108 6111/6111/6111 
f 6113/6113/6113 6112/6112/6112 6114/6114/6114 
f 6112/6112/6112 6113/6113/6113 6115/6115/6115 
f 6117/6117/6117 6116/6116/6116 6118/6118/6118 
f 6119/6119/6119 6120/6120/6120 6121/6121/6121 
f 6120/6120/6120 6119/6119/6119 6122/6122/6122 
f 6149/6149/6149 6145/6145/6145 6147/6147/6147 
f 6146/6146/6146 6150/6150/6150 6148/6148/6148 
f 6145/6145/6145 6149/6149/6149 6151/6151/6151 
f 6152/6152/6152 6150/6150/6150 6146/6146/6146 
f 6153/6153/6153 6151/6151/6151 6149/6149/6149 
f 6152/6152/6152 6153/6153/6153 6150/6150/6150 
f 6151/6151/6151 6153/6153/6153 6154/6154/6154 
f 6154/6154/6154 6153/6153/6153 6152/6152/6152 
f 6156/6156/6156 6159/6159/6159 6158/6158/6158 
f 6159/6159/6159 6156/6156/6156 6161/6161/6161 
f 6161/6161/6161 6163/6163/6163 6159/6159/6159 
f 6164/6164/6164 6160/6160/6160 6162/6162/6162 
f 6163/6163/6163 6161/6161/6161 6165/6165/6165 
f 6160/6160/6160 6164/6164/6164 6166/6166/6166 
f 6163/6163/6163 6166/6166/6166 6164/6164/6164 
f 6166/6166/6166 6163/6163/6163 6165/6165/6165 
f 6171/6171/6171 6172/6172/6172 6173/6173/6173 
f 6174/6174/6174 6175/6175/6175 6176/6176/6176 
f 6175/6175/6175 6174/6174/6174 6177/6177/6177 
f 6178/6178/6178 6179/6179/6179 6180/6180/6180 
f 6181/6181/6181 6182/6182/6182 6183/6183/6183 
f 6184/6184/6184 6185/6185/6185 6186/6186/6186 
f 6187/6187/6187 6188/6188/6188 6189/6189/6189 
f 6190/6190/6190 6191/6191/6191 6192/6192/6192 
f 6201/6201/6201 6202/6202/6202 6203/6203/6203 
f 6202/6202/6202 6204/6204/6204 6203/6203/6203 
f 6202/6202/6202 6201/6201/6201 6205/6205/6205 
f 6204/6204/6204 6202/6202/6202 6206/6206/6206 
f 6201/6201/6201 6207/6207/6207 6205/6205/6205 
f 6208/6208/6208 6204/6204/6204 6206/6206/6206 
f 6207/6207/6207 6201/6201/6201 6209/6209/6209 
f 6210/6210/6210 6204/6204/6204 6208/6208/6208 
f 6207/6207/6207 6209/6209/6209 6211/6211/6211 
f 6208/6208/6208 6212/6212/6212 6210/6210/6210 
f 6213/6213/6213 6207/6207/6207 6211/6211/6211 
f 6212/6212/6212 6208/6208/6208 6214/6214/6214 
f 6211/6211/6211 6215/6215/6215 6213/6213/6213 
f 6214/6214/6214 6216/6216/6216 6212/6212/6212 
f 6215/6215/6215 6211/6211/6211 6217/6217/6217 
f 6212/6212/6212 6216/6216/6216 6218/6218/6218 
f 6217/6217/6217 6219/6219/6219 6215/6215/6215 
f 6216/6216/6216 6220/6220/6220 6218/6218/6218 
f 6219/6219/6219 6217/6217/6217 6221/6221/6221 
f 6220/6220/6220 6216/6216/6216 6222/6222/6222 
f 6221/6221/6221 6223/6223/6223 6219/6219/6219 
f 6224/6224/6224 6220/6220/6220 6222/6222/6222 
f 6219/6219/6219 6223/6223/6223 6225/6225/6225 
f 6226/6226/6226 6220/6220/6220 6224/6224/6224 
f 6227/6227/6227 6225/6225/6225 6223/6223/6223 
f 6224/6224/6224 6228/6228/6228 6226/6226/6226 
f 6225/6225/6225 6227/6227/6227 6229/6229/6229 
f 6228/6228/6228 6224/6224/6224 6230/6230/6230 
f 6231/6231/6231 6229/6229/6229 6227/6227/6227 
f 6230/6230/6230 6232/6232/6232 6228/6228/6228 
f 6232/6232/6232 6229/6229/6229 6231/6231/6231 
f 6231/6231/6231 6228/6228/6228 6232/6232/6232 
f 6234/6234/6234 6235/6235/6235 6236/6236/6236 
f 6236/6236/6236 6235/6235/6235 6237/6237/6237 
f 6238/6238/6238 6235/6235/6235 6239/6239/6239 
f 6239/6239/6239 6235/6235/6235 6240/6240/6240 
f 6241/6241/6241 6235/6235/6235 6242/6242/6242 
f 6242/6242/6242 6235/6235/6235 6243/6243/6243 
f 6244/6244/6244 6235/6235/6235 6245/6245/6245 
f 6245/6245/6245 6235/6235/6235 6246/6246/6246 
f 6264/6264/6264 6265/6265/6265 6266/6266/6266 
f 6267/6267/6267 6266/6266/6266 6268/6268/6268 
f 6268/6268/6268 6269/6269/6269 6267/6267/6267 
f 6269/6269/6269 6268/6268/6268 6270/6270/6270 
f 6269/6269/6269 6270/6270/6270 6271/6271/6271 
f 6271/6271/6271 6272/6272/6272 6269/6269/6269 
f 6273/6273/6273 6271/6271/6271 6274/6274/6274 
f 6275/6275/6275 6274/6274/6274 6276/6276/6276 
f 6276/6276/6276 6277/6277/6277 6275/6275/6275 
f 6277/6277/6277 6276/6276/6276 6278/6278/6278 
f 6279/6279/6279 6277/6277/6277 6278/6278/6278 
f 6279/6279/6279 6280/6280/6280 6277/6277/6277 
f 6281/6281/6281 6279/6279/6279 6282/6282/6282 
f 6283/6283/6283 6282/6282/6282 6284/6284/6284 
f 6284/6284/6284 6285/6285/6285 6283/6283/6283 
f 6285/6285/6285 6284/6284/6284 6286/6286/6286 
f 6287/6287/6287 6285/6285/6285 6286/6286/6286 
f 6285/6285/6285 6287/6287/6287 6288/6288/6288 
f 6289/6289/6289 6287/6287/6287 6290/6290/6290 
f 6291/6291/6291 6290/6290/6290 6292/6292/6292 
f 6292/6292/6292 6293/6293/6293 6291/6291/6291 
f 6293/6293/6293 6292/6292/6292 6294/6294/6294 
f 6293/6293/6293 6294/6294/6294 6265/6265/6265 
f 6293/6293/6293 6265/6265/6265 6295/6295/6295 
f 6296/6296/6296 6297/6297/6297 6298/6298/6298 
f 6297/6297/6297 6296/6296/6296 6299/6299/6299 
f 6299/6299/6299 6300/6300/6300 6297/6297/6297 
f 6300/6300/6300 6299/6299/6299 6301/6301/6301 
f 6302/6302/6302 6303/6303/6303 6304/6304/6304 
f 6303/6303/6303 6302/6302/6302 6305/6305/6305 
f 6305/6305/6305 6306/6306/6306 6303/6303/6303 
f 6306/6306/6306 6305/6305/6305 6307/6307/6307 
f 6308/6308/6308 6309/6309/6309 6310/6310/6310 
f 6309/6309/6309 6311/6311/6311 6310/6310/6310 
f 6309/6309/6309 6312/6312/6312 6311/6311/6311 
f 6312/6312/6312 6309/6309/6309 6313/6313/6313 
f 6314/6314/6314 6315/6315/6315 6316/6316/6316 
f 6317/6317/6317 6315/6315/6315 6314/6314/6314 
f 6318/6318/6318 6316/6316/6316 6315/6315/6315 
f 6316/6316/6316 6318/6318/6318 6319/6319/6319 
f 6336/6336/6336 6338/6338/6338 6337/6337/6337 
f 6339/6339/6339 6338/6338/6338 6336/6336/6336 
f 6339/6339/6339 6340/6340/6340 6338/6338/6338 
f 6341/6341/6341 6340/6340/6340 6339/6339/6339 
f 6342/6342/6342 6340/6340/6340 6341/6341/6341 
f 6340/6340/6340 6342/6342/6342 6343/6343/6343 
f 6344/6344/6344 6343/6343/6343 6342/6342/6342 
f 6343/6343/6343 6344/6344/6344 6345/6345/6345 
f 6350/6350/6350 6348/6348/6348 6349/6349/6349 
f 6348/6348/6348 6350/6350/6350 6351/6351/6351 
f 6352/6352/6352 6351/6351/6351 6350/6350/6350 
f 6351/6351/6351 6352/6352/6352 6353/6353/6353 
f 6352/6352/6352 6354/6354/6354 6353/6353/6353 
f 6354/6354/6354 6352/6352/6352 6355/6355/6355 
f 6355/6355/6355 6356/6356/6356 6354/6354/6354 
f 6356/6356/6356 6355/6355/6355 6357/6357/6357 
f 6365/6365/6365 6367/6367/6367 6366/6366/6366 
f 6370/6370/6370 6368/6368/6368 6369/6369/6369 
f 6368/6368/6368 6370/6370/6370 6371/6371/6371 
f 6372/6372/6372 6373/6373/6373 6374/6374/6374 
f 6376/6376/6376 6375/6375/6375 6377/6377/6377 
f 6378/6378/6378 6379/6379/6379 6380/6380/6380 
f 6381/6381/6381 6382/6382/6382 6383/6383/6383 
f 6382/6382/6382 6381/6381/6381 6384/6384/6384 
f 6402/6402/6402 6403/6403/6403 6404/6404/6404 
f 6405/6405/6405 6403/6403/6403 6402/6402/6402 
f 6404/6404/6404 6403/6403/6403 6406/6406/6406 
f 6403/6403/6403 6405/6405/6405 6407/6407/6407 
f 6404/6404/6404 6406/6406/6406 6408/6408/6408 
f 6409/6409/6409 6407/6407/6407 6405/6405/6405 
f 6408/6408/6408 6406/6406/6406 6410/6410/6410 
f 6407/6407/6407 6409/6409/6409 6411/6411/6411 
f 6413/6413/6413 6414/6414/6414 6415/6415/6415 
f 6414/6414/6414 6413/6413/6413 6416/6416/6416 
f 6417/6417/6417 6415/6415/6415 6414/6414/6414 
f 6413/6413/6413 6418/6418/6418 6416/6416/6416 
f 6415/6415/6415 6417/6417/6417 6419/6419/6419 
f 6418/6418/6418 6413/6413/6413 6420/6420/6420 
f 6420/6420/6420 6421/6421/6421 6418/6418/6418 
f 6421/6421/6421 6420/6420/6420 6422/6422/6422 
f 6430/6430/6430 6431/6431/6431 6432/6432/6432 
f 6433/6433/6433 6434/6434/6434 6435/6435/6435 
f 6434/6434/6434 6433/6433/6433 6436/6436/6436 
f 6437/6437/6437 6438/6438/6438 6439/6439/6439 
f 6440/6440/6440 6441/6441/6441 6442/6442/6442 
f 6442/6442/6442 6441/6441/6441 6443/6443/6443 
f 6444/6444/6444 6445/6445/6445 6446/6446/6446 
f 6445/6445/6445 6444/6444/6444 6447/6447/6447 

g Cylinder0191

v 1.18695 1.61913 13.844 1 1 1 1 
v 1.18695 1.41079 13.72 1 1 1 1 
v 1.18695 1.52177 13.609 1 1 1 1 
v 1.18695 1.28672 13.5116 1 1 1 1 
v 1.18695 1.46218 13.844 1 1 1 1 
v 1.18695 1.28672 13.6686 1 1 1 1 
v 1.18695 1.41079 13.9681 1 1 1 1 
v 1.18695 1.16265 13.72 1 1 1 1 
v 1.18695 1.52177 14.0791 1 1 1 1 
v 1.18695 1.28672 14.0195 1 1 1 1 
v 1.18695 1.28672 14.1765 1 1 1 1 
v 1.18695 1.05167 13.609 1 1 1 1 
v 1.18695 0.954306 13.844 1 1 1 1 
v 1.18695 1.11125 13.844 1 1 1 1 
v 1.18695 1.16265 13.9681 1 1 1 1 
v 1.18695 1.05167 14.0791 1 1 1 1 
v 1.18695 1.28672 14.0195 1 1 1 1 
v 1.18695 1.28672 14.1765 1 1 1 1 
v 1.18695 1.41079 13.72 1 1 1 1 
v 1.18695 1.52177 13.609 1 1 1 1 
v 1.18695 1.41079 13.9681 1 1 1 1 
v 1.18695 1.16265 13.72 1 1 1 1 
v 1.18695 1.05167 13.609 1 1 1 1 
v 1.18695 1.16265 13.9681 1 1 1 1 
v 1.18695 1.05167 14.0791 1 1 1 1 
v -2.69288 1.52176 13.609 1 1 1 1 
v -2.69288 1.28672 13.5116 1 1 1 1 
v -2.69288 1.16264 13.72 1 1 1 1 
v -2.69288 1.05167 13.609 1 1 1 1 
v -2.69288 1.11125 13.844 1 1 1 1 
v -2.69288 1.05167 14.0791 1 1 1 1 
v -2.69288 1.28672 14.1765 1 1 1 1 
v -2.69288 1.41079 13.9681 1 1 1 1 
v 1.39559 1.28672 14.1765 1 1 1 1 
v 1.18695 1.05167 13.609 1 1 1 1 
v 1.39559 1.05167 13.609 1 1 1 1 
v 1.18695 0.954306 13.844 1 1 1 1 
v 1.39559 0.954306 13.844 1 1 1 1 
v 1.18695 1.05167 14.0791 1 1 1 1 
v 1.39559 1.05167 14.0791 1 1 1 1 
v -2.69288 1.16264 13.9681 1 1 1 1 
v 1.18695 1.16265 13.9681 1 1 1 1 
v 1.18695 1.11125 13.844 1 1 1 1 
v -2.69288 1.11125 13.844 1 1 1 1 
v 1.18695 1.16265 13.72 1 1 1 1 
v -2.69288 1.16264 13.72 1 1 1 1 
v -2.90152 1.05167 13.609 1 1 1 1 
v -2.69288 1.05167 13.609 1 1 1 1 
v -2.69288 0.954305 13.844 1 1 1 1 
v -2.90152 0.954305 13.844 1 1 1 1 
v -2.69288 1.05167 14.0791 1 1 1 1 
v -2.90152 1.05167 14.0791 1 1 1 1 
v 1.18695 1.41079 13.72 1 1 1 1 
v 1.18695 1.52177 13.609 1 1 1 1 
v 1.18695 1.41079 13.9681 1 1 1 1 
v 1.18695 1.16265 13.72 1 1 1 1 
v 1.18695 1.05167 13.609 1 1 1 1 
v 1.18695 1.05167 14.0791 1 1 1 1 
v -2.69288 1.61913 13.844 1 1 1 1 
v -2.69288 1.52176 13.609 1 1 1 1 
v -2.69288 1.16264 13.72 1 1 1 1 
v -2.69288 1.05167 13.609 1 1 1 1 
v -2.69288 1.05167 14.0791 1 1 1 1 
v -2.69288 1.41079 13.9681 1 1 1 1 
v 1.18695 1.52177 13.609 1 1 1 1 
v 1.39559 1.52177 13.609 1 1 1 1 
v 1.39559 1.28672 13.5116 1 1 1 1 
v 1.18695 1.28672 13.5116 1 1 1 1 
v 1.18695 1.05167 13.609 1 1 1 1 
v 1.39559 1.05167 13.609 1 1 1 1 
v 1.18695 1.16265 13.72 1 1 1 1 
v -2.69288 1.16264 13.72 1 1 1 1 
v 1.18695 1.28672 13.6686 1 1 1 1 
v -2.69288 1.28672 13.6686 1 1 1 1 
v -2.69288 1.41079 13.72 1 1 1 1 
v 1.18695 1.41079 13.72 1 1 1 1 
v -2.90152 1.52176 13.609 1 1 1 1 
v -2.69288 1.52176 13.609 1 1 1 1 
v -2.69288 1.28672 13.5116 1 1 1 1 
v -2.90152 1.28672 13.5116 1 1 1 1 
v -2.90152 1.05167 13.609 1 1 1 1 
v -2.69288 1.05167 13.609 1 1 1 1 
v -2.69288 1.41079 13.72 1 1 1 1 
v -2.69288 1.46218 13.844 1 1 1 1 
v -2.69288 1.61913 13.844 1 1 1 1 
v -2.69288 1.41079 13.72 1 1 1 1 
v -2.69288 1.61913 13.844 1 1 1 1 
v -2.69288 1.52176 13.609 1 1 1 1 
v -2.69288 1.28672 13.5116 1 1 1 1 
v -2.69288 1.28672 13.6686 1 1 1 1 
v -2.69288 1.16264 13.72 1 1 1 1 
v -2.69288 1.05167 13.609 1 1 1 1 
v -2.69288 0.954305 13.844 1 1 1 1 
v -2.69288 1.11125 13.844 1 1 1 1 
v -2.69288 1.05167 14.0791 1 1 1 1 
v -2.69288 1.16264 13.9681 1 1 1 1 
v -2.69288 1.28672 14.0195 1 1 1 1 
v -2.69288 1.28672 14.1765 1 1 1 1 
v -2.69288 1.41079 13.9681 1 1 1 1 
v -2.69288 1.46218 13.844 1 1 1 1 
v -2.69288 1.52176 14.0791 1 1 1 1 
v -2.69288 1.28672 14.0195 1 1 1 1 
v -2.69288 1.28672 14.1765 1 1 1 1 
v -2.69288 1.28672 14.0195 1 1 1 1 
v -2.69288 1.52176 14.0791 1 1 1 1 
v -2.69288 1.41079 13.9681 1 1 1 1 
v 1.18695 1.61913 13.844 1 1 1 1 
v 1.18695 1.41079 13.72 1 1 1 1 
v 1.18695 1.52177 13.609 1 1 1 1 
v 1.18695 1.41079 13.9681 1 1 1 1 
v 1.18695 1.28672 14.1765 1 1 1 1 
v 1.18695 1.05167 14.0791 1 1 1 1 
v -2.69288 1.61913 13.844 1 1 1 1 
v -2.69288 1.52176 13.609 1 1 1 1 
v -2.69288 1.28672 13.5116 1 1 1 1 
v -2.69288 1.28672 14.1765 1 1 1 1 
v -2.69288 1.41079 13.9681 1 1 1 1 
v -2.69288 1.52176 14.0791 1 1 1 1 
v 1.18695 1.52177 13.609 1 1 1 1 
v 1.39559 1.61913 13.844 1 1 1 1 
v 1.18695 1.61913 13.844 1 1 1 1 
v 1.39559 1.52177 13.609 1 1 1 1 
v 1.39559 1.52177 14.0791 1 1 1 1 
v 1.39559 1.28672 13.5116 1 1 1 1 
v 1.18695 1.52177 14.0791 1 1 1 1 
v -2.69288 1.41079 13.72 1 1 1 1 
v 1.18695 1.41079 13.72 1 1 1 1 
v 1.18695 1.46218 13.844 1 1 1 1 
v -2.69288 1.46218 13.844 1 1 1 1 
v -2.69288 1.41079 13.9681 1 1 1 1 
v 1.18695 1.41079 13.9681 1 1 1 1 
v -2.90152 1.52176 13.609 1 1 1 1 
v -2.69288 1.61913 13.844 1 1 1 1 
v -2.90152 1.61913 13.844 1 1 1 1 
v -2.69288 1.52176 13.609 1 1 1 1 
v -2.69288 1.52176 14.0791 1 1 1 1 
v -2.90152 1.52176 14.0791 1 1 1 1 
v 1.18695 1.61913 13.844 1 1 1 1 
v 1.18695 1.52177 13.609 1 1 1 1 
v 1.18695 1.41079 13.9681 1 1 1 1 
v 1.18695 1.28672 14.1765 1 1 1 1 
v 1.18695 1.16265 13.9681 1 1 1 1 
v 1.18695 1.05167 14.0791 1 1 1 1 
v -2.69288 1.61913 13.844 1 1 1 1 
v -2.69288 1.11125 13.844 1 1 1 1 
v -2.69288 1.05167 14.0791 1 1 1 1 
v -2.69288 1.28672 14.1765 1 1 1 1 
v -2.69288 1.41079 13.9681 1 1 1 1 
v -2.69288 1.52176 14.0791 1 1 1 1 
v 1.39559 1.52177 14.0791 1 1 1 1 
v 1.18695 1.52177 14.0791 1 1 1 1 
v 1.18695 1.28672 14.1765 1 1 1 1 
v 1.39559 1.28672 14.1765 1 1 1 1 
v 1.39559 0.954306 13.844 1 1 1 1 
v 1.18695 1.05167 14.0791 1 1 1 1 
v 1.39559 1.05167 14.0791 1 1 1 1 
v 1.39559 1.28672 14.1765 1 1 1 1 
v 1.18695 1.28672 14.1765 1 1 1 1 
v -2.69288 1.28672 14.0195 1 1 1 1 
v 1.18695 1.28672 14.0195 1 1 1 1 
v -2.69288 1.16264 13.9681 1 1 1 1 
v 1.18695 1.16265 13.9681 1 1 1 1 
v -2.69288 1.41079 13.9681 1 1 1 1 
v 1.18695 1.41079 13.9681 1 1 1 1 
v 1.18695 1.28672 14.0195 1 1 1 1 
v -2.69288 1.28672 14.0195 1 1 1 1 
v -2.90152 1.61913 13.844 1 1 1 1 
v -2.69288 1.52176 14.0791 1 1 1 1 
v -2.90152 1.52176 14.0791 1 1 1 1 
v -2.90152 1.28672 14.1765 1 1 1 1 
v -2.69288 1.28672 14.1765 1 1 1 1 
v -2.69288 1.05167 14.0791 1 1 1 1 
v -2.90152 1.05167 14.0791 1 1 1 1 
v -2.69288 1.28672 14.1765 1 1 1 1 
v -2.90152 1.28672 14.1765 1 1 1 1 

vn -1 0 0 
vn -1 0 0 
vn -1 0 0 
vn -1 0 0 
vn -1 0 0 
vn -1 0 0 
vn -1 0 0 
vn -1 0 0 
vn -1 0 0 
vn -1 0 0 
vn -1 0 0 
vn -1 0 0 
vn -1 0 0 
vn -1 0 0 
vn -1 0 0 
vn -1 0 0 
vn -1 0 0 
vn -1 0 0 
vn -1 0 0 
vn -1 0 0 
vn -1 0 0 
vn -1 0 0 
vn -1 0 0 
vn -1 0 0 
vn -1 0 0 
vn 1 0 0 
vn 1 0 0 
vn 1 0 0 
vn 1 0 0 
vn 1 0 0 
vn 1 0 0 
vn 1 0 0 
vn 1 0 0 
vn 0 0 1 
vn 0 -0.708661 -0.708661 
vn 0 -0.708661 -0.708661 
vn 0 -1 0 
vn 0 -1 0 
vn 0 -0.708661 0.708661 
vn 0 -0.708661 0.708661 
vn 0 -0.708661 0.708661 
vn 0 -0.708661 0.708661 
vn 0 -1 0 
vn 0 -1 0 
vn 0 -0.708661 -0.708661 
vn 0 -0.708661 -0.708661 
vn 0 -0.708661 -0.708661 
vn 0 -0.708661 -0.708661 
vn 0 -1 0 
vn 0 -1 0 
vn 0 -0.708661 0.708661 
vn 0 -0.708661 0.708661 
vn -1 0 0 
vn -1 0 0 
vn -1 0 0 
vn -1 0 0 
vn -1 0 0 
vn -1 0 0 
vn 1 0 0 
vn 1 0 0 
vn 1 0 0 
vn 1 0 0 
vn 1 0 0 
vn 1 0 0 
vn 0 0.708661 -0.708661 
vn 0 0.708661 -0.708661 
vn 0 0 -1 
vn 0 0 -1 
vn 0 -0.708661 -0.708661 
vn 0 -0.708661 -0.708661 
vn 0 -0.708661 -0.708661 
vn 0 -0.708661 -0.708661 
vn 0 0 -1 
vn 0 0 -1 
vn 0 0.708661 -0.708661 
vn 0 0.708661 -0.708661 
vn 0 0.708661 -0.708661 
vn 0 0.708661 -0.708661 
vn 0 0 -1 
vn 0 0 -1 
vn 0 -0.708661 -0.708661 
vn 0 -0.708661 -0.708661 
vn 1 0 0 
vn 1 0 0 
vn 1 0 0 
vn 1 0 0 
vn 1 0 0 
vn 1 0 0 
vn 1 0 0 
vn 1 0 0 
vn 1 0 0 
vn 1 0 0 
vn 1 0 0 
vn 1 0 0 
vn 1 0 0 
vn 1 0 0 
vn 1 0 0 
vn 1 0 0 
vn 1 0 0 
vn 1 0 0 
vn 1 0 0 
vn 1 0 0 
vn 1 0 0 
vn 1 0 0 
vn 1 0 0 
vn 1 0 0 
vn -1 0 0 
vn -1 0 0 
vn -1 0 0 
vn -1 0 0 
vn -1 0 0 
vn -1 0 0 
vn 1 0 0 
vn 1 0 0 
vn 1 0 0 
vn 1 0 0 
vn 1 0 0 
vn 1 0 0 
vn 0 0.708661 -0.708661 
vn 0 1 0 
vn 0 1 0 
vn 0 0.708661 -0.708661 
vn 0 0.708661 0.708661 
vn 0 0 -1 
vn 0 0.708661 0.708661 
vn 0 0.708661 -0.708661 
vn 0 0.708661 -0.708661 
vn 0 1 0 
vn 0 1 0 
vn 0 0.708661 0.708661 
vn 0 0.708661 0.708661 
vn 0 0.708661 -0.708661 
vn 0 1 0 
vn 0 1 0 
vn 0 0.708661 -0.708661 
vn 0 0.708661 0.708661 
vn 0 0.708661 0.708661 
vn -1 0 0 
vn -1 0 0 
vn -1 0 0 
vn -1 0 0 
vn -1 0 0 
vn -1 0 0 
vn 1 0 0 
vn 1 0 0 
vn 1 0 0 
vn 1 0 0 
vn 1 0 0 
vn 1 0 0 
vn 0 0.708661 0.708661 
vn 0 0.708661 0.708661 
vn 0 0 1 
vn 0 0 1 
vn 0 -1 0 
vn 0 -0.708661 0.708661 
vn 0 -0.708661 0.708661 
vn 0 0 1 
vn 0 0 1 
vn 0 0 1 
vn 0 0 1 
vn 0 -0.708661 0.708661 
vn 0 -0.708661 0.708661 
vn 0 0.708661 0.708661 
vn 0 0.708661 0.708661 
vn 0 0 1 
vn 0 0 1 
vn 0 1 0 
vn 0 0.708661 0.708661 
vn 0 0.708661 0.708661 
vn 0 0 1 
vn 0 0 1 
vn 0 -0.708661 0.708661 
vn 0 -0.708661 0.708661 
vn 0 0 1 
vn 0 0 1 

vt 34 -0.958449 
vt 34.0155 -0.984491 
vt 34.0294 -0.970619 
vt 34.0415 -1 
vt 34 -0.978067 
vt 34.0219 -1 
vt 33.9845 -0.984491 
vt 34.0155 -1.01551 
vt 33.9706 -0.970619 
vt 33.9781 -1 
vt 33.9585 -1 
vt 34.0294 -1.02938 
vt 34 -1.04155 
vt 34 -1.02193 
vt 33.9845 -1.01551 
vt 33.9706 -1.02938 
vt 33.9781 -1 
vt 33.9585 -1 
vt 33.7575 -1.01551 
vt 33.7575 -1.02938 
vt 33.7575 -0.984491 
vt 33.7575 -1.01551 
vt 33.7575 -1.02938 
vt 33.7575 -0.984491 
vt 33.7575 -0.970619 
vt 34.2425 -1.02938 
vt 34.2425 -1.04155 
vt 34.2425 -1.01551 
vt 34.2425 -1.02938 
vt 34.2425 -1 
vt 34.2425 -0.970619 
vt 34.2425 -0.958449 
vt 34.2425 -0.984491 
vt 33.7314 -0.958449 
vt 33.7575 -1.02938 
vt 33.7314 -1.02938 
vt 33.7575 -1 
vt 33.7314 -1 
vt 33.7575 -0.970619 
vt 33.7314 -0.970619 
vt 34.2425 -0.984491 
vt 33.7575 -0.984491 
vt 33.7575 -1 
vt 34.2425 -1 
vt 33.7575 -1.01551 
vt 34.2425 -1.01551 
vt 34.2686 -1.02938 
vt 34.2425 -1.02938 
vt 34.2425 -1 
vt 34.2686 -1 
vt 34.2425 -0.970619 
vt 34.2686 -0.970619 
vt 34.2425 -0.984491 
vt 34.2425 -0.970619 
vt 34.2425 -0.984491 
vt 34.2425 -1.01551 
vt 34.2425 -1.02938 
vt 34.2425 -1.02938 
vt 33.7575 -0.958449 
vt 33.7575 -0.970619 
vt 33.7575 -1.01551 
vt 33.7575 -1.02938 
vt 33.7575 -1.02938 
vt 33.7575 -0.984491 
vt 34.2425 -0.970619 
vt 34.2686 -0.970619 
vt 34.2686 -1 
vt 34.2425 -1 
vt 34.2425 -1.02938 
vt 34.2686 -1.02938 
vt 34.2425 -1.01551 
vt 33.7575 -1.01551 
vt 34.2425 -1 
vt 33.7575 -1 
vt 33.7575 -0.984491 
vt 34.2425 -0.984491 
vt 33.7314 -0.970619 
vt 33.7575 -0.970619 
vt 33.7575 -1 
vt 33.7314 -1 
vt 33.7314 -1.02938 
vt 33.7575 -1.02938 
vt 33.9845 -0.984491 
vt 34 -0.978067 
vt 34 -0.958449 
vt 33.9845 -0.984491 
vt 34 -0.958449 
vt 33.9706 -0.970619 
vt 33.9585 -1 
vt 33.9781 -1 
vt 33.9845 -1.01551 
vt 33.9706 -1.02938 
vt 34 -1.04155 
vt 34 -1.02193 
vt 34.0294 -1.02938 
vt 34.0155 -1.01551 
vt 34.0219 -1 
vt 34.0415 -1 
vt 34.0155 -0.984491 
vt 34 -0.978067 
vt 34.0294 -0.970619 
vt 34.0219 -1 
vt 34.0415 -1 
vt 34.0219 -1 
vt 34.0294 -0.970619 
vt 34.0155 -0.984491 
vt 34.2425 -1 
vt 34.2425 -1.01551 
vt 34.2425 -1.02938 
vt 34.2425 -0.984491 
vt 34.2425 -0.958449 
vt 34.2425 -0.970619 
vt 33.7575 -1 
vt 33.7575 -1.02938 
vt 33.7575 -1.04155 
vt 33.7575 -0.958449 
vt 33.7575 -0.984491 
vt 33.7575 -0.970619 
vt 34.2425 -1.02938 
vt 34.2686 -1 
vt 34.2425 -1 
vt 34.2686 -1.02938 
vt 34.2686 -0.970619 
vt 34.2686 -1.04155 
vt 34.2425 -0.970619 
vt 33.7575 -1.01551 
vt 34.2425 -1.01551 
vt 34.2425 -1 
vt 33.7575 -1 
vt 33.7575 -0.984491 
vt 34.2425 -0.984491 
vt 33.7314 -1.02938 
vt 33.7575 -1 
vt 33.7314 -1 
vt 33.7575 -1.02938 
vt 33.7575 -0.970619 
vt 33.7314 -0.970619 
vt 33.7575 -0.958449 
vt 33.7575 -0.970619 
vt 33.7575 -0.984491 
vt 33.7575 -1 
vt 33.7575 -1.01551 
vt 33.7575 -1.02938 
vt 34.2425 -0.958449 
vt 34.2425 -1.02193 
vt 34.2425 -1.02938 
vt 34.2425 -1 
vt 34.2425 -0.984491 
vt 34.2425 -0.970619 
vt 33.7314 -0.970619 
vt 33.7575 -0.970619 
vt 33.7575 -1 
vt 33.7314 -1 
vt 33.7314 -1.04155 
vt 33.7575 -1.02938 
vt 33.7314 -1.02938 
vt 33.7314 -1 
vt 33.7575 -1 
vt 34.2425 -1 
vt 33.7575 -1 
vt 34.2425 -1.01551 
vt 33.7575 -1.01551 
vt 34.2425 -0.984491 
vt 33.7575 -0.984491 
vt 33.7575 -1 
vt 34.2425 -1 
vt 34.2686 -0.958449 
vt 34.2425 -0.970619 
vt 34.2686 -0.970619 
vt 34.2686 -1 
vt 34.2425 -1 
vt 34.2425 -1.02938 
vt 34.2686 -1.02938 
vt 34.2425 -1 
vt 34.2686 -1 

usemtl Cube0231Mtl

f 6448/6448/6448 6449/6449/6449 6450/6450/6450 
f 6449/6449/6449 6451/6451/6451 6450/6450/6450 
f 6449/6449/6449 6448/6448/6448 6452/6452/6452 
f 6451/6451/6451 6449/6449/6449 6453/6453/6453 
f 6454/6454/6454 6452/6452/6452 6448/6448/6448 
f 6455/6455/6455 6451/6451/6451 6453/6453/6453 
f 6454/6454/6454 6448/6448/6448 6456/6456/6456 
f 6456/6456/6456 6457/6457/6457 6454/6454/6454 
f 6456/6456/6456 6458/6458/6458 6457/6457/6457 
f 6451/6451/6451 6455/6455/6455 6459/6459/6459 
f 6460/6460/6460 6459/6459/6459 6455/6455/6455 
f 6460/6460/6460 6455/6455/6455 6461/6461/6461 
f 6462/6462/6462 6460/6460/6460 6461/6461/6461 
f 6460/6460/6460 6462/6462/6462 6463/6463/6463 
f 6464/6464/6464 6463/6463/6463 6462/6462/6462 
f 6463/6463/6463 6464/6464/6464 6465/6465/6465 
f 6484/6484/6484 6483/6483/6483 6482/6482/6482 
f 6483/6483/6483 6484/6484/6484 6485/6485/6485 
f 6486/6486/6486 6485/6485/6485 6484/6484/6484 
f 6485/6485/6485 6486/6486/6486 6487/6487/6487 
f 6490/6490/6490 6488/6488/6488 6489/6489/6489 
f 6488/6488/6488 6490/6490/6490 6491/6491/6491 
f 6492/6492/6492 6491/6491/6491 6490/6490/6490 
f 6491/6491/6491 6492/6492/6492 6493/6493/6493 
f 6494/6494/6494 6496/6496/6496 6495/6495/6495 
f 6496/6496/6496 6494/6494/6494 6497/6497/6497 
f 6497/6497/6497 6498/6498/6498 6496/6496/6496 
f 6498/6498/6498 6497/6497/6497 6499/6499/6499 
f 6512/6512/6512 6514/6514/6514 6513/6513/6513 
f 6514/6514/6514 6512/6512/6512 6515/6515/6515 
f 6516/6516/6516 6514/6514/6514 6515/6515/6515 
f 6514/6514/6514 6516/6516/6516 6517/6517/6517 
f 6520/6520/6520 6519/6519/6519 6518/6518/6518 
f 6519/6519/6519 6520/6520/6520 6521/6521/6521 
f 6521/6521/6521 6520/6520/6520 6522/6522/6522 
f 6522/6522/6522 6520/6520/6520 6523/6523/6523 
f 6524/6524/6524 6526/6526/6526 6525/6525/6525 
f 6526/6526/6526 6524/6524/6524 6527/6527/6527 
f 6528/6528/6528 6526/6526/6526 6527/6527/6527 
f 6526/6526/6526 6528/6528/6528 6529/6529/6529 
f 6530/6530/6530 6531/6531/6531 6532/6532/6532 
f 6533/6533/6533 6534/6534/6534 6535/6535/6535 
f 6536/6536/6536 6533/6533/6533 6535/6535/6535 
f 6533/6533/6533 6536/6536/6536 6537/6537/6537 
f 6536/6536/6536 6538/6538/6538 6537/6537/6537 
f 6536/6536/6536 6539/6539/6539 6538/6538/6538 
f 6540/6540/6540 6538/6538/6538 6539/6539/6539 
f 6538/6538/6538 6540/6540/6540 6541/6541/6541 
f 6542/6542/6542 6541/6541/6541 6540/6540/6540 
f 6541/6541/6541 6542/6542/6542 6543/6543/6543 
f 6544/6544/6544 6543/6543/6543 6542/6542/6542 
f 6544/6544/6544 6542/6542/6542 6545/6545/6545 
f 6546/6546/6546 6534/6534/6534 6547/6547/6547 
f 6534/6534/6534 6546/6546/6546 6548/6548/6548 
f 6548/6548/6548 6549/6549/6549 6550/6550/6550 
f 6551/6551/6551 6552/6552/6552 6553/6553/6553 
f 6566/6566/6566 6567/6567/6567 6568/6568/6568 
f 6567/6567/6567 6566/6566/6566 6569/6569/6569 
f 6570/6570/6570 6568/6568/6568 6567/6567/6567 
f 6568/6568/6568 6570/6570/6570 6572/6572/6572 
f 6575/6575/6575 6573/6573/6573 6574/6574/6574 
f 6573/6573/6573 6575/6575/6575 6576/6576/6576 
f 6575/6575/6575 6577/6577/6577 6576/6576/6576 
f 6577/6577/6577 6575/6575/6575 6578/6578/6578 
f 6579/6579/6579 6580/6580/6580 6581/6581/6581 
f 6580/6580/6580 6579/6579/6579 6582/6582/6582 
f 6583/6583/6583 6581/6581/6581 6580/6580/6580 
f 6581/6581/6581 6583/6583/6583 6584/6584/6584 
f 6597/6597/6597 6599/6599/6599 6598/6598/6598 
f 6599/6599/6599 6597/6597/6597 6600/6600/6600 
f 6602/6602/6602 6604/6604/6604 6603/6603/6603 
f 6604/6604/6604 6602/6602/6602 6605/6605/6605 
f 6606/6606/6606 6607/6607/6607 6608/6608/6608 
f 6608/6608/6608 6607/6607/6607 6609/6609/6609 
f 6612/6612/6612 6610/6610/6610 6611/6611/6611 
f 6610/6610/6610 6612/6612/6612 6613/6613/6613 
f 6615/6615/6615 6617/6617/6617 6616/6616/6616 
f 6617/6617/6617 6615/6615/6615 6618/6618/6618 
f 6620/6620/6620 6621/6621/6621 6619/6619/6619 
f 6621/6621/6621 6620/6620/6620 6622/6622/6622 

